{
"type": "FeatureCollection",
"name": "Alcantarillas_CC_ENE24_MAR26",
"crs": { "type": "name", "properties": { "name": "urn:ogc:def:crs:OGC:1.3:CRS84" } },
"features": [
{ "type": "Feature", "properties": { "Nombre": "Reacondicionamiento Alc. 10 - Paysandu", "Estado": "Finalizado", "C Cuenca": "Comite de Cuenca Laguna La Picasa y CAN", "Ult Act": null, "Datos": "Reemplazo de tubos en mal estado. Ejecución de cabezales. Se mantuvo cota y Sección existente", "Tipo": "Alcantarilla", "Region": "Región 6", "Obra": null, "Código": null, "Localidad": "Villa Cañas", "Direccion": null, "Resp.": null, "Cuenca": "27- Laguna El Chañar - Salado Brzo sur", "Dpto": "General Lopez" }, "geometry": { "type": "Point", "coordinates": [ -61.726901411965578, -34.105473850208377 ] } },
{ "type": "Feature", "properties": { "Nombre": "Alc. N°1 CAN - Ejecución Bordo emergencial - Teodelina", "Estado": "Finalizado", "C Cuenca": "Comite de Cuenca Laguna La Picasa y CAN", "Ult Act": null, "Datos": "Se ejecutó bordo emergencial y colocación de tubos a Nivel de Terreno Natural para prevenir corte de camino.", "Tipo": "Alcantarilla", "Region": "Región 6", "Obra": null, "Código": null, "Localidad": "Teodelina", "Direccion": null, "Resp.": null, "Cuenca": "27- Laguna El Chañar - Salado Brzo sur", "Dpto": "General Lopez" }, "geometry": { "type": "Point", "coordinates": [ -61.535093506283772, -34.203086445337128 ] } },
{ "type": "Feature", "properties": { "Nombre": "Alc. Interna - C° Defensa Civil Casas", "Estado": "Finalizado", "C Cuenca": "Comite Carrizales", "Ult Act": "Enero 2025", "Datos": "tubo 1.00 - AC= 8.00", "Tipo": "Alcantarilla", "Region": "Región 4", "Obra": null, "Código": null, "Localidad": "Casas", "Direccion": null, "Resp.": null, "Cuenca": "13- Cañada Carrizales", "Dpto": "San Martin" }, "geometry": { "type": "Point", "coordinates": [ -61.495388091784264, -32.12315074941101 ] } },
{ "type": "Feature", "properties": { "Nombre": "2 Alcantarillas Caminos Comunales", "Estado": "Finalizado", "C Cuenca": "Comite Carrizales", "Ult Act": "Abril 2025", "Datos": "tubo de 1.00 y 0.60", "Tipo": "Alcantarilla", "Region": "Región 4", "Obra": null, "Código": null, "Localidad": "Campo Piaggio", "Direccion": null, "Resp.": null, "Cuenca": "13- Cañada Carrizales", "Dpto": "San Jerónimo" }, "geometry": { "type": "Point", "coordinates": [ -61.34587147185804, -31.915032940761332 ] } },
{ "type": "Feature", "properties": { "Nombre": "Alc. RP 43-s y RP 49-s - C° Interceptor", "Estado": "Finalizado", "C Cuenca": "Comite CarrizalesComite Carrizales", "Ult Act": "Abril 2025", "Datos": "Mód. 2x2 - AC= 13.00", "Tipo": "Alcantarilla", "Region": "Región 4", "Obra": null, "Código": null, "Localidad": "San Jorge", "Direccion": null, "Resp.": null, "Cuenca": "13- Cañada Carrizales", "Dpto": "San Martin" }, "geometry": { "type": "Point", "coordinates": [ -61.755150617145972, -31.914256635908629 ] } },
{ "type": "Feature", "properties": { "Nombre": "Alc. Ingreso Privado - C° 446", "Estado": "Finalizado", "C Cuenca": "Comite Carrizales", "Ult Act": "Abril 2025", "Datos": "tubo 0.80 - AC= 7.00", "Tipo": "Alcantarilla", "Region": "Región 4", "Obra": null, "Código": null, "Localidad": "Traill", "Direccion": null, "Resp.": null, "Cuenca": "13- Cañada Carrizales", "Dpto": "San Martin" }, "geometry": { "type": "Point", "coordinates": [ -61.666431908147686, -31.964171039460741 ] } },
{ "type": "Feature", "properties": { "Nombre": "Alc. Interna - C° Traill Norte", "Estado": "Finalizado", "C Cuenca": "Comite CarrizalesComite CarrizalesComite CarrizalesComite Carrizales", "Ult Act": "Junio 2025", "Datos": "2 tubos de 0.80 - AC= 7.00", "Tipo": "Alcantarilla", "Region": "Región 4", "Obra": null, "Código": null, "Localidad": "Traill", "Direccion": null, "Resp.": null, "Cuenca": "13- Cañada Carrizales", "Dpto": "San Martin" }, "geometry": { "type": "Point", "coordinates": [ -61.733868914903248, -31.921022736500991 ] } },
{ "type": "Feature", "properties": { "Nombre": "Alc. Interna - C° Traill Norte", "Estado": "Finalizado", "C Cuenca": "Comite CarrizalesComite Carrizales", "Ult Act": "Junio 2025", "Datos": "3 tubos 0.80 - AC= 7.00", "Tipo": "Alcantarilla", "Region": "Región 4", "Obra": null, "Código": null, "Localidad": "Traill", "Direccion": null, "Resp.": null, "Cuenca": "13- Cañada Carrizales", "Dpto": "San Martin" }, "geometry": { "type": "Point", "coordinates": [ -61.741251015760156, -31.923486336536179 ] } },
{ "type": "Feature", "properties": { "Nombre": "Alcantarilla Canal Sec Lopez", "Estado": "Finalizado", "C Cuenca": "Comite Las Calaveras y Las Penquitas", "Ult Act": "Marzo 2025", "Datos": "Reacondicionamiento 2 filas de tubos 1 m - AC 7 mts - Cab mampostería - Paso particular", "Tipo": "Alcantarilla", "Region": "Región 3", "Obra": null, "Código": null, "Localidad": "Sarmiento", "Direccion": null, "Resp.": null, "Cuenca": "8- Río Salado", "Dpto": "Las Colonias" }, "geometry": { "type": "Point", "coordinates": [ -61.213138845235711, -31.144532603103347 ] } },
{ "type": "Feature", "properties": { "Nombre": "Alc. Camino Comunal - C° Wildermuth", "Estado": "Finalizado", "C Cuenca": "Comite Carrizales", "Ult Act": "Julio 2025", "Datos": "4 tubos 1.00 - AC= 8.00 m.", "Tipo": "Alcantarilla", "Region": "Región 4", "Obra": null, "Código": null, "Localidad": "San Martin de las Escobas", "Direccion": null, "Resp.": null, "Cuenca": "13- Cañada Carrizales", "Dpto": "San Martin" }, "geometry": { "type": "Point", "coordinates": [ -61.530515292441635, -31.923519639032747 ] } },
{ "type": "Feature", "properties": { "Nombre": "Alc. Interna - C° Traill Norte", "Estado": "Finalizado", "C Cuenca": "Comite CarrizalesComite Carrizales", "Ult Act": "Septiembre 2025", "Datos": "3 Tubos 0.80 - AC= 7.00 m.", "Tipo": "Alcantarilla", "Region": "Región 4", "Obra": null, "Código": null, "Localidad": "Traill", "Direccion": null, "Resp.": null, "Cuenca": "13- Cañada Carrizales", "Dpto": "San Martin" }, "geometry": { "type": "Point", "coordinates": [ -61.717735913029216, -31.915552936419591 ] } },
{ "type": "Feature", "properties": { "Nombre": "Alc. Camino Comunal - C° Bergero", "Estado": "Finalizado", "C Cuenca": "Comite Carrizales", "Ult Act": "Septiembre 2025", "Datos": "Tubo 1.00 - AC= 7.00 m.", "Tipo": "Alcantarilla", "Region": "Región 4", "Obra": null, "Código": null, "Localidad": "Cañada Rosquin", "Direccion": null, "Resp.": null, "Cuenca": "13- Cañada Carrizales", "Dpto": "San Martin" }, "geometry": { "type": "Point", "coordinates": [ -61.60051230152191, -32.005433842303177 ] } },
{ "type": "Feature", "properties": { "Nombre": "Alc. Camino Comunal - C° Biolatto", "Estado": "Finalizado", "C Cuenca": "Comite Carrizales", "Ult Act": null, "Datos": null, "Tipo": "Alcantarilla", "Region": "Región 4", "Obra": null, "Código": null, "Localidad": "Casas", "Direccion": null, "Resp.": null, "Cuenca": "13- Cañada Carrizales", "Dpto": "San Martin" }, "geometry": { "type": "Point", "coordinates": [ -61.648591708462135, -32.103921346639687 ] } },
{ "type": "Feature", "properties": { "Nombre": "Alc. RP 32-s - C° Biolatto", "Estado": "Finalizado", "C Cuenca": "Comite Carrizales", "Ult Act": null, "Datos": null, "Tipo": "Alcantarilla", "Region": "Región 4", "Obra": null, "Código": null, "Localidad": "Casas", "Direccion": null, "Resp.": null, "Cuenca": "13- Cañada Carrizales", "Dpto": "San Martin" }, "geometry": { "type": "Point", "coordinates": [ -61.648360508415763, -32.10266124657975 ] } },
{ "type": "Feature", "properties": { "Nombre": "Alc. Camino Comunal - Def. Col. Belgrano", "Estado": "Finalizado", "C Cuenca": "Comite Carrizales", "Ult Act": "Enero 2026", "Datos": "Mód. L=1.50 h=1.50 - AC= 10.00", "Tipo": "Alcantarilla", "Region": "Región 4", "Obra": null, "Código": null, "Localidad": "Colonia Belgrano", "Direccion": null, "Resp.": null, "Cuenca": "13- Cañada Carrizales", "Dpto": "San Martin" }, "geometry": { "type": "Point", "coordinates": [ -61.445573682945486, -31.917837539742656 ] } },
{ "type": "Feature", "properties": { "Nombre": "Alc. Interna - C° Wildermuth", "Estado": "Finalizado", "C Cuenca": "Comite Carrizales", "Ult Act": "Marzo 2026", "Datos": "Observaciones: Mód. 5L=2.00 h=1.50 - AC= 5.00", "Tipo": "Alcantarilla", "Region": "Región 4", "Obra": null, "Código": null, "Localidad": "Galvez", "Direccion": null, "Resp.": null, "Cuenca": "13- Cañada Carrizales", "Dpto": "San Jerónimo" }, "geometry": { "type": "Point", "coordinates": [ -61.357691275140766, -32.038485146802834 ] } },
{ "type": "Feature", "properties": { "Nombre": "Alc. Interna - C° Barrio San Pedro", "Estado": "Finalizado", "C Cuenca": "Comite Carrizales", "Ult Act": "Enero 2024", "Datos": "2 tubos 1.00 - AC= 8.00", "Tipo": "Alcantarilla", "Region": "Región 4", "Obra": null, "Código": null, "Localidad": "Cañada Rosquin", "Direccion": null, "Resp.": null, "Cuenca": "13- Cañada Carrizales", "Dpto": "San Martin" }, "geometry": { "type": "Point", "coordinates": [ -61.533325794581543, -32.036417344642913 ] } },
{ "type": "Feature", "properties": { "Nombre": "Alc. Camino Comunal - Las Lecheritas", "Estado": "Finalizado", "C Cuenca": "Comite Carrizales", "Ult Act": "Marzo 2024", "Datos": "tubo de 0.80 y 1.00, AC= 9.00\n", "Tipo": "Alcantarilla", "Region": "Región 4", "Obra": null, "Código": null, "Localidad": "Cañada Rosquin", "Direccion": null, "Resp.": null, "Cuenca": "13- Cañada Carrizales", "Dpto": "San Martin" }, "geometry": { "type": "Point", "coordinates": [ -61.618766204518586, -32.065065445060355 ] } },
{ "type": "Feature", "properties": { "Nombre": "Alc. Camino Comunal - Bajo Natural", "Estado": "Finalizado", "C Cuenca": "Comite Carrizales", "Ult Act": "Abril 2024", "Datos": "tubo 0.80 - AC= 8.00", "Tipo": "Alcantarilla", "Region": "Región 4", "Obra": null, "Código": null, "Localidad": "Cañada Rosquin", "Direccion": null, "Resp.": null, "Cuenca": "13- Cañada Carrizales", "Dpto": "San Martin" }, "geometry": { "type": "Point", "coordinates": [ -61.494309190696576, -32.063557846455794 ] } },
{ "type": "Feature", "properties": { "Nombre": "Alc. Camino Comunal - Bajo Natural", "Estado": "Finalizado", "C Cuenca": "Comite Carrizales", "Ult Act": "Abril 2024", "Datos": "tubo 0.80 - AC= 8.00", "Tipo": "Alcantarilla", "Region": "Región 4", "Obra": null, "Código": null, "Localidad": "Cañada Rosquin", "Direccion": null, "Resp.": null, "Cuenca": "13- Cañada Carrizales", "Dpto": "San Martin" }, "geometry": { "type": "Point", "coordinates": [ -61.529007194439338, -32.057124745726519 ] } },
{ "type": "Feature", "properties": { "Nombre": "Alc. Ingreso Priv. - C° Bergero", "Estado": "Finalizado", "C Cuenca": "Comite Carrizales", "Ult Act": "Abril 2024", "Datos": "tubo 0.60 - AC= 8.00", "Tipo": "Alcantarilla", "Region": "Región 4", "Obra": null, "Código": null, "Localidad": "Cañada Rosquin", "Direccion": null, "Resp.": null, "Cuenca": "13- Cañada Carrizales", "Dpto": "San Martin" }, "geometry": { "type": "Point", "coordinates": [ -61.522905192941693, -32.006524743273516 ] } },
{ "type": "Feature", "properties": { "Nombre": "Alc. Ingreso Priv. - C° Bergero", "Estado": "Finalizado", "C Cuenca": "Comite Carrizales", "Ult Act": "Abril 2024", "Datos": "tubo 0.60 - AC= 8.00", "Tipo": "Alcantarilla", "Region": "Región 4", "Obra": null, "Código": null, "Localidad": "Cañada Rosquin", "Direccion": null, "Resp.": null, "Cuenca": "13- Cañada Carrizales", "Dpto": "San Martin" }, "geometry": { "type": "Point", "coordinates": [ -61.522434992851871, -32.004197143162813 ] } },
{ "type": "Feature", "properties": { "Nombre": "Alc. Camino Interdistrital - Colector 02", "Estado": "Finalizado", "C Cuenca": "Comite Carrizales", "Ult Act": "Mayo 2024", "Datos": "Reparación de cabezales", "Tipo": "Alcantarilla", "Region": "Región 4", "Obra": null, "Código": null, "Localidad": "Carlos Pellegrini", "Direccion": null, "Resp.": null, "Cuenca": "13- Cañada Carrizales", "Dpto": "San Martin" }, "geometry": { "type": "Point", "coordinates": [ -61.668860809352381, -32.021333742285378 ] } },
{ "type": "Feature", "properties": { "Nombre": "Alc. Camino Comunal - Bajo Natural", "Estado": "Finalizado", "C Cuenca": "Comite CarrizalesComite Carrizales", "Ult Act": "Junio 2024", "Datos": "tubo 0.80 - AC= 8.00", "Tipo": "Alcantarilla", "Region": "Región 4", "Obra": null, "Código": null, "Localidad": "San Jorge", "Direccion": null, "Resp.": null, "Cuenca": "13- Cañada Carrizales", "Dpto": "San Martin" }, "geometry": { "type": "Point", "coordinates": [ -61.7893094206038, -31.894827134528235 ] } },
{ "type": "Feature", "properties": { "Nombre": "Alc. Camino Comunal - C° Defensa Civil Casas", "Estado": "Finalizado", "C Cuenca": "Comite Carrizales", "Ult Act": null, "Datos": null, "Tipo": "Alcantarilla", "Region": "Región 4", "Obra": null, "Código": null, "Localidad": "Casas", "Direccion": null, "Resp.": null, "Cuenca": "13- Cañada Carrizales", "Dpto": "San Martin" }, "geometry": { "type": "Point", "coordinates": [ -61.529953595552691, -32.119060648799767 ] } },
{ "type": "Feature", "properties": { "Nombre": "Alc. Interna - C° Dovio", "Estado": "Finalizado", "C Cuenca": "Comite CarrizalesComite Carrizales", "Ult Act": "Junio 2024", "Datos": "tubo 1.00 - AC= 8.00", "Tipo": "Alcantarilla", "Region": "Región 4", "Obra": null, "Código": null, "Localidad": "San Jorge", "Direccion": null, "Resp.": null, "Cuenca": "13- Cañada Carrizales", "Dpto": "San Martin" }, "geometry": { "type": "Point", "coordinates": [ -61.75232921638257, -31.886725334564382 ] } },
{ "type": "Feature", "properties": { "Nombre": "Alc. Interna - C° Dovio", "Estado": "Finalizado", "C Cuenca": "Comite CarrizalesComite Carrizales", "Ult Act": "Junio 2024", "Datos": "tubo 1.00 - AC= 8.00", "Tipo": "Alcantarilla", "Region": "Región 4", "Obra": null, "Código": null, "Localidad": "San Jorge", "Direccion": null, "Resp.": null, "Cuenca": "13- Cañada Carrizales", "Dpto": "San Martin" }, "geometry": { "type": "Point", "coordinates": [ -61.757157416800993, -31.879687234154336 ] } },
{ "type": "Feature", "properties": { "Nombre": "Alc. Camino Comunal - C° Dovio", "Estado": "Finalizado", "C Cuenca": "Comite Carrizales", "Ult Act": "Julio 2024", "Datos": "tubo 1.00 - AC= 9.00", "Tipo": "Alcantarilla", "Region": "Región 4", "Obra": null, "Código": null, "Localidad": "San Jorge", "Direccion": null, "Resp.": null, "Cuenca": "13- Cañada Carrizales", "Dpto": "San Martin" }, "geometry": { "type": "Point", "coordinates": [ -61.765444217628769, -31.874301433785693 ] } },
{ "type": "Feature", "properties": { "Nombre": "Alc. Ingreso Privado - C° Dovio", "Estado": "Finalizado", "C Cuenca": "Comite Carrizales", "Ult Act": "Junio 2024", "Datos": "tubo 0.60 - AC= 8.00", "Tipo": "Alcantarilla", "Region": "Región 4", "Obra": null, "Código": null, "Localidad": "San Jorge", "Direccion": null, "Resp.": null, "Cuenca": "13- Cañada Carrizales", "Dpto": "San Martin" }, "geometry": { "type": "Point", "coordinates": [ -61.761407017196305, -31.875143633876064 ] } },
{ "type": "Feature", "properties": { "Nombre": "Alc. Camino - C° Intercomunal", "Estado": "Finalizado", "C Cuenca": "Comite Carrizales", "Ult Act": "Agosto 2024", "Datos": "2 tubos 1.00 - AC= 9.00", "Tipo": "Alcantarilla", "Region": "Región 4", "Obra": null, "Código": null, "Localidad": "Campo Piaggio", "Direccion": null, "Resp.": null, "Cuenca": "13- Cañada Carrizales", "Dpto": "San Martin" }, "geometry": { "type": "Point", "coordinates": [ -61.36053247351532, -31.917117340695945 ] } },
{ "type": "Feature", "properties": { "Nombre": "Alc. Ingreso Privado - C° Dovio", "Estado": "Finalizado", "C Cuenca": "Comite Carrizales", "Ult Act": "Agosto 2024", "Datos": "tubo 0.60 - AC= 8.00", "Tipo": "Alcantarilla", "Region": "Región 4", "Obra": null, "Código": null, "Localidad": "San Jorge", "Direccion": null, "Resp.": null, "Cuenca": "13- Cañada Carrizales", "Dpto": "San Martin" }, "geometry": { "type": "Point", "coordinates": [ -61.769706218085872, -31.873446333691994 ] } },
{ "type": "Feature", "properties": { "Nombre": "Alc. Camino Comunal - C° Divio", "Estado": "Finalizado", "C Cuenca": "Comite Carrizales", "Ult Act": "Agosto 2024", "Datos": "2 tubos 0.80 - AC= 9.00", "Tipo": "Alcantarilla", "Region": "Región 4", "Obra": null, "Código": null, "Localidad": "San Jorge", "Direccion": null, "Resp.": null, "Cuenca": "13- Cañada Carrizales", "Dpto": "San Martin" }, "geometry": { "type": "Point", "coordinates": [ -61.768066117754017, -31.864260033251366 ] } },
{ "type": "Feature", "properties": { "Nombre": "Alc. Ingreso Privado - C° Barrio San Pedro", "Estado": "Finalizado", "C Cuenca": "Comite Carrizales", "Ult Act": "Septiembre 2024", "Datos": "tubo 0.60 - AC= 8.00", "Tipo": "Alcantarilla", "Region": "Región 4", "Obra": null, "Código": null, "Localidad": "Cañada Rosquin", "Direccion": null, "Resp.": null, "Cuenca": "13- Cañada Carrizales", "Dpto": "San Martin" }, "geometry": { "type": "Point", "coordinates": [ -61.573354599150449, -32.044551244576013 ] } },
{ "type": "Feature", "properties": { "Nombre": "Alc. Camino Comunal - C° Bergero", "Estado": "Finalizado", "C Cuenca": "Comite Carrizales", "Ult Act": "Septiembre 2024", "Datos": "tubo 1.00 - AC= 10.00", "Tipo": "Alcantarilla", "Region": "Región 4", "Obra": null, "Código": null, "Localidad": "Cañada Rosquin", "Direccion": null, "Resp.": null, "Cuenca": "13- Cañada Carrizales", "Dpto": "San Martin" }, "geometry": { "type": "Point", "coordinates": [ -61.635301705430031, -32.008784742058161 ] } },
{ "type": "Feature", "properties": { "Nombre": "Alc. Camino Comunal - C° Las Lecheritas", "Estado": "Finalizado", "C Cuenca": "Comite Carrizales", "Ult Act": "Octubre 2024", "Datos": "3 tubos 1.00 - AC= 9.00", "Tipo": "Alcantarilla", "Region": "Región 4", "Obra": null, "Código": null, "Localidad": "Cañada Rosquin", "Direccion": null, "Resp.": null, "Cuenca": "13- Cañada Carrizales", "Dpto": "San Martin" }, "geometry": { "type": "Point", "coordinates": [ -61.586759101045999, -32.069664945668983 ] } },
{ "type": "Feature", "properties": { "Nombre": "Alc. Interna - C° Traill Norte", "Estado": "Finalizado", "C Cuenca": "Comite Carrizales", "Ult Act": "Octubre 2024", "Datos": "Mód. 2x1 - AC= 8.00", "Tipo": "Alcantarilla", "Region": "Región 4", "Obra": null, "Código": null, "Localidad": "San Jorge", "Direccion": null, "Resp.": null, "Cuenca": "13- Cañada Carrizales", "Dpto": "San Martin" }, "geometry": { "type": "Point", "coordinates": [ -61.88649073237189, -31.956767336456103 ] } },
{ "type": "Feature", "properties": { "Nombre": "Alc. Interna - C° Traill Norte", "Estado": "Finalizado", "C Cuenca": "Comite Carrizales", "Ult Act": "Octubre 2024", "Datos": "Mód. 2x1 - AC= 8.00", "Tipo": "Alcantarilla", "Region": "Región 4", "Obra": null, "Código": null, "Localidad": "San Jorge", "Direccion": null, "Resp.": null, "Cuenca": "13- Cañada Carrizales", "Dpto": "San Martin" }, "geometry": { "type": "Point", "coordinates": [ -61.89480893332901, -31.959012136467706 ] } },
{ "type": "Feature", "properties": { "Nombre": "Alc. RP 32-s - C° Traill Norte", "Estado": "Finalizado", "C Cuenca": "Comite Carrizales", "Ult Act": "Noviembre 2024", "Datos": "2 Mód. 3x2.50 - AC= 9.00", "Tipo": "Alcantarilla", "Region": "Región 4", "Obra": null, "Código": null, "Localidad": "Traill", "Direccion": null, "Resp.": null, "Cuenca": "13- Cañada Carrizales", "Dpto": "San Martin" }, "geometry": { "type": "Point", "coordinates": [ -61.706607711733035, -31.911561036352293 ] } },
{ "type": "Feature", "properties": { "Nombre": "Alc. Interna - C° Cuenca 1 Gálvez", "Estado": "Finalizado", "C Cuenca": "Comite Carrizales", "Ult Act": "Diciembre 2024", "Datos": "Observaciones: tubo 1.00 - AC= 7.00", "Tipo": "Alcantarilla", "Region": "Región 4", "Obra": null, "Código": null, "Localidad": "Galvez", "Direccion": null, "Resp.": null, "Cuenca": "13- Cañada Carrizales", "Dpto": "San Jerónimo" }, "geometry": { "type": "Point", "coordinates": [ -61.350949474797517, -32.063713848140722 ] } },
{ "type": "Feature", "properties": { "Nombre": "Alc. Ingreso Privado - C° Dovio", "Estado": "Finalizado", "C Cuenca": "Comite Carrizales", "Ult Act": "Diciembre 2024", "Datos": "tubo 0.60 - AC= 8.00", "Tipo": "Alcantarilla", "Region": "Región 4", "Obra": null, "Código": null, "Localidad": "San Jorge", "Direccion": null, "Resp.": null, "Cuenca": "13- Cañada Carrizales", "Dpto": "San Martin" }, "geometry": { "type": "Point", "coordinates": [ -61.859843427792256, -31.857991431838467 ] } },
{ "type": "Feature", "properties": { "Nombre": "Alc. Interna - C° Dovio", "Estado": "Finalizado", "C Cuenca": "Comite Carrizales", "Ult Act": "Enero 2025", "Datos": "tubo 0.80 - AC= 8.00", "Tipo": "Alcantarilla", "Region": "Región 4", "Obra": null, "Código": null, "Localidad": "San Jorge", "Direccion": null, "Resp.": null, "Cuenca": "13- Cañada Carrizales", "Dpto": "San Martin" }, "geometry": { "type": "Point", "coordinates": [ -61.832988324775194, -31.854946332008193 ] } },
{ "type": "Feature", "properties": { "Nombre": "Alc. Interna - C° Dovio", "Estado": "Finalizado", "C Cuenca": "Comite CarrizalesComite Carrizales", "Ult Act": "Diciembre 2024", "Datos": "tubo 0.80 - AC= 9.00", "Tipo": "Alcantarilla", "Region": "Región 4", "Obra": null, "Código": null, "Localidad": "San Jorge", "Direccion": null, "Resp.": null, "Cuenca": "13- Cañada Carrizales", "Dpto": "San Martin" }, "geometry": { "type": "Point", "coordinates": [ -61.772960218204702, -31.858754532917057 ] } },
{ "type": "Feature", "properties": { "Nombre": "Alcantarilla Sec. N° 1 - San Mariano", "Estado": "Finalizado", "C Cuenca": "Canal Principal Santa María - San Jeronimo Norte", "Ult Act": "Julio 2024", "Datos": "Ampliación Calzada y Construcción cabezales", "Tipo": "Alcantarilla", "Region": "Región 4", "Obra": null, "Código": null, "Localidad": "Santa Clara de Buena Vista", "Direccion": null, "Resp.": null, "Cuenca": "11- Arroyo Colastiné", "Dpto": "Las Colonias" }, "geometry": { "type": "Point", "coordinates": [ -61.345351868183926, -31.686582429264067 ] } },
{ "type": "Feature", "properties": { "Nombre": "Readecuación Alcant. Baudagna", "Estado": "Finalizado", "C Cuenca": "Comite Canal Principal Santa María - San Jeronimo Norte", "Ult Act": "Mayo 2025", "Datos": "Colocación Módulos y Cabezales", "Tipo": "Alcantarilla", "Region": "Región 4", "Obra": null, "Código": null, "Localidad": "Sa Pereyra", "Direccion": null, "Resp.": null, "Cuenca": "11- Arroyo Colastiné", "Dpto": "Las Colonias" }, "geometry": { "type": "Point", "coordinates": [ -61.315100364145181, -31.64224212736838 ] } },
{ "type": "Feature", "properties": { "Nombre": "Alcantarilla Secundario N° 3", "Estado": "Finalizado", "C Cuenca": "Comite Canal Principal Santa María - San Jeronimo Norte", "Ult Act": "Febrero 2024", "Datos": "Readecuación de la Platea", "Tipo": "Alcantarilla", "Region": "Región 4", "Obra": null, "Código": null, "Localidad": "Sa Pereyra", "Direccion": null, "Resp.": null, "Cuenca": "11- Arroyo Colastiné", "Dpto": "Las Colonias" }, "geometry": { "type": "Point", "coordinates": [ -61.311157863391408, -31.621915926383956 ] } },
{ "type": "Feature", "properties": { "Nombre": "Reconstrucción Alcantarilla Brescialt", "Estado": "Finalizado", "C Cuenca": "Comite Canal Principal Santa María - San Jeronimo Norte", "Ult Act": "Febrero 2025", "Datos": "Colocación y Recambio de Módulos", "Tipo": "Alcantarilla", "Region": "Región 4", "Obra": null, "Código": null, "Localidad": "Sa Pereyra", "Direccion": null, "Resp.": null, "Cuenca": "11- Arroyo Colastiné", "Dpto": "Las Colonias" }, "geometry": { "type": "Point", "coordinates": [ -61.39018957142229, -31.577639023231544 ] } },
{ "type": "Feature", "properties": { "Nombre": "Alcantarilla Terciario N° 6", "Estado": "Finalizado", "C Cuenca": "Comite Canal Principal Santa María - San Jeronimo Norte", "Ult Act": "Julio 2025", "Datos": "Reparación de la Platea", "Tipo": "Alcantarilla", "Region": "Región 4", "Obra": null, "Código": null, "Localidad": "Sa Pereyra", "Direccion": null, "Resp.": null, "Cuenca": "11- Arroyo Colastiné", "Dpto": "Las Colonias" }, "geometry": { "type": "Point", "coordinates": [ -61.374300769216099, -31.548766421949047 ] } },
{ "type": "Feature", "properties": { "Nombre": "Alcantarilla Canal Sec. N° 2 del A° del Sauce", "Estado": "Finalizado", "C Cuenca": "Comite Canal Principal Santa María - San Jeronimo Norte", "Ult Act": "Agosto 2024", "Datos": "Reposición de Tubos y Construcción Cabezales", "Tipo": "Alcantarilla", "Region": "Región 4", "Obra": null, "Código": null, "Localidad": "Santa Maria Centro", "Direccion": null, "Resp.": null, "Cuenca": "11- Arroyo Colastiné", "Dpto": "Las Colonias" }, "geometry": { "type": "Point", "coordinates": [ -61.321152062657269, -31.504219120294064 ] } },
{ "type": "Feature", "properties": { "Nombre": "Alcantarilla Airaudo Canal Sec. N° 4", "Estado": "Finalizado", "C Cuenca": "Comite Canal Principal Santa María - San Jeronimo Norte", "Ult Act": "Mayo 2024", "Datos": "Demolición Existente y Colocación Módulos", "Tipo": "Alcantarilla", "Region": "Región 4", "Obra": null, "Código": null, "Localidad": "Angelica", "Direccion": null, "Resp.": null, "Cuenca": "11- Arroyo Colastiné", "Dpto": "Castellanos" }, "geometry": { "type": "Point", "coordinates": [ -61.39794407040025, -31.457811117052426 ] } },
{ "type": "Feature", "properties": { "Nombre": "Construcción Alcantarilla Variante Saguier", "Estado": "Finalizado", "C Cuenca": "Comite Canal Principal Santa María - San Jeronimo Norte", "Ult Act": "Agosto 2024", "Datos": "Colocación Modulos", "Tipo": "Alcantarilla", "Region": "Región 4", "Obra": null, "Código": null, "Localidad": "Aurelia", "Direccion": null, "Resp.": null, "Cuenca": "11- Arroyo Colastiné", "Dpto": "Castellanos" }, "geometry": { "type": "Point", "coordinates": [ -61.421147872523335, -31.430054315371851 ] } },
{ "type": "Feature", "properties": { "Nombre": "Alcantarilla Módulos Camino Limite - Canal Principal Santa María", "Estado": "Finalizado", "C Cuenca": "Comite Canal Principal Santa María - San Jeronimo NorteComite Canal Principal Santa María - San Jeronimo Norte", "Ult Act": "Agosto 2024", "Datos": "Modulos Pórticos L=2.00 - H=2.00 m", "Tipo": "Alcantarilla", "Region": "Región 4", "Obra": null, "Código": null, "Localidad": "Pilar", "Direccion": null, "Resp.": null, "Cuenca": "11- Arroyo Colastiné", "Dpto": "Las Colonias" }, "geometry": { "type": "Point", "coordinates": [ -61.200614748421479, -31.443378918565031 ] } },
{ "type": "Feature", "properties": { "Nombre": "Alcantarilla 1 bajos las chivas", "Estado": "Finalizado", "C Cuenca": "Comite Pozo Borrado", "Ult Act": "2024", "Datos": null, "Tipo": "Alcantarilla", "Region": "Región 2", "Obra": null, "Código": null, "Localidad": "Pozo Borrado", "Direccion": null, "Resp.": null, "Cuenca": "1- Bajos Submeridionales", "Dpto": "9 de Julio" }, "geometry": { "type": "Point", "coordinates": [ -61.064677275625549, -28.948725242235227 ] } },
{ "type": "Feature", "properties": { "Nombre": "Alcantarilla2 bajos las chivas", "Estado": "Finalizado", "C Cuenca": "Comite Pozo Borrado", "Ult Act": "2024", "Datos": null, "Tipo": "Alcantarilla", "Region": "Región 2", "Obra": null, "Código": null, "Localidad": "Pozo Borrado", "Direccion": null, "Resp.": null, "Cuenca": "1- Bajos Submeridionales", "Dpto": "9 de Julio" }, "geometry": { "type": "Point", "coordinates": [ -61.096737511822674, -28.913660940723112 ] } },
{ "type": "Feature", "properties": { "Nombre": "Alcantarilla 3 bajos las chivas", "Estado": "Finalizado", "C Cuenca": "Comite Pozo Borrado", "Ult Act": "2024", "Datos": null, "Tipo": "Alcantarilla", "Region": "Región 2", "Obra": null, "Código": null, "Localidad": "Pozo Borrado", "Direccion": null, "Resp.": null, "Cuenca": "1- Bajos Submeridionales", "Dpto": "9 de Julio" }, "geometry": { "type": "Point", "coordinates": [ -61.139498627449903, -28.907558162162292 ] } },
{ "type": "Feature", "properties": { "Nombre": "Alcantarilla 4 bajos las chivas", "Estado": "Finalizado", "C Cuenca": "Comite Pozo Borrado", "Ult Act": "2024", "Datos": null, "Tipo": "Alcantarilla", "Region": "Región 2", "Obra": null, "Código": null, "Localidad": "Pozo Borrado", "Direccion": null, "Resp.": null, "Cuenca": "1- Bajos Submeridionales", "Dpto": "9 de Julio" }, "geometry": { "type": "Point", "coordinates": [ -61.182698632004957, -28.900941494678229 ] } },
{ "type": "Feature", "properties": { "Nombre": "Alcantarilla 5 bajos las chivas", "Estado": "Finalizado", "C Cuenca": "Comite Pozo Borrado", "Ult Act": "2024", "Datos": null, "Tipo": "Alcantarilla", "Region": "Región 2", "Obra": null, "Código": null, "Localidad": "Pozo Borrado", "Direccion": null, "Resp.": null, "Cuenca": "1- Bajos Submeridionales", "Dpto": "9 de Julio" }, "geometry": { "type": "Point", "coordinates": [ -61.225718080992095, -28.894944271673378 ] } },
{ "type": "Feature", "properties": { "Nombre": "Alcantarilla 6 y 7 bajos las chivas", "Estado": "Finalizado", "C Cuenca": "Comite Pozo Borrado", "Ult Act": "2024", "Datos": null, "Tipo": "Alcantarilla", "Region": "Región 2", "Obra": null, "Código": null, "Localidad": "Pozo Borrado", "Direccion": null, "Resp.": null, "Cuenca": "1- Bajos Submeridionales", "Dpto": "9 de Julio" }, "geometry": { "type": "Point", "coordinates": [ -61.230215303975186, -28.915405383868737 ] } },
{ "type": "Feature", "properties": { "Nombre": "Alcantarilla  8 bajos las chivas", "Estado": "Finalizado", "C Cuenca": "Comite Pozo Borrado", "Ult Act": "2024", "Datos": null, "Tipo": "Alcantarilla", "Region": "Región 2", "Obra": null, "Código": null, "Localidad": "Pozo Borrado", "Direccion": null, "Resp.": null, "Cuenca": "1- Bajos Submeridionales", "Dpto": "9 de Julio" }, "geometry": { "type": "Point", "coordinates": [ -61.353806983787223, -28.905463715348116 ] } },
{ "type": "Feature", "properties": { "Nombre": "Alcantarilla 9 bajos las chivas", "Estado": "Finalizado", "C Cuenca": "Comite Pozo Borrado", "Ult Act": "2024", "Datos": null, "Tipo": "Alcantarilla", "Region": "Región 2", "Obra": null, "Código": null, "Localidad": "Pozo Borrado", "Direccion": null, "Resp.": null, "Cuenca": "1- Bajos Submeridionales", "Dpto": "9 de Julio" }, "geometry": { "type": "Point", "coordinates": [ -61.370018096607957, -28.903141492825586 ] } },
{ "type": "Feature", "properties": { "Nombre": "Alcantarilla 10 bajos las chivas", "Estado": "Finalizado", "C Cuenca": "Comite Pozo Borrado", "Ult Act": "2024", "Datos": null, "Tipo": "Alcantarilla", "Region": "Región 2", "Obra": null, "Código": null, "Localidad": "Pozo Borrado", "Direccion": null, "Resp.": null, "Cuenca": "1- Bajos Submeridionales", "Dpto": "9 de Julio" }, "geometry": { "type": "Point", "coordinates": [ -61.421565324253926, -28.894949825158214 ] } },
{ "type": "Feature", "properties": { "Nombre": "Alcantarilla 11 bajos las chivas", "Estado": "Finalizado", "C Cuenca": "Comite Pozo Borrado", "Ult Act": "2024", "Datos": null, "Tipo": "Alcantarilla", "Region": "Región 2", "Obra": null, "Código": null, "Localidad": "Pozo Borrado", "Direccion": null, "Resp.": null, "Cuenca": "1- Bajos Submeridionales", "Dpto": "9 de Julio" }, "geometry": { "type": "Point", "coordinates": [ -61.494181998723398, -28.895383157739804 ] } },
{ "type": "Feature", "properties": { "Nombre": "Alcantarilla 12 bajos las chivas", "Estado": "Finalizado", "C Cuenca": "Comite Pozo Borrado", "Ult Act": "2024", "Datos": null, "Tipo": "Alcantarilla", "Region": "Región 2", "Obra": null, "Código": null, "Localidad": "Pozo Borrado", "Direccion": null, "Resp.": null, "Cuenca": "1- Bajos Submeridionales", "Dpto": "9 de Julio" }, "geometry": { "type": "Point", "coordinates": [ -61.497729221573643, -28.913244269799034 ] } },
{ "type": "Feature", "properties": { "Nombre": "alcantarilla 2", "Estado": "Finalizado", "C Cuenca": "Comité Hidrovial Tostado", "Ult Act": "2025", "Datos": null, "Tipo": "Alcantarilla", "Region": null, "Obra": null, "Código": null, "Localidad": "Tostado", "Direccion": null, "Resp.": null, "Cuenca": "8- Rio Salado", "Dpto": "9 de Julio" }, "geometry": { "type": "Point", "coordinates": [ -61.496929779158009, -29.337966271937514 ] } },
{ "type": "Feature", "properties": { "Nombre": "alcantarilla 3", "Estado": "Finalizado", "C Cuenca": "Comité Hidrovial Tostado", "Ult Act": "2025", "Datos": null, "Tipo": "Alcantarilla", "Region": null, "Obra": null, "Código": null, "Localidad": "Tostado", "Direccion": null, "Resp.": null, "Cuenca": "8- Rio Salado", "Dpto": "9 de Julio" }, "geometry": { "type": "Point", "coordinates": [ -61.495648670730326, -29.266041734767821 ] } },
{ "type": "Feature", "properties": { "Nombre": "4-Submurar Puente 4 Bocas - Pilatti (obra conjunto con 2 puentes A° la Blanca PGC)", "Estado": "Finalizado", "C Cuenca": "Comite Arroyo Pantanoso y Saladillo Amargo", "Ult Act": "2024", "Datos": "por administracion delegada", "Tipo": "Alcantarilla", "Region": "Región 2", "Obra": null, "Código": null, "Localidad": "La Camila", "Direccion": null, "Resp.": null, "Cuenca": "1- Bajos Submeridionales", "Dpto": "San Justo" }, "geometry": { "type": "Point", "coordinates": [ -60.62538482274568, -30.070016480830912 ] } },
{ "type": "Feature", "properties": { "Nombre": "5-Alcantarilla cuatro bocas Walemberg (PGC)", "Estado": "Finalizado", "C Cuenca": "Comite Arroyo Pantanoso y Saladillo Amargo", "Ult Act": null, "Datos": null, "Tipo": "Alcantarilla", "Region": "Región 2", "Obra": null, "Código": null, "Localidad": "Pedro Gomez Cello", "Direccion": null, "Resp.": null, "Cuenca": "1- Bajos Submeridionales", "Dpto": "San Justo" }, "geometry": { "type": "Point", "coordinates": [ -60.554567732458835, -30.035546677126852 ] } },
{ "type": "Feature", "properties": { "Nombre": "9-Colocación alcantarillas tubos San Luis y Belgrano", "Estado": "Finalizado", "C Cuenca": "Comite Arroyo Pantanoso y Saladillo Amargo", "Ult Act": "2024", "Datos": null, "Tipo": "Alcantarilla", "Region": "Región 3", "Obra": null, "Código": null, "Localidad": "Vera y Pintado", "Direccion": null, "Resp.": null, "Cuenca": "8- Río Salado", "Dpto": "San Justo" }, "geometry": { "type": "Point", "coordinates": [ -60.343814324732598, -30.146593907064059 ] } },
{ "type": "Feature", "properties": { "Nombre": "1-Remoción alcantarilla urbana en Catamarca y Mariano Moreno", "Estado": "Finalizado", "C Cuenca": "Comite Arroyo Pantanoso y Saladillo Amargo", "Ult Act": "2025", "Datos": null, "Tipo": "Alcantarilla", "Region": "Región 1", "Obra": null, "Código": null, "Localidad": "Vera y Pintado", "Direccion": null, "Resp.": null, "Cuenca": "10- Los Saladillos", "Dpto": "San Justo" }, "geometry": { "type": "Point", "coordinates": [ -60.340546196175744, -30.145018509267103 ] } },
{ "type": "Feature", "properties": { "Nombre": "ALC  0  - Rep y reemp 5 alc s/Colector N° 8", "Estado": "Finalizado", "C Cuenca": "Comite Arroyo Pantanoso y Saladillo Amargo", "Ult Act": null, "Datos": null, "Tipo": "Alcantarilla", "Region": "Región 1", "Obra": null, "Código": null, "Localidad": "San Martin Norte, Gobernador Cresto, Colonia Dolores", "Direccion": null, "Resp.": null, "Cuenca": "10- Los Saladillos", "Dpto": "San Justo" }, "geometry": { "type": "Point", "coordinates": [ -60.343391990846477, -30.358279684311473 ] } },
{ "type": "Feature", "properties": { "Nombre": "ALC 2 - Rep y reemp 5 alc s/Colector N° 8", "Estado": "Finalizado", "C Cuenca": "Comite Arroyo Pantanoso y Saladillo Amargo", "Ult Act": null, "Datos": null, "Tipo": "Alcantarilla", "Region": "Región 1", "Obra": null, "Código": null, "Localidad": "Gobernador Crespo", "Direccion": null, "Resp.": null, "Cuenca": "10- Los Saladillos", "Dpto": "San Justo" }, "geometry": { "type": "Point", "coordinates": [ -60.369075834063217, -30.354502693050083 ] } },
{ "type": "Feature", "properties": { "Nombre": "ALC 3 - Rep y reemp 5 alc s/Colector N° 8", "Estado": "Finalizado", "C Cuenca": "Comite Arroyo Pantanoso y Saladillo Amargo", "Ult Act": null, "Datos": null, "Tipo": "Alcantarilla", "Region": "Región 1", "Obra": null, "Código": null, "Localidad": "Gobernador Crespo", "Direccion": null, "Resp.": null, "Cuenca": "10- Los Saladillos", "Dpto": "San Justo" }, "geometry": { "type": "Point", "coordinates": [ -60.374108168924714, -30.353762977636809 ] } },
{ "type": "Feature", "properties": { "Nombre": "ALC 4 - Rep y reemp 5 alc s/Colector N° 8", "Estado": "Finalizado", "C Cuenca": "Comite Arroyo Pantanoso y Saladillo AmargoComite Arroyo Pantanoso y Saladillo Amargo", "Ult Act": null, "Datos": null, "Tipo": "Alcantarilla", "Region": "Región 1", "Obra": null, "Código": null, "Localidad": "Gobernador Crespo", "Direccion": null, "Resp.": null, "Cuenca": "10- Los Saladillos", "Dpto": "San Justo" }, "geometry": { "type": "Point", "coordinates": [ -60.384411710251953, -30.352127692766469 ] } },
{ "type": "Feature", "properties": { "Nombre": "ALC 5 - Rep y reemp 5 alc s/Colector N° 8", "Estado": "Finalizado", "C Cuenca": "Comite Arroyo Pantanoso y Saladillo Amargo", "Ult Act": null, "Datos": null, "Tipo": "Alcantarilla", "Region": "Región 1", "Obra": null, "Código": null, "Localidad": "Gobernador Crespo", "Direccion": null, "Resp.": null, "Cuenca": "10- Los Saladillos", "Dpto": "San Justo" }, "geometry": { "type": "Point", "coordinates": [ -60.393021118010928, -30.350929414214427 ] } },
{ "type": "Feature", "properties": { "Nombre": "ALC KRAUSS - Rep y reemp 5 alc s/Colector N° 8", "Estado": "Finalizado", "C Cuenca": "Comite Arroyo Pantanoso y Saladillo Amargo", "Ult Act": null, "Datos": null, "Tipo": "Alcantarilla", "Region": "Región 1", "Obra": null, "Código": null, "Localidad": "La Criolla", "Direccion": null, "Resp.": null, "Cuenca": "10- Los Saladillos", "Dpto": "San Justo" }, "geometry": { "type": "Point", "coordinates": [ -60.299376331391869, -30.185422129196784 ] } },
{ "type": "Feature", "properties": { "Nombre": "3-colocacion tubos sobre Colector 13 (Campo Dellelce)", "Estado": "Finalizado", "C Cuenca": "Comite Arroyo Pantanoso y Saladillo Amargo", "Ult Act": "2025", "Datos": null, "Tipo": "Alcantarilla", "Region": "Región 1", "Obra": null, "Código": null, "Localidad": "Vera y Pintado", "Direccion": null, "Resp.": null, "Cuenca": "10- Los Saladillos", "Dpto": "San Justo" }, "geometry": { "type": "Point", "coordinates": [ -60.31219577598003, -30.09186656850472 ] } },
{ "type": "Feature", "properties": { "Nombre": "4-1 tubo adicionado alcantarilla zanetta-ruiz", "Estado": "Finalizado", "C Cuenca": "Comite Arroyo Pantanoso y Saladillo Amargo", "Ult Act": "2025", "Datos": "adición 1 tubo 800mm a lo ya existente", "Tipo": "Alcantarilla", "Region": "Región 3", "Obra": null, "Código": null, "Localidad": "Silva", "Direccion": null, "Resp.": null, "Cuenca": "8- Río Salado", "Dpto": "San Justo" }, "geometry": { "type": "Point", "coordinates": [ -60.46564024271585, -30.496866588486505 ] } },
{ "type": "Feature", "properties": { "Nombre": "12-rearmado alcantarilla franchino sobre canal gotta", "Estado": "Finalizado", "C Cuenca": "Comite Arroyo Pantanoso y Saladillo Amargo", "Ult Act": null, "Datos": null, "Tipo": "Alcantarilla", "Region": "Región 3", "Obra": null, "Código": null, "Localidad": "La Criolla", "Direccion": null, "Resp.": null, "Cuenca": "8- Río Salado", "Dpto": "San Justo" }, "geometry": { "type": "Point", "coordinates": [ -60.401759676678942, -30.242274908964486 ] } },
{ "type": "Feature", "properties": { "Nombre": "1 - Limpieza 20 alcantarillas SMN", "Estado": "Finalizado", "C Cuenca": "Comite Arroyo Pantanoso y Saladillo Amargo", "Ult Act": null, "Datos": null, "Tipo": "Alcantarilla", "Region": "Región 1", "Obra": null, "Código": null, "Localidad": "La Criolla", "Direccion": null, "Resp.": null, "Cuenca": "10- Los Saladillos", "Dpto": "San Justo" }, "geometry": { "type": "Point", "coordinates": [ -60.319751334524895, -30.252672132579132 ] } },
{ "type": "Feature", "properties": { "Nombre": "2 - Limpieza 20 alcantarillas SMN", "Estado": "Finalizado", "C Cuenca": "Comite Arroyo Pantanoso y Saladillo Amargo", "Ult Act": null, "Datos": null, "Tipo": "Alcantarilla", "Region": "Región 1", "Obra": null, "Código": null, "Localidad": "La Criolla", "Direccion": null, "Resp.": null, "Cuenca": "10- Los Saladillos", "Dpto": "San Justo" }, "geometry": { "type": "Point", "coordinates": [ -60.319734667854902, -30.252559676483546 ] } },
{ "type": "Feature", "properties": { "Nombre": "3- Limpieza 20 alcantarillas SMN", "Estado": "Finalizado", "C Cuenca": "Comite Arroyo Pantanoso y Saladillo Amargo", "Ult Act": null, "Datos": null, "Tipo": "Alcantarilla", "Region": "Región 1", "Obra": null, "Código": null, "Localidad": "La Criolla", "Direccion": null, "Resp.": null, "Cuenca": "10- Los Saladillos", "Dpto": "San Justo" }, "geometry": { "type": "Point", "coordinates": [ -60.319652837134178, -30.252836941239675 ] } },
{ "type": "Feature", "properties": { "Nombre": "4- Limpieza 20 alcantarillas SMN", "Estado": "Finalizado", "C Cuenca": "Comite Arroyo Pantanoso y Saladillo Amargo", "Ult Act": null, "Datos": null, "Tipo": "Alcantarilla", "Region": "Región 1", "Obra": null, "Código": null, "Localidad": "La Criolla", "Direccion": null, "Resp.": null, "Cuenca": "10- Los Saladillos", "Dpto": "San Justo" }, "geometry": { "type": "Point", "coordinates": [ -60.319862777966193, -30.252961021482296 ] } },
{ "type": "Feature", "properties": { "Nombre": "5- Limpieza 20 alcantarillas SMN", "Estado": "Finalizado", "C Cuenca": "Comite Arroyo Pantanoso y Saladillo Amargo", "Ult Act": null, "Datos": null, "Tipo": "Alcantarilla", "Region": "Región 1", "Obra": null, "Código": null, "Localidad": "La Criolla", "Direccion": null, "Resp.": null, "Cuenca": "10- Los Saladillos", "Dpto": "San Justo" }, "geometry": { "type": "Point", "coordinates": [ -60.320795426126274, -30.252585630416046 ] } },
{ "type": "Feature", "properties": { "Nombre": "6- Limpieza 20 alcantarillas SMN", "Estado": "Finalizado", "C Cuenca": "Comite Arroyo Pantanoso y Saladillo Amargo", "Ult Act": null, "Datos": null, "Tipo": "Alcantarilla", "Region": "Región 1", "Obra": null, "Código": null, "Localidad": "San Martin Norte", "Direccion": null, "Resp.": null, "Cuenca": "10- Los Saladillos", "Dpto": "San Justo" }, "geometry": { "type": "Point", "coordinates": [ -60.313729872223497, -30.254195712399351 ] } },
{ "type": "Feature", "properties": { "Nombre": "7- Limpieza 20 alcantarillas SMN", "Estado": "Finalizado", "C Cuenca": "Comite Arroyo Pantanoso y Saladillo Amargo", "Ult Act": null, "Datos": null, "Tipo": "Alcantarilla", "Region": "Región 1", "Obra": null, "Código": null, "Localidad": "La Criolla", "Direccion": null, "Resp.": null, "Cuenca": "10- Los Saladillos", "Dpto": "San Justo" }, "geometry": { "type": "Point", "coordinates": [ -60.321240303886952, -30.257282562879418 ] } },
{ "type": "Feature", "properties": { "Nombre": "8- Limpieza 20 alcantarillas SMN", "Estado": "Finalizado", "C Cuenca": "Comite Arroyo Pantanoso y Saladillo Amargo", "Ult Act": null, "Datos": null, "Tipo": "Alcantarilla", "Region": "Región 1", "Obra": null, "Código": null, "Localidad": "La Criolla", "Direccion": null, "Resp.": null, "Cuenca": "10- Los Saladillos", "Dpto": "San Justo" }, "geometry": { "type": "Point", "coordinates": [ -60.321104000449161, -30.257312493383566 ] } },
{ "type": "Feature", "properties": { "Nombre": "9- Limpieza 20 alcantarillas SMN", "Estado": "Finalizado", "C Cuenca": "Comite Arroyo Pantanoso y Saladillo Amargo", "Ult Act": null, "Datos": null, "Tipo": "Alcantarilla", "Region": "Región 1", "Obra": null, "Código": null, "Localidad": "La Criolla", "Direccion": null, "Resp.": null, "Cuenca": "10- Los Saladillos", "Dpto": "San Justo" }, "geometry": { "type": "Point", "coordinates": [ -60.322163089496854, -30.260796222231932 ] } },
{ "type": "Feature", "properties": { "Nombre": "10- Limpieza 20 alcantarillas SMN", "Estado": "Finalizado", "C Cuenca": "Comite Arroyo Pantanoso y Saladillo Amargo", "Ult Act": null, "Datos": null, "Tipo": "Alcantarilla", "Region": "Región 1", "Obra": null, "Código": null, "Localidad": "La Criolla", "Direccion": null, "Resp.": null, "Cuenca": "10- Los Saladillos", "Dpto": "San Justo" }, "geometry": { "type": "Point", "coordinates": [ -60.32227228009976, -30.260772132985256 ] } },
{ "type": "Feature", "properties": { "Nombre": "11- Limpieza 20 alcantarillas SMN", "Estado": "Finalizado", "C Cuenca": "Comite Arroyo Pantanoso y Saladillo Amargo", "Ult Act": null, "Datos": null, "Tipo": "Alcantarilla", "Region": "Región 1", "Obra": null, "Código": null, "Localidad": "La Criolla", "Direccion": null, "Resp.": null, "Cuenca": "10- Los Saladillos", "Dpto": "San Justo" }, "geometry": { "type": "Point", "coordinates": [ -60.323658637930528, -30.265499705680156 ] } },
{ "type": "Feature", "properties": { "Nombre": "12- Limpieza 20 alcantarillas SMN", "Estado": "Finalizado", "C Cuenca": "Comite Arroyo Pantanoso y Saladillo Amargo", "Ult Act": null, "Datos": null, "Tipo": "Alcantarilla", "Region": "Región 1", "Obra": null, "Código": null, "Localidad": "La Criolla", "Direccion": null, "Resp.": null, "Cuenca": "10- Los Saladillos", "Dpto": "San Justo" }, "geometry": { "type": "Point", "coordinates": [ -60.323501335098939, -30.264811022076877 ] } },
{ "type": "Feature", "properties": { "Nombre": "13- Limpieza 20 alcantarillas SMN", "Estado": "Finalizado", "C Cuenca": "Comite Arroyo Pantanoso y Saladillo Amargo", "Ult Act": null, "Datos": null, "Tipo": "Alcantarilla", "Region": "Región 1", "Obra": null, "Código": null, "Localidad": "La Criolla", "Direccion": null, "Resp.": null, "Cuenca": "10- Los Saladillos", "Dpto": "San Justo" }, "geometry": { "type": "Point", "coordinates": [ -60.324418001909812, -30.268061022240733 ] } },
{ "type": "Feature", "properties": { "Nombre": "14- Limpieza 20 alcantarillas SMN", "Estado": "Finalizado", "C Cuenca": "Comite Arroyo Pantanoso y Saladillo Amargo", "Ult Act": null, "Datos": null, "Tipo": "Alcantarilla", "Region": "Región 1", "Obra": null, "Código": null, "Localidad": "San Martin Norte", "Direccion": null, "Resp.": null, "Cuenca": "10- Los Saladillos", "Dpto": "San Justo" }, "geometry": { "type": "Point", "coordinates": [ -60.320029112664777, -30.277199911661306 ] } },
{ "type": "Feature", "properties": { "Nombre": "15- Limpieza 20 alcantarillas SMN", "Estado": "Finalizado", "C Cuenca": "Comite Arroyo Pantanoso y Saladillo Amargo", "Ult Act": null, "Datos": null, "Tipo": "Alcantarilla", "Region": "Región 1", "Obra": null, "Código": null, "Localidad": "San Martin Norte", "Direccion": null, "Resp.": null, "Cuenca": "10- Los Saladillos", "Dpto": "San Justo" }, "geometry": { "type": "Point", "coordinates": [ -60.32027911269099, -30.277116578321017 ] } },
{ "type": "Feature", "properties": { "Nombre": "16- Limpieza 20 alcantarillas SMN", "Estado": "Finalizado", "C Cuenca": "Comite Arroyo Pantanoso y Saladillo Amargo", "Ult Act": null, "Datos": null, "Tipo": "Alcantarilla", "Region": "Región 1", "Obra": null, "Código": null, "Localidad": "San Martin Norte", "Direccion": null, "Resp.": null, "Cuenca": "10- Los Saladillos", "Dpto": "San Justo" }, "geometry": { "type": "Point", "coordinates": [ -60.301473555137967, -30.281449912076759 ] } },
{ "type": "Feature", "properties": { "Nombre": "17- Limpieza 20 alcantarillas SMN", "Estado": "Finalizado", "C Cuenca": "Comite Arroyo Pantanoso y Saladillo Amargo", "Ult Act": null, "Datos": null, "Tipo": "Alcantarilla", "Region": "Región 1", "Obra": null, "Código": null, "Localidad": "San Martin Norte", "Direccion": null, "Resp.": null, "Cuenca": "10- Los Saladillos", "Dpto": "San Justo" }, "geometry": { "type": "Point", "coordinates": [ -60.3013068884527, -30.281422134299206 ] } },
{ "type": "Feature", "properties": { "Nombre": "18- Limpieza 20 alcantarillas SMN", "Estado": "Finalizado", "C Cuenca": "Comite Arroyo Pantanoso y Saladillo Amargo", "Ult Act": null, "Datos": null, "Tipo": "Alcantarilla", "Region": "Región 1", "Obra": null, "Código": null, "Localidad": "San Martin Norte", "Direccion": null, "Resp.": null, "Cuenca": "10- Los Saladillos", "Dpto": "San Justo" }, "geometry": { "type": "Point", "coordinates": [ -60.291860894184595, -30.283619339045782 ] } },
{ "type": "Feature", "properties": { "Nombre": "19- Limpieza 20 alcantarillas SMN", "Estado": "Finalizado", "C Cuenca": "Comite Arroyo Pantanoso y Saladillo Amargo", "Ult Act": null, "Datos": null, "Tipo": "Alcantarilla", "Region": "Región 1", "Obra": null, "Código": null, "Localidad": "San Martin Norte", "Direccion": null, "Resp.": null, "Cuenca": "10- Los Saladillos", "Dpto": "San Justo" }, "geometry": { "type": "Point", "coordinates": [ -60.291195775782874, -30.247838799278608 ] } },
{ "type": "Feature", "properties": { "Nombre": "20- Limpieza 20 alcantarillas SMN", "Estado": "Finalizado", "C Cuenca": "Comite Arroyo Pantanoso y Saladillo Amargo", "Ult Act": null, "Datos": null, "Tipo": "Alcantarilla", "Region": "Región 1", "Obra": null, "Código": null, "Localidad": "San Martin Norte", "Direccion": null, "Resp.": null, "Cuenca": "10- Los Saladillos", "Dpto": "San Justo" }, "geometry": { "type": "Point", "coordinates": [ -60.291060777408788, -30.235338798613192 ] } },
{ "type": "Feature", "properties": { "Nombre": "16-Realización de cavas en el basural de Gob. Crespo", "Estado": "Finalizado", "C Cuenca": "Comite Arroyo Pantanoso y Saladillo Amargo", "Ult Act": "2025", "Datos": null, "Tipo": "Alcantarilla", "Region": null, "Obra": null, "Código": null, "Localidad": "Gobernador Crespo", "Direccion": null, "Resp.": null, "Cuenca": "10- Los Saladillos", "Dpto": "San Justo" }, "geometry": { "type": "Point", "coordinates": [ -60.39288107129979, -30.315559695524122 ] } },
{ "type": "Feature", "properties": { "Nombre": "1-Acomodar una alcantarilla existente en Canal Interdistrital Crespo-Silva", "Estado": "Finalizado", "C Cuenca": "Comite Arroyo Pantanoso y Saladillo Amargo", "Ult Act": "2026", "Datos": null, "Tipo": "Alcantarilla", "Region": "Región 1", "Obra": null, "Código": null, "Localidad": "San Martin Norte, Gobernador Cresto, Colonia Dolores", "Direccion": null, "Resp.": null, "Cuenca": "10- Los Saladillos", "Dpto": "San Justo" }, "geometry": { "type": "Point", "coordinates": [ -60.368148564030463, -30.399069362092348 ] } },
{ "type": "Feature", "properties": { "Nombre": "3-Colocación de 1 hilera de tubos de diámetro 1000mm en Canal Interceptor Silva", "Estado": "Finalizado", "C Cuenca": "Comite Arroyo Pantanoso y Saladillo Amargo", "Ult Act": "2026", "Datos": null, "Tipo": "Alcantarilla", "Region": "Región 3", "Obra": null, "Código": null, "Localidad": "Silva", "Direccion": null, "Resp.": null, "Cuenca": "8- Río Salado", "Dpto": "San Justo" }, "geometry": { "type": "Point", "coordinates": [ -60.47672357698395, -30.476727698417704 ] } },
{ "type": "Feature", "properties": { "Nombre": "1-Alcantarilla nueva Progresiva 4+470", "Estado": "Finalizado", "C Cuenca": "Comité de Cuenca Fortín Olmos", "Ult Act": "2024", "Datos": "Administracion delegada", "Tipo": "Alcantarilla", "Region": "Región 2", "Obra": null, "Código": null, "Localidad": "Fortin Olmos", "Direccion": null, "Resp.": null, "Cuenca": "1- Bajos Submeridionales", "Dpto": "Vera" }, "geometry": { "type": "Point", "coordinates": [ -60.835143771028477, -29.282833870207323 ] } },
{ "type": "Feature", "properties": { "Nombre": "2-Alcantarilla nueva Progresiva 6+700", "Estado": "Finalizado", "C Cuenca": "Comité de Cuenca Fortín Olmos", "Ult Act": "2024", "Datos": "Administracion delegada", "Tipo": "Alcantarilla", "Region": "Región 2", "Obra": null, "Código": null, "Localidad": "Fortin Olmos", "Direccion": null, "Resp.": null, "Cuenca": "1- Bajos Submeridionales", "Dpto": "Vera" }, "geometry": { "type": "Point", "coordinates": [ -60.831331248203888, -29.262931223420523 ] } },
{ "type": "Feature", "properties": { "Nombre": "Alcantarilla Canal Ppal Las Penquitas", "Estado": "Finalizado", "C Cuenca": "Comite Las Calaveras y Las Penquitas", "Ult Act": "Agosto 2025", "Datos": "1 fila de tubo 1 m - AC 9 mts - con cabezal - paso particular", "Tipo": "Alcantarilla", "Region": "Región 3", "Obra": null, "Código": null, "Localidad": "Egusquiza", "Direccion": null, "Resp.": null, "Cuenca": "8- Río Salado", "Dpto": "Castellanos" }, "geometry": { "type": "Point", "coordinates": [ -61.641742991231872, -31.075499694664931 ] } },
{ "type": "Feature", "properties": { "Nombre": "Alcantarilla Canal Sec Lopez", "Estado": "Finalizado", "C Cuenca": "Comite Las Calaveras y Las Penquitas", "Ult Act": "Marzo 2025", "Datos": "Alcantarilla socavada se reconstituyo con los mismos materiales", "Tipo": "Alcantarilla", "Region": "Región 3", "Obra": null, "Código": null, "Localidad": "Sarmiento", "Direccion": null, "Resp.": null, "Cuenca": "8- Río Salado", "Dpto": "Las Colonias" }, "geometry": { "type": "Point", "coordinates": [ -61.22306904632481, -31.144367302983355 ] } },
{ "type": "Feature", "properties": { "Nombre": "Punto 98", "Estado": "Finalizado", "C Cuenca": "Comite Las Calaveras y Las Penquitas", "Ult Act": null, "Datos": null, "Tipo": "Alcantarilla", "Region": "Región 3", "Obra": null, "Código": null, "Localidad": "Presidente Roca", "Direccion": null, "Resp.": null, "Cuenca": "8- Río Salado", "Dpto": "Castellanos" }, "geometry": { "type": "Point", "coordinates": [ -61.542760582856758, -31.23500880400298 ] } },
{ "type": "Feature", "properties": { "Nombre": "Alcantarilla convenio", "Estado": "Finalizado", "C Cuenca": "Comite Las Calaveras y Las Penquitas", "Ult Act": "Abril 2025", "Datos": "1 fila de módulos de 2x1 - AC 7 mts - con cabezal", "Tipo": "Alcantarilla", "Region": "Región 3", "Obra": null, "Código": null, "Localidad": "Presidente Roca", "Direccion": null, "Resp.": null, "Cuenca": "8- Río Salado", "Dpto": "Castellanos" }, "geometry": { "type": "Point", "coordinates": [ -61.551630383826691, -31.234706103885166 ] } },
{ "type": "Feature", "properties": { "Nombre": "Punto 100", "Estado": "Finalizado", "C Cuenca": "Comite Las Calaveras y Las Penquitas", "Ult Act": null, "Datos": null, "Tipo": "Alcantarilla", "Region": "Región 3", "Obra": null, "Código": null, "Localidad": "Presidente Roca", "Direccion": null, "Resp.": null, "Cuenca": "8- Río Salado", "Dpto": "Castellanos" }, "geometry": { "type": "Point", "coordinates": [ -61.562774585045823, -31.234361203738843 ] } },
{ "type": "Feature", "properties": { "Nombre": "Alcantarilla por Convenio", "Estado": "Finalizado", "C Cuenca": "Comite Las Calaveras y Las Penquitas", "Ult Act": "Junio 2025", "Datos": null, "Tipo": "Alcantarilla", "Region": "Región 3", "Obra": null, "Código": null, "Localidad": "Presidente Roca", "Direccion": null, "Resp.": null, "Cuenca": "8- Río Salado", "Dpto": "Castellanos" }, "geometry": { "type": "Point", "coordinates": [ -61.566486785454565, -31.234416303698758 ] } },
{ "type": "Feature", "properties": { "Nombre": "Alcantarilla por Convenio", "Estado": "Finalizado", "C Cuenca": "Comite Las Calaveras y Las Penquitas", "Ult Act": "Junio 2025", "Datos": "1 fila de módulos de 2x1 - AC 7 mts - con cabezal", "Tipo": "Alcantarilla", "Region": "Región 3", "Obra": null, "Código": null, "Localidad": "Presidente Roca", "Direccion": null, "Resp.": null, "Cuenca": "8- Río Salado", "Dpto": "Castellanos" }, "geometry": { "type": "Point", "coordinates": [ -61.584301387410967, -31.234359003489914 ] } },
{ "type": "Feature", "properties": { "Nombre": "Alcantariolla por Convenio", "Estado": "Finalizado", "C Cuenca": "Comite Las Calaveras y Las Penquitas", "Ult Act": "Junio 2025", "Datos": "1 fila de módulos de 2x1 - AC 7 mts - con cabezal", "Tipo": "Alcantarilla", "Region": "Región 3", "Obra": null, "Código": null, "Localidad": "Presidente Roca", "Direccion": null, "Resp.": null, "Cuenca": "8- Río Salado", "Dpto": "Castellanos" }, "geometry": { "type": "Point", "coordinates": [ -61.587766787813798, -31.235767203521984 ] } },
{ "type": "Feature", "properties": { "Nombre": "Alcantarilla por Convenio - Camino comunal ", "Estado": "Finalizado", "C Cuenca": "Comite Las Calaveras y Las Penquitas", "Ult Act": "Mayo 2025", "Datos": "1 fila de módulos de 2x1 - AC 7 mts - con cabezal - Camino comunal", "Tipo": "Alcantarilla", "Region": "Región 3", "Obra": null, "Código": null, "Localidad": "Presidente Roca", "Direccion": null, "Resp.": null, "Cuenca": "8- Río Salado", "Dpto": "Castellanos" }, "geometry": { "type": "Point", "coordinates": [ -61.588287787874009, -31.235957503525718 ] } },
{ "type": "Feature", "properties": { "Nombre": "Alcantarilla por Convenio  - Paso particular", "Estado": "Finalizado", "C Cuenca": "Comite Las Calaveras y Las Penquitas", "Ult Act": "Abril 2025", "Datos": "1 fila de módulos 2x1 - AC 7 mts - Con Cabezal - Paso particular", "Tipo": "Alcantarilla", "Region": "Región 3", "Obra": null, "Código": null, "Localidad": "Presidente Roca", "Direccion": null, "Resp.": null, "Cuenca": "8- Río Salado", "Dpto": "Castellanos" }, "geometry": { "type": "Point", "coordinates": [ -61.595614788696658, -31.237083103498584 ] } },
{ "type": "Feature", "properties": { "Nombre": "Alcantarilla por Convenio - Camino comunal ", "Estado": "Finalizado", "C Cuenca": "Comite Las Calaveras y Las Penquitas", "Ult Act": "Marzo 2025", "Datos": "1 fila de módulos 2x1 - AC 7 mts - Con cabezal - Camino Comunal", "Tipo": "Alcantarilla", "Region": "Región 3", "Obra": null, "Código": null, "Localidad": "Presidente Roca", "Direccion": null, "Resp.": null, "Cuenca": "8- Río Salado", "Dpto": "Castellanos" }, "geometry": { "type": "Point", "coordinates": [ -61.59850028902968, -31.238102403517384 ] } },
{ "type": "Feature", "properties": { "Nombre": "Alcantarilla por Convenio  - Paso particular", "Estado": "Finalizado", "C Cuenca": "Comite Las Calaveras y Las Penquitas", "Ult Act": "Marzo 2025", "Datos": "1 fila de módulos 2x1 - AC 7 mts - Con Cabezal - Paso particular", "Tipo": "Alcantarilla", "Region": "Región 3", "Obra": null, "Código": null, "Localidad": "Presidente Roca", "Direccion": null, "Resp.": null, "Cuenca": "8- Río Salado", "Dpto": "Castellanos" }, "geometry": { "type": "Point", "coordinates": [ -61.606692389948392, -31.239294903483589 ] } },
{ "type": "Feature", "properties": { "Nombre": "Alcantarilla por Covenio  - Paso particular", "Estado": "Finalizado", "C Cuenca": "Comite Las Calaveras y Las Penquitas", "Ult Act": "Mayo 2025", "Datos": "1 fila de módulos 2x1 - AC 7 mts - Con Cabezal - Paso particular", "Tipo": "Alcantarilla", "Region": "Región 3", "Obra": null, "Código": null, "Localidad": "Presidente Roca", "Direccion": null, "Resp.": null, "Cuenca": "8- Río Salado", "Dpto": "Castellanos" }, "geometry": { "type": "Point", "coordinates": [ -61.61520229090393, -31.240609803452308 ] } },
{ "type": "Feature", "properties": { "Nombre": "Punto 109", "Estado": "Finalizado", "C Cuenca": "Comite Las Calaveras y Las Penquitas", "Ult Act": null, "Datos": null, "Tipo": "Alcantarilla", "Region": "Región 3", "Obra": null, "Código": null, "Localidad": "Presidente Roca", "Direccion": null, "Resp.": null, "Cuenca": "8- Río Salado", "Dpto": "Castellanos" }, "geometry": { "type": "Point", "coordinates": [ -61.540046182401547, -31.224956003518923 ] } },
{ "type": "Feature", "properties": { "Nombre": "Canal La Paloma (Alcantarilla Burgi)", "Estado": "Finalizado", "C Cuenca": "Comite Las Calaveras y Las Penquitas", "Ult Act": "Octubre 2025", "Datos": "3 filas de tubo D=1.20 - AC = 6.3 - Cab de mamposteria", "Tipo": "Alcantarilla", "Region": "Región 3", "Obra": null, "Código": null, "Localidad": "Felicia", "Direccion": null, "Resp.": null, "Cuenca": "8- Río Salado", "Dpto": "Las Colonias" }, "geometry": { "type": "Point", "coordinates": [ -61.277449253006033, -31.190510104745911 ] } },
{ "type": "Feature", "properties": { "Nombre": "Alc Canal Ext BAjo Roca", "Estado": "Finalizado", "C Cuenca": "Comite Las Calaveras y Las Penquitas", "Ult Act": "Noviembre 2025", "Datos": "1 fila de tubos D= 1 - AC = 7.5 -Con Cabezal", "Tipo": "Alcantarilla", "Region": "Región 3", "Obra": null, "Código": null, "Localidad": "Presidente Roca", "Direccion": null, "Resp.": null, "Cuenca": "8- Río Salado", "Dpto": "Castellanos" }, "geometry": { "type": "Point", "coordinates": [ -61.640504493631326, -31.23729200298871 ] } },
{ "type": "Feature", "properties": { "Nombre": "Alc Garetto Canal Astori", "Estado": "Finalizado", "C Cuenca": "Comite Las Calaveras y Las Penquitas", "Ult Act": "Octubre 2025", "Datos": "2 filas de D=1 m - AC = 7.50 - Con Cabezal", "Tipo": "Alcantarilla", "Region": "Región 3", "Obra": null, "Código": null, "Localidad": "Lehmann", "Direccion": null, "Resp.": null, "Cuenca": "8- Río Salado", "Dpto": "Castellanos" }, "geometry": { "type": "Point", "coordinates": [ -61.518692877719786, -31.074518296030746 ] } },
{ "type": "Feature", "properties": { "Nombre": "Desarme Alcantarilla obstruida Canal Oeste ", "Estado": "Finalizado", "C Cuenca": "Comite Las Calaveras y Las Penquitas", "Ult Act": "Julio 2024", "Datos": "Se desarmo alcantarilla que obstruía el canal", "Tipo": "Alcantarilla", "Region": "Región 3", "Obra": null, "Código": null, "Localidad": "Presidente Roca", "Direccion": null, "Resp.": null, "Cuenca": "8- Río Salado", "Dpto": "Castellanos" }, "geometry": { "type": "Point", "coordinates": [ -61.537222681914976, -31.213653302971785 ] } },
{ "type": "Feature", "properties": { "Nombre": "Alcantarilla Canal Ter Boidi", "Estado": "Finalizado", "C Cuenca": "Comite Las Calaveras y Las Penquitas", "Ult Act": null, "Datos": "1 fila de tubo 0.80 - AC 7 mts - Con Cabezal - Camino Publico", "Tipo": "Alcantarilla", "Region": "Región 3", "Obra": null, "Código": null, "Localidad": "Presidente Roca", "Direccion": null, "Resp.": null, "Cuenca": "8- Río Salado", "Dpto": "Castellanos" }, "geometry": { "type": "Point", "coordinates": [ -61.663370794849136, -31.155025398503966 ] } },
{ "type": "Feature", "properties": { "Nombre": "Alcatarilla Canal Ter Boidi", "Estado": "Finalizado", "C Cuenca": "Comite Las Calaveras y Las Penquitas", "Ult Act": null, "Datos": "1 fila de tubo 0.80 - AC 7 mts - Con Cabezal - Camino Publico", "Tipo": "Alcantarilla", "Region": "Región 3", "Obra": null, "Código": null, "Localidad": "Presidente Roca", "Direccion": null, "Resp.": null, "Cuenca": "8- Río Salado", "Dpto": "Castellanos" }, "geometry": { "type": "Point", "coordinates": [ -61.663368094847236, -31.154923798498782 ] } },
{ "type": "Feature", "properties": { "Nombre": "Reacondicionamiento Alcantarilla Canal Ppal Las Penquitas", "Estado": "Finalizado", "C Cuenca": "Comite Las Calaveras y Las Penquitas", "Ult Act": null, "Datos": "Reacondicionamiento Alcantarilla Existente 4 filas de tubos 2 filas de 0.80 y  2 filas de  1 m. - AC 7 mts - RP N° 13", "Tipo": "Alcantarilla", "Region": "Región 3", "Obra": null, "Código": null, "Localidad": "Egusquiza", "Direccion": null, "Resp.": null, "Cuenca": "8- Río Salado", "Dpto": "Castellanos" }, "geometry": { "type": "Point", "coordinates": [ -61.58982218555451, -31.076581095319835 ] } },
{ "type": "Feature", "properties": { "Nombre": "Punto 181", "Estado": "Finalizado", "C Cuenca": "Comite Las Calaveras y Las Penquitas", "Ult Act": null, "Datos": null, "Tipo": "Alcantarilla", "Region": "Región 3", "Obra": null, "Código": null, "Localidad": "Egusquiza", "Direccion": null, "Resp.": null, "Cuenca": "8- Río Salado", "Dpto": "Castellanos" }, "geometry": { "type": "Point", "coordinates": [ -61.59311588591914, -31.076796995293009 ] } },
{ "type": "Feature", "properties": { "Nombre": "Alcantarilla Cl. Las Tablitas", "Estado": "Finalizado", "C Cuenca": "Comite Castellanos Zona Norte", "Ult Act": "Junio 2025", "Datos": "Reparación de cabezales", "Tipo": "Alcantarilla", "Region": "Región 3", "Obra": null, "Código": null, "Localidad": "Galisteo", "Direccion": null, "Resp.": null, "Cuenca": "8- Río Salado", "Dpto": "Castellanos" }, "geometry": { "type": "Point", "coordinates": [ -61.301909253615619, -31.054162097443719 ] } },
{ "type": "Feature", "properties": { "Nombre": "Alc. Cl. Flessia-Emmert", "Estado": "Finalizado", "C Cuenca": "Comite Castellanos Zona Norte", "Ult Act": "Julio 2025", "Datos": "Construcción de cabezales", "Tipo": "Alcantarilla", "Region": "Región 3", "Obra": null, "Código": null, "Localidad": "Colonia Bigand", "Direccion": null, "Resp.": null, "Cuenca": "8- Río Salado", "Dpto": "Castellanos" }, "geometry": { "type": "Point", "coordinates": [ -61.714979199719252, -31.104639595314975 ] } },
{ "type": "Feature", "properties": { "Nombre": "Alc. 1 - Cl. Castellanos Sur", "Estado": "Finalizado", "C Cuenca": "Comité Castellanos Zona Sur", "Ult Act": "Enero 2025", "Datos": "Adecuación de alcantarillas y cabezales", "Tipo": "Alcantarilla", "Region": "Región 3", "Obra": null, "Código": null, "Localidad": "Castellanos", "Direccion": null, "Resp.": null, "Cuenca": "8- Río Salado", "Dpto": "Castellanos" }, "geometry": { "type": "Point", "coordinates": [ -61.772125807260281, -31.185282398788448 ] } },
{ "type": "Feature", "properties": { "Nombre": "Alc. 2 - Cl. Castellanos Sur", "Estado": "Finalizado", "C Cuenca": "Comité Castellanos Zona Sur", "Ult Act": "Febrero 2025", "Datos": "Adecuación de alcantarilla y cabezales", "Tipo": "Alcantarilla", "Region": "Región 3", "Obra": null, "Código": null, "Localidad": "Castellanos", "Direccion": null, "Resp.": null, "Cuenca": "8- Río Salado", "Dpto": "Castellanos" }, "geometry": { "type": "Point", "coordinates": [ -61.766896906680877, -31.18492539883135 ] } },
{ "type": "Feature", "properties": { "Nombre": "Alc. 3 - Cl. Castellanos Sur", "Estado": "Finalizado", "C Cuenca": "Comité Castellanos Zona Sur", "Ult Act": "Mayo 2025", "Datos": "Reparación de alcantarilla. Colocación de cabezales.\nCanal Castellanos Sur", "Tipo": "Alcantarilla", "Region": "Región 3", "Obra": null, "Código": null, "Localidad": "Castellanos", "Direccion": null, "Resp.": null, "Cuenca": "8- Río Salado", "Dpto": "Castellanos" }, "geometry": { "type": "Point", "coordinates": [ -61.761661206090203, -31.183904198840263 ] } },
{ "type": "Feature", "properties": { "Nombre": "Alc. 4 - Cl. Castellanos Sur", "Estado": "Finalizado", "C Cuenca": "Comité Castellanos Zona Sur", "Ult Act": "Junio 2025", "Datos": "Reparación de alcantarilla. Colocación de cabezales.\nCanal Castellanos Sur", "Tipo": "Alcantarilla", "Region": "Región 3", "Obra": null, "Código": null, "Localidad": "Castellanos", "Direccion": null, "Resp.": null, "Cuenca": "8- Río Salado", "Dpto": "Castellanos" }, "geometry": { "type": "Point", "coordinates": [ -61.755100505388853, -31.185076798977164 ] } },
{ "type": "Feature", "properties": { "Nombre": "Alc. 1 - Cl. Castellanos Centro", "Estado": "Finalizado", "C Cuenca": "Comité Castellanos Zona Sur", "Ult Act": "Agosto 2025", "Datos": "Reparación de alcantarilla y colocación de cabezales.", "Tipo": "Alcantarilla", "Region": "Región 3", "Obra": null, "Código": null, "Localidad": "Castellanos", "Direccion": null, "Resp.": null, "Cuenca": "8- Río Salado", "Dpto": "Castellanos" }, "geometry": { "type": "Point", "coordinates": [ -61.75776680540411, -31.167548298046988 ] } },
{ "type": "Feature", "properties": { "Nombre": "Alc. Canal Castellanos Centro", "Estado": "Finalizado", "C Cuenca": "Comité Castellanos Zona Sur", "Ult Act": "Septiembre 2025", "Datos": "Reparación de alcantarilla y colocación de cabezales.", "Tipo": "Alcantarilla", "Region": "Región 3", "Obra": null, "Código": null, "Localidad": "Castellanos", "Direccion": null, "Resp.": null, "Cuenca": "8- Río Salado", "Dpto": "Castellanos" }, "geometry": { "type": "Point", "coordinates": [ -61.750503504593411, -31.166673498087018 ] } },
{ "type": "Feature", "properties": { "Nombre": "Alc. Dje Bessone", "Estado": "Finalizado", "C Cuenca": "Comité Castellanos Zona Sur Comité Castellanos Zona Sur", "Ult Act": "Octubre 2025", "Datos": "reparación de alcantarillas y cabezales", "Tipo": "Alcantarilla", "Region": "Región 3", "Obra": null, "Código": null, "Localidad": "Coronel Fraga", "Direccion": null, "Resp.": null, "Cuenca": "8- Río Salado", "Dpto": "Castellanos" }, "geometry": { "type": "Point", "coordinates": [ -61.879066518681427, -31.165837496534738 ] } },
{ "type": "Feature", "properties": { "Nombre": "Colocación de alc. en Pueblo de Ituzaingó", "Estado": "Finalizado", "C Cuenca": "Comite Arroyo Cululu Zona Norte", "Ult Act": "Mayo 2025", "Datos": null, "Tipo": "Alcantarilla", "Region": "Región 3", "Obra": null, "Código": null, "Localidad": "Ituzaingo", "Direccion": null, "Resp.": null, "Cuenca": "8- Río Salado", "Dpto": "Las Colonias" }, "geometry": { "type": "Point", "coordinates": [ -61.174846435584136, -30.781435284709019 ] } },
{ "type": "Feature", "properties": { "Nombre": "Colocación alcantarilla en camino comunal", "Estado": "Finalizado", "C Cuenca": "Comite Arroyo Cululu Zona Norte", "Ult Act": "Junio 2025", "Datos": null, "Tipo": "Alcantarilla", "Region": "Región 3", "Obra": null, "Código": null, "Localidad": "Providencia", "Direccion": null, "Resp.": null, "Cuenca": "8- Río Salado", "Dpto": "Las Colonias" }, "geometry": { "type": "Point", "coordinates": [ -61.038203823989761, -31.009863498092081 ] } },
{ "type": "Feature", "properties": { "Nombre": "Acopio y carga de camiones con suelo", "Estado": "Finalizado", "C Cuenca": "Comite Arroyo Cululu Zona Norte", "Ult Act": null, "Datos": null, "Tipo": "Alcantarilla", "Region": "Región 3", "Obra": null, "Código": null, "Localidad": "Providencia", "Direccion": null, "Resp.": null, "Cuenca": "8- Río Salado", "Dpto": "Las Colonias" }, "geometry": { "type": "Point", "coordinates": [ -60.999354119435438, -30.990536897518087 ] } },
{ "type": "Feature", "properties": { "Nombre": "Limpieza puente de arcos en canal Principal N° 1", "Estado": "Finalizado", "C Cuenca": "Comite Arroyo Cululu Zona Norte", "Ult Act": "Febrero 2026", "Datos": null, "Tipo": "Alcantarilla", "Region": "Región 3", "Obra": null, "Código": null, "Localidad": "Elisa", "Direccion": null, "Resp.": null, "Cuenca": "8- Río Salado", "Dpto": "Las Colonias" }, "geometry": { "type": "Point", "coordinates": [ -61.176268934852494, -30.721595281569595 ] } },
{ "type": "Feature", "properties": { "Nombre": "Construcción cabezales alcantarilla en canal Minetti - Fenoglio", "Estado": "Finalizado", "C Cuenca": "Comite Arroyo Cululu Zona Norte", "Ult Act": "Enero 2026", "Datos": null, "Tipo": "Alcantarilla", "Region": "Región 3", "Obra": null, "Código": null, "Localidad": "Elisa", "Direccion": null, "Resp.": null, "Cuenca": "8- Río Salado", "Dpto": "Las Colonias" }, "geometry": { "type": "Point", "coordinates": [ -61.06397952217899, -30.695751081453501 ] } },
{ "type": "Feature", "properties": { "Nombre": "Alc. de modulos en camino comunal", "Estado": "En Ejecucion", "C Cuenca": "Comite  Arroyo Quiñones", "Ult Act": "Septiembre 2025", "Datos": null, "Tipo": "Alcantarilla", "Region": "Región 4", "Obra": null, "Código": null, "Localidad": "Santa Clara de Buena Vista", "Direccion": null, "Resp.": null, "Cuenca": "11- Arroyo Colastiné", "Dpto": "Las Colonias" }, "geometry": { "type": "Point", "coordinates": [ -61.500068887690922, -31.837693035084392 ] } },
{ "type": "Feature", "properties": { "Nombre": "Reacondicionamiento alcantarilla Canal Carupe", "Estado": "Finalizado", "C Cuenca": "Comite  Arroyo Quiñones", "Ult Act": "Noviembre 2025", "Datos": null, "Tipo": "Alcantarilla", "Region": "Región 4", "Obra": null, "Código": null, "Localidad": "Santa Clara de Buena Vista", "Direccion": null, "Resp.": null, "Cuenca": "11- Arroyo Colastiné", "Dpto": "Las Colonias" }, "geometry": { "type": "Point", "coordinates": [ -61.498329287389346, -31.830888734762841 ] } },
{ "type": "Feature", "properties": { "Nombre": "Colocación de alcantarilla de tubos en canal La Escuelita", "Estado": "Finalizado", "C Cuenca": "Comite  Arroyo Quiñones", "Ult Act": "Noviembre 2025", "Datos": null, "Tipo": "Alcantarilla", "Region": "Región 4", "Obra": null, "Código": null, "Localidad": "San Mariano", "Direccion": null, "Resp.": null, "Cuenca": "11- Arroyo Colastiné", "Dpto": "Las Colonias" }, "geometry": { "type": "Point", "coordinates": [ -61.402443174970266, -31.716811030132266 ] } },
{ "type": "Feature", "properties": { "Nombre": "Colocación de alcantarilla de módulos en canal La Penca", "Estado": "Finalizado", "C Cuenca": "Comite  Arroyo Quiñones", "Ult Act": "Noviembre 2025", "Datos": null, "Tipo": "Alcantarilla", "Region": "Región 4", "Obra": null, "Código": null, "Localidad": "San Mariano", "Direccion": null, "Resp.": null, "Cuenca": "11- Arroyo Colastiné", "Dpto": "Las Colonias" }, "geometry": { "type": "Point", "coordinates": [ -61.398924074358966, -31.702755029463269 ] } },
{ "type": "Feature", "properties": { "Nombre": "Colocación alcantarilla de módulos en Canal Variante Las Cañas", "Estado": "Finalizado", "C Cuenca": "Comite  Arroyo Quiñones", "Ult Act": "Noviembre 2025", "Datos": null, "Tipo": "Alcantarilla", "Region": "Región 4", "Obra": null, "Código": null, "Localidad": "Santa Clara de Buena VistaSanta Clara de Buena Vista", "Direccion": null, "Resp.": null, "Cuenca": "11- Arroyo Colastiné", "Dpto": "Las Colonias" }, "geometry": { "type": "Point", "coordinates": [ -61.517663888023144, -31.736978629810533 ] } },
{ "type": "Feature", "properties": { "Nombre": "Alc. Camino Comunal - Def. Col. Belgrano", "Estado": "Finalizado", "C Cuenca": "Comite Carrizales", "Ult Act": "Enero 2026", "Datos": "Mód. L=1.50 h=1.00 - AC=10.00", "Tipo": "Alcantarilla", "Region": "Región 4", "Obra": null, "Código": null, "Localidad": "Colonia Belgrano", "Direccion": null, "Resp.": null, "Cuenca": "11- Arroyo Colastiné", "Dpto": "San Martin" }, "geometry": { "type": "Point", "coordinates": [ -61.443481182575042, -31.90918793933351 ] } },
{ "type": "Feature", "properties": { "Nombre": "Alc. Camino Comunal - Def. Col. Belgrano", "Estado": "Finalizado", "C Cuenca": "Comite Carrizales", "Ult Act": "Enero 2026", "Datos": "Mód. L=1.50 h=1.00 - AC=10.00", "Tipo": "Alcantarilla", "Region": "Región 4", "Obra": null, "Código": null, "Localidad": "Colonia Belgrano", "Direccion": null, "Resp.": null, "Cuenca": "11- Arroyo Colastiné", "Dpto": "San Martin" }, "geometry": { "type": "Point", "coordinates": [ -61.441835982285916, -31.902514639018083 ] } },
{ "type": "Feature", "properties": { "Nombre": "Alc. de modulos en camino comunal y bajo El Pelado", "Estado": "Finalizado", "C Cuenca": "Comite  Arroyo Quiñones", "Ult Act": "Octubre 2024", "Datos": null, "Tipo": "Alcantarilla", "Region": "Región 4", "Obra": null, "Código": null, "Localidad": "Santa Clara de Buena Vista", "Direccion": null, "Resp.": null, "Cuenca": "11- Arroyo Colastiné", "Dpto": "Las Colonias" }, "geometry": { "type": "Point", "coordinates": [ -61.291153462950355, -31.734767232321172 ] } },
{ "type": "Feature", "properties": { "Nombre": "Reacondicionamiento Alcantarilla 17a - CAN", "Estado": "Finalizado", "C Cuenca": "Comite de Cuenca Laguna La Picasa y CAN", "Ult Act": null, "Datos": "Reemplazo de tubos en mal estado. Ejecución de cabezales y losas de ingreso y salida. Se mantuvo cota y Sección existente", "Tipo": "Alcantarilla", "Region": "Región 6", "Obra": null, "Código": null, "Localidad": "Christophersen", "Direccion": null, "Resp.": null, "Cuenca": "27- Laguna El Chañar - Salado Brzo sur", "Dpto": "General Lopez" }, "geometry": { "type": "Point", "coordinates": [ -62.065024423726683, -34.196413416419638 ] } },
{ "type": "Feature", "properties": { "Nombre": "Alcantarilla Esculita Colonia Iturraspe", "Estado": "Finalizado", "C Cuenca": "Comite Saguier Romero Corralitos", "Ult Act": "2025", "Datos": "9ml de tubo de 1m de diametro", "Tipo": "Alcantarilla", "Region": "Región 4", "Obra": null, "Código": null, "Localidad": "Colonia Iturraspe", "Direccion": null, "Resp.": null, "Cuenca": "11- Arroyo Colastiné", "Dpto": "Castellanos" }, "geometry": { "type": "Point", "coordinates": [ -61.621364268593602, -31.47892702556906 ] } },
{ "type": "Feature", "properties": { "Nombre": "Alcantarilla 5 CAN", "Estado": "Finalizado", "C Cuenca": "33- Comite Lag La picasa y Canal Alternativa Norte", "Ult Act": null, "Datos": null, "Tipo": "Alcantarilla", "Region": "Región 6", "Obra": null, "Código": null, "Localidad": "Teodelina", "Direccion": null, "Resp.": null, "Cuenca": "27- Laguna El Chañar - Salado Brzo sur", "Dpto": "General Lopez" }, "geometry": { "type": "Point", "coordinates": [ -61.718390583867169, -34.340327406113943 ] } },
{ "type": "Feature", "properties": { "Nombre": "Alcantarilla 4 CAN", "Estado": "En Ejecucion", "C Cuenca": "33- Comite Lag La picasa y Canal Alternativa Norte", "Ult Act": null, "Datos": "Reacondicionamiento", "Tipo": "Alcantarilla", "Region": "Región 6", "Obra": null, "Código": null, "Localidad": "Teodelina", "Direccion": null, "Resp.": null, "Cuenca": "27- Laguna El Chañar - Salado Brzo sur", "Dpto": "General Lopez" }, "geometry": { "type": "Point", "coordinates": [ -61.702180850026721, -34.327806515106914 ] } },
{ "type": "Feature", "properties": { "Nombre": "Alc. Progr. Km 10+750", "Estado": "Finalizado", "C Cuenca": "Comite Canales Sec N°1, 2 y 3 del Ppal N°1", "Ult Act": null, "Datos": "Canal Moises Ville Norte\nEjecución de cabezales", "Tipo": "Alcantarilla", "Region": null, "Obra": null, "Código": null, "Localidad": "Moises Ville", "Direccion": null, "Resp.": null, "Cuenca": "8- Rio Salado", "Dpto": "San Cristobal" }, "geometry": { "type": "Point", "coordinates": [ -61.493111724659514, -30.684664841847329 ] } },
{ "type": "Feature", "properties": { "Nombre": "Alc. Progr. Km 36+070", "Estado": "Finalizada", "C Cuenca": "Comite Canales Sec N°1, 2 y 3 del Ppal N°1", "Ult Act": null, "Datos": "Canal Capivara Sur\nCambio de tubos rotos y colocación de cabezales", "Tipo": "Alcantarilla", "Region": null, "Obra": null, "Código": null, "Localidad": "Moises Ville", "Direccion": null, "Resp.": null, "Cuenca": "8- Rio Salado", "Dpto": "San Cristobal" }, "geometry": { "type": "Point", "coordinates": [ -61.447360358468792, -30.580592828525685 ] } },
{ "type": "Feature", "properties": { "Nombre": "Alc. Progr. Km 0+782", "Estado": "Finalizado", "C Cuenca": "Comite Canales Sec N°1, 2 y 3 del Ppal N°1", "Ult Act": null, "Datos": "Canal Interdepartamental Castellanos - San Cristóbal\nCambio de tubos rotos y colocación de cabezales.", "Tipo": "Alcantarilla", "Region": null, "Obra": null, "Código": null, "Localidad": "Tacurales", "Direccion": null, "Resp.": null, "Cuenca": "8- Rio Salado", "Dpto": "Castellanos" }, "geometry": { "type": "Point", "coordinates": [ -61.67957346055784, -30.780229489633456 ] } },
{ "type": "Feature", "properties": { "Nombre": "Alc. Km 4+875", "Estado": "En Ejecucion", "C Cuenca": "Comite Canales Sec N°1, 2 y 3 del Ppal N°1", "Ult Act": null, "Datos": "Sobre Terciario Gorgo", "Tipo": "Alcantarilla", "Region": null, "Obra": null, "Código": null, "Localidad": "Tacural", "Direccion": null, "Resp.": null, "Cuenca": "8- Rio Salado", "Dpto": "Castellanos" }, "geometry": { "type": "Point", "coordinates": [ -61.625026014267682, -30.788092126977379 ] } },
{ "type": "Feature", "properties": { "Nombre": "Alc. Km 5+239", "Estado": "En Ejecucion", "C Cuenca": "Comite Canales Sec N°1, 2 y 3 del Ppal N°1", "Ult Act": null, "Datos": "Sobre Terciario Gorgo", "Tipo": "Alcantarilla", "Region": null, "Obra": null, "Código": null, "Localidad": "Tacural", "Direccion": null, "Resp.": null, "Cuenca": "8- Rio Salado", "Dpto": "Castellanos" }, "geometry": { "type": "Point", "coordinates": [ -61.628262858686618, -30.789422933181338 ] } },
{ "type": "Feature", "properties": { "Nombre": "Alc. Km 6+437", "Estado": "En Ejecucion", "C Cuenca": "Comite Canales Sec N°1, 2 y 3 del Ppal N°1", "Ult Act": null, "Datos": "Sobre Terciario Gorgo", "Tipo": "Alcantarilla", "Region": null, "Obra": null, "Código": null, "Localidad": "Tacural", "Direccion": null, "Resp.": null, "Cuenca": "8- Rio Salado", "Dpto": "Castellanos" }, "geometry": { "type": "Point", "coordinates": [ -61.6402193000078, -30.79270219956145 ] } },
{ "type": "Feature", "properties": { "Nombre": "Alcantarilla Prog. 0+320", "Estado": "Finalizado", "C Cuenca": null, "Ult Act": null, "Datos": "olocacion de cabezal Este - canal bajo vila", "Tipo": "Alcantarilla", "Region": null, "Obra": null, "Código": null, "Localidad": "Castellanos", "Direccion": null, "Resp.": null, "Cuenca": null, "Dpto": "Castellanos" }, "geometry": { "type": "Point", "coordinates": [ -61.779417700690402, -31.186498918406215 ] } },
{ "type": "Feature", "properties": { "Nombre": "Alcantarilla Prog. 1+020", "Estado": "Finalizado", "C Cuenca": null, "Ult Act": null, "Datos": "Cambio de tubos rotos y colocacion de cabezales", "Tipo": "Alcantarilla", "Region": null, "Obra": null, "Código": null, "Localidad": "Castellanos", "Direccion": null, "Resp.": null, "Cuenca": null, "Dpto": "Castellanos" }, "geometry": { "type": "Point", "coordinates": [ -61.786683646446988, -31.187279344597481 ] } },
{ "type": "Feature", "properties": { "Nombre": "Alcantarilla S esculea campo Canavesio", "Estado": "Finalizado", "C Cuenca": "Comite Castellanos Zona Sur", "Ult Act": null, "Datos": "Colocación de barandas metálicas en alcantarilla canal Bauer y seigel.", "Tipo": "Alcantarilla", "Region": null, "Obra": null, "Código": null, "Localidad": "Bauel y Sigel", "Direccion": null, "Resp.": null, "Cuenca": null, "Dpto": "Castellanos" }, "geometry": { "type": "Point", "coordinates": [ -61.923991051554928, -31.222043652884626 ] } },
{ "type": "Feature", "properties": { "Nombre": "Alcantarilla traza ex Rossi-Peretti", "Estado": "Finalizado", "C Cuenca": "Comite Castellanos Zona Sur", "Ult Act": null, "Datos": "Reemplazo de tubos rotos y colocación de cabezales", "Tipo": "Alcantarilla", "Region": null, "Obra": null, "Código": null, "Localidad": "Bauel y Sigel", "Direccion": null, "Resp.": null, "Cuenca": null, "Dpto": "Castellanos" }, "geometry": { "type": "Point", "coordinates": [ -61.941645128687512, -31.238213814289399 ] } },
{ "type": "Feature", "properties": { "Nombre": "Alcantarilla S/canal", "Estado": "Finalizado", "C Cuenca": null, "Ult Act": null, "Datos": "Recambio alcantarilla de 0.6 a 0.8", "Tipo": "Alcantarilla", "Region": null, "Obra": null, "Código": null, "Localidad": "Colonia Dolores", "Direccion": null, "Resp.": null, "Cuenca": null, "Dpto": "San Justo" }, "geometry": { "type": "Point", "coordinates": [ -60.312773690858243, -30.423353768352705 ] } },
{ "type": "Feature", "properties": { "Nombre": "Alc 2", "Estado": "Finalizado", "C Cuenca": "Comite Canal Ppal N°1 y Secundario N°1", "Ult Act": null, "Datos": null, "Tipo": "Alcantarilla", "Region": null, "Obra": null, "Código": null, "Localidad": "Costanza", "Direccion": null, "Resp.": null, "Cuenca": "8- Rio Salado", "Dpto": "Castellanos" }, "geometry": { "type": "Point", "coordinates": [ -61.188833333333413, -30.655138888889159 ] } },
{ "type": "Feature", "properties": { "Nombre": "Alc 1", "Estado": "Finalizado", "C Cuenca": "Comite Canal Ppal N°1 y Secundario N°1", "Ult Act": null, "Datos": null, "Tipo": "Alcantarilla", "Region": null, "Obra": null, "Código": null, "Localidad": "Costanza", "Direccion": null, "Resp.": null, "Cuenca": "8- Rio Salado", "Dpto": "Castellanos" }, "geometry": { "type": "Point", "coordinates": [ -61.188384179246377, -30.652498687405878 ] } },
{ "type": "Feature", "properties": { "Nombre": "5", "Estado": "Finalizado", "C Cuenca": "Comite Canal Ppal N°1 y Secundario N°1", "Ult Act": null, "Datos": null, "Tipo": "Alcantarilla", "Region": null, "Obra": null, "Código": null, "Localidad": "Ituzaingo", "Direccion": null, "Resp.": null, "Cuenca": "8- Rio Salado", "Dpto": "Castellanos" }, "geometry": { "type": "Point", "coordinates": [ -61.217540298690537, -30.781690175537289 ] } },
{ "type": "Feature", "properties": { "Nombre": "4", "Estado": "Finalizado", "C Cuenca": "Comite Canal Ppal N°1 y Secundario N°1", "Ult Act": null, "Datos": null, "Tipo": "Alcantarilla", "Region": null, "Obra": null, "Código": null, "Localidad": "Ituzaingo", "Direccion": null, "Resp.": null, "Cuenca": "8- Rio Salado", "Dpto": "Castellanos" }, "geometry": { "type": "Point", "coordinates": [ -61.201323066520345, -30.780424736608701 ] } },
{ "type": "Feature", "properties": { "Nombre": "10", "Estado": "Finalizado", "C Cuenca": "Comite Canal Ppal N°1 y Secundario N°1", "Ult Act": null, "Datos": null, "Tipo": "Alcantarilla", "Region": null, "Obra": null, "Código": null, "Localidad": "Virginia", "Direccion": null, "Resp.": null, "Cuenca": "8- Rio Salado", "Dpto": "Castellanos" }, "geometry": { "type": "Point", "coordinates": [ -61.316973755718905, -30.791562569658275 ] } },
{ "type": "Feature", "properties": { "Nombre": "12", "Estado": "Finalizado", "C Cuenca": "Comite Canal Ppal N°1 y Secundario N°1", "Ult Act": null, "Datos": null, "Tipo": "Alcantarilla", "Region": null, "Obra": null, "Código": null, "Localidad": "Virginia", "Direccion": null, "Resp.": null, "Cuenca": "8- Rio Salado", "Dpto": "Castellanos" }, "geometry": { "type": "Point", "coordinates": [ -61.344497092559138, -30.794229407918042 ] } },
{ "type": "Feature", "properties": { "Nombre": "11", "Estado": "Finalizado", "C Cuenca": "Comite Canal Ppal N°1 y Secundario N°1", "Ult Act": null, "Datos": null, "Tipo": "Alcantarilla", "Region": null, "Obra": null, "Código": null, "Localidad": "Virginia", "Direccion": null, "Resp.": null, "Cuenca": "8- Rio Salado", "Dpto": "Castellanos" }, "geometry": { "type": "Point", "coordinates": [ -61.33089907301391, -30.793354099346349 ] } },
{ "type": "Feature", "properties": { "Nombre": "9", "Estado": "Finalizado", "C Cuenca": "Comite Canal Ppal N°1 y Secundario N°1", "Ult Act": null, "Datos": null, "Tipo": "Alcantarilla", "Region": null, "Obra": null, "Código": null, "Localidad": "Colonia Maua", "Direccion": null, "Resp.": null, "Cuenca": "8- Rio Salado", "Dpto": "Castellanos" }, "geometry": { "type": "Point", "coordinates": [ -61.293774991154898, -30.789731458752225 ] } },
{ "type": "Feature", "properties": { "Nombre": "8", "Estado": "Finalizado", "C Cuenca": "Comite Canal Ppal N°1 y Secundario N°1", "Ult Act": null, "Datos": null, "Tipo": "Alcantarilla", "Region": null, "Obra": null, "Código": null, "Localidad": "Colonia Maua", "Direccion": null, "Resp.": null, "Cuenca": "8- Rio Salado", "Dpto": "Castellanos" }, "geometry": { "type": "Point", "coordinates": [ -61.2862212369674, -30.789502916530051 ] } },
{ "type": "Feature", "properties": { "Nombre": "7", "Estado": "Finalizado", "C Cuenca": "Comite Canal Ppal N°1 y Secundario N°1", "Ult Act": null, "Datos": null, "Tipo": "Alcantarilla", "Region": null, "Obra": null, "Código": null, "Localidad": "Colonia Maua", "Direccion": null, "Resp.": null, "Cuenca": "8- Rio Salado", "Dpto": "Castellanos" }, "geometry": { "type": "Point", "coordinates": [ -61.251067642378807, -30.784833656489724 ] } },
{ "type": "Feature", "properties": { "Nombre": "6", "Estado": "Finalizado", "C Cuenca": "Comite Canal Ppal N°1 y Secundario N°1", "Ult Act": null, "Datos": null, "Tipo": "Alcantarilla", "Region": null, "Obra": null, "Código": null, "Localidad": "Colonia Maua", "Direccion": null, "Resp.": null, "Cuenca": "8- Rio Salado", "Dpto": "Castellanos" }, "geometry": { "type": "Point", "coordinates": [ -61.244665714000242, -30.785296325109314 ] } },
{ "type": "Feature", "properties": { "Nombre": "13", "Estado": "Finalizado", "C Cuenca": "Comite Canal Ppal N°1 y Secundario N°1", "Ult Act": null, "Datos": null, "Tipo": "Alcantarilla", "Region": null, "Obra": null, "Código": null, "Localidad": "Colonia Maua", "Direccion": null, "Resp.": null, "Cuenca": "8- Rio Salado", "Dpto": "Castellanos" }, "geometry": { "type": "Point", "coordinates": [ -61.281417037327444, -30.760017250569796 ] } },
{ "type": "Feature", "properties": { "Nombre": "14", "Estado": "Finalizado", "C Cuenca": "Comite Canal Ppal N°1 y Secundario N°1", "Ult Act": null, "Datos": null, "Tipo": "Alcantarilla", "Region": null, "Obra": null, "Código": null, "Localidad": "Colonia MauaColonia Maua", "Direccion": null, "Resp.": null, "Cuenca": "8- Rio Salado", "Dpto": "Castellanos" }, "geometry": { "type": "Point", "coordinates": [ -61.264682343418656, -30.810693410641679 ] } },
{ "type": "Feature", "properties": { "Nombre": "Reparacion de Cabezales de alcantarilla", "Estado": "Finalizado", "C Cuenca": "Comite Canal Ppal N°1 y Secundario N°1", "Ult Act": null, "Datos": null, "Tipo": "Alcantarilla", "Region": null, "Obra": null, "Código": null, "Localidad": "Costanza", "Direccion": null, "Resp.": null, "Cuenca": "8- Rio Salado", "Dpto": "San Cristobal" }, "geometry": { "type": "Point", "coordinates": [ -61.379194840457174, -30.54739408019779 ] } },
{ "type": "Feature", "properties": { "Nombre": "Alcantarilla Cruce Rp67-s obra defensa", "Estado": "Finalizado", "C Cuenca": "Comite Canal Ppal  Saguier - Romero Corralitos", "Ult Act": null, "Datos": null, "Tipo": "Alcantarilla", "Region": null, "Obra": null, "Código": null, "Localidad": "Saguier", "Direccion": null, "Resp.": null, "Cuenca": null, "Dpto": "Castellanos" }, "geometry": { "type": "Point", "coordinates": [ -61.703522144777153, -31.322910914101946 ] } },
{ "type": "Feature", "properties": { "Nombre": "Alcantarilla cuneta sur- obra defensa", "Estado": "Finalizado", "C Cuenca": "Comite Canal Ppal  Saguier - Romero Corralitos", "Ult Act": null, "Datos": null, "Tipo": "Alcantarilla", "Region": null, "Obra": null, "Código": null, "Localidad": "Saguier", "Direccion": null, "Resp.": null, "Cuenca": null, "Dpto": "Castellanos" }, "geometry": { "type": "Point", "coordinates": [ -61.703371019828211, -31.323103551693027 ] } },
{ "type": "Feature", "properties": { "Nombre": "Alcantarilla - Tubo", "Estado": "Finalizado", "C Cuenca": "Comite Canal Ppal  Saguier - Romero Corralitos", "Ult Act": null, "Datos": null, "Tipo": "Alcantarilla", "Region": null, "Obra": null, "Código": null, "Localidad": "Saguier", "Direccion": null, "Resp.": null, "Cuenca": null, "Dpto": "Castellanos" }, "geometry": { "type": "Point", "coordinates": [ -61.700784739093557, -31.313295014815964 ] } },
{ "type": "Feature", "properties": { "Nombre": "Alcantarilla - Tubo", "Estado": "Finalizado", "C Cuenca": "Comite Canal Ppal  Saguier - Romero Corralitos", "Ult Act": null, "Datos": null, "Tipo": "Alcantarilla", "Region": null, "Obra": null, "Código": null, "Localidad": "Saguier", "Direccion": null, "Resp.": null, "Cuenca": null, "Dpto": "Castellanos" }, "geometry": { "type": "Point", "coordinates": [ -61.69439515465379, -31.31437502989866 ] } },
{ "type": "Feature", "properties": { "Nombre": "Alcantarilla - Tubo", "Estado": "Finalizado", "C Cuenca": "Comite Canal Ppal  Saguier - Romero Corralitos", "Ult Act": null, "Datos": null, "Tipo": "Alcantarilla", "Region": null, "Obra": null, "Código": null, "Localidad": "Saguier", "Direccion": null, "Resp.": null, "Cuenca": null, "Dpto": "Castellanos" }, "geometry": { "type": "Point", "coordinates": [ -61.687427973253328, -31.315740409575461 ] } },
{ "type": "Feature", "properties": { "Nombre": "Alcantarilla - Tubo", "Estado": "Finalizado", "C Cuenca": "Comite Canal Ppal  Saguier - Romero Corralitos", "Ult Act": null, "Datos": null, "Tipo": "Alcantarilla", "Region": null, "Obra": null, "Código": null, "Localidad": "Saguier", "Direccion": null, "Resp.": null, "Cuenca": null, "Dpto": "Castellanos" }, "geometry": { "type": "Point", "coordinates": [ -61.701213752584863, -31.31327120183164 ] } },
{ "type": "Feature", "properties": { "Nombre": "Alcantarilla - nueva", "Estado": "Finalizado", "C Cuenca": "Comite Canal Ppal  Saguier - Romero Corralitos", "Ult Act": null, "Datos": null, "Tipo": "Alcantarilla", "Region": null, "Obra": null, "Código": null, "Localidad": "Saguier", "Direccion": null, "Resp.": null, "Cuenca": null, "Dpto": "Castellanos" }, "geometry": { "type": "Point", "coordinates": [ -61.693430225055351, -31.324908297301359 ] } },
{ "type": "Feature", "properties": { "Nombre": "Alcan tarilla - nueva", "Estado": "Finalizado", "C Cuenca": "Comite Canal Ppal  Saguier - Romero Corralitos", "Ult Act": null, "Datos": null, "Tipo": "Alcantarilla", "Region": null, "Obra": null, "Código": null, "Localidad": "Saguier", "Direccion": null, "Resp.": null, "Cuenca": null, "Dpto": "Castellanos" }, "geometry": { "type": "Point", "coordinates": [ -61.689818170451098, -31.32544090678806 ] } },
{ "type": "Feature", "properties": { "Nombre": "Alcantarilla - nueva", "Estado": "Finalizado", "C Cuenca": "Comite Canal Ppal  Saguier - Romero Corralitos", "Ult Act": null, "Datos": null, "Tipo": "Alcantarilla", "Region": null, "Obra": null, "Código": null, "Localidad": "Saguier", "Direccion": null, "Resp.": null, "Cuenca": null, "Dpto": "Castellanos" }, "geometry": { "type": "Point", "coordinates": [ -61.689099924462838, -31.325498220095174 ] } },
{ "type": "Feature", "properties": { "Nombre": "Alcantarilla - nueva", "Estado": "Finalizado", "C Cuenca": "Comite Canal Ppal  Saguier - Romero Corralitos", "Ult Act": null, "Datos": null, "Tipo": "Alcantarilla", "Region": null, "Obra": null, "Código": null, "Localidad": "Saguier", "Direccion": null, "Resp.": null, "Cuenca": null, "Dpto": "Castellanos" }, "geometry": { "type": "Point", "coordinates": [ -61.682943685568269, -31.326603788556163 ] } },
{ "type": "Feature", "properties": { "Nombre": "Alcantarilla - Recambio", "Estado": "Finalizado", "C Cuenca": "Comite Canal Ppal  Saguier - Romero Corralitos", "Ult Act": null, "Datos": null, "Tipo": "Alcantarilla", "Region": null, "Obra": null, "Código": null, "Localidad": "Colonia Cello", "Direccion": null, "Resp.": null, "Cuenca": null, "Dpto": "Castellanos" }, "geometry": { "type": "Point", "coordinates": [ -61.864333810758019, -31.458745792558403 ] } },
{ "type": "Feature", "properties": { "Nombre": "Alcantarilla Camino Comunal", "Estado": "Finalizado", "C Cuenca": null, "Ult Act": null, "Datos": null, "Tipo": "Alcantarilla", "Region": null, "Obra": null, "Código": null, "Localidad": "Pilar", "Direccion": null, "Resp.": null, "Cuenca": null, "Dpto": "Las Colonias" }, "geometry": { "type": "Point", "coordinates": [ -61.195468239963475, -31.421053080528562 ] } },
{ "type": "Feature", "properties": { "Nombre": "Alcantarilla N°10", "Estado": "Finalizado", "C Cuenca": "Comite Santa Maria Norte - San Jeronimo Norte", "Ult Act": null, "Datos": "Alcantarilla Circular de H°A° Diametro 0.80m - Ubicada en Propiedad Privada", "Tipo": "Alcantarilla", "Region": null, "Obra": null, "Código": null, "Localidad": "San Carlos Norte", "Direccion": null, "Resp.": null, "Cuenca": null, "Dpto": "Las Colonias" }, "geometry": { "type": "Point", "coordinates": [ -61.082811055795794, -31.630261754725581 ] } },
{ "type": "Feature", "properties": { "Nombre": "Alcantarilla N°7", "Estado": "Finalizado", "C Cuenca": "Comite Santa Maria Norte - San Jeronimo Norte", "Ult Act": null, "Datos": "Alcantarilla Circular de H°A° Diametro 0.80m - Ubicada en Propiedad Privada", "Tipo": "Alcantarilla", "Region": null, "Obra": null, "Código": null, "Localidad": "San Carlos Norte", "Direccion": null, "Resp.": null, "Cuenca": null, "Dpto": "Las Colonias" }, "geometry": { "type": "Point", "coordinates": [ -61.10166793203247, -31.62578317219641 ] } },
{ "type": "Feature", "properties": { "Nombre": "Alcantarilla N° 9", "Estado": "Finalizado", "C Cuenca": "Comite Santa Maria Norte - San Jeronimo Norte", "Ult Act": null, "Datos": "Alcantarilla Circular de H°A° Diametro 0.80m - Ubicada en Propiedad Privada", "Tipo": "Alcantarilla", "Region": null, "Obra": null, "Código": null, "Localidad": "San Carlos Norte", "Direccion": null, "Resp.": null, "Cuenca": null, "Dpto": "Las Colonias" }, "geometry": { "type": "Point", "coordinates": [ -61.095661506593338, -31.627005512533415 ] } },
{ "type": "Feature", "properties": { "Nombre": "Alcantarilla N° 6", "Estado": "Finalizado", "C Cuenca": "Comite Santa Maria Norte - San Jeronimo Norte", "Ult Act": null, "Datos": "Alcantarilla Circular de H°A° Diametro 0.80m - Ubicada en Propiedad Privada", "Tipo": "Alcantarilla", "Region": null, "Obra": null, "Código": null, "Localidad": "San Carlos Norte", "Direccion": null, "Resp.": null, "Cuenca": null, "Dpto": "Las Colonias" }, "geometry": { "type": "Point", "coordinates": [ -61.108136080812564, -31.624396554329252 ] } },
{ "type": "Feature", "properties": { "Nombre": "Alcantarilla N°4", "Estado": "Finalizado", "C Cuenca": "Comite Santa Maria Norte - San Jeronimo Norte", "Ult Act": null, "Datos": "Alcantarilla Circular de H°A° Diametro 0.80m - Ubicada en Propiedad Privada", "Tipo": "Alcantarilla", "Region": null, "Obra": null, "Código": null, "Localidad": "San Jeronimo del Sauce", "Direccion": null, "Resp.": null, "Cuenca": null, "Dpto": "Las Colonias" }, "geometry": { "type": "Point", "coordinates": [ -61.120466970722205, -31.62284370960241 ] } },
{ "type": "Feature", "properties": { "Nombre": "Alcantarilla N° 2", "Estado": "Finalizado", "C Cuenca": "Comite Santa Maria Norte - San Jeronimo Norte", "Ult Act": null, "Datos": "Alcantarilla Circular de H°A° Diametro 1.00m - Ubicada en Propiedad Privada", "Tipo": "Alcantarilla", "Region": null, "Obra": null, "Código": null, "Localidad": "San Jeronimo del Sauce", "Direccion": null, "Resp.": null, "Cuenca": null, "Dpto": "Las Colonias" }, "geometry": { "type": "Point", "coordinates": [ -61.134364237115079, -31.622507425402496 ] } },
{ "type": "Feature", "properties": { "Nombre": "Paso a Vado", "Estado": "Finalizado", "C Cuenca": "Comite Santa Maria Norte - San Jeronimo Norte", "Ult Act": null, "Datos": null, "Tipo": "Alcantarilla", "Region": null, "Obra": null, "Código": null, "Localidad": "San Jeronimo del Sauce", "Direccion": null, "Resp.": null, "Cuenca": null, "Dpto": "Las Colonias" }, "geometry": { "type": "Point", "coordinates": [ -61.14348227046311, -31.620833977056492 ] } },
{ "type": "Feature", "properties": { "Nombre": "Alcantarilla N°8", "Estado": "Finalizado", "C Cuenca": "Comite Santa Maria Norte - San Jeronimo Norte", "Ult Act": null, "Datos": "Alcantarilla Circular Diametro 0.80 - Sobre Camino Comunal", "Tipo": "Alcantarilla", "Region": null, "Obra": null, "Código": null, "Localidad": "San Carlos Norte", "Direccion": null, "Resp.": null, "Cuenca": null, "Dpto": "Las Colonias" }, "geometry": { "type": "Point", "coordinates": [ -61.09898070016699, -31.626050356920487 ] } },
{ "type": "Feature", "properties": { "Nombre": "Alcantarilla N°5", "Estado": "Finalizado", "C Cuenca": "Comite Santa Maria Norte - San Jeronimo Norte", "Ult Act": null, "Datos": "Alcantarilla Circular de H°A° Diametro 1.00m - Ubicada en Camino Comunal", "Tipo": "Alcantarilla", "Region": null, "Obra": null, "Código": null, "Localidad": "San Jeronimo del Sauce", "Direccion": null, "Resp.": null, "Cuenca": null, "Dpto": "Las Colonias" }, "geometry": { "type": "Point", "coordinates": [ -61.117292608353885, -31.623068056544518 ] } },
{ "type": "Feature", "properties": { "Nombre": "Alcantarilla N°3", "Estado": "Finalizado", "C Cuenca": "Comite Santa Maria Norte - San Jeronimo Norte", "Ult Act": null, "Datos": "Alcantarilla Circular de H°A° Diametro 1.00m - Ubicada en Camino Comunal", "Tipo": "Alcantarilla", "Region": null, "Obra": null, "Código": null, "Localidad": "San Jeronimo del Sauce", "Direccion": null, "Resp.": null, "Cuenca": null, "Dpto": "Las Colonias" }, "geometry": { "type": "Point", "coordinates": [ -61.12481376011263, -31.622757729195126 ] } },
{ "type": "Feature", "properties": { "Nombre": "Alcantarilla N°1", "Estado": "Finalizado", "C Cuenca": "Comite Santa Maria Norte - San Jeronimo Norte", "Ult Act": null, "Datos": "Alcantarilla Circular de H°A° Diametro 1.00m - Ubicada en Camino Comunal", "Tipo": "Alcantarilla", "Region": null, "Obra": null, "Código": null, "Localidad": "San Jeronimo del SauceSan Jeronimo del Sauce", "Direccion": null, "Resp.": null, "Cuenca": null, "Dpto": "Las Colonias" }, "geometry": { "type": "Point", "coordinates": [ -61.144763385572809, -31.6204857505824 ] } },
{ "type": "Feature", "properties": { "Nombre": "Alcantarilla", "Estado": "Finalizado", "C Cuenca": "Comite Carrizales", "Ult Act": null, "Datos": "Tubos diametro 80, AC= 8.00 m.\nMayo 2026", "Tipo": "Alcantarilla", "Region": null, "Obra": null, "Código": null, "Localidad": "Colonia Belgrano", "Direccion": null, "Resp.": null, "Cuenca": null, "Dpto": "San Martin" }, "geometry": { "type": "Point", "coordinates": [ -61.366963436762227, -31.932025081500349 ] } },
{ "type": "Feature", "properties": { "Nombre": "Alcantarilla", "Estado": "Finalizado", "C Cuenca": "Comite Carrizales", "Ult Act": null, "Datos": "Módulo H°A° L=1.50, h=2.00, AC= 8.00 m.\nAbril 2026", "Tipo": "Alcantarilla", "Region": null, "Obra": null, "Código": null, "Localidad": "Colonia Belgrano", "Direccion": null, "Resp.": null, "Cuenca": null, "Dpto": "San Martin" }, "geometry": { "type": "Point", "coordinates": [ -61.388235162161102, -31.944104438008324 ] } },
{ "type": "Feature", "properties": { "Nombre": "Alcantarilla", "Estado": "Finalizado", "C Cuenca": "Comite Carrizales", "Ult Act": null, "Datos": "Módulo H°A° 2L=2.00, h=1.50, AC= 7.00 m.\nAgosto 2026", "Tipo": "Alcantarilla", "Region": null, "Obra": null, "Código": null, "Localidad": "Las Bandurrias", "Direccion": null, "Resp.": null, "Cuenca": null, "Dpto": "San Martin" }, "geometry": { "type": "Point", "coordinates": [ -61.444971298363207, -32.051216026399814 ] } },
{ "type": "Feature", "properties": { "Nombre": "Alcantarilla", "Estado": "Finalizado", "C Cuenca": "Comite Carrizales", "Ult Act": null, "Datos": "Módulo H°A° L=3.00, h=2.50, + L=2.00, h=2.00, AC= 9.00 m.\nAbril 2026", "Tipo": "Alcantarilla", "Region": null, "Obra": null, "Código": null, "Localidad": "Cañada Rosquin", "Direccion": null, "Resp.": null, "Cuenca": null, "Dpto": "San Martin" }, "geometry": { "type": "Point", "coordinates": [ -61.549946654395754, -32.073054242933573 ] } },
{ "type": "Feature", "properties": { "Nombre": "Alcantarilla", "Estado": "Finalizado", "C Cuenca": "Comite Carrizales", "Ult Act": null, "Datos": "Tubos 2 Diam. 1.00, AC= 9.00 m. + 1 diam. 1.00 AC= 9.00\nAgosto 2026", "Tipo": "Alcantarilla", "Region": null, "Obra": null, "Código": null, "Localidad": "San Jorge", "Direccion": null, "Resp.": null, "Cuenca": null, "Dpto": "San Martin" }, "geometry": { "type": "Point", "coordinates": [ -61.897706757388903, -31.937416136930306 ] } },
{ "type": "Feature", "properties": { "Nombre": "Alcantarilla", "Estado": "Finalizado", "C Cuenca": "Comite Carrizales", "Ult Act": null, "Datos": "Tubos 2 Diam. 1.00, AC= 9.00 m.\nJulio 2026", "Tipo": "Alcantarilla", "Region": null, "Obra": null, "Código": null, "Localidad": "San Jorge", "Direccion": null, "Resp.": null, "Cuenca": null, "Dpto": "San Martin" }, "geometry": { "type": "Point", "coordinates": [ -61.882012308066464, -31.930034966002289 ] } },
{ "type": "Feature", "properties": { "Nombre": "Alcantarilla", "Estado": "Finalizado", "C Cuenca": "Comite Carrizales", "Ult Act": null, "Datos": "Tubos diametro 80, AC= 7.00 m.\nMayo 2026", "Tipo": "Alcantarilla", "Region": null, "Obra": null, "Código": null, "Localidad": "Cañada Rosquin", "Direccion": null, "Resp.": null, "Cuenca": null, "Dpto": "San Martin" }, "geometry": { "type": "Point", "coordinates": [ -61.519229298959601, -32.030663824385265 ] } },
{ "type": "Feature", "properties": { "Nombre": "Compuerta", "Estado": "Finalizado", "C Cuenca": "Comite Carrizales", "Ult Act": null, "Datos": "Compuerta L=0.80, h=1.60 m.\nJunio 2026", "Tipo": "Compuerta", "Region": null, "Obra": null, "Código": null, "Localidad": "Piamonte", "Direccion": null, "Resp.": null, "Cuenca": null, "Dpto": "San Martin" }, "geometry": { "type": "Point", "coordinates": [ -61.847298090105546, -32.169735775548695 ] } },
{ "type": "Feature", "properties": { "Nombre": "Alcantarilla", "Estado": "Finalizado", "C Cuenca": "Comite Carrizales", "Ult Act": null, "Datos": "Tubos 2 Diam. 1.00, AC= 11.00 m.\nJunio 2026", "Tipo": "Alcantarilla", "Region": null, "Obra": null, "Código": null, "Localidad": "San Jorge", "Direccion": null, "Resp.": null, "Cuenca": null, "Dpto": "San Martin" }, "geometry": { "type": "Point", "coordinates": [ -61.866513562831884, -31.924151137184168 ] } },
{ "type": "Feature", "properties": { "Nombre": "Alcantarilla", "Estado": "Finalizado", "C Cuenca": "Comite Carrizales", "Ult Act": null, "Datos": "Tubo diametro 80, AC= 9.00 m.\nAgosto 2026\nDistrito: San Jorge", "Tipo": "Alcantarilla", "Region": null, "Obra": null, "Código": null, "Localidad": "San Jorge", "Direccion": null, "Resp.": null, "Cuenca": null, "Dpto": "San Martin" }, "geometry": { "type": "Point", "coordinates": [ -61.94244768919603, -31.979681979756499 ] } },
{ "type": "Feature", "properties": { "Nombre": "Alcantarilla", "Estado": "Finalizado", "C Cuenca": "Comite Carrizales", "Ult Act": null, "Datos": "3 Tubos diametro 100, AC= 9.00 m.\nJulio 2026", "Tipo": "Alcantarilla", "Region": null, "Obra": null, "Código": null, "Localidad": "Cañada Rosquin", "Direccion": null, "Resp.": null, "Cuenca": null, "Dpto": "San Martin" }, "geometry": { "type": "Point", "coordinates": [ -61.522801580351711, -32.006016483258385 ] } },
{ "type": "Feature", "properties": { "Nombre": "Alcantarilla", "Estado": "Finalizado", "C Cuenca": "Comite Carrizales", "Ult Act": null, "Datos": "3 Tubos diametro 100, AC= 9.00 m.\nJulio 2026", "Tipo": "Alcantarilla", "Region": null, "Obra": null, "Código": null, "Localidad": "Cañada Rosquin", "Direccion": null, "Resp.": null, "Cuenca": null, "Dpto": "San Martin" }, "geometry": { "type": "Point", "coordinates": [ -61.562754870750489, -32.002560577118444 ] } }
]
}
