{
"type": "FeatureCollection",
"name": "Canales_CCland",
"crs": { "type": "name", "properties": { "name": "urn:ogc:def:crs:OGC:1.3:CRS84" } },
"features": [
{ "type": "Feature", "properties": { "Código": "01907-0011657-9", "Nombre": "Obre no registrada", "Estado": null, "Datos": null, "Tipo": "Clandestino", "Region": null, "Cuenca": null, "Obra": null, "Localidad": "San Eduardo", "C Cuenca": null, "Direccion": null, "Resp.": null, "Dpto": "General Lopez" }, "geometry": { "type": "MultiLineString", "coordinates": [ [ [ -62.299020970991997, -33.876216817832784 ], [ -62.299496993327161, -33.87653156425641 ], [ -62.299969383217196, -33.876641208233842 ], [ -62.299984042614604, -33.876638590948893 ], [ -62.300502240444516, -33.876797811380222 ], [ -62.301044406223468, -33.876884752033156 ], [ -62.301357556428663, -33.877043514077819 ], [ -62.301360240513162, -33.877055980726958 ], [ -62.301564449847085, -33.877347168156568 ], [ -62.301563115505836, -33.87762001570443 ], [ -62.301552748129268, -33.877640763340764 ], [ -62.301512262823358, -33.877966816440079 ], [ -62.301516139822255, -33.877984737578061 ], [ -62.301801449066588, -33.878430545008769 ], [ -62.301809679942444, -33.878435138811113 ], [ -62.302317965952732, -33.878906994946668 ], [ -62.30232717119808, -33.878917165739722 ], [ -62.302602563850499, -33.879513776381465 ], [ -62.302668996425986, -33.879852701926609 ], [ -62.302756901602798, -33.880042103050357 ], [ -62.302886151189213, -33.880093044175311 ] ] ] } },
{ "type": "Feature", "properties": { "Código": "01907-0011657-9", "Nombre": "Obre no registrada", "Estado": null, "Datos": null, "Tipo": "Clandestino", "Region": null, "Cuenca": null, "Obra": null, "Localidad": "San Eduardo", "C Cuenca": null, "Direccion": null, "Resp.": null, "Dpto": "General Lopez" }, "geometry": { "type": "MultiLineString", "coordinates": [ [ [ -62.305029729389474, -33.873262933063387 ], [ -62.304753081950118, -33.873476899650228 ], [ -62.304565093916388, -33.873665570424421 ], [ -62.304399403041693, -33.873865735397082 ], [ -62.304224547234419, -33.874354794977464 ], [ -62.304281039152919, -33.874535101261877 ], [ -62.30432811897365, -33.874859540027032 ], [ -62.304242274733433, -33.875034305982709 ], [ -62.303978796974079, -33.875353241150613 ], [ -62.303783321547314, -33.87543006782726 ], [ -62.303574079480704, -33.875525265046477 ], [ -62.303447489411781, -33.875683288189201 ], [ -62.302665905056713, -33.876701416153708 ], [ -62.302267847167862, -33.87701860312017 ], [ -62.302223560110093, -33.877228699655213 ], [ -62.302222237085857, -33.877491900250604 ], [ -62.302146229904821, -33.877753190559865 ], [ -62.301986066630441, -33.878275207622778 ], [ -62.302003461507184, -33.878600438490587 ] ] ] } },
{ "type": "Feature", "properties": { "Código": "01907-0011657-9", "Nombre": "Obre no registrada", "Estado": null, "Datos": null, "Tipo": "Clandestino", "Region": null, "Cuenca": null, "Obra": null, "Localidad": "San Eduardo", "C Cuenca": null, "Direccion": null, "Resp.": null, "Dpto": "General Lopez" }, "geometry": { "type": "MultiLineString", "coordinates": [ [ [ -62.304554706160552, -33.873771877012501 ], [ -62.30470822986161, -33.874548742607431 ], [ -62.304563609904214, -33.87543822204853 ], [ -62.304560550203256, -33.875462406114274 ], [ -62.304557491162136, -33.87548658372932 ], [ -62.304186285085279, -33.876597114191021 ], [ -62.303987091716479, -33.877246784524075 ], [ -62.303368536907158, -33.878217113916868 ], [ -62.302931820017179, -33.878947384548795 ], [ -62.302698070706491, -33.879498423715134 ] ] ] } },
{ "type": "Feature", "properties": { "Código": "01907-0011657-9", "Nombre": "Obre no registrada", "Estado": null, "Datos": null, "Tipo": "Clandestino", "Region": null, "Cuenca": null, "Obra": null, "Localidad": "San Eduardo", "C Cuenca": null, "Direccion": null, "Resp.": null, "Dpto": "General Lopez" }, "geometry": { "type": "MultiLineString", "coordinates": [ [ [ -62.295215801882414, -33.87676511226671 ], [ -62.295543411020297, -33.877014452494251 ], [ -62.295872616378652, -33.877063461741123 ], [ -62.295984866731011, -33.877067779936013 ], [ -62.29572480133956, -33.878083508714866 ], [ -62.29619118848246, -33.878819680813962 ], [ -62.296630419917804, -33.87928559417935 ], [ -62.298674287976851, -33.879897974585255 ], [ -62.299940734234362, -33.880142313798643 ], [ -62.299962742167352, -33.880153434186298 ], [ -62.301897295512653, -33.879905669344957 ], [ -62.302604793690072, -33.879701501274134 ] ] ] } },
{ "type": "Feature", "properties": { "Código": "01907-0011657-9", "Nombre": "Obre no registrada", "Estado": null, "Datos": null, "Tipo": "Clandestino", "Region": null, "Cuenca": null, "Obra": null, "Localidad": "San Eduardo", "C Cuenca": null, "Direccion": null, "Resp.": null, "Dpto": "General Lopez" }, "geometry": { "type": "MultiLineString", "coordinates": [ [ [ -62.299949571537041, -33.873850672321787 ], [ -62.299821056075594, -33.874353303436841 ], [ -62.300025992509838, -33.874864946864179 ], [ -62.300205789870411, -33.875027565151647 ], [ -62.300680074396439, -33.875195860123917 ], [ -62.301024646574561, -33.87511063654464 ], [ -62.301809241800214, -33.874837808997007 ], [ -62.302823235239472, -33.874487451634124 ], [ -62.303376183402378, -33.873836077879822 ], [ -62.303338339597325, -33.873404716383703 ], [ -62.303314405609449, -33.873360621891635 ], [ -62.30314512157134, -33.872609220399333 ], [ -62.303130506157991, -33.872451213075934 ], [ -62.304230771485649, -33.872447213148035 ], [ -62.304512631530599, -33.873594626245946 ] ] ] } },
{ "type": "Feature", "properties": { "Código": "01803-0019905-4", "Nombre": "Canal obra no declara", "Estado": null, "Datos": null, "Tipo": "Clandestino", "Region": null, "Cuenca": null, "Obra": null, "Localidad": "Totoras", "C Cuenca": null, "Direccion": null, "Resp.": null, "Dpto": "Iriondo" }, "geometry": { "type": "MultiLineString", "coordinates": [ [ [ -61.337344220097989, -32.600428574205338 ], [ -61.338510551221688, -32.605256435257196 ], [ -61.339499694488289, -32.605980215920226 ], [ -61.341103625409943, -32.611147331922744 ] ] ] } },
{ "type": "Feature", "properties": { "Código": "01803-0019905-4", "Nombre": "Canal obra no declara", "Estado": null, "Datos": null, "Tipo": "Clandestino", "Region": null, "Cuenca": null, "Obra": null, "Localidad": "Totoras", "C Cuenca": null, "Direccion": null, "Resp.": null, "Dpto": "Iriondo" }, "geometry": { "type": "MultiLineString", "coordinates": [ [ [ -61.333505738475175, -32.600986140061522 ], [ -61.333356393849449, -32.600703108963508 ], [ -61.333405263769038, -32.600416010311328 ], [ -61.333179629748834, -32.600124716904666 ], [ -61.332665423380931, -32.599608583970841 ], [ -61.332104711907832, -32.597597771997208 ], [ -61.331766712588362, -32.596396885919866 ], [ -61.331688861279432, -32.59627200573749 ], [ -61.331478796044806, -32.596117339189547 ], [ -61.331200572308894, -32.595948283322841 ], [ -61.331141982168766, -32.59566684393333 ], [ -61.330986814751455, -32.594992020020676 ], [ -61.33097129171346, -32.594281711661132 ], [ -61.331059700230988, -32.593558518340984 ], [ -61.331364856329579, -32.593150842225832 ], [ -61.331245059034757, -32.592088468371529 ], [ -61.33100411736757, -32.589899228846363 ], [ -61.331048816690014, -32.58978257384976 ], [ -61.332662830527973, -32.586437795996829 ], [ -61.333262575823085, -32.585533800409422 ], [ -61.333511283564711, -32.584841545272404 ] ] ] } },
{ "type": "Feature", "properties": { "Código": "01803-0019905-4", "Nombre": "Canal obra no declara", "Estado": null, "Datos": null, "Tipo": "Clandestino", "Region": null, "Cuenca": null, "Obra": null, "Localidad": "Totoras", "C Cuenca": null, "Direccion": null, "Resp.": null, "Dpto": "Iriondo" }, "geometry": { "type": "MultiLineString", "coordinates": [ [ [ -61.341952985133098, -32.611122828911626 ], [ -61.342885141214438, -32.614386390580428 ], [ -61.34303230997957, -32.614604491260323 ], [ -61.343086260172278, -32.614762752491281 ], [ -61.343149685740215, -32.614907893979058 ], [ -61.343741057706048, -32.615629365562455 ], [ -61.344114947806425, -32.616338658280164 ], [ -61.344366873837728, -32.616922777476972 ], [ -61.344409170169058, -32.617171881178727 ], [ -61.344693045291294, -32.617392384489555 ], [ -61.344808849230709, -32.617572597289424 ], [ -61.344964582463575, -32.618218551359121 ], [ -61.345225836844001, -32.618628839272951 ], [ -61.345479696926105, -32.618904499168984 ], [ -61.345696395112512, -32.619128967278584 ], [ -61.345965849002546, -32.619324342987227 ], [ -61.346196616089074, -32.619388917586889 ], [ -61.346647644902177, -32.619414669174439 ], [ -61.346939806872001, -32.619350201209855 ], [ -61.347153031934361, -32.620313675669628 ], [ -61.34754776550961, -32.621874723950377 ], [ -61.347774700079945, -32.622111890075082 ], [ -61.34783240883143, -32.622271307183851 ], [ -61.347827722277472, -32.622428906584631 ], [ -61.347938849047239, -32.622428903857966 ], [ -61.349577057433265, -32.623081546653793 ], [ -61.349706204897601, -32.623493274734109 ] ] ] } },
{ "type": "Feature", "properties": { "Código": "01803-0019905-4", "Nombre": "Canal obra no declara", "Estado": null, "Datos": null, "Tipo": "Clandestino", "Region": null, "Cuenca": null, "Obra": null, "Localidad": "Totoras", "C Cuenca": null, "Direccion": null, "Resp.": null, "Dpto": "Iriondo" }, "geometry": { "type": "MultiLineString", "coordinates": [ [ [ -61.333521763997766, -32.601084027065411 ], [ -61.331654081073346, -32.601455217576017 ], [ -61.331969845504638, -32.602655287893974 ], [ -61.332282049927706, -32.603760616209009 ], [ -61.332310752206268, -32.603748569716643 ], [ -61.332429409800042, -32.60391807457372 ], [ -61.332451467070278, -32.604084343460116 ], [ -61.332465908665085, -32.604199275372537 ], [ -61.33267688033569, -32.605133135724422 ], [ -61.332650644062369, -32.605131910640139 ], [ -61.332633153217238, -32.60513109391384 ], [ -61.332580680659085, -32.605128643716313 ] ] ] } },
{ "type": "Feature", "properties": { "Código": "01907-0018747-4", "Nombre": "Canal obra no registrada", "Estado": null, "Datos": null, "Tipo": "Clandestino", "Region": null, "Cuenca": null, "Obra": null, "Localidad": "San Justo", "C Cuenca": null, "Direccion": null, "Resp.": null, "Dpto": "San Justo" }, "geometry": { "type": "MultiLineString", "coordinates": [ [ [ -60.511311963853387, -30.819760276953588 ], [ -60.510170578418546, -30.815650523499929 ], [ -60.510154218046971, -30.81549317523686 ], [ -60.510326380838499, -30.815352315035451 ], [ -60.510368575700888, -30.815321731992217 ], [ -60.510460867327247, -30.814964815116518 ], [ -60.510383773747293, -30.814678486440652 ], [ -60.510566108147792, -30.814225494576544 ], [ -60.511282978872721, -30.813868931841537 ], [ -60.51296073753889, -30.813467534013558 ], [ -60.513359153307491, -30.813494139065845 ], [ -60.513573099470776, -30.813427540931521 ], [ -60.514164152441829, -30.812406954333404 ], [ -60.514628357079999, -30.81195333464597 ], [ -60.515000733448375, -30.811772655626452 ], [ -60.51639227749483, -30.811324075360837 ], [ -60.516584394917444, -30.811156646162154 ], [ -60.516399733317918, -30.810839582687827 ], [ -60.516448022499311, -30.810622280677801 ], [ -60.516674045712058, -30.810483979659264 ], [ -60.518424169361502, -30.810158362212388 ], [ -60.518786674140749, -30.809925393753872 ], [ -60.51897187366238, -30.80964160504168 ], [ -60.518825775947924, -30.809145245622489 ], [ -60.519170653529706, -30.808904222328305 ] ] ] } },
{ "type": "Feature", "properties": { "Código": "01907-0007620-4", "Nombre": "Canal obra no registrada", "Estado": null, "Datos": null, "Tipo": "Clandestino", "Region": null, "Cuenca": null, "Obra": null, "Localidad": "Montas de Oca", "C Cuenca": null, "Direccion": null, "Resp.": null, "Dpto": "Belgrano" }, "geometry": { "type": "MultiLineString", "coordinates": [ [ [ -61.815006158265334, -32.668953668980564 ], [ -61.807323345868191, -32.667267103683827 ] ] ] } },
{ "type": "Feature", "properties": { "Código": "01907-0006115-4", "Nombre": "Canal obra no registrada", "Estado": null, "Datos": null, "Tipo": "Clandestino", "Region": null, "Cuenca": null, "Obra": null, "Localidad": "Elortondo", "C Cuenca": null, "Direccion": null, "Resp.": null, "Dpto": "General Lopez" }, "geometry": { "type": "MultiLineString", "coordinates": [ [ [ -61.563237909820835, -33.785347096067696 ], [ -61.558443125130886, -33.791525214476465 ], [ -61.563238407764239, -33.79406252234007 ] ] ] } },
{ "type": "Feature", "properties": { "Código": "01907-0006115-4", "Nombre": "Canal obra no registrada", "Estado": null, "Datos": null, "Tipo": "Clandestino", "Region": null, "Cuenca": null, "Obra": null, "Localidad": "Elortondo", "C Cuenca": null, "Direccion": null, "Resp.": null, "Dpto": "General Lopez" }, "geometry": { "type": "MultiLineString", "coordinates": [ [ [ -61.559555210072823, -33.789693412455712 ], [ -61.558257588129663, -33.788823281608771 ], [ -61.558207080351529, -33.788815768664278 ], [ -61.555721081254639, -33.790199045546643 ], [ -61.554986967485988, -33.790524161460219 ], [ -61.554804532326678, -33.790798395836859 ], [ -61.553884985928605, -33.790790065032297 ], [ -61.552187588508247, -33.791467816400697 ], [ -61.552120326185573, -33.791707938735158 ] ] ] } },
{ "type": "Feature", "properties": { "Código": "01907-0006115-4", "Nombre": "Canal obra no registrada", "Estado": null, "Datos": null, "Tipo": "Clandestino", "Region": null, "Cuenca": null, "Obra": null, "Localidad": "Elortondo", "C Cuenca": null, "Direccion": null, "Resp.": null, "Dpto": "General Lopez" }, "geometry": { "type": "MultiLineString", "coordinates": [ [ [ -61.578504871660471, -33.761009353850064 ], [ -61.578497457383698, -33.760966131944727 ], [ -61.575237723654517, -33.759280654836807 ], [ -61.574050081131546, -33.760706797790426 ], [ -61.573344107169135, -33.761151862274851 ], [ -61.57340634895619, -33.761491371102608 ], [ -61.572093498435642, -33.76327366458905 ], [ -61.566369530319818, -33.766806979522954 ], [ -61.562405246349385, -33.769381380239651 ], [ -61.562337998053039, -33.769636115800203 ], [ -61.562011366750689, -33.769655085967301 ], [ -61.560600328156575, -33.770914883769123 ], [ -61.55992417800018, -33.77159187553579 ], [ -61.559124613546452, -33.772138011177894 ], [ -61.558948897446761, -33.771967928560585 ], [ -61.55890293561999, -33.772016376720451 ], [ -61.558312496455912, -33.772027917337219 ], [ -61.558360718461444, -33.772299580819713 ], [ -61.557380871444565, -33.773263251840177 ], [ -61.55653461805958, -33.773622547792229 ], [ -61.555621951336448, -33.774132907975684 ], [ -61.555096894327498, -33.774098866824161 ], [ -61.554885789240295, -33.774465603795718 ], [ -61.554868625624714, -33.774480869291921 ], [ -61.553726366174985, -33.774796727459119 ] ] ] } },
{ "type": "Feature", "properties": { "Código": "01907-0006115-4", "Nombre": "Canal obra no registrada", "Estado": null, "Datos": null, "Tipo": "Clandestino", "Region": null, "Cuenca": null, "Obra": null, "Localidad": "Elortondo", "C Cuenca": null, "Direccion": null, "Resp.": null, "Dpto": "General Lopez" }, "geometry": { "type": "MultiLineString", "coordinates": [ [ [ -61.575512148799781, -33.752572597794824 ], [ -61.576382859010991, -33.754893395093205 ], [ -61.576096872916914, -33.756910010785049 ], [ -61.575954178808153, -33.758372472437998 ], [ -61.575261241109999, -33.759249137675681 ] ] ] } },
{ "type": "Feature", "properties": { "Código": "01907-0006115-4", "Nombre": "Canal obra no registrada", "Estado": null, "Datos": null, "Tipo": "Clandestino", "Region": null, "Cuenca": null, "Obra": null, "Localidad": "Elortondo", "C Cuenca": null, "Direccion": null, "Resp.": null, "Dpto": "General Lopez" }, "geometry": { "type": "MultiLineString", "coordinates": [ [ [ -61.658339966039243, -33.72523775368316 ], [ -61.656640500554182, -33.727496400516067 ] ] ] } },
{ "type": "Feature", "properties": { "Código": "01907-0006115-4", "Nombre": "Canal obra no registrada", "Estado": null, "Datos": null, "Tipo": "Clandestino", "Region": null, "Cuenca": null, "Obra": null, "Localidad": "Elortondo", "C Cuenca": null, "Direccion": null, "Resp.": null, "Dpto": "General Lopez" }, "geometry": { "type": "MultiLineString", "coordinates": [ [ [ -61.663192903312691, -33.736505178884428 ], [ -61.662194372227468, -33.735683991370855 ] ] ] } },
{ "type": "Feature", "properties": { "Código": "01907-0006115-4", "Nombre": "Canal obra no registrada", "Estado": null, "Datos": null, "Tipo": "Clandestino", "Region": null, "Cuenca": null, "Obra": null, "Localidad": "Elortondo", "C Cuenca": null, "Direccion": null, "Resp.": null, "Dpto": "General Lopez" }, "geometry": { "type": "MultiLineString", "coordinates": [ [ [ -61.660220778736445, -33.733146912599615 ], [ -61.659830382062928, -33.73285003511829 ], [ -61.660228372279349, -33.732380314941317 ], [ -61.658561238293991, -33.731469542899404 ] ] ] } },
{ "type": "Feature", "properties": { "Código": "01907-0006115-4", "Nombre": "Canal obra no registrada", "Estado": null, "Datos": null, "Tipo": "Clandestino", "Region": null, "Cuenca": null, "Obra": null, "Localidad": "Elortondo", "C Cuenca": null, "Direccion": null, "Resp.": null, "Dpto": "General Lopez" }, "geometry": { "type": "MultiLineString", "coordinates": [ [ [ -61.640663100947719, -33.73219111585405 ], [ -61.638986282359383, -33.73361176380363 ], [ -61.636911197414364, -33.734119950267598 ], [ -61.635392428353342, -33.735899877037575 ], [ -61.634551982960424, -33.735725548127341 ], [ -61.634306026750878, -33.736190682175192 ], [ -61.633154230514982, -33.736810814391532 ], [ -61.631910824154197, -33.737025214735972 ], [ -61.629492522680927, -33.739800251750388 ], [ -61.628673410706668, -33.739947627570714 ], [ -61.627560413129657, -33.74164604468826 ], [ -61.62615035322986, -33.742290343943431 ], [ -61.62558325059053, -33.74222420511942 ] ] ] } },
{ "type": "Feature", "properties": { "Código": "01907-0006115-4", "Nombre": "Canal obra no registrada", "Estado": null, "Datos": null, "Tipo": "Clandestino", "Region": null, "Cuenca": null, "Obra": null, "Localidad": "Elortondo", "C Cuenca": null, "Direccion": null, "Resp.": null, "Dpto": "General Lopez" }, "geometry": { "type": "MultiLineString", "coordinates": [ [ [ -61.613727011926571, -33.746647184746386 ], [ -61.613008155433164, -33.747662562612625 ], [ -61.611340392348865, -33.749552136165924 ], [ -61.610878417880642, -33.751324216070664 ], [ -61.611008219674311, -33.752086911677623 ] ] ] } },
{ "type": "Feature", "properties": { "Código": "01907-0006115-4", "Nombre": "Canal obra no registrada", "Estado": null, "Datos": null, "Tipo": "Clandestino", "Region": null, "Cuenca": null, "Obra": null, "Localidad": "Elortondo", "C Cuenca": null, "Direccion": null, "Resp.": null, "Dpto": "General Lopez" }, "geometry": { "type": "MultiLineString", "coordinates": [ [ [ -61.570135782475354, -33.780036688063326 ], [ -61.569437639321961, -33.779633982525496 ], [ -61.569307916529979, -33.779029744970757 ], [ -61.569143112735034, -33.778923403610619 ], [ -61.568478119688749, -33.778678239485366 ], [ -61.56842741078782, -33.778604100573013 ], [ -61.56689293711495, -33.777389508066676 ] ] ] } },
{ "type": "Feature", "properties": { "Código": "01907-0006115-4", "Nombre": "Canal obra no registrada", "Estado": null, "Datos": null, "Tipo": "Clandestino", "Region": null, "Cuenca": null, "Obra": null, "Localidad": "Elortondo", "C Cuenca": null, "Direccion": null, "Resp.": null, "Dpto": "General Lopez" }, "geometry": { "type": "MultiLineString", "coordinates": [ [ [ -61.60295943189324, -33.757429226552375 ], [ -61.602576669995848, -33.757587147270414 ], [ -61.600573497639111, -33.757961895571839 ], [ -61.598202052430324, -33.757518442837373 ], [ -61.59830999136517, -33.756939960346621 ], [ -61.597490310866988, -33.756466207626183 ], [ -61.596725621461069, -33.756712695551428 ], [ -61.596794727990741, -33.75702138254411 ], [ -61.596395149198351, -33.75710341485933 ], [ -61.59631451420357, -33.757126562131482 ], [ -61.596120637174309, -33.757133414353717 ], [ -61.595948257587203, -33.757125998730935 ], [ -61.595809169552126, -33.757157914732396 ], [ -61.595634913160175, -33.757167433748982 ], [ -61.595597208063161, -33.757162024195139 ], [ -61.595458736786171, -33.757193845104901 ], [ -61.595322673319579, -33.757208721367419 ], [ -61.595226494607502, -33.757212102820766 ], [ -61.595132431385053, -33.75719860697879 ], [ -61.594996741617038, -33.757213463460495 ], [ -61.594959143151449, -33.757208068866987 ], [ -61.594825608548, -33.757206053705431 ], [ -61.594763481014141, -33.757248500473516 ], [ -61.59469959382119, -33.757307646514747 ], [ -61.594654606421877, -33.757369313004332 ], [ -61.594630298544821, -33.757416791075997 ], [ -61.594568679485391, -33.757458808346243 ], [ -61.594488528434681, -33.757498060086675 ], [ -61.594406768415027, -33.757553833020388 ], [ -61.594269407754332, -33.757601439347944 ], [ -61.5941712857949, -33.757637723978767 ], [ -61.594016022797035, -33.757682433573336 ], [ -61.593957103898866, -33.75770740371042 ], [ -61.593910426116238, -33.757800701583747 ], [ -61.59390247710509, -33.757882573481076 ], [ -61.59389139450272, -33.757996719501335 ], [ -61.593828298381915, -33.758069992602969 ], [ -61.593791489694915, -33.758064710657997 ], [ -61.593589043022284, -33.758035659812201 ], [ -61.593290466596038, -33.758042073742281 ], [ -61.593214241741109, -33.758063918576461 ], [ -61.593079160429426, -33.758126295782226 ], [ -61.593055681250938, -33.758188134004499 ], [ -61.592995684649999, -33.758244553279994 ], [ -61.5929491468262, -33.758367400031062 ], [ -61.592927204851975, -33.758412640978079 ], [ -61.592864061798835, -33.758516104436367 ], [ -61.592805960879481, -33.75855582751776 ], [ -61.59260284440203, -33.75857464099515 ], [ -61.592455577242937, -33.758585426979899 ], [ -61.592400141498842, -33.758593415424713 ], [ -61.592340637591285, -33.758664435432031 ], [ -61.592264269944295, -33.758716929190889 ], [ -61.592150105742796, -33.758795404303093 ], [ -61.592091323049786, -33.758865724650661 ], [ -61.592049788411629, -33.75895392173441 ], [ -61.592027260806795, -33.759028864281582 ], [ -61.591951094154176, -33.759095846386671 ], [ -61.591874325693048, -33.759177980765685 ], [ -61.591835213923879, -33.759234261030485 ], [ -61.591780032004685, -33.75925722615829 ], [ -61.591686905068698, -33.75932089267377 ], [ -61.591611861478825, -33.759386898236286 ], [ -61.591537067830615, -33.75945268414894 ] ] ] } },
{ "type": "Feature", "properties": { "Código": "01907-0006115-4", "Nombre": "Canal obra no registrada", "Estado": null, "Datos": null, "Tipo": "Clandestino", "Region": null, "Cuenca": null, "Obra": null, "Localidad": "Elortondo", "C Cuenca": null, "Direccion": null, "Resp.": null, "Dpto": "General Lopez" }, "geometry": { "type": "MultiLineString", "coordinates": [ [ [ -61.590161882613614, -33.758537987971891 ], [ -61.590137244432881, -33.758598872030944 ], [ -61.590097623452799, -33.758774019521823 ], [ -61.590074569419535, -33.758875931296963 ], [ -61.590029011797753, -33.759077320935496 ], [ -61.589997550567219, -33.759216396311004 ], [ -61.589964226669984, -33.759363705224295 ], [ -61.589960318516091, -33.7594735431448 ], [ -61.589936250430014, -33.75957953900518 ], [ -61.589925378513655, -33.75962741885261 ], [ -61.589837750530478, -33.759693543284072 ], [ -61.589736887121148, -33.759728004565254 ], [ -61.589662588038614, -33.75973686076734 ], [ -61.589582439833649, -33.759725352635293 ], [ -61.589538350240701, -33.759738516079643 ], [ -61.589394556256742, -33.759785861442715 ], [ -61.589299417353438, -33.7598494578234 ], [ -61.589238930386401, -33.759946228399116 ], [ -61.589190665599261, -33.760034399007921 ], [ -61.589160611338791, -33.760133860115317 ], [ -61.589147856423935, -33.760197617972743 ], [ -61.589111783678234, -33.760377933873286 ], [ -61.589106419493291, -33.760404747616278 ], [ -61.58907624927047, -33.760555558002807 ], [ -61.589072724975686, -33.760573174682158 ], [ -61.58908392178548, -33.760763452431803 ], [ -61.589086490221639, -33.760799426454042 ], [ -61.589073370918513, -33.760912536079758 ], [ -61.589068122446676, -33.76103439849178 ], [ -61.589055219002795, -33.761145284143872 ], [ -61.589026280430957, -33.761286955434542 ], [ -61.588996025015824, -33.76143507292489 ], [ -61.588967807710638, -33.761573212226303 ], [ -61.588938301707984, -33.761717659918524 ], [ -61.588897941063209, -33.76191524607971 ], [ -61.588869318240171, -33.76205536897865 ], [ -61.588844176457158, -33.762178450069023 ], [ -61.58882240567636, -33.76228502818909 ], [ -61.588802377976322, -33.762383072872815 ], [ -61.588778206571021, -33.762456619894017 ], [ -61.588698016948349, -33.762582411851128 ], [ -61.588636305539907, -33.76266415485442 ], [ -61.588588158819711, -33.762724710782322 ], [ -61.588546213391794, -33.76280059455042 ], [ -61.588505975713709, -33.762868751145049 ], [ -61.588477453619134, -33.762923446242873 ], [ -61.588470542196617, -33.762959038434595 ], [ -61.588444974111574, -33.762999106263543 ], [ -61.588429504195723, -33.763033200861571 ], [ -61.588391453459515, -33.76309280087937 ], [ -61.588366212641425, -33.763132336123462 ], [ -61.588338428974005, -33.763185626504566 ], [ -61.588300937694051, -33.763244320748832 ], [ -61.588268828377061, -33.763275144117976 ], [ -61.588214700497893, -33.76333085966526 ], [ -61.58818413807105, -33.763354567245933 ], [ -61.588135444832901, -33.763382591092714 ], [ -61.58810630535983, -33.763399361458632 ], [ -61.58491168612796, -33.764798234082974 ], [ -61.584722398336048, -33.765187633901419 ], [ -61.584434045834655, -33.765469551611353 ], [ -61.584493015370889, -33.765918817500541 ], [ -61.584135259398941, -33.766232612853777 ], [ -61.583749440703663, -33.766057464058633 ], [ -61.582652069184341, -33.766555414734498 ], [ -61.582244657694517, -33.766409385793757 ], [ -61.582151008364484, -33.766509508644837 ] ] ] } },
{ "type": "Feature", "properties": { "Código": "01907-0006115-4", "Nombre": "Canal obra no registrada", "Estado": null, "Datos": null, "Tipo": "Clandestino", "Region": null, "Cuenca": null, "Obra": null, "Localidad": "Elortondo", "C Cuenca": null, "Direccion": null, "Resp.": null, "Dpto": "General Lopez" }, "geometry": { "type": "MultiLineString", "coordinates": [ [ [ -61.586183483356308, -33.772321965526324 ], [ -61.586146109066306, -33.77234498216589 ], [ -61.586102828618252, -33.772385927171015 ], [ -61.584795009358125, -33.773286241774379 ] ] ] } },
{ "type": "Feature", "properties": { "Código": "01907-0006115-4", "Nombre": "Canal obra no registrada", "Estado": null, "Datos": null, "Tipo": "Clandestino", "Region": null, "Cuenca": null, "Obra": null, "Localidad": "Elortondo", "C Cuenca": null, "Direccion": null, "Resp.": null, "Dpto": "General Lopez" }, "geometry": { "type": "MultiLineString", "coordinates": [ [ [ -61.5799905017642, -33.774695406200053 ], [ -61.573376921831155, -33.776029727589986 ] ] ] } },
{ "type": "Feature", "properties": { "Código": "01907-0006115-4", "Nombre": "Canal obra no registrada", "Estado": null, "Datos": null, "Tipo": "Clandestino", "Region": null, "Cuenca": null, "Obra": null, "Localidad": "Elortondo", "C Cuenca": null, "Direccion": null, "Resp.": null, "Dpto": "General Lopez" }, "geometry": { "type": "MultiLineString", "coordinates": [ [ [ -61.564381685729721, -33.775529067511577 ], [ -61.56371441966337, -33.777362508752162 ], [ -61.563112037507786, -33.778086425005661 ], [ -61.563152213855609, -33.779275719374809 ], [ -61.563030634488314, -33.779496427699378 ] ] ] } },
{ "type": "Feature", "properties": { "Código": "01907-0006115-4", "Nombre": "Canal obra no registrada", "Estado": null, "Datos": null, "Tipo": "Clandestino", "Region": null, "Cuenca": null, "Obra": null, "Localidad": "Elortondo", "C Cuenca": null, "Direccion": null, "Resp.": null, "Dpto": "General Lopez" }, "geometry": { "type": "MultiLineString", "coordinates": [ [ [ -61.563378741517248, -33.78517038191012 ], [ -61.564697415864941, -33.783587300024926 ] ] ] } },
{ "type": "Feature", "properties": { "Código": "01907-0006115-4", "Nombre": "Canal obra no registrada", "Estado": null, "Datos": null, "Tipo": "Clandestino", "Region": null, "Cuenca": null, "Obra": null, "Localidad": "Elortondo", "C Cuenca": null, "Direccion": null, "Resp.": null, "Dpto": "General Lopez" }, "geometry": { "type": "MultiLineString", "coordinates": [ [ [ -61.548110937412289, -33.805733623183144 ], [ -61.548104419395621, -33.805677798361721 ], [ -61.54643653806459, -33.803665531117069 ], [ -61.545498949288103, -33.803051346505491 ], [ -61.545501130620416, -33.802992109064022 ], [ -61.545506307717552, -33.802207503254749 ], [ -61.546022244727091, -33.801284207210372 ], [ -61.545549064401712, -33.800867155533417 ], [ -61.54508727070646, -33.800705720784975 ], [ -61.545010923832095, -33.800089210042117 ], [ -61.545419933241014, -33.799839514531904 ], [ -61.545383449898303, -33.799322498101162 ], [ -61.547409305360532, -33.796435237102351 ], [ -61.547987592156424, -33.795446478583159 ], [ -61.547688361355696, -33.795427106016682 ], [ -61.547601637647823, -33.794768218078325 ], [ -61.547485935130368, -33.794269527614631 ], [ -61.547815322298185, -33.794018092691573 ], [ -61.547652533856208, -33.793484386253695 ], [ -61.549695354752814, -33.79073081747466 ], [ -61.551995122893679, -33.791836886716062 ] ] ] } },
{ "type": "Feature", "properties": { "Código": "01907-0006115-4", "Nombre": "Canal obra no registrada", "Estado": null, "Datos": null, "Tipo": "Clandestino", "Region": null, "Cuenca": null, "Obra": null, "Localidad": "Elortondo", "C Cuenca": null, "Direccion": null, "Resp.": null, "Dpto": "General Lopez" }, "geometry": { "type": "MultiLineString", "coordinates": [ [ [ -61.568809279787565, -33.790340910500831 ], [ -61.568109180815945, -33.790380453742131 ], [ -61.567504173355331, -33.790350715824616 ], [ -61.567357979508955, -33.790359330137321 ], [ -61.56726127022506, -33.790336627519693 ], [ -61.567144158034807, -33.790288894639417 ], [ -61.566930716899591, -33.790203728760034 ], [ -61.566768899035871, -33.790146053586213 ], [ -61.566475539377997, -33.789969593638844 ], [ -61.566210095414746, -33.789828064761558 ] ] ] } },
{ "type": "Feature", "properties": { "Código": "01907-0006115-4", "Nombre": "Canal obra no registrada", "Estado": null, "Datos": null, "Tipo": "Clandestino", "Region": null, "Cuenca": null, "Obra": null, "Localidad": "Elortondo", "C Cuenca": null, "Direccion": null, "Resp.": null, "Dpto": "General Lopez" }, "geometry": { "type": "MultiLineString", "coordinates": [ [ [ -61.581938052423048, -33.78508384865318 ], [ -61.581516868392555, -33.785217660752991 ], [ -61.581046477588551, -33.785169893582008 ], [ -61.580596500352485, -33.784948331743124 ], [ -61.580313905784664, -33.784634028535081 ], [ -61.580375385312998, -33.78438344420924 ], [ -61.579989492326625, -33.784035130814637 ], [ -61.580026133837997, -33.784055864465479 ], [ -61.579970747146831, -33.783678054341109 ], [ -61.579918535054922, -33.783344480620997 ], [ -61.580230978375177, -33.783058701453733 ], [ -61.580266809746568, -33.782721754564776 ], [ -61.580205794012414, -33.782388515506533 ], [ -61.57990804690116, -33.782213114474757 ], [ -61.579687569747591, -33.781964095458356 ], [ -61.579567523937392, -33.781747345956418 ], [ -61.579322422871691, -33.78168653687657 ], [ -61.578956938518942, -33.781686453268399 ], [ -61.578345257899826, -33.78201152685412 ], [ -61.577728681699121, -33.782294683312486 ], [ -61.577287321154621, -33.782457388112519 ] ] ] } },
{ "type": "Feature", "properties": { "Código": "01907-0006115-4", "Nombre": "Canal obra no registrada", "Estado": null, "Datos": null, "Tipo": "Clandestino", "Region": null, "Cuenca": null, "Obra": null, "Localidad": "Elortondo", "C Cuenca": null, "Direccion": null, "Resp.": null, "Dpto": "General Lopez" }, "geometry": { "type": "MultiLineString", "coordinates": [ [ [ -61.5822093456921, -33.786354973788796 ], [ -61.582057635576973, -33.78637545751748 ], [ -61.581864342015152, -33.786205338255137 ], [ -61.581059238215111, -33.785762928008261 ], [ -61.579893919355598, -33.785121799684987 ], [ -61.57826749434237, -33.784328076256045 ], [ -61.577721812913907, -33.784012129663907 ] ] ] } },
{ "type": "Feature", "properties": { "Código": "01907-0006115-4", "Nombre": "Canal obra no registrada", "Estado": null, "Datos": null, "Tipo": "Clandestino", "Region": null, "Cuenca": null, "Obra": null, "Localidad": "Elortondo", "C Cuenca": null, "Direccion": null, "Resp.": null, "Dpto": "General Lopez" }, "geometry": { "type": "MultiLineString", "coordinates": [ [ [ -61.576785778967988, -33.785769836045894 ], [ -61.576647750316951, -33.78553200521776 ], [ -61.576438661179509, -33.785465007914837 ], [ -61.576105378568528, -33.78524667300205 ], [ -61.575713047018006, -33.785115691641103 ], [ -61.575332806778, -33.784981224879211 ], [ -61.574594072923489, -33.78483455739314 ], [ -61.574468386192891, -33.784817517031257 ] ] ] } },
{ "type": "Feature", "properties": { "Código": "01907-0006115-4", "Nombre": "Canal obra no registrada", "Estado": null, "Datos": null, "Tipo": "Clandestino", "Region": null, "Cuenca": null, "Obra": null, "Localidad": "Elortondo", "C Cuenca": null, "Direccion": null, "Resp.": null, "Dpto": "General Lopez" }, "geometry": { "type": "MultiLineString", "coordinates": [ [ [ -61.566915877704368, -33.77627578205346 ], [ -61.570038269841717, -33.777500842170561 ], [ -61.570907548065072, -33.779375075130091 ] ] ] } },
{ "type": "Feature", "properties": { "Código": "01907-0006115-4", "Nombre": "Canal obra no registrada", "Estado": null, "Datos": null, "Tipo": "Clandestino", "Region": null, "Cuenca": null, "Obra": null, "Localidad": "Elortondo", "C Cuenca": null, "Direccion": null, "Resp.": null, "Dpto": "General Lopez" }, "geometry": { "type": "MultiLineString", "coordinates": [ [ [ -61.5714892056181, -33.776901777317505 ], [ -61.57007419271595, -33.777540631031727 ] ] ] } },
{ "type": "Feature", "properties": { "Código": "01907-0006115-4", "Nombre": "Canal obra no registrada", "Estado": null, "Datos": null, "Tipo": "Clandestino", "Region": null, "Cuenca": null, "Obra": null, "Localidad": "Elortondo", "C Cuenca": null, "Direccion": null, "Resp.": null, "Dpto": "General Lopez" }, "geometry": { "type": "MultiLineString", "coordinates": [ [ [ -61.559250161364318, -33.816450060340294 ], [ -61.558301976696434, -33.816216689123607 ], [ -61.557769766875175, -33.8159283363714 ], [ -61.557905119038324, -33.815736847460926 ], [ -61.5580378857101, -33.81545013334059 ], [ -61.557683723958071, -33.815033403480946 ], [ -61.55733709758713, -33.814854038548212 ], [ -61.556576214043531, -33.814529921442393 ], [ -61.556063479289911, -33.813946094186292 ], [ -61.556425672255251, -33.813161476226682 ] ] ] } },
{ "type": "Feature", "properties": { "Código": "01907-0006115-4", "Nombre": "Canal obra no registrada", "Estado": null, "Datos": null, "Tipo": "Clandestino", "Region": null, "Cuenca": null, "Obra": null, "Localidad": "Elortondo", "C Cuenca": null, "Direccion": null, "Resp.": null, "Dpto": "General Lopez" }, "geometry": { "type": "MultiLineString", "coordinates": [ [ [ -61.582151125189945, -33.766551779569852 ], [ -61.580577572563051, -33.773740224238139 ], [ -61.580412822564668, -33.774018982226401 ], [ -61.580381149308231, -33.774207394277617 ], [ -61.580383044308036, -33.774435110516393 ] ] ] } },
{ "type": "Feature", "properties": { "Código": "01907-0006115-4", "Nombre": "Canal obra no registrada", "Estado": null, "Datos": null, "Tipo": "Clandestino", "Region": null, "Cuenca": null, "Obra": null, "Localidad": "Elortondo", "C Cuenca": null, "Direccion": null, "Resp.": null, "Dpto": "General Lopez" }, "geometry": { "type": "MultiLineString", "coordinates": [ [ [ -61.559285651012111, -33.783904794634836 ], [ -61.559802593993645, -33.783202276624181 ], [ -61.559831595787351, -33.783207968881172 ], [ -61.559971367336608, -33.7831966008306 ], [ -61.560017748899909, -33.7832023002222 ], [ -61.560162668475606, -33.783213688495984 ], [ -61.560569881221191, -33.782964435641297 ] ] ] } },
{ "type": "Feature", "properties": { "Código": "01801-0037665-9", "Nombre": "Canal obra sin registrar", "Estado": null, "Datos": null, "Tipo": "Clandestino", "Region": null, "Cuenca": null, "Obra": null, "Localidad": "Tortugas", "C Cuenca": null, "Direccion": null, "Resp.": null, "Dpto": "Belgrano" }, "geometry": { "type": "MultiLineString", "coordinates": [ [ [ -61.735541987872018, -32.914064339139358 ], [ -61.731523788525017, -32.914931348600746 ], [ -61.730728509064896, -32.914630392897429 ], [ -61.726623235228168, -32.915379627120636 ] ] ] } },
{ "type": "Feature", "properties": { "Código": "01801-0037665-9", "Nombre": "Canal obra sin registrar", "Estado": null, "Datos": null, "Tipo": "Clandestino", "Region": null, "Cuenca": null, "Obra": null, "Localidad": "Tortugas", "C Cuenca": null, "Direccion": null, "Resp.": null, "Dpto": "Belgrano" }, "geometry": { "type": "MultiLineString", "coordinates": [ [ [ -61.738111835204293, -32.913271336211317 ], [ -61.730696714423779, -32.9146097473932 ], [ -61.729562845402441, -32.910550563320939 ] ] ] } },
{ "type": "Feature", "properties": { "Código": "01801-0037665-9", "Nombre": "Canal obra sin registrar", "Estado": null, "Datos": null, "Tipo": "Clandestino", "Region": null, "Cuenca": null, "Obra": null, "Localidad": "Tortugas", "C Cuenca": null, "Direccion": null, "Resp.": null, "Dpto": "Belgrano" }, "geometry": { "type": "MultiLineString", "coordinates": [ [ [ -61.746003299492983, -32.909434493299969 ], [ -61.748086106582008, -32.918159800994559 ] ] ] } },
{ "type": "Feature", "properties": { "Código": "01801-0037665-9", "Nombre": "Canal obra sin registrar", "Estado": null, "Datos": null, "Tipo": "Clandestino", "Region": null, "Cuenca": null, "Obra": null, "Localidad": "Tortugas", "C Cuenca": null, "Direccion": null, "Resp.": null, "Dpto": "Belgrano" }, "geometry": { "type": "MultiLineString", "coordinates": [ [ [ -61.73735366178564, -32.910036206668252 ], [ -61.737457846011324, -32.910027455605963 ], [ -61.73937015634673, -32.909635036159656 ], [ -61.739391139633256, -32.909602720882134 ], [ -61.740855497766255, -32.90862764124843 ], [ -61.741561985956892, -32.90847177816223 ], [ -61.745326762429201, -32.908986776842973 ], [ -61.745878099541564, -32.909321306154744 ] ] ] } },
{ "type": "Feature", "properties": { "Código": "01801-0037665-9", "Nombre": "Canal obra sin registrar", "Estado": null, "Datos": null, "Tipo": "Clandestino", "Region": null, "Cuenca": null, "Obra": null, "Localidad": "Tortugas", "C Cuenca": null, "Direccion": null, "Resp.": null, "Dpto": "Belgrano" }, "geometry": { "type": "MultiLineString", "coordinates": [ [ [ -61.736748070696038, -32.907204623973122 ], [ -61.740468522731611, -32.906517711633185 ] ] ] } },
{ "type": "Feature", "properties": { "Código": "01801-0037665-9", "Nombre": "Canal obra sin registrar", "Estado": null, "Datos": null, "Tipo": "Clandestino", "Region": null, "Cuenca": null, "Obra": null, "Localidad": "Tortugas", "C Cuenca": null, "Direccion": null, "Resp.": null, "Dpto": "Belgrano" }, "geometry": { "type": "MultiLineString", "coordinates": [ [ [ -61.739214646834377, -32.905311781046983 ], [ -61.739454891311553, -32.906666451286725 ] ] ] } },
{ "type": "Feature", "properties": { "Código": "01801-0037665-9", "Nombre": "Canal obra sin registrar", "Estado": null, "Datos": null, "Tipo": "Clandestino", "Region": null, "Cuenca": null, "Obra": null, "Localidad": "Tortugas", "C Cuenca": null, "Direccion": null, "Resp.": null, "Dpto": "Belgrano" }, "geometry": { "type": "MultiLineString", "coordinates": [ [ [ -61.73843966726897, -32.905712412953648 ], [ -61.738598558874081, -32.906829128716389 ] ] ] } },
{ "type": "Feature", "properties": { "Código": "01801-0037665-9", "Nombre": "Canal obra sin registrar", "Estado": null, "Datos": null, "Tipo": "Clandestino", "Region": null, "Cuenca": null, "Obra": null, "Localidad": "Tortugas", "C Cuenca": null, "Direccion": null, "Resp.": null, "Dpto": "Belgrano" }, "geometry": { "type": "MultiLineString", "coordinates": [ [ [ -61.737538769014471, -32.906157030422037 ], [ -61.737715881227125, -32.907016120261858 ] ] ] } },
{ "type": "Feature", "properties": { "Código": "01801-0037665-9", "Nombre": "Canal obra sin registrar", "Estado": null, "Datos": null, "Tipo": "Clandestino", "Region": null, "Cuenca": null, "Obra": null, "Localidad": "Tortugas", "C Cuenca": null, "Direccion": null, "Resp.": null, "Dpto": "Belgrano" }, "geometry": { "type": "MultiLineString", "coordinates": [ [ [ -61.726369804410901, -32.915402853315797 ], [ -61.723084452666718, -32.915949783906392 ], [ -61.72331708132004, -32.916769355052139 ] ] ] } },
{ "type": "Feature", "properties": { "Código": "01801-0037665-9", "Nombre": "Canal obra sin registrar", "Estado": null, "Datos": null, "Tipo": "Clandestino", "Region": null, "Cuenca": null, "Obra": null, "Localidad": "Tortugas", "C Cuenca": null, "Direccion": null, "Resp.": null, "Dpto": "Belgrano" }, "geometry": { "type": "MultiLineString", "coordinates": [ [ [ -61.730617666560391, -32.916888059220859 ], [ -61.742032671224457, -32.914753318358777 ], [ -61.742617323687675, -32.913928065787012 ], [ -61.747150245003979, -32.913102134184342 ] ] ] } },
{ "type": "Feature", "properties": { "Código": "01907-00000996-9", "Nombre": "Bordo obra no registrada", "Estado": null, "Datos": null, "Tipo": "Clandestino", "Region": null, "Cuenca": null, "Obra": null, "Localidad": "San Carlos Sud", "C Cuenca": null, "Direccion": null, "Resp.": null, "Dpto": "Las Colonias" }, "geometry": { "type": "MultiLineString", "coordinates": [ [ [ -61.110206817664732, -31.762147021393631 ], [ -61.11108152047106, -31.765728080711988 ] ] ] } },
{ "type": "Feature", "properties": { "Código": "01907-00000996-9", "Nombre": "Bordo obra no registrada", "Estado": null, "Datos": null, "Tipo": "Clandestino", "Region": null, "Cuenca": null, "Obra": null, "Localidad": "San Carlos Sud", "C Cuenca": null, "Direccion": null, "Resp.": null, "Dpto": "Castellanos" }, "geometry": { "type": "MultiLineString", "coordinates": [ [ [ -61.11024441488383, -31.76213275135142 ], [ -61.110244873703394, -31.762010369183596 ], [ -61.110250701254088, -31.762003109739521 ], [ -61.11215048626584, -31.761669239915371 ], [ -61.113070062189315, -31.765378347497705 ] ] ] } },
{ "type": "Feature", "properties": { "Código": "01907-0014884-4", "Nombre": "Canal obra no registrada", "Estado": null, "Datos": null, "Tipo": "Clandestino", "Region": null, "Cuenca": null, "Obra": null, "Localidad": "Los Cardos", "C Cuenca": null, "Direccion": null, "Resp.": null, "Dpto": "San Martin" }, "geometry": { "type": "MultiLineString", "coordinates": [ [ [ -61.588800145048289, -32.306178648730224 ], [ -61.534745511985079, -32.316066967692556 ] ] ] } },
{ "type": "Feature", "properties": { "Código": "01907-0014884-4", "Nombre": "Canal obra no registrada", "Estado": null, "Datos": null, "Tipo": "Clandestino", "Region": null, "Cuenca": null, "Obra": null, "Localidad": "Los Cardos", "C Cuenca": null, "Direccion": null, "Resp.": null, "Dpto": "San Martin" }, "geometry": { "type": "MultiLineString", "coordinates": [ [ [ -61.591287907533491, -32.317848310271351 ], [ -61.53765368359651, -32.327535923471821 ] ] ] } },
{ "type": "Feature", "properties": { "Código": "01907-0010914-4", "Nombre": "Ruta sin título", "Estado": null, "Datos": null, "Tipo": "Clandestino", "Region": null, "Cuenca": null, "Obra": null, "Localidad": "Cañada del Ucle", "C Cuenca": null, "Direccion": null, "Resp.": null, "Dpto": "General Lopez" }, "geometry": { "type": "MultiLineString", "coordinates": [ [ [ -61.73799316382118, -33.464869994233865 ], [ -61.736867595501977, -33.463333989117395 ], [ -61.734354928717849, -33.458246397810242 ], [ -61.729245604393711, -33.455977206069853 ], [ -61.72837846190717, -33.45594591141127 ], [ -61.724465778259145, -33.453749415522708 ], [ -61.72061831931665, -33.4517859943617 ], [ -61.715008118014971, -33.44747725573577 ], [ -61.713828568204754, -33.446915294883503 ], [ -61.712384262829225, -33.445376283157685 ], [ -61.71054287241369, -33.443394321979618 ], [ -61.706597728212657, -33.437212178405758 ], [ -61.70231093429144, -33.432999815019826 ], [ -61.699213731291678, -33.429815871559683 ], [ -61.698556954313148, -33.430277570302451 ], [ -61.692653144429848, -33.424922651204653 ], [ -61.692027505855904, -33.421894876018413 ] ] ] } },
{ "type": "Feature", "properties": { "Código": "01907-0010914-4", "Nombre": "Ruta sin título", "Estado": null, "Datos": null, "Tipo": "Clandestino", "Region": null, "Cuenca": null, "Obra": null, "Localidad": "Cañada del Ucle", "C Cuenca": null, "Direccion": null, "Resp.": null, "Dpto": "Caseros" }, "geometry": { "type": "MultiLineString", "coordinates": [ [ [ -61.674176442259871, -33.389987816476484 ], [ -61.675512245316263, -33.39069713060865 ], [ -61.677630691309702, -33.391256805250364 ], [ -61.682033723088601, -33.393382566440692 ], [ -61.682031759685884, -33.393398472612127 ], [ -61.682800615530653, -33.393633536811443 ], [ -61.683498703508931, -33.394160635731971 ], [ -61.68386124158453, -33.394359294547456 ], [ -61.684612295535217, -33.395143659082649 ], [ -61.684644569523257, -33.395159732383974 ], [ -61.684686073493822, -33.395220707778527 ], [ -61.684777063619272, -33.395298150397018 ], [ -61.684823840662297, -33.395329442829826 ], [ -61.684899799345501, -33.395391266711698 ], [ -61.685972625056323, -33.396184560613747 ], [ -61.686034913785392, -33.396215351423955 ], [ -61.686362874456201, -33.397325167604997 ], [ -61.685898614086405, -33.399307948137469 ], [ -61.686018829347859, -33.401937828176855 ], [ -61.685929411844761, -33.403179118854815 ], [ -61.68716748033534, -33.406333990261658 ] ] ] } },
{ "type": "Feature", "properties": { "Código": "01907-0010527-4", "Nombre": "CANAL B", "Estado": null, "Datos": null, "Tipo": "Clandestino", "Region": null, "Cuenca": null, "Obra": null, "Localidad": "Pedro Gomez Cello", "C Cuenca": null, "Direccion": null, "Resp.": null, "Dpto": "San Justo" }, "geometry": { "type": "MultiLineString", "coordinates": [ [ [ -60.324532759188649, -30.080176524702374 ], [ -60.323524703393986, -30.075164954607864 ] ] ] } },
{ "type": "Feature", "properties": { "Código": "01907-0010527-4", "Nombre": "CANAL A", "Estado": null, "Datos": null, "Tipo": "Clandestino", "Region": null, "Cuenca": null, "Obra": null, "Localidad": "Vera y Pintado", "C Cuenca": null, "Direccion": null, "Resp.": null, "Dpto": "San Justo" }, "geometry": { "type": "MultiLineString", "coordinates": [ [ [ -60.309191499239333, -30.124482745961071 ], [ -60.312097664349757, -30.138176950184402 ] ] ] } },
{ "type": "Feature", "properties": { "Código": "01907-0016037-4", "Nombre": "Canal obra no registrada", "Estado": null, "Datos": null, "Tipo": "Clandestino", "Region": null, "Cuenca": null, "Obra": null, "Localidad": "San Fabian", "C Cuenca": null, "Direccion": null, "Resp.": null, "Dpto": "San Jeronimo" }, "geometry": { "type": "MultiLineString", "coordinates": [ [ [ -60.98036862806417, -32.155059933226887 ], [ -60.978277208955959, -32.154438995751995 ], [ -60.974753572074988, -32.15427281146254 ], [ -60.971261149692396, -32.152867536930017 ], [ -60.968175757060287, -32.15189748261723 ], [ -60.966383803336569, -32.151750320631038 ] ] ] } },
{ "type": "Feature", "properties": { "Código": "01907-0017365-5", "Nombre": "Camino obra no declarada", "Estado": null, "Datos": null, "Tipo": "Clandestino", "Region": null, "Cuenca": null, "Obra": null, "Localidad": "San Martin Norte", "C Cuenca": null, "Direccion": null, "Resp.": null, "Dpto": "San Justo" }, "geometry": { "type": "MultiLineString", "coordinates": [ [ [ -60.190061279155934, -30.259113821537749 ], [ -60.184832780158516, -30.262839485473293 ] ] ] } },
{ "type": "Feature", "properties": { "Código": "01907-0017365-5", "Nombre": "Bordo", "Estado": null, "Datos": null, "Tipo": "Clandestino", "Region": null, "Cuenca": null, "Obra": null, "Localidad": "San Martin Norte", "C Cuenca": null, "Direccion": null, "Resp.": null, "Dpto": "San Justo" }, "geometry": { "type": "MultiLineString", "coordinates": [ [ [ -60.196357273382048, -30.260663935300975 ], [ -60.193511013654984, -30.259963327486581 ], [ -60.19151377741229, -30.259519376778361 ], [ -60.190105146338965, -30.25900190637833 ] ] ] } },
{ "type": "Feature", "properties": { "Código": "01802-0022009-2 Agregado", "Nombre": "Canal obra no registrada", "Estado": null, "Datos": null, "Tipo": "Clandestino", "Region": null, "Cuenca": null, "Obra": null, "Localidad": "Albarellos", "C Cuenca": null, "Direccion": null, "Resp.": null, "Dpto": "Rosario" }, "geometry": { "type": "MultiLineString", "coordinates": [ [ [ -60.588128585331546, -33.241969314951078 ], [ -60.575104548530824, -33.235003032301314 ] ] ] } },
{ "type": "Feature", "properties": { "Código": "01801-0046939-5", "Nombre": "Canal obra no declarada", "Estado": null, "Datos": null, "Tipo": "Clandestino", "Region": null, "Cuenca": null, "Obra": null, "Localidad": "Coronel Bogado", "C Cuenca": null, "Direccion": null, "Resp.": null, "Dpto": "Rosario" }, "geometry": { "type": "MultiLineString", "coordinates": [ [ [ -60.560048801831023, -33.290469713325351 ], [ -60.562291238939764, -33.293164932250185 ], [ -60.562380880446227, -33.293524674521741 ], [ -60.562160005903834, -33.293876378370086 ] ] ] } },
{ "type": "Feature", "properties": { "Código": "01801-0046939-5", "Nombre": "Canal obra no declarada", "Estado": null, "Datos": null, "Tipo": "Clandestino", "Region": null, "Cuenca": null, "Obra": null, "Localidad": "Coronel Bogado", "C Cuenca": null, "Direccion": null, "Resp.": null, "Dpto": "Rosario" }, "geometry": { "type": "MultiLineString", "coordinates": [ [ [ -60.54840181549703, -33.273024492578394 ], [ -60.552348708464457, -33.276925508558229 ], [ -60.553268172440305, -33.278385623230811 ], [ -60.555328626819531, -33.28180396399447 ], [ -60.556292228590934, -33.283056399330356 ], [ -60.556206287984601, -33.283251966686592 ], [ -60.555472935790768, -33.284241587223114 ], [ -60.559689923714849, -33.288345689333589 ], [ -60.5594957401469, -33.288737232556308 ], [ -60.559659024937993, -33.289280956056658 ], [ -60.559783274636636, -33.289879800394878 ], [ -60.559981729046029, -33.290269430450294 ] ] ] } },
{ "type": "Feature", "properties": { "Código": "01801-0046939-5", "Nombre": "Canal obra no declarada", "Estado": null, "Datos": null, "Tipo": "Clandestino", "Region": null, "Cuenca": null, "Obra": null, "Localidad": "Coronel Bogado", "C Cuenca": null, "Direccion": null, "Resp.": null, "Dpto": "Rosario" }, "geometry": { "type": "MultiLineString", "coordinates": [ [ [ -60.546674700126239, -33.301246315260954 ], [ -60.547078511945934, -33.30133263893125 ], [ -60.559972417366943, -33.290355079026781 ], [ -60.562014459484821, -33.288640902724204 ], [ -60.566878510940569, -33.284476278744314 ], [ -60.571923957818008, -33.280288023865552 ], [ -60.572046284528298, -33.280106891289904 ], [ -60.568233491223374, -33.274674760026173 ], [ -60.568427699104227, -33.274336190645684 ], [ -60.569299603137551, -33.273613325752493 ] ] ] } },
{ "type": "Feature", "properties": { "Código": "01801-0046939-5", "Nombre": "Canal obra no declarada", "Estado": null, "Datos": null, "Tipo": "Clandestino", "Region": null, "Cuenca": null, "Obra": null, "Localidad": "Coronel Bogado", "C Cuenca": null, "Direccion": null, "Resp.": null, "Dpto": "Rosario" }, "geometry": { "type": "MultiLineString", "coordinates": [ [ [ -60.576870364449022, -33.24912940711264 ], [ -60.570553931702882, -33.254058121836614 ], [ -60.556204745346186, -33.264789592422382 ], [ -60.5555372053241, -33.265829815164437 ], [ -60.555113118410461, -33.266600332565524 ], [ -60.554505062697473, -33.267024971070093 ], [ -60.554278232695445, -33.268117164927673 ], [ -60.534737775711271, -33.283091439754131 ], [ -60.534742163017761, -33.282856913770381 ] ] ] } },
{ "type": "Feature", "properties": { "Código": "01801-0046939-5", "Nombre": "Canal obra no declarada", "Estado": null, "Datos": null, "Tipo": "Clandestino", "Region": null, "Cuenca": null, "Obra": null, "Localidad": "Albarellos", "C Cuenca": null, "Direccion": null, "Resp.": null, "Dpto": "Rosario" }, "geometry": { "type": "MultiLineString", "coordinates": [ [ [ -60.578597055270606, -33.222575667927714 ], [ -60.578040872180544, -33.224172072609889 ], [ -60.575348512615811, -33.225659048066078 ], [ -60.573282077806745, -33.226850752304429 ], [ -60.57211411466406, -33.226308513057461 ], [ -60.565401142181386, -33.229882100406407 ], [ -60.565326880717286, -33.231271096392355 ], [ -60.572969427371838, -33.235689650938546 ], [ -60.572826066365202, -33.236010961315188 ], [ -60.576355960094347, -33.237587355589078 ], [ -60.582569117566344, -33.240818331349281 ], [ -60.581652999293489, -33.241516653666764 ], [ -60.587696417639975, -33.244688407973854 ], [ -60.58788736782224, -33.244832156573089 ], [ -60.582272312708852, -33.247873236137217 ], [ -60.581599915534682, -33.247718325674818 ], [ -60.579740770589574, -33.250017883208443 ] ] ] } },
{ "type": "Feature", "properties": { "Código": "01801-0046939-5", "Nombre": "Ruta sin título", "Estado": null, "Datos": null, "Tipo": "Clandestino", "Region": null, "Cuenca": null, "Obra": null, "Localidad": "Coronel Bogado", "C Cuenca": null, "Direccion": null, "Resp.": null, "Dpto": "Rosario" }, "geometry": { "type": "MultiLineString", "coordinates": [ [ [ -60.573196696156806, -33.253036818052927 ], [ -60.573404879198435, -33.253036774928283 ], [ -60.577791073041304, -33.257090337303111 ], [ -60.577498158847462, -33.257802893455647 ], [ -60.580359024780471, -33.259153399813123 ], [ -60.581331134345199, -33.263355378470123 ], [ -60.584607504934667, -33.266224431058504 ], [ -60.585310565197581, -33.269500298225999 ], [ -60.589334006810795, -33.274885166607902 ], [ -60.590679204216997, -33.276965411545682 ], [ -60.594648704024841, -33.284844465671029 ], [ -60.597697142777861, -33.288634045590896 ], [ -60.598514567453329, -33.290044467713997 ], [ -60.598670442173422, -33.290592238459254 ], [ -60.59955099165613, -33.291025303847682 ], [ -60.598955094346522, -33.292690102678904 ], [ -60.600084536403848, -33.294777716507333 ], [ -60.600895318279086, -33.295894786751347 ], [ -60.600904784120154, -33.298511115853636 ], [ -60.60172457049471, -33.302008274422221 ], [ -60.602692428769828, -33.303295787299163 ] ] ] } },
{ "type": "Feature", "properties": { "Código": "01803-0016945-5", "Nombre": "Bordo obra sin registro", "Estado": null, "Datos": null, "Tipo": "Clandestino", "Region": null, "Cuenca": null, "Obra": null, "Localidad": "Casas", "C Cuenca": null, "Direccion": null, "Resp.": null, "Dpto": "San Martin" }, "geometry": { "type": "MultiLineString", "coordinates": [ [ [ -61.532894922441209, -32.232417828498235 ], [ -61.533488920003649, -32.232345626664987 ], [ -61.533817245788477, -32.231988387483582 ], [ -61.534038546769665, -32.231834553053517 ], [ -61.535453694579999, -32.232000238185122 ], [ -61.536149993795433, -32.231771827485289 ] ] ] } },
{ "type": "Feature", "properties": { "Código": "01803-0016945-5", "Nombre": "Bordo obra sin registro", "Estado": null, "Datos": null, "Tipo": "Clandestino", "Region": null, "Cuenca": null, "Obra": null, "Localidad": "Casas", "C Cuenca": null, "Direccion": null, "Resp.": null, "Dpto": "San Martin" }, "geometry": { "type": "MultiLineString", "coordinates": [ [ [ -61.537844970453335, -32.237540956081133 ], [ -61.542186647182781, -32.236737963843574 ], [ -61.541784752003331, -32.235261324620659 ] ] ] } },
{ "type": "Feature", "properties": { "Código": "01803-0016945-5", "Nombre": "Canal obra no declarada", "Estado": null, "Datos": null, "Tipo": "Clandestino", "Region": null, "Cuenca": null, "Obra": null, "Localidad": "Casas", "C Cuenca": null, "Direccion": null, "Resp.": null, "Dpto": "San Martin" }, "geometry": { "type": "MultiLineString", "coordinates": [ [ [ -61.53661987564471, -32.234008311970079 ], [ -61.54049346246746, -32.236867098154121 ] ] ] } },
{ "type": "Feature", "properties": { "Código": "01803-0016945-5", "Nombre": "Canal orba no declarada", "Estado": null, "Datos": null, "Tipo": "Clandestino", "Region": null, "Cuenca": null, "Obra": null, "Localidad": "Casas", "C Cuenca": null, "Direccion": null, "Resp.": null, "Dpto": "San Martin" }, "geometry": { "type": "MultiLineString", "coordinates": [ [ [ -61.542706010449457, -32.237596493620003 ], [ -61.543334400080248, -32.237547943350428 ], [ -61.549645967572005, -32.244769133728688 ], [ -61.549838736847391, -32.245495918908937 ] ] ] } },
{ "type": "Feature", "properties": { "Código": "01803-0016945-5", "Nombre": "Canal obra no declarada", "Estado": null, "Datos": null, "Tipo": "Clandestino", "Region": null, "Cuenca": null, "Obra": null, "Localidad": "Casas", "C Cuenca": null, "Direccion": null, "Resp.": null, "Dpto": "San Martin" }, "geometry": { "type": "MultiLineString", "coordinates": [ [ [ -61.542423250901543, -32.23692250377254 ], [ -61.550008813508043, -32.239655978276559 ] ] ] } },
{ "type": "Feature", "properties": { "Código": "01803-0016945-5", "Nombre": "Canal obra no declarada", "Estado": null, "Datos": null, "Tipo": "Clandestino", "Region": null, "Cuenca": null, "Obra": null, "Localidad": "Casas", "C Cuenca": null, "Direccion": null, "Resp.": null, "Dpto": "San Martin" }, "geometry": { "type": "MultiLineString", "coordinates": [ [ [ -61.548983665506626, -32.235585580241313 ], [ -61.550868925198571, -32.242627666293629 ], [ -61.551405301216739, -32.244482215000595 ] ] ] } },
{ "type": "Feature", "properties": { "Código": "01803-0016945-5", "Nombre": "Canal obra no declarada", "Estado": null, "Datos": null, "Tipo": "Clandestino", "Region": null, "Cuenca": null, "Obra": null, "Localidad": "Casas", "C Cuenca": null, "Direccion": null, "Resp.": null, "Dpto": "San Martin" }, "geometry": { "type": "MultiLineString", "coordinates": [ [ [ -61.567872944466124, -32.232958693028991 ], [ -61.566357064891825, -32.231258489919327 ], [ -61.554691159038128, -32.2258413053708 ], [ -61.538468875850064, -32.220884628249024 ] ] ] } },
{ "type": "Feature", "properties": { "Código": "01803-0016945-5", "Nombre": "Canal obra no declarada", "Estado": null, "Datos": null, "Tipo": "Clandestino", "Region": null, "Cuenca": null, "Obra": null, "Localidad": "Las Bandurrias", "C Cuenca": null, "Direccion": null, "Resp.": null, "Dpto": "San Martin" }, "geometry": { "type": "MultiLineString", "coordinates": [ [ [ -61.496779315442197, -32.200733378327833 ], [ -61.5014183666582, -32.203176103849913 ], [ -61.503486022829371, -32.204335404247381 ], [ -61.505908178641278, -32.205918780482385 ], [ -61.506160588484597, -32.206656565267693 ] ] ] } },
{ "type": "Feature", "properties": { "Código": "01803-0016945-5", "Nombre": "Canal onra no declarada", "Estado": null, "Datos": null, "Tipo": "Clandestino", "Region": null, "Cuenca": null, "Obra": null, "Localidad": "Casas", "C Cuenca": null, "Direccion": null, "Resp.": null, "Dpto": "San Martin" }, "geometry": { "type": "MultiLineString", "coordinates": [ [ [ -61.506277465007223, -32.204695156266794 ], [ -61.508553901368209, -32.206957423243658 ], [ -61.5143931753299, -32.211299936736538 ], [ -61.519677511657839, -32.214294528150987 ], [ -61.522693483283909, -32.215052989713705 ], [ -61.524350280687855, -32.21575424720583 ], [ -61.538394587247858, -32.221184477077188 ] ] ] } },
{ "type": "Feature", "properties": { "Código": "01803-0016945-5", "Nombre": "Canal obra no declarada", "Estado": null, "Datos": null, "Tipo": "Clandestino", "Region": null, "Cuenca": null, "Obra": null, "Localidad": "Las Bandurrias", "C Cuenca": null, "Direccion": null, "Resp.": null, "Dpto": "San Martin" }, "geometry": { "type": "MultiLineString", "coordinates": [ [ [ -61.496389519901534, -32.202633593301698 ], [ -61.504817210640468, -32.201059935697387 ] ] ] } },
{ "type": "Feature", "properties": { "Código": "16108-0003376-5", "Nombre": "Canal obra sin registro", "Estado": null, "Datos": null, "Tipo": "Clandestino", "Region": null, "Cuenca": null, "Obra": null, "Localidad": "Maria Susana", "C Cuenca": null, "Direccion": null, "Resp.": null, "Dpto": "San Martin" }, "geometry": { "type": "MultiLineString", "coordinates": [ [ [ -61.844431111907866, -32.271858919064371 ], [ -61.89532223998615, -32.262731158805373 ] ] ] } },
{ "type": "Feature", "properties": { "Código": "01907-0019602-5", "Nombre": "Canal obra no declarada", "Estado": null, "Datos": null, "Tipo": "Clandestino", "Region": null, "Cuenca": null, "Obra": null, "Localidad": "Colonia Duran", "C Cuenca": null, "Direccion": null, "Resp.": null, "Dpto": "San Javier" }, "geometry": { "type": "MultiLineString", "coordinates": [ [ [ -59.831668730721802, -29.551981091737911 ], [ -59.83208959487466, -29.553931367244086 ], [ -59.82937636211949, -29.554426303927954 ], [ -59.829295661561062, -29.55465529729279 ], [ -59.825217887145193, -29.555356386671789 ] ] ] } },
{ "type": "Feature", "properties": { "Código": "01907-0001678-5", "Nombre": "Canal obra no registrada", "Estado": null, "Datos": null, "Tipo": "Clandestino", "Region": null, "Cuenca": null, "Obra": null, "Localidad": "Sunchales", "C Cuenca": null, "Direccion": null, "Resp.": null, "Dpto": "Castellanos" }, "geometry": { "type": "MultiLineString", "coordinates": [ [ [ -61.551154376847215, -31.019431019281985 ], [ -61.545445753054786, -31.019014100569887 ] ] ] } },
{ "type": "Feature", "properties": { "Código": "01907-0005416-5", "Nombre": "Canal obra no registrada", "Estado": null, "Datos": null, "Tipo": "Clandestino", "Region": null, "Cuenca": null, "Obra": null, "Localidad": "Vera y Pintado", "C Cuenca": null, "Direccion": null, "Resp.": null, "Dpto": "San Justo" }, "geometry": { "type": "MultiLineString", "coordinates": [ [ [ -60.295872409602801, -30.174193213556642 ], [ -60.288044799439724, -30.171013547484542 ], [ -60.285978499613719, -30.169895035539096 ], [ -60.284307719110139, -30.170357454977189 ], [ -60.284821701359363, -30.1746719824419 ] ] ] } },
{ "type": "Feature", "properties": { "Código": "01803-0016851-5", "Nombre": "Canal obra no registrada", "Estado": null, "Datos": null, "Tipo": "Clandestino", "Region": null, "Cuenca": null, "Obra": null, "Localidad": "Hughes", "C Cuenca": null, "Direccion": null, "Resp.": null, "Dpto": "General Lopez" }, "geometry": { "type": "MultiLineString", "coordinates": [ [ [ -61.388160837184842, -33.767721262390886 ], [ -61.387824502445625, -33.767607286069001 ], [ -61.38542179404169, -33.770760778776939 ] ] ] } },
{ "type": "Feature", "properties": { "Código": "01907-0011071-5", "Nombre": "Valeton , sin registrar", "Estado": null, "Datos": null, "Tipo": "Clandestino", "Region": null, "Cuenca": null, "Obra": null, "Localidad": "San Javiar", "C Cuenca": null, "Direccion": null, "Resp.": null, "Dpto": "San Javier" }, "geometry": { "type": "MultiLineString", "coordinates": [ [ [ -60.005934691867772, -30.668331775489882 ], [ -60.007257121168685, -30.668151799099451 ], [ -60.009984199943595, -30.667825219593833 ], [ -60.010507827936181, -30.667442292093714 ] ] ] } },
{ "type": "Feature", "properties": { "Código": "01907-0011071-5", "Nombre": "Valeton , sin registrar", "Estado": null, "Datos": null, "Tipo": "Clandestino", "Region": null, "Cuenca": null, "Obra": null, "Localidad": "San Javiar", "C Cuenca": null, "Direccion": null, "Resp.": null, "Dpto": "San Javier" }, "geometry": { "type": "MultiLineString", "coordinates": [ [ [ -60.005809545481753, -30.668359083112129 ], [ -60.005291244935989, -30.668404014227754 ], [ -60.001836436802819, -30.668783753323261 ], [ -59.99654646743317, -30.669396044509234 ], [ -59.991804424789059, -30.669818090346173 ], [ -59.987307193681794, -30.670200271172682 ] ] ] } },
{ "type": "Feature", "properties": { "Código": "01907-0011071-5", "Nombre": "Valeton , sin registrar", "Estado": null, "Datos": null, "Tipo": "Clandestino", "Region": null, "Cuenca": null, "Obra": null, "Localidad": "San Javiar", "C Cuenca": null, "Direccion": null, "Resp.": null, "Dpto": "San Javier" }, "geometry": { "type": "MultiLineString", "coordinates": [ [ [ -59.987175325468051, -30.67021349139263 ], [ -59.984442932245742, -30.6704418190408 ], [ -59.979361053816604, -30.670877551749058 ], [ -59.979314961656513, -30.670873265904596 ] ] ] } },
{ "type": "Feature", "properties": { "Código": "01907-0011071-5", "Nombre": "Valeton , sin registrar", "Estado": null, "Datos": null, "Tipo": "Clandestino", "Region": null, "Cuenca": null, "Obra": null, "Localidad": "San Javiar", "C Cuenca": null, "Direccion": null, "Resp.": null, "Dpto": "San Javier" }, "geometry": { "type": "MultiLineString", "coordinates": [ [ [ -59.978368561869445, -30.670917026358275 ], [ -59.978357559403861, -30.670905087621119 ], [ -59.978763626480323, -30.67093566361455 ], [ -59.97899732727381, -30.670898247343793 ], [ -59.979003098529944, -30.670898247421807 ], [ -59.97917392009365, -30.670787424135796 ], [ -59.979218533625776, -30.670636396796336 ], [ -59.978641686839644, -30.669560534740111 ], [ -59.978401903842723, -30.669039393238361 ], [ -59.97865824050303, -30.667830687919832 ], [ -59.979389306424828, -30.664896618577057 ] ] ] } },
{ "type": "Feature", "properties": { "Código": "01907-0011071-5", "Nombre": "Valeton , sin registrar", "Estado": null, "Datos": null, "Tipo": "Clandestino", "Region": null, "Cuenca": null, "Obra": null, "Localidad": "San Javiar", "C Cuenca": null, "Direccion": null, "Resp.": null, "Dpto": "San Javier" }, "geometry": { "type": "MultiLineString", "coordinates": [ [ [ -60.01086416543906, -30.667308200049629 ], [ -60.012905434587687, -30.666521169881381 ], [ -60.012808184633705, -30.665641897413437 ], [ -60.012321207105494, -30.661662741119979 ], [ -60.011362499539395, -30.656965338933759 ] ] ] } },
{ "type": "Feature", "properties": { "Código": "01907-0011071-5", "Nombre": "Valeton , sin registrar", "Estado": null, "Datos": null, "Tipo": "Clandestino", "Region": null, "Cuenca": null, "Obra": null, "Localidad": "San Javiar", "C Cuenca": null, "Direccion": null, "Resp.": null, "Dpto": "San Javier" }, "geometry": { "type": "MultiLineString", "coordinates": [ [ [ -60.011284313873794, -30.656991460023598 ], [ -60.011060422535174, -30.657018566657143 ], [ -60.010170755367632, -30.657141455058937 ], [ -60.00949571241609, -30.657281554589421 ], [ -60.009050685616565, -30.657325986145363 ], [ -60.008750044129648, -30.657309696771044 ], [ -60.008152519992422, -30.657217494986579 ] ] ] } },
{ "type": "Feature", "properties": { "Código": "01907-0011071-5", "Nombre": "Valeton , sin registrar", "Estado": null, "Datos": null, "Tipo": "Clandestino", "Region": null, "Cuenca": null, "Obra": null, "Localidad": "San Javiar", "C Cuenca": null, "Direccion": null, "Resp.": null, "Dpto": "San Javier" }, "geometry": { "type": "MultiLineString", "coordinates": [ [ [ -60.011396154648345, -30.656899521399879 ], [ -60.011471504154187, -30.656843645235394 ], [ -60.012891360216891, -30.656608382102792 ], [ -60.01379775559208, -30.656484692177802 ], [ -60.014107727131005, -30.656484898104679 ], [ -60.014618118221911, -30.656476851980734 ], [ -60.015097192400056, -30.656436466074759 ], [ -60.015470410562834, -30.656325858362873 ], [ -60.015895801233818, -30.656062325938741 ], [ -60.016589117808422, -30.655604304262791 ], [ -60.017036653416781, -30.655306251515711 ], [ -60.017496819495854, -30.654562199366257 ], [ -60.017564124608285, -30.654503803121386 ], [ -60.017748101958425, -30.654533877155036 ], [ -60.019613564710475, -30.654910382636238 ], [ -60.020497534874018, -30.655074728710897 ] ] ] } },
{ "type": "Feature", "properties": { "Código": "01801-0052866-5", "Nombre": "Canal sin registro", "Estado": null, "Datos": null, "Tipo": "Clandestino", "Region": null, "Cuenca": null, "Obra": null, "Localidad": "Las Rosas", "C Cuenca": null, "Direccion": null, "Resp.": null, "Dpto": "Belgrano" }, "geometry": { "type": "MultiLineString", "coordinates": [ [ [ -61.62157633175589, -32.390107058083323 ], [ -61.608205956833821, -32.388039732917164 ] ] ] } },
{ "type": "Feature", "properties": { "Código": "01801-0052866-5", "Nombre": "Canal sin registro", "Estado": null, "Datos": null, "Tipo": "Clandestino", "Region": null, "Cuenca": null, "Obra": null, "Localidad": "Las Rosas", "C Cuenca": null, "Direccion": null, "Resp.": null, "Dpto": "Belgrano" }, "geometry": { "type": "MultiLineString", "coordinates": [ [ [ -61.607032594658378, -32.388187025353744 ], [ -61.602846908141998, -32.387625131489756 ] ] ] } },
{ "type": "Feature", "properties": { "Código": "01801-0052866-5", "Nombre": "Canal sin registro", "Estado": null, "Datos": null, "Tipo": "Clandestino", "Region": null, "Cuenca": null, "Obra": null, "Localidad": "Las Rosas", "C Cuenca": null, "Direccion": null, "Resp.": null, "Dpto": "Belgrano" }, "geometry": { "type": "MultiLineString", "coordinates": [ [ [ -61.604027061118892, -32.38724623480131 ], [ -61.602820883073171, -32.386804955826818 ], [ -61.60250781174372, -32.386779690040669 ], [ -61.602349469595204, -32.386798665644612 ] ] ] } },
{ "type": "Feature", "properties": { "Código": "01801-0052866-5", "Nombre": "Canal sin registro", "Estado": null, "Datos": null, "Tipo": "Clandestino", "Region": null, "Cuenca": null, "Obra": null, "Localidad": "Las Rosas", "C Cuenca": null, "Direccion": null, "Resp.": null, "Dpto": "Belgrano" }, "geometry": { "type": "MultiLineString", "coordinates": [ [ [ -61.602357080064131, -32.387308453606252 ], [ -61.60211758748796, -32.387273199194041 ], [ -61.601939230380175, -32.387247073633112 ], [ -61.601550042227693, -32.387102849583314 ], [ -61.601031101619704, -32.386974995385131 ], [ -61.600455740494859, -32.386838885072393 ], [ -61.599723720405045, -32.386624525646731 ], [ -61.598963068564458, -32.38637627400616 ], [ -61.59870544568804, -32.386322420154499 ], [ -61.598412754075333, -32.386277419004109 ] ] ] } },
{ "type": "Feature", "properties": { "Código": "01801-0052866-5", "Nombre": "Canal sin registro", "Estado": null, "Datos": null, "Tipo": "Clandestino", "Region": null, "Cuenca": null, "Obra": null, "Localidad": "Las Rosas", "C Cuenca": null, "Direccion": null, "Resp.": null, "Dpto": "Belgrano" }, "geometry": { "type": "MultiLineString", "coordinates": [ [ [ -61.598129968610372, -32.385377245272117 ], [ -61.598537035729102, -32.385335196402757 ], [ -61.602118584206558, -32.386285902423403 ], [ -61.602306011688555, -32.386190981647239 ], [ -61.604974693094, -32.386880447804067 ] ] ] } },
{ "type": "Feature", "properties": { "Código": "01801-0052866-5", "Nombre": "Canal sin registro", "Estado": null, "Datos": null, "Tipo": "Clandestino", "Region": null, "Cuenca": null, "Obra": null, "Localidad": "Las Rosas", "C Cuenca": null, "Direccion": null, "Resp.": null, "Dpto": "Belgrano" }, "geometry": { "type": "MultiLineString", "coordinates": [ [ [ -61.596092519486319, -32.381910369265533 ], [ -61.595402241069415, -32.382044111076411 ], [ -61.595148736491176, -32.382104640791944 ], [ -61.594886701343306, -32.382240454337804 ], [ -61.594771517487118, -32.38233144043302 ], [ -61.594464306837068, -32.382389730948219 ], [ -61.594262608072128, -32.382442333526988 ], [ -61.593917617123495, -32.382546442298235 ], [ -61.593718561059305, -32.382530912793769 ], [ -61.5933886173151, -32.382603616203426 ], [ -61.593252631270175, -32.38261969298452 ] ] ] } },
{ "type": "Feature", "properties": { "Código": "01801-0052866-5", "Nombre": "Canal sin registro", "Estado": null, "Datos": null, "Tipo": "Clandestino", "Region": null, "Cuenca": null, "Obra": null, "Localidad": "Las Rosas", "C Cuenca": null, "Direccion": null, "Resp.": null, "Dpto": "Belgrano" }, "geometry": { "type": "MultiLineString", "coordinates": [ [ [ -61.592242862204984, -32.383036717272638 ], [ -61.592120129679948, -32.382916418903385 ], [ -61.59174671374506, -32.382853317296934 ], [ -61.590601137393328, -32.382661998895998 ], [ -61.590348564324337, -32.382516741769891 ], [ -61.590271494614839, -32.382466081251948 ], [ -61.589780566492088, -32.382333193132325 ], [ -61.589365214436171, -32.382344336273938 ], [ -61.589022402608009, -32.382425695485281 ], [ -61.588694412772497, -32.382425638825687 ], [ -61.588323046220488, -32.382440226192074 ], [ -61.588053695997687, -32.382325400881143 ] ] ] } },
{ "type": "Feature", "properties": { "Código": "01801-0052866-5", "Nombre": "Canal sin registro", "Estado": null, "Datos": null, "Tipo": "Clandestino", "Region": null, "Cuenca": null, "Obra": null, "Localidad": "Las Rosas", "C Cuenca": null, "Direccion": null, "Resp.": null, "Dpto": "Belgrano" }, "geometry": { "type": "MultiLineString", "coordinates": [ [ [ -61.587793495487468, -32.382075693006236 ], [ -61.587667180281251, -32.381480225325745 ], [ -61.587443642368385, -32.381310658100482 ], [ -61.587325454016856, -32.381205593497789 ], [ -61.586939350980487, -32.38129560507398 ], [ -61.58672298580187, -32.381310463639274 ], [ -61.586360166046042, -32.381347532076241 ], [ -61.58581403782911, -32.381347375371057 ], [ -61.585379562808079, -32.381013875228327 ], [ -61.58528762352487, -32.380967266638244 ], [ -61.585075739922118, -32.38100603657449 ], [ -61.584894582627633, -32.381098412039442 ], [ -61.58440443211758, -32.381005821746896 ], [ -61.584094109697588, -32.381013464047378 ], [ -61.583905568077718, -32.380959028871068 ], [ -61.58290231314502, -32.380793283464307 ] ] ] } },
{ "type": "Feature", "properties": { "Código": "01801-0052866-5", "Nombre": "Canal sin registro", "Estado": null, "Datos": null, "Tipo": "Clandestino", "Region": null, "Cuenca": null, "Obra": null, "Localidad": "Las Rosas", "C Cuenca": null, "Direccion": null, "Resp.": null, "Dpto": "Belgrano" }, "geometry": { "type": "MultiLineString", "coordinates": [ [ [ -61.57637689532163, -32.368510443768891 ], [ -61.576956643601939, -32.369618870628209 ], [ -61.577554819574921, -32.370195608259131 ], [ -61.578269274310713, -32.370799798290641 ], [ -61.578780986201011, -32.371081836379211 ], [ -61.579199604102534, -32.371047019660082 ], [ -61.579232058437235, -32.371105246291364 ], [ -61.579253985759394, -32.371140078793587 ], [ -61.579461709409124, -32.371324571216647 ], [ -61.579492642308772, -32.371753934051121 ], [ -61.579610356026237, -32.371920183576414 ] ] ] } },
{ "type": "Feature", "properties": { "Código": "01801-0052866-5", "Nombre": "Canal sin registro", "Estado": null, "Datos": null, "Tipo": "Clandestino", "Region": null, "Cuenca": null, "Obra": null, "Localidad": "Las Rosas", "C Cuenca": null, "Direccion": null, "Resp.": null, "Dpto": "Belgrano" }, "geometry": { "type": "MultiLineString", "coordinates": [ [ [ -61.580948041297411, -32.373768270845204 ], [ -61.5809597958797, -32.374645083595951 ], [ -61.581890867588911, -32.376738794495587 ] ] ] } },
{ "type": "Feature", "properties": { "Código": "01801-0052866-5", "Nombre": "Canal sin registro", "Estado": null, "Datos": null, "Tipo": "Clandestino", "Region": null, "Cuenca": null, "Obra": null, "Localidad": "Las Rosas", "C Cuenca": null, "Direccion": null, "Resp.": null, "Dpto": "Belgrano" }, "geometry": { "type": "MultiLineString", "coordinates": [ [ [ -61.587790822352268, -32.382476307408503 ], [ -61.5855537068541, -32.385031372543224 ], [ -61.585102882621058, -32.385055355582864 ], [ -61.584133039650418, -32.384094896476277 ] ] ] } },
{ "type": "Feature", "properties": { "Código": "01801-0034042-5", "Nombre": "Canal obra no registrada", "Estado": null, "Datos": null, "Tipo": "Clandestino", "Region": null, "Cuenca": null, "Obra": null, "Localidad": "Santa Clara de Saguier", "C Cuenca": null, "Direccion": null, "Resp.": null, "Dpto": "Castellanos" }, "geometry": { "type": "MultiLineString", "coordinates": [ [ [ -61.810044016294086, -31.301054250311886 ], [ -61.815578125626786, -31.299994310157711 ], [ -61.816911135412795, -31.300197749185358 ], [ -61.817673184997957, -31.299918763639212 ], [ -61.830074105297832, -31.297430450790234 ], [ -61.836479487310839, -31.298430368915152 ], [ -61.836926462312299, -31.298611323702158 ], [ -61.837507067090691, -31.298695847698461 ], [ -61.837793822000599, -31.298664253250365 ], [ -61.838407442291299, -31.298759113143497 ], [ -61.842490063881996, -31.300719393492074 ], [ -61.843453439240221, -31.300946254883119 ], [ -61.843775883728441, -31.30175292922053 ], [ -61.843879693533829, -31.301981771614127 ], [ -61.853128963690558, -31.306310898687894 ], [ -61.853366614311788, -31.306389982888728 ], [ -61.853499448514086, -31.306401295458318 ], [ -61.853548113882425, -31.306471114340948 ], [ -61.866274945699885, -31.307623039492288 ] ] ] } },
{ "type": "Feature", "properties": { "Código": "01907-0010643-5", "Nombre": "Canal obra sin registrar", "Estado": null, "Datos": null, "Tipo": "Clandestino", "Region": null, "Cuenca": null, "Obra": null, "Localidad": "Lazzarino", "C Cuenca": null, "Direccion": null, "Resp.": null, "Dpto": "General Lopez" }, "geometry": { "type": "MultiLineString", "coordinates": [ [ [ -62.364712958825258, -34.329286911509733 ], [ -62.34736916701528, -34.25927686102888 ] ] ] } },
{ "type": "Feature", "properties": { "Código": "01907-0010643-5", "Nombre": "Canal obra sin registrar", "Estado": null, "Datos": null, "Tipo": "Clandestino", "Region": null, "Cuenca": null, "Obra": null, "Localidad": "Aaron Castellanos", "C Cuenca": null, "Direccion": null, "Resp.": null, "Dpto": "General Lopez" }, "geometry": { "type": "MultiLineString", "coordinates": [ [ [ -62.243573219462291, -34.275859385156743 ], [ -62.347022460793525, -34.258333982111182 ], [ -62.382508114719684, -34.254255526738888 ], [ -62.38316115324848, -34.242703518950592 ], [ -62.393051417495649, -34.21780185863733 ], [ -62.421047185497891, -34.217524777582902 ], [ -62.428018008544697, -34.209867291067987 ], [ -62.428036001948286, -34.2055781585074 ], [ -62.415760398500019, -34.158720801569814 ] ] ] } },
{ "type": "Feature", "properties": { "Código": "01907-0010643-5", "Nombre": "Canal obra sin registrar", "Estado": null, "Datos": null, "Tipo": "Clandestino", "Region": null, "Cuenca": null, "Obra": null, "Localidad": "Lazzarino", "C Cuenca": null, "Direccion": null, "Resp.": null, "Dpto": "General Lopez" }, "geometry": { "type": "MultiLineString", "coordinates": [ [ [ -62.42017406027685, -34.174879233669323 ], [ -62.434051577407843, -34.171518397247311 ], [ -62.435554464499873, -34.175960729085347 ], [ -62.47624205737749, -34.168781484713293 ], [ -62.492232867252142, -34.228673794513078 ] ] ] } },
{ "type": "Feature", "properties": { "Código": "01907-0010643-5", "Nombre": "Canal obra sin registrar", "Estado": null, "Datos": null, "Tipo": "Clandestino", "Region": null, "Cuenca": null, "Obra": null, "Localidad": "Aaron Castellanos", "C Cuenca": null, "Direccion": null, "Resp.": null, "Dpto": "General Lopez" }, "geometry": { "type": "MultiLineString", "coordinates": [ [ [ -62.334947385837197, -34.268788404995043 ], [ -62.348384558991718, -34.266630638821901 ] ] ] } },
{ "type": "Feature", "properties": { "Código": "01907-0010643-5", "Nombre": "Canal obra sin registrar", "Estado": null, "Datos": null, "Tipo": "Clandestino", "Region": null, "Cuenca": null, "Obra": null, "Localidad": "Lazzarino", "C Cuenca": null, "Direccion": null, "Resp.": null, "Dpto": "General Lopez" }, "geometry": { "type": "MultiLineString", "coordinates": [ [ [ -62.354711991997995, -34.27273729768563 ], [ -62.363202950488883, -34.26845680203202 ], [ -62.364043128804099, -34.266901793398581 ], [ -62.366216134793291, -34.266308882567159 ], [ -62.369047077104618, -34.265283447892969 ], [ -62.372504922110338, -34.26476853259733 ], [ -62.374959351561849, -34.264943431176455 ], [ -62.377754833945026, -34.265591440007938 ], [ -62.380808207232285, -34.267296352154347 ], [ -62.381916506957893, -34.267212681904716 ], [ -62.386306672949011, -34.268015272960106 ], [ -62.387392008384467, -34.26738522763732 ], [ -62.388844633279348, -34.26486674048229 ], [ -62.389555804383647, -34.260856866846012 ], [ -62.389368723843262, -34.257571599985191 ], [ -62.388907640953498, -34.255418215930803 ], [ -62.386273513359406, -34.249769877281601 ], [ -62.384791396026763, -34.247227037679224 ], [ -62.384346132116789, -34.245969116399294 ], [ -62.38394197437534, -34.243848607123645 ], [ -62.381936797671877, -34.239387846728548 ] ] ] } },
{ "type": "Feature", "properties": { "Código": "01907-0010643-5", "Nombre": "Canal obra sin registrar", "Estado": null, "Datos": null, "Tipo": "Clandestino", "Region": null, "Cuenca": null, "Obra": null, "Localidad": "Lazzarino", "C Cuenca": null, "Direccion": null, "Resp.": null, "Dpto": "General Lopez" }, "geometry": { "type": "MultiLineString", "coordinates": [ [ [ -62.360363620397926, -34.255265675768008 ], [ -62.361122180242589, -34.259269043246412 ] ] ] } },
{ "type": "Feature", "properties": { "Código": "01907-0010643-5", "Nombre": "Canal obra sin registrar", "Estado": null, "Datos": null, "Tipo": "Clandestino", "Region": null, "Cuenca": null, "Obra": null, "Localidad": "Aaron Castellanos", "C Cuenca": null, "Direccion": null, "Resp.": null, "Dpto": "General Lopez" }, "geometry": { "type": "MultiLineString", "coordinates": [ [ [ -62.302348412000327, -34.266250212635121 ], [ -62.301075453085694, -34.269514601965682 ], [ -62.302068548787673, -34.272594157235979 ], [ -62.301074672352598, -34.27433914129027 ], [ -62.29871635365258, -34.280452466373312 ], [ -62.298552660894494, -34.284711082909404 ], [ -62.29813899916919, -34.286367601922343 ] ] ] } },
{ "type": "Feature", "properties": { "Código": "01907-0010643-5", "Nombre": "Canal obra sin registrar", "Estado": null, "Datos": null, "Tipo": "Clandestino", "Region": null, "Cuenca": null, "Obra": null, "Localidad": "Aaron Castellanos", "C Cuenca": null, "Direccion": null, "Resp.": null, "Dpto": "General Lopez" }, "geometry": { "type": "MultiLineString", "coordinates": [ [ [ -62.317361816356495, -34.263867468506511 ], [ -62.318410763200646, -34.274537883345097 ] ] ] } },
{ "type": "Feature", "properties": { "Código": "01907-0010643-5", "Nombre": "Canal obra sin registrar", "Estado": null, "Datos": null, "Tipo": "Clandestino", "Region": null, "Cuenca": null, "Obra": null, "Localidad": "Aaron Castellanos", "C Cuenca": null, "Direccion": null, "Resp.": null, "Dpto": "General Lopez" }, "geometry": { "type": "MultiLineString", "coordinates": [ [ [ -62.302360975261927, -34.265695155447169 ], [ -62.306969059026265, -34.259314530970364 ], [ -62.309933860016727, -34.257464221676351 ], [ -62.312730509456998, -34.257527977330852 ], [ -62.314426626458818, -34.257381567949508 ], [ -62.316793447502405, -34.255789558752639 ], [ -62.316830843591148, -34.254286528992139 ], [ -62.320947889620498, -34.250816221522584 ], [ -62.321078525453821, -34.24786206213679 ], [ -62.322253624899439, -34.245528073525058 ], [ -62.323517834427911, -34.243832419380631 ], [ -62.325466456288254, -34.240228276097135 ] ] ] } },
{ "type": "Feature", "properties": { "Código": "01907-0010643-5", "Nombre": "Canal obra sin registrar", "Estado": null, "Datos": null, "Tipo": "Clandestino", "Region": null, "Cuenca": null, "Obra": null, "Localidad": "Aaron Castellanos", "C Cuenca": null, "Direccion": null, "Resp.": null, "Dpto": "General Lopez" }, "geometry": { "type": "MultiLineString", "coordinates": [ [ [ -62.309869519835502, -34.257603286880808 ], [ -62.302280566825758, -34.254507490776774 ], [ -62.293896557958682, -34.25286426631979 ], [ -62.28194325464306, -34.251130609080732 ], [ -62.270704857176817, -34.250558559167622 ], [ -62.266420394141079, -34.249858264991637 ], [ -62.264839380983318, -34.249230020007765 ], [ -62.26051912924919, -34.243067391335188 ], [ -62.256165398360636, -34.229731892963336 ] ] ] } },
{ "type": "Feature", "properties": { "Código": "01907-0010643-5", "Nombre": "Canal obra sin registrar", "Estado": null, "Datos": null, "Tipo": "Clandestino", "Region": null, "Cuenca": null, "Obra": null, "Localidad": "Lazzarino", "C Cuenca": null, "Direccion": null, "Resp.": null, "Dpto": "General Lopez" }, "geometry": { "type": "MultiLineString", "coordinates": [ [ [ -62.355318761009372, -34.288477803342701 ], [ -62.356870047862273, -34.291357352427937 ], [ -62.359836589946319, -34.293657285025333 ] ] ] } },
{ "type": "Feature", "properties": { "Código": "01907-0010643-5", "Nombre": "Canal obra sin registrar", "Estado": null, "Datos": null, "Tipo": "Clandestino", "Region": null, "Cuenca": null, "Obra": null, "Localidad": "Lazzarino", "C Cuenca": null, "Direccion": null, "Resp.": null, "Dpto": "General Lopez" }, "geometry": { "type": "MultiLineString", "coordinates": [ [ [ -62.363863645207722, -34.324690902931458 ], [ -62.367889050132206, -34.317032126055217 ], [ -62.372967289540881, -34.311681821382173 ], [ -62.378096775342598, -34.307130740805654 ], [ -62.378216326111449, -34.30644660928477 ], [ -62.381079938624616, -34.305449406867197 ], [ -62.382877816674551, -34.303990815471948 ], [ -62.387391813304788, -34.303297918516385 ] ] ] } },
{ "type": "Feature", "properties": { "Código": "01907-0010643-5", "Nombre": "Canal obra sin registrar", "Estado": null, "Datos": null, "Tipo": "Clandestino", "Region": null, "Cuenca": null, "Obra": null, "Localidad": "Lazzarino", "C Cuenca": null, "Direccion": null, "Resp.": null, "Dpto": "General Lopez" }, "geometry": { "type": "MultiLineString", "coordinates": [ [ [ -62.359492859565194, -34.308309263146377 ], [ -62.374614548898577, -34.30585837744588 ] ] ] } },
{ "type": "Feature", "properties": { "Código": "01907-0010643-5", "Nombre": "Canal obra sin registrar", "Estado": null, "Datos": null, "Tipo": "Clandestino", "Region": null, "Cuenca": null, "Obra": null, "Localidad": "Aaron Castellanos", "C Cuenca": null, "Direccion": null, "Resp.": null, "Dpto": "General Lopez" }, "geometry": { "type": "MultiLineString", "coordinates": [ [ [ -62.362904391242466, -34.322377547462629 ], [ -62.355477081398043, -34.323907985880879 ] ] ] } },
{ "type": "Feature", "properties": { "Código": "01907-0010643-5", "Nombre": "Canal obra sin registrar", "Estado": null, "Datos": null, "Tipo": "Clandestino", "Region": null, "Cuenca": null, "Obra": null, "Localidad": "Aaron Castellanos", "C Cuenca": null, "Direccion": null, "Resp.": null, "Dpto": "General Lopez" }, "geometry": { "type": "MultiLineString", "coordinates": [ [ [ -62.363004135434501, -34.322961213907824 ], [ -62.363080005264187, -34.323694312545449 ], [ -62.362802082680766, -34.324025125437196 ], [ -62.3614905454628, -34.32454613153601 ], [ -62.361166061438155, -34.325586449730118 ] ] ] } },
{ "type": "Feature", "properties": { "Código": "01907-0010643-5", "Nombre": "Ruta sin título", "Estado": null, "Datos": null, "Tipo": "Clandestino", "Region": null, "Cuenca": null, "Obra": null, "Localidad": "Aaron Castellanos", "C Cuenca": null, "Direccion": null, "Resp.": null, "Dpto": "General Lopez" }, "geometry": { "type": "MultiLineString", "coordinates": [ [ [ -62.356649299388252, -34.313309176415338 ], [ -62.360202298243081, -34.312646109338573 ] ] ] } },
{ "type": "Feature", "properties": { "Código": "01907-0010643-5", "Nombre": "Canal obra sin registrar", "Estado": null, "Datos": null, "Tipo": "Clandestino", "Region": null, "Cuenca": null, "Obra": null, "Localidad": "Aaron Castellanos", "C Cuenca": null, "Direccion": null, "Resp.": null, "Dpto": "General Lopez" }, "geometry": { "type": "MultiLineString", "coordinates": [ [ [ -62.360609667371747, -34.314671872921956 ], [ -62.358374417537782, -34.31520928511901 ] ] ] } },
{ "type": "Feature", "properties": { "Código": "01907-0017757-0", "Nombre": "Canal no registrado", "Estado": null, "Datos": null, "Tipo": "Clandestino", "Region": null, "Cuenca": null, "Obra": null, "Localidad": "Wheelwright", "C Cuenca": null, "Direccion": null, "Resp.": null, "Dpto": "General Lopez" }, "geometry": { "type": "MultiLineString", "coordinates": [ [ [ -61.281862949614506, -33.960320905193974 ], [ -61.28129605182415, -33.959442628698191 ], [ -61.278912451260766, -33.953053301432924 ], [ -61.275236303894935, -33.950010587882268 ], [ -61.271834674924435, -33.943240674987152 ], [ -61.270982762991451, -33.938792322233937 ], [ -61.269526406029421, -33.934273624179568 ], [ -61.269144582421127, -33.929488532675236 ], [ -61.26852487390294, -33.924463162781358 ], [ -61.267418409086851, -33.920084938021461 ], [ -61.263473070876749, -33.916151185600498 ], [ -61.257987824295817, -33.912879831151173 ], [ -61.262067520598364, -33.909044195968221 ], [ -61.250982954414241, -33.899913804386898 ] ] ] } },
{ "type": "Feature", "properties": { "Código": "01907-0010314-0", "Nombre": "CANAL CLANDESTINO", "Estado": null, "Datos": null, "Tipo": "Clandestino", "Region": null, "Cuenca": null, "Obra": null, "Localidad": "Ingeniero Chanourdie", "C Cuenca": null, "Direccion": null, "Resp.": null, "Dpto": "General Obligado" }, "geometry": { "type": "MultiLineString", "coordinates": [ [ [ -59.621460182771173, -28.682894251349826 ], [ -59.616481690659242, -28.683449778152621 ] ] ] } },
{ "type": "Feature", "properties": { "Código": "01907-0020010-0", "Nombre": "Obra Terraplen no registrada", "Estado": null, "Datos": null, "Tipo": "Clandestino", "Region": null, "Cuenca": null, "Obra": null, "Localidad": "Bernardo de Irigoyen", "C Cuenca": null, "Direccion": null, "Resp.": null, "Dpto": "San Jeronimo" }, "geometry": { "type": "MultiLineString", "coordinates": [ [ [ -61.34612363975436, -32.196894855696968 ], [ -61.33811971849812, -32.198369423787 ] ] ] } },
{ "type": "Feature", "properties": { "Código": "01801-0052289-0", "Nombre": "Canal", "Estado": null, "Datos": null, "Tipo": "Clandestino", "Region": null, "Cuenca": null, "Obra": null, "Localidad": "Santa Isabel", "C Cuenca": null, "Direccion": null, "Resp.": null, "Dpto": "General Lopez" }, "geometry": { "type": "MultiLineString", "coordinates": [ [ [ -61.735362466334969, -33.990032833726431 ], [ -61.736670868184369, -33.9872164785723 ], [ -61.738214379881505, -33.984634441969419 ], [ -61.738699167858172, -33.984415713540507 ], [ -61.739198470043917, -33.984086676945665 ], [ -61.741547115072706, -33.982869494606334 ], [ -61.741778803267962, -33.982869406435775 ], [ -61.743300740477295, -33.982757402777331 ], [ -61.744261526478404, -33.977714454692787 ], [ -61.741880131941997, -33.95874344039953 ], [ -61.746255265556201, -33.952690218945733 ], [ -61.746652308525526, -33.951774115746979 ], [ -61.746693933618928, -33.946428766983978 ], [ -61.746478345882082, -33.93612434149923 ], [ -61.745753553198135, -33.922417913077851 ] ] ] } },
{ "type": "Feature", "properties": { "Código": "01901-0001637-0", "Nombre": "Canal", "Estado": null, "Datos": null, "Tipo": "Clandestino", "Region": null, "Cuenca": null, "Obra": null, "Localidad": "Bernardo de Irigoyen", "C Cuenca": null, "Direccion": null, "Resp.": null, "Dpto": "San Jeronimo" }, "geometry": { "type": "MultiLineString", "coordinates": [ [ [ -61.228391586888982, -32.111056556276225 ], [ -61.175971760714567, -32.120810717201991 ] ] ] } },
{ "type": "Feature", "properties": { "Código": "01907-0003989-0", "Nombre": "Canal", "Estado": null, "Datos": null, "Tipo": "Clandestino", "Region": null, "Cuenca": null, "Obra": null, "Localidad": "Villa Trinidad", "C Cuenca": null, "Direccion": null, "Resp.": null, "Dpto": "San Cristobal" }, "geometry": { "type": "MultiLineString", "coordinates": [ [ [ -61.824390859620806, -30.214863336306912 ], [ -61.830911753081253, -30.243937164778764 ] ] ] } },
{ "type": "Feature", "properties": { "Código": "01801-0045924-0", "Nombre": "Canal no autorizado", "Estado": null, "Datos": null, "Tipo": "Clandestino", "Region": null, "Cuenca": null, "Obra": null, "Localidad": "Arequito", "C Cuenca": null, "Direccion": null, "Resp.": null, "Dpto": "Caseros" }, "geometry": { "type": "MultiLineString", "coordinates": [ [ [ -61.48874221025234, -33.241269571207262 ], [ -61.491623810378371, -33.237598446422311 ], [ -61.495462680021355, -33.239726648307403 ], [ -61.498204527072772, -33.236337275670671 ], [ -61.502071715363051, -33.23827936779859 ], [ -61.504859923924776, -33.239676337872929 ], [ -61.505662347892148, -33.240583252526633 ], [ -61.506177699546448, -33.241233976122828 ] ] ] } },
{ "type": "Feature", "properties": { "Código": "01801-0045924-0", "Nombre": "Ruta sin título", "Estado": null, "Datos": null, "Tipo": "Clandestino", "Region": null, "Cuenca": null, "Obra": null, "Localidad": "Arequito", "C Cuenca": null, "Direccion": null, "Resp.": null, "Dpto": "Caseros" }, "geometry": { "type": "MultiLineString", "coordinates": [ [ [ -61.500397706618259, -33.247628527942481 ], [ -61.475253119568642, -33.233770399001749 ], [ -61.475051490632964, -33.232265667155687 ], [ -61.472281583288392, -33.228375175847994 ], [ -61.473280923444968, -33.226965151595586 ], [ -61.466982915057379, -33.223451128877848 ], [ -61.464104098969038, -33.219732938703444 ], [ -61.461851829998565, -33.217163694172029 ], [ -61.435949714927837, -33.202982047977692 ] ] ] } },
{ "type": "Feature", "properties": { "Código": "01801-0045924-0", "Nombre": "Ruta sin título", "Estado": null, "Datos": null, "Tipo": "Clandestino", "Region": null, "Cuenca": null, "Obra": null, "Localidad": "Arequito", "C Cuenca": null, "Direccion": null, "Resp.": null, "Dpto": "Caseros" }, "geometry": { "type": "MultiLineString", "coordinates": [ [ [ -61.470501235282413, -33.227212136704622 ], [ -61.469803792756551, -33.225966408439554 ], [ -61.469079797322721, -33.225548080303469 ], [ -61.469095498758875, -33.225177369553847 ], [ -61.469333926538454, -33.224782176009562 ] ] ] } },
{ "type": "Feature", "properties": { "Código": "01801-0025591-0", "Nombre": "Canal", "Estado": null, "Datos": null, "Tipo": "Clandestino", "Region": null, "Cuenca": null, "Obra": null, "Localidad": "Cañada del Ucle", "C Cuenca": null, "Direccion": null, "Resp.": null, "Dpto": "Caseros" }, "geometry": { "type": "MultiLineString", "coordinates": [ [ [ -61.633364085615341, -33.376515319599868 ], [ -61.620929819161695, -33.369573908582595 ], [ -61.611871193877136, -33.380807210054947 ], [ -61.609779843369985, -33.378785169067385 ], [ -61.605564911573737, -33.374498097023263 ], [ -61.604276111621232, -33.373040140908763 ], [ -61.603087607493464, -33.37187469008736 ], [ -61.59544032210848, -33.362636565664793 ] ] ] } },
{ "type": "Feature", "properties": { "Código": "01801-0025591-0", "Nombre": "Terraplen", "Estado": null, "Datos": null, "Tipo": "Clandestino", "Region": null, "Cuenca": null, "Obra": null, "Localidad": "Cañada del Ucle", "C Cuenca": null, "Direccion": null, "Resp.": null, "Dpto": "Caseros" }, "geometry": { "type": "MultiLineString", "coordinates": [ [ [ -61.612849771034021, -33.380348215334621 ], [ -61.612160028594701, -33.381196491700074 ], [ -61.61281907106342, -33.380384689414186 ] ] ] } },
{ "type": "Feature", "properties": { "Código": "01801-0025591-0", "Nombre": "Terraplen", "Estado": null, "Datos": null, "Tipo": "Clandestino", "Region": null, "Cuenca": null, "Obra": null, "Localidad": "Cañada del Ucle", "C Cuenca": null, "Direccion": null, "Resp.": null, "Dpto": "Caseros" }, "geometry": { "type": "MultiLineString", "coordinates": [ [ [ -61.609998599367977, -33.378598573733719 ], [ -61.609468191551478, -33.379017877703035 ] ] ] } },
{ "type": "Feature", "properties": { "Código": "01801-0025591-0", "Nombre": "Alcantarilla", "Estado": null, "Datos": null, "Tipo": "Clandestino", "Region": null, "Cuenca": null, "Obra": null, "Localidad": "Cañada del Ucle", "C Cuenca": null, "Direccion": null, "Resp.": null, "Dpto": "Caseros" }, "geometry": { "type": "MultiLineString", "coordinates": [ [ [ -61.605647883417888, -33.374419516902712 ], [ -61.605543904437432, -33.374505886202584 ] ] ] } },
{ "type": "Feature", "properties": { "Código": "01801-0025591-0", "Nombre": "Ruta sin título", "Estado": null, "Datos": null, "Tipo": "Clandestino", "Region": null, "Cuenca": null, "Obra": null, "Localidad": "Cañada del Ucle", "C Cuenca": null, "Direccion": null, "Resp.": null, "Dpto": "Caseros" }, "geometry": { "type": "MultiLineString", "coordinates": [ [ [ -61.611270494423451, -33.380440270170624 ], [ -61.611156864200957, -33.380541447243615 ], [ -61.611506898943347, -33.380122032143113 ] ] ] } },
{ "type": "Feature", "properties": { "Código": "01801-0025591-0", "Nombre": "Alcantarilla mal estado", "Estado": null, "Datos": null, "Tipo": "Clandestino", "Region": null, "Cuenca": null, "Obra": null, "Localidad": "Cañada del Ucle", "C Cuenca": null, "Direccion": null, "Resp.": null, "Dpto": "Caseros" }, "geometry": { "type": "MultiLineString", "coordinates": [ [ [ -61.601209139030438, -33.369511981279686 ], [ -61.60097789978078, -33.369468570493822 ] ] ] } },
{ "type": "Feature", "properties": { "Código": "01801-0025591-0", "Nombre": "Alcantarilla", "Estado": null, "Datos": null, "Tipo": "Clandestino", "Region": null, "Cuenca": null, "Obra": null, "Localidad": "Cañada del Ucle", "C Cuenca": null, "Direccion": null, "Resp.": null, "Dpto": "Caseros" }, "geometry": { "type": "MultiLineString", "coordinates": [ [ [ -61.601417416744582, -33.369770916975419 ], [ -61.601335956193708, -33.369969330606224 ] ] ] } },
{ "type": "Feature", "properties": { "Código": "01803-0020662-0", "Nombre": "Canal clandetino", "Estado": null, "Datos": null, "Tipo": "Clandestino", "Region": null, "Cuenca": null, "Obra": null, "Localidad": "Vera y Pintado", "C Cuenca": null, "Direccion": null, "Resp.": null, "Dpto": "San Justo" }, "geometry": { "type": "MultiLineString", "coordinates": [ [ [ -60.330994893626965, -30.117424745216564 ], [ -60.329990251721732, -30.117479966160566 ], [ -60.329400871558803, -30.117406838920655 ], [ -60.328883418767816, -30.115291375384153 ], [ -60.328738132835788, -30.115138816804045 ], [ -60.308100199231475, -30.118445420391556 ] ] ] } },
{ "type": "Feature", "properties": { "Código": "01803-0020662-0", "Nombre": "Canales", "Estado": null, "Datos": null, "Tipo": "Clandestino", "Region": null, "Cuenca": null, "Obra": null, "Localidad": "Vera y Pintado", "C Cuenca": null, "Direccion": null, "Resp.": null, "Dpto": "San Justo" }, "geometry": { "type": "MultiLineString", "coordinates": [ [ [ -60.294565759449512, -30.11696668781417 ], [ -60.306893892419836, -30.115247640089258 ], [ -60.307121448096318, -30.115441286331482 ], [ -60.308043843047642, -30.118526832628625 ], [ -60.292677864844144, -30.120826448571016 ], [ -60.308015995557128, -30.118582605371135 ], [ -60.308063822208879, -30.118776600582152 ], [ -60.308402504151189, -30.120137823885518 ], [ -60.306099469359395, -30.120496972393493 ], [ -60.308294793131139, -30.120137862690502 ], [ -60.308401116116592, -30.120343391675522 ], [ -60.309133322580664, -30.124474202132738 ], [ -60.304918390535725, -30.125182359447344 ] ] ] } },
{ "type": "Feature", "properties": { "Código": "01907-0009538-0", "Nombre": "Canal", "Estado": null, "Datos": null, "Tipo": "Clandestino", "Region": null, "Cuenca": null, "Obra": null, "Localidad": "San Gregorio", "C Cuenca": null, "Direccion": null, "Resp.": null, "Dpto": "General Lopez" }, "geometry": { "type": "MultiLineString", "coordinates": [ [ [ -61.99666411876612, -34.297096790652191 ], [ -61.996356719351702, -34.297081281346941 ], [ -61.996236621655171, -34.297003126936765 ], [ -61.995918031926486, -34.296718508000602 ], [ -61.995447785864435, -34.296579468025946 ], [ -61.995094684409452, -34.29650020692479 ], [ -61.994663853329818, -34.296437205177504 ], [ -61.994110019276235, -34.296390970384252 ], [ -61.993701229721495, -34.296262079521789 ], [ -61.993151952058433, -34.2958904288094 ] ] ] } },
{ "type": "Feature", "properties": { "Código": "01801-0052669-0", "Nombre": "Canal obra no registrada", "Estado": null, "Datos": null, "Tipo": "Clandestino", "Region": null, "Cuenca": null, "Obra": null, "Localidad": "Desvio Arijon", "C Cuenca": null, "Direccion": null, "Resp.": null, "Dpto": "San Jeronimo" }, "geometry": { "type": "MultiLineString", "coordinates": [ [ [ -60.854476448981409, -31.821693366827805 ], [ -60.871198094439492, -31.81900751924962 ] ] ] } },
{ "type": "Feature", "properties": { "Código": "01801-0052669-0", "Nombre": "Canal obra no registrada", "Estado": null, "Datos": null, "Tipo": "Clandestino", "Region": null, "Cuenca": null, "Obra": null, "Localidad": "Desvio Arijon", "C Cuenca": null, "Direccion": null, "Resp.": null, "Dpto": "San Jeronimo" }, "geometry": { "type": "MultiLineString", "coordinates": [ [ [ -60.885260352056925, -31.865670331145861 ], [ -60.878789046416351, -31.867092315520871 ] ] ] } },
{ "type": "Feature", "properties": { "Código": "01801-0052669-0", "Nombre": "Canal obra no registrada", "Estado": null, "Datos": null, "Tipo": "Clandestino", "Region": null, "Cuenca": null, "Obra": null, "Localidad": "Desvio Arijon", "C Cuenca": null, "Direccion": null, "Resp.": null, "Dpto": "San Jeronimo" }, "geometry": { "type": "MultiLineString", "coordinates": [ [ [ -60.879162074094872, -31.857071030045077 ], [ -60.879217771868653, -31.859003246329205 ] ] ] } },
{ "type": "Feature", "properties": { "Código": "01801-0052669-0", "Nombre": "Canal obra no registrada", "Estado": null, "Datos": null, "Tipo": "Clandestino", "Region": null, "Cuenca": null, "Obra": null, "Localidad": "Desvio Arijon", "C Cuenca": null, "Direccion": null, "Resp.": null, "Dpto": "San Jeronimo" }, "geometry": { "type": "MultiLineString", "coordinates": [ [ [ -60.862530285872879, -31.846340222533374 ], [ -60.863113688465965, -31.847132820655698 ], [ -60.863436361990203, -31.847151478051178 ], [ -60.863638423244723, -31.847350286219555 ], [ -60.863649397131439, -31.847356992775872 ], [ -60.863651517720541, -31.847359124939331 ], [ -60.863986411618114, -31.847467034748679 ] ] ] } },
{ "type": "Feature", "properties": { "Código": "01801-0052669-0", "Nombre": "Canal obra no registrada", "Estado": null, "Datos": null, "Tipo": "Clandestino", "Region": null, "Cuenca": null, "Obra": null, "Localidad": "Desvio Arijon", "C Cuenca": null, "Direccion": null, "Resp.": null, "Dpto": "San Jeronimo" }, "geometry": { "type": "MultiLineString", "coordinates": [ [ [ -60.859166927271765, -31.827525369827686 ], [ -60.861758358550112, -31.82560848916804 ], [ -60.872318615345307, -31.823255095808538 ] ] ] } },
{ "type": "Feature", "properties": { "Código": "01801-0052669-0", "Nombre": "Canal obra no registrada", "Estado": null, "Datos": null, "Tipo": "Clandestino", "Region": null, "Cuenca": null, "Obra": null, "Localidad": "Desvio Arijon", "C Cuenca": null, "Direccion": null, "Resp.": null, "Dpto": "San Jeronimo" }, "geometry": { "type": "MultiLineString", "coordinates": [ [ [ -60.880672227366432, -31.824311065065519 ], [ -60.874020529377027, -31.825456442810584 ] ] ] } },
{ "type": "Feature", "properties": { "Código": "01801-0052669-0", "Nombre": "Canal obra no registrada", "Estado": null, "Datos": null, "Tipo": "Clandestino", "Region": null, "Cuenca": null, "Obra": null, "Localidad": "Desvio Arijon", "C Cuenca": null, "Direccion": null, "Resp.": null, "Dpto": "San Jeronimo" }, "geometry": { "type": "MultiLineString", "coordinates": [ [ [ -60.877961408926367, -31.824710454628985 ], [ -60.877052358804569, -31.822758466004899 ] ] ] } },
{ "type": "Feature", "properties": { "Código": "01801-0052669-0", "Nombre": "Canal obra no registrada", "Estado": null, "Datos": null, "Tipo": "Clandestino", "Region": null, "Cuenca": null, "Obra": null, "Localidad": "Desvio Arijon", "C Cuenca": null, "Direccion": null, "Resp.": null, "Dpto": "San Jeronimo" }, "geometry": { "type": "MultiLineString", "coordinates": [ [ [ -60.862465418485634, -31.829674182044137 ], [ -60.865238450729535, -31.829294513966797 ] ] ] } },
{ "type": "Feature", "properties": { "Código": "01801-0052669-0", "Nombre": "Canal obra no registrada", "Estado": null, "Datos": null, "Tipo": "Clandestino", "Region": null, "Cuenca": null, "Obra": null, "Localidad": "Desvio Arijon", "C Cuenca": null, "Direccion": null, "Resp.": null, "Dpto": "San Jeronimo" }, "geometry": { "type": "MultiLineString", "coordinates": [ [ [ -60.863776344501623, -31.831300110546138 ], [ -60.865038072735459, -31.831154980107847 ] ] ] } },
{ "type": "Feature", "properties": { "Código": "01801-0052669-0", "Nombre": "Canal obra no registrada", "Estado": null, "Datos": null, "Tipo": "Clandestino", "Region": null, "Cuenca": null, "Obra": null, "Localidad": "Desvio Arijon", "C Cuenca": null, "Direccion": null, "Resp.": null, "Dpto": "San Jeronimo" }, "geometry": { "type": "MultiLineString", "coordinates": [ [ [ -60.864159240378676, -31.831967000732167 ], [ -60.864885279174771, -31.831831404995047 ] ] ] } },
{ "type": "Feature", "properties": { "Código": "01801-0052669-0", "Nombre": "Canal obra no registrada", "Estado": null, "Datos": null, "Tipo": "Clandestino", "Region": null, "Cuenca": null, "Obra": null, "Localidad": "Desvio Arijon", "C Cuenca": null, "Direccion": null, "Resp.": null, "Dpto": "San Jeronimo" }, "geometry": { "type": "MultiLineString", "coordinates": [ [ [ -60.862588101788511, -31.836645297750039 ], [ -60.862770186094956, -31.836862384255266 ], [ -60.862993530839994, -31.837429019386729 ], [ -60.863201324712655, -31.837671919895246 ], [ -60.863148458996555, -31.837947638065188 ] ] ] } },
{ "type": "Feature", "properties": { "Código": "01801-0052669-0", "Nombre": "Canal obra no registrada", "Estado": null, "Datos": null, "Tipo": "Clandestino", "Region": null, "Cuenca": null, "Obra": null, "Localidad": "Desvio Arijon", "C Cuenca": null, "Direccion": null, "Resp.": null, "Dpto": "San Jeronimo" }, "geometry": { "type": "MultiLineString", "coordinates": [ [ [ -60.865596908986198, -31.838181378529988 ], [ -60.863641562797739, -31.838482130367929 ] ] ] } },
{ "type": "Feature", "properties": { "Código": "01801-0052669-0", "Nombre": "Canal obra no registrada", "Estado": null, "Datos": null, "Tipo": "Clandestino", "Region": null, "Cuenca": null, "Obra": null, "Localidad": "Desvio Arijon", "C Cuenca": null, "Direccion": null, "Resp.": null, "Dpto": "San Jeronimo" }, "geometry": { "type": "MultiLineString", "coordinates": [ [ [ -60.875837533412458, -31.834275263079594 ], [ -60.875494650189211, -31.833206013482776 ], [ -60.872086418361796, -31.833721565946206 ], [ -60.871988901728322, -31.834000907499462 ], [ -60.867561263054661, -31.834669369328672 ] ] ] } },
{ "type": "Feature", "properties": { "Código": "01801-0052669-0", "Nombre": "Canal obra no registrada", "Estado": null, "Datos": null, "Tipo": "Clandestino", "Region": null, "Cuenca": null, "Obra": null, "Localidad": "Desvio Arijon", "C Cuenca": null, "Direccion": null, "Resp.": null, "Dpto": "San Jeronimo" }, "geometry": { "type": "MultiLineString", "coordinates": [ [ [ -60.881067296181698, -31.851938079513911 ], [ -60.875774332576597, -31.854911545880164 ], [ -60.875900690140341, -31.855762747484331 ], [ -60.875894081514069, -31.855818617305417 ], [ -60.875373511262218, -31.856747991232641 ], [ -60.874988789337628, -31.857246077425042 ], [ -60.87504559387952, -31.857822111441791 ], [ -60.873953470569376, -31.858430547563966 ] ] ] } },
{ "type": "Feature", "properties": { "Código": "01801-0052669-0", "Nombre": "Canal obra no registrada", "Estado": null, "Datos": null, "Tipo": "Clandestino", "Region": null, "Cuenca": null, "Obra": null, "Localidad": "Desvio Arijon", "C Cuenca": null, "Direccion": null, "Resp.": null, "Dpto": "San Jeronimo" }, "geometry": { "type": "MultiLineString", "coordinates": [ [ [ -60.882240597369226, -31.867727771521846 ], [ -60.882371623670657, -31.868144299856311 ] ] ] } },
{ "type": "Feature", "properties": { "Código": "01801-0052669-0", "Nombre": "Canal obra no registrada", "Estado": null, "Datos": null, "Tipo": "Clandestino", "Region": null, "Cuenca": null, "Obra": null, "Localidad": "Desvio Arijon", "C Cuenca": null, "Direccion": null, "Resp.": null, "Dpto": "San Jeronimo" }, "geometry": { "type": "MultiLineString", "coordinates": [ [ [ -60.887049124181409, -31.870133543157724 ], [ -60.886920250072308, -31.870201344956474 ], [ -60.887079140166009, -31.870566447189983 ], [ -60.886850782249006, -31.870693351056833 ] ] ] } },
{ "type": "Feature", "properties": { "Código": "01907-0002203-0", "Nombre": "Camino referenciado en el informe", "Estado": null, "Datos": null, "Tipo": "Clandestino", "Region": null, "Cuenca": null, "Obra": null, "Localidad": "Bernardo de IrigoyenBernardo de Irigoyen", "C Cuenca": null, "Direccion": null, "Resp.": null, "Dpto": "San Jeronimo" }, "geometry": { "type": "MultiLineString", "coordinates": [ [ [ -61.176216899157296, -32.120846030498129 ], [ -61.206432685298616, -32.115305999388042 ] ] ] } },
{ "type": "Feature", "properties": { "Código": "01907-0010073-0", "Nombre": "Canal", "Estado": null, "Datos": null, "Tipo": "Clandestino", "Region": null, "Cuenca": null, "Obra": null, "Localidad": "Sa Pereyra", "C Cuenca": null, "Direccion": null, "Resp.": null, "Dpto": "Las Colonias" }, "geometry": { "type": "MultiLineString", "coordinates": [ [ [ -61.330039423550218, -31.608822615609668 ], [ -61.328062267859963, -31.600459807550976 ], [ -61.337788503060061, -31.599055752207338 ] ] ] } },
{ "type": "Feature", "properties": { "Código": "01907-0010066-0", "Nombre": "CC1 modificado ?", "Estado": null, "Datos": null, "Tipo": "Clandestino", "Region": null, "Cuenca": null, "Obra": null, "Localidad": "San Vicente", "C Cuenca": null, "Direccion": null, "Resp.": null, "Dpto": "Castellanos" }, "geometry": { "type": "MultiLineString", "coordinates": [ [ [ -61.556009143376279, -31.64234815042116 ], [ -61.551408534032262, -31.641944524178889 ] ] ] } },
{ "type": "Feature", "properties": { "Código": "01907-0010066-0", "Nombre": "CC2 modificado ?", "Estado": null, "Datos": null, "Tipo": "Clandestino", "Region": null, "Cuenca": null, "Obra": null, "Localidad": "San Vicente", "C Cuenca": null, "Direccion": null, "Resp.": null, "Dpto": "Castellanos" }, "geometry": { "type": "MultiLineString", "coordinates": [ [ [ -61.554805925668461, -31.642615718781098 ], [ -61.554208863645478, -31.642412234455165 ], [ -61.553743218030412, -31.642153981298069 ] ] ] } },
{ "type": "Feature", "properties": { "Código": "01907-0010066-0", "Nombre": "CC nuevo ?", "Estado": null, "Datos": null, "Tipo": "Clandestino", "Region": null, "Cuenca": null, "Obra": null, "Localidad": "San Vicente", "C Cuenca": null, "Direccion": null, "Resp.": null, "Dpto": "Castellanos" }, "geometry": { "type": "MultiLineString", "coordinates": [ [ [ -61.553632237204823, -31.642486680625819 ], [ -61.553655364912302, -31.642486350100565 ], [ -61.555091535845101, -31.642267415439775 ] ] ] } },
{ "type": "Feature", "properties": { "Código": "01907-0010066-0", "Nombre": "CC3 tapado?", "Estado": null, "Datos": null, "Tipo": "Clandestino", "Region": null, "Cuenca": null, "Obra": null, "Localidad": "San Vicente", "C Cuenca": null, "Direccion": null, "Resp.": null, "Dpto": "Castellanos" }, "geometry": { "type": "MultiLineString", "coordinates": [ [ [ -61.55356483121983, -31.642820598409877 ], [ -61.553026734202788, -31.642123610180359 ] ] ] } },
{ "type": "Feature", "properties": { "Código": "01907-0010066-0", "Nombre": "Canal", "Estado": null, "Datos": null, "Tipo": "Clandestino", "Region": null, "Cuenca": null, "Obra": null, "Localidad": "San Vicente", "C Cuenca": null, "Direccion": null, "Resp.": null, "Dpto": "Castellanos" }, "geometry": { "type": "MultiLineString", "coordinates": [ [ [ -61.547416278012818, -31.641353608577226 ], [ -61.547986159666685, -31.641408114472558 ], [ -61.548273596190043, -31.641455417949789 ], [ -61.550673402682257, -31.64220260079269 ] ] ] } },
{ "type": "Feature", "properties": { "Código": "01907-0010066-0", "Nombre": "Bordo", "Estado": null, "Datos": null, "Tipo": "Clandestino", "Region": null, "Cuenca": null, "Obra": null, "Localidad": "San Vicente", "C Cuenca": null, "Direccion": null, "Resp.": null, "Dpto": "Castellanos" }, "geometry": { "type": "MultiLineString", "coordinates": [ [ [ -61.551379294795709, -31.641628005105886 ], [ -61.551499083730121, -31.642279506651025 ] ] ] } },
{ "type": "Feature", "properties": { "Código": "01802-0018190-0", "Nombre": "Canal", "Estado": null, "Datos": null, "Tipo": "Clandestino", "Region": null, "Cuenca": null, "Obra": null, "Localidad": "Venado Tuerto", "C Cuenca": null, "Direccion": null, "Resp.": null, "Dpto": "General Lopez" }, "geometry": { "type": "MultiLineString", "coordinates": [ [ [ -61.97149821184221, -33.929211628097882 ], [ -61.975962641628321, -33.923093364227455 ], [ -61.974915392829779, -33.922537352373972 ], [ -61.973982767278301, -33.918019831595593 ], [ -61.973580536172918, -33.912773738516961 ], [ -61.974883986196566, -33.911229587924467 ] ] ] } },
{ "type": "Feature", "properties": { "Código": "01802-0018190-0", "Nombre": "Canal", "Estado": null, "Datos": null, "Tipo": "Clandestino", "Region": null, "Cuenca": null, "Obra": null, "Localidad": "Venado Tuerto", "C Cuenca": null, "Direccion": null, "Resp.": null, "Dpto": "General Lopez" }, "geometry": { "type": "MultiLineString", "coordinates": [ [ [ -61.976450684842547, -33.909269494022482 ], [ -61.976686970258811, -33.909607069499494 ], [ -61.976827765921684, -33.910377935512436 ] ] ] } },
{ "type": "Feature", "properties": { "Código": "01802-0018190-0", "Nombre": "Canal", "Estado": null, "Datos": null, "Tipo": "Clandestino", "Region": null, "Cuenca": null, "Obra": null, "Localidad": "Venado Tuerto", "C Cuenca": null, "Direccion": null, "Resp.": null, "Dpto": "General Lopez" }, "geometry": { "type": "MultiLineString", "coordinates": [ [ [ -61.973270513386524, -33.907843414813826 ], [ -61.973358981258201, -33.90775341544466 ], [ -61.973487484056427, -33.907734073075808 ], [ -61.973612787828124, -33.907813474804414 ], [ -61.973811948518851, -33.907913923874816 ] ] ] } },
{ "type": "Feature", "properties": { "Código": "01802-0018161-2", "Nombre": "Obra no declarada", "Estado": null, "Datos": null, "Tipo": "Clandestino", "Region": null, "Cuenca": null, "Obra": null, "Localidad": "Wheelwright", "C Cuenca": null, "Direccion": null, "Resp.": null, "Dpto": "General Lopez" }, "geometry": { "type": "MultiLineString", "coordinates": [ [ [ -61.150631431682989, -33.838069058583521 ], [ -61.145704004417993, -33.834020246433482 ], [ -61.139125582813669, -33.839371301265267 ], [ -61.137666585640808, -33.838147920099367 ], [ -61.135682931874307, -33.839901437250163 ], [ -61.134904885101733, -33.839303656446958 ], [ -61.132800469130572, -33.83907399178706 ] ] ] } },
{ "type": "Feature", "properties": { "Código": "01803-0018917-2", "Nombre": "Canal Secundario", "Estado": null, "Datos": null, "Tipo": "Clandestino", "Region": null, "Cuenca": null, "Obra": null, "Localidad": "Ceres", "C Cuenca": null, "Direccion": null, "Resp.": null, "Dpto": "San Cristobal" }, "geometry": { "type": "MultiLineString", "coordinates": [ [ [ -61.924659269496466, -29.904290583503467 ], [ -61.878491314864931, -29.902948272845876 ], [ -61.878729907454833, -29.891589366817826 ], [ -61.871140826685952, -29.891346512437561 ] ] ] } },
{ "type": "Feature", "properties": { "Código": "01803-0018917-2", "Nombre": "Corte camino para desague", "Estado": null, "Datos": null, "Tipo": "Clandestino", "Region": null, "Cuenca": null, "Obra": null, "Localidad": "Ceres", "C Cuenca": null, "Direccion": null, "Resp.": null, "Dpto": "San Cristobal" }, "geometry": { "type": "MultiLineString", "coordinates": [ [ [ -61.903185439769508, -29.903573153350727 ], [ -61.903301901111803, -29.904265966338091 ] ] ] } },
{ "type": "Feature", "properties": { "Código": "01803-0018917-2", "Nombre": "Camino intewrrumpido", "Estado": null, "Datos": null, "Tipo": "Clandestino", "Region": null, "Cuenca": null, "Obra": null, "Localidad": "Ceres", "C Cuenca": null, "Direccion": null, "Resp.": null, "Dpto": "San Cristobal" }, "geometry": { "type": "MultiLineString", "coordinates": [ [ [ -61.897682525848801, -29.903481610559826 ], [ -61.897678885630881, -29.903863841753374 ] ] ] } },
{ "type": "Feature", "properties": { "Código": "01803-0018917-2", "Nombre": "Desvio de camino para el acceso interno de la propiedad", "Estado": null, "Datos": null, "Tipo": "Clandestino", "Region": null, "Cuenca": null, "Obra": null, "Localidad": "Ceres", "C Cuenca": null, "Direccion": null, "Resp.": null, "Dpto": "San Cristobal" }, "geometry": { "type": "MultiLineString", "coordinates": [ [ [ -61.903511973455473, -29.903325078368436 ], [ -61.902081330461378, -29.926187304005332 ], [ -61.889908866418615, -29.926108968453534 ] ] ] } },
{ "type": "Feature", "properties": { "Código": "16101-0157453-2", "Nombre": "Canal no autorizado", "Estado": null, "Datos": null, "Tipo": "Clandestino", "Region": null, "Cuenca": null, "Obra": null, "Localidad": "Chapuy", "C Cuenca": null, "Direccion": null, "Resp.": null, "Dpto": "General Lopez" }, "geometry": { "type": "MultiLineString", "coordinates": [ [ [ -61.857503949485356, -33.816724253010371 ], [ -61.833600174145232, -33.82103567601412 ], [ -61.835063906981595, -33.815825718151345 ], [ -61.834676648039945, -33.814885513722423 ], [ -61.836241149473373, -33.8127866880724 ] ] ] } },
{ "type": "Feature", "properties": { "Código": "01801-0053835-2", "Nombre": "Obra no declarada", "Estado": null, "Datos": null, "Tipo": "Clandestino", "Region": null, "Cuenca": null, "Obra": null, "Localidad": "Colonia Ana", "C Cuenca": null, "Direccion": null, "Resp.": null, "Dpto": "San Cristobal" }, "geometry": { "type": "MultiLineString", "coordinates": [ [ [ -61.961516474701973, -30.176571043594219 ], [ -61.961543681866438, -30.176434573748757 ] ] ] } },
{ "type": "Feature", "properties": { "Código": "01803-0018265-2", "Nombre": "Obra no declarada", "Estado": null, "Datos": null, "Tipo": "Clandestino", "Region": null, "Cuenca": null, "Obra": null, "Localidad": "Colonia Ana", "C Cuenca": null, "Direccion": null, "Resp.": null, "Dpto": "San Cristobal" }, "geometry": { "type": "MultiLineString", "coordinates": [ [ [ -61.989861818346675, -30.122740368029493 ], [ -61.974290277280808, -30.122450902399258 ], [ -61.974103601240301, -30.122138167155722 ], [ -61.971324880531647, -30.12204466814547 ], [ -61.971174443786701, -30.121320683118377 ], [ -61.971052778666831, -30.121274255059866 ], [ -61.961386319026943, -30.121153915091401 ], [ -61.96809579440923, -30.121215687626798 ] ] ] } },
{ "type": "Feature", "properties": { "Código": "01803-0018265-2", "Nombre": "Obra no declarada", "Estado": null, "Datos": null, "Tipo": "Clandestino", "Region": null, "Cuenca": null, "Obra": null, "Localidad": "Colonia Ana", "C Cuenca": null, "Direccion": null, "Resp.": null, "Dpto": "San Cristobal" }, "geometry": { "type": "MultiLineString", "coordinates": [ [ [ -61.980923590567897, -30.122574432938855 ], [ -61.980823576872581, -30.119850856275839 ] ] ] } },
{ "type": "Feature", "properties": { "Código": "01907-0006447-2", "Nombre": "Canal no registrado", "Estado": null, "Datos": null, "Tipo": "Clandestino", "Region": null, "Cuenca": null, "Obra": null, "Localidad": "Galisteo", "C Cuenca": null, "Direccion": null, "Resp.": null, "Dpto": "Castellanos" }, "geometry": { "type": "MultiLineString", "coordinates": [ [ [ -61.276983333642278, -30.966093283565435 ], [ -61.276569398374676, -30.967229801139993 ], [ -61.260709439638568, -30.969646458452136 ], [ -61.266548345386539, -30.994043044965021 ] ] ] } },
{ "type": "Feature", "properties": { "Código": "01802-0014772-2", "Nombre": "Canal no declarado", "Estado": null, "Datos": null, "Tipo": "Clandestino", "Region": null, "Cuenca": null, "Obra": null, "Localidad": "Arteaga", "C Cuenca": null, "Direccion": null, "Resp.": null, "Dpto": "Caseros" }, "geometry": { "type": "MultiLineString", "coordinates": [ [ [ -61.860016591822152, -33.206138459374415 ], [ -61.855268324960832, -33.196320118786588 ], [ -61.852029979393201, -33.190756941324508 ], [ -61.848084583590541, -33.184694920835192 ] ] ] } },
{ "type": "Feature", "properties": { "Código": "01802-0014772-2", "Nombre": "Canal no declarado", "Estado": null, "Datos": null, "Tipo": "Clandestino", "Region": null, "Cuenca": null, "Obra": null, "Localidad": "Arteaga", "C Cuenca": null, "Direccion": null, "Resp.": null, "Dpto": "Caseros" }, "geometry": { "type": "MultiLineString", "coordinates": [ [ [ -61.844167264747547, -33.175772616751949 ], [ -61.843461159730751, -33.176005707655683 ], [ -61.833266402818992, -33.173350372440964 ], [ -61.824208525340985, -33.177455008513185 ], [ -61.825316110278528, -33.180102273122394 ] ] ] } },
{ "type": "Feature", "properties": { "Código": "01907-0000913-2", "Nombre": "CANALIZACIÓN 1", "Estado": null, "Datos": null, "Tipo": "Clandestino", "Region": null, "Cuenca": null, "Obra": null, "Localidad": "Cayasta", "C Cuenca": null, "Direccion": null, "Resp.": null, "Dpto": "Garay" }, "geometry": { "type": "MultiLineString", "coordinates": [ [ [ -60.255498380554727, -31.292590333164782 ], [ -60.25743862973583, -31.292937846955585 ], [ -60.259061194768648, -31.292478540778969 ], [ -60.265323521274254, -31.290395434048794 ], [ -60.267540586207289, -31.289772724467543 ], [ -60.271601587828037, -31.28860694273326 ], [ -60.275383008992705, -31.287566175285825 ], [ -60.2766162927308, -31.287226715554677 ], [ -60.279584057934976, -31.286416576658482 ], [ -60.286961743045381, -31.285988195092656 ], [ -60.288774252779383, -31.285829610368204 ], [ -60.290908776038975, -31.285373716373822 ], [ -60.29191825561356, -31.284614307915287 ], [ -60.293685684758699, -31.283598220234332 ], [ -60.294920702645996, -31.283994864119347 ], [ -60.296166224793723, -31.284591051154162 ], [ -60.298351155698782, -31.284805180729936 ], [ -60.299873441827827, -31.287168216074065 ], [ -60.30004866696332, -31.291568104760909 ], [ -60.300203062687146, -31.293306639840644 ] ] ] } },
{ "type": "Feature", "properties": { "Código": "01907-0000913-2", "Nombre": "CANALIZACIÓN 2", "Estado": null, "Datos": null, "Tipo": "Clandestino", "Region": null, "Cuenca": null, "Obra": null, "Localidad": "Cayasta", "C Cuenca": null, "Direccion": null, "Resp.": null, "Dpto": "Garay" }, "geometry": { "type": "MultiLineString", "coordinates": [ [ [ -60.262054983877093, -31.29524187203705 ], [ -60.263126405798282, -31.293781100608751 ], [ -60.263206903461821, -31.291136250036672 ] ] ] } },
{ "type": "Feature", "properties": { "Código": "01907-0000913-2", "Nombre": "CANALIZACIÓN 3", "Estado": null, "Datos": null, "Tipo": "Clandestino", "Region": null, "Cuenca": null, "Obra": null, "Localidad": "Cayasta", "C Cuenca": null, "Direccion": null, "Resp.": null, "Dpto": "Garay" }, "geometry": { "type": "MultiLineString", "coordinates": [ [ [ -60.266225808398552, -31.29252879960508 ], [ -60.265700322252769, -31.291916240722177 ], [ -60.265250985596836, -31.290444326409411 ] ] ] } },
{ "type": "Feature", "properties": { "Código": "01907-0000913-2", "Nombre": "CANALIZACIÓN 4", "Estado": null, "Datos": null, "Tipo": "Clandestino", "Region": null, "Cuenca": null, "Obra": null, "Localidad": "Cayasta", "C Cuenca": null, "Direccion": null, "Resp.": null, "Dpto": "Garay" }, "geometry": { "type": "MultiLineString", "coordinates": [ [ [ -60.270048140979561, -31.28901713524537 ], [ -60.271348387740275, -31.286839933953178 ] ] ] } },
{ "type": "Feature", "properties": { "Código": "01907-0000913-2", "Nombre": "CANALIZACIÓN 5", "Estado": null, "Datos": null, "Tipo": "Clandestino", "Region": null, "Cuenca": null, "Obra": null, "Localidad": "Cayasta", "C Cuenca": null, "Direccion": null, "Resp.": null, "Dpto": "Garay" }, "geometry": { "type": "MultiLineString", "coordinates": [ [ [ -60.278902691218839, -31.289919054838347 ], [ -60.278562771004182, -31.289738557510507 ], [ -60.278522077077803, -31.289473747117807 ], [ -60.278352132525292, -31.289423507318098 ], [ -60.277874434794512, -31.287774476393075 ], [ -60.277464499552387, -31.286959479374904 ] ] ] } },
{ "type": "Feature", "properties": { "Código": "01801-0051978-2", "Nombre": "Ruta sin título", "Estado": null, "Datos": null, "Tipo": "Clandestino", "Region": null, "Cuenca": null, "Obra": null, "Localidad": "Salto Grande", "C Cuenca": null, "Direccion": null, "Resp.": null, "Dpto": "Iriondo" }, "geometry": { "type": "MultiLineString", "coordinates": [ [ [ -61.155462855792031, -32.684234921154612 ], [ -61.150331206093846, -32.684385353590848 ], [ -61.148272861244614, -32.683622139393457 ], [ -61.145639084168842, -32.681546891284306 ], [ -61.140871405430197, -32.678053679409039 ], [ -61.138343429557281, -32.676461645949622 ], [ -61.13723895135778, -32.676410875660856 ], [ -61.132664441247741, -32.682482765201726 ] ] ] } },
{ "type": "Feature", "properties": { "Código": "01801-0051978-2", "Nombre": "Ruta sin título", "Estado": null, "Datos": null, "Tipo": "Clandestino", "Region": null, "Cuenca": null, "Obra": null, "Localidad": "Totoras", "C Cuenca": null, "Direccion": null, "Resp.": null, "Dpto": "Iriondo" }, "geometry": { "type": "MultiLineString", "coordinates": [ [ [ -61.127820253637154, -32.638792612543817 ], [ -61.132681581325386, -32.643847107905664 ] ] ] } },
{ "type": "Feature", "properties": { "Código": "01801-0051978-2", "Nombre": "Ruta sin título", "Estado": null, "Datos": null, "Tipo": "Clandestino", "Region": null, "Cuenca": null, "Obra": null, "Localidad": "Salto Grande", "C Cuenca": null, "Direccion": null, "Resp.": null, "Dpto": "Iriondo" }, "geometry": { "type": "MultiLineString", "coordinates": [ [ [ -61.125267574997771, -32.635311947713184 ], [ -61.099845073693068, -32.655451496373459 ], [ -61.093821176159508, -32.668217498051519 ], [ -61.092789710771179, -32.670302241276936 ], [ -61.091977277035383, -32.671463236944163 ], [ -61.089305802090017, -32.673570766481824 ], [ -61.088124822870078, -32.674088174801241 ], [ -61.085980640068016, -32.674760686298484 ], [ -61.078992439185242, -32.675494014653765 ], [ -61.076962761720218, -32.6757402538435 ], [ -61.073095582768048, -32.676988284746926 ], [ -61.072577700644914, -32.676787458027405 ], [ -61.046606313674047, -32.697077987835215 ], [ -61.046409125476323, -32.697190524129212 ] ] ] } },
{ "type": "Feature", "properties": { "Código": "01801-0051978-2", "Nombre": "Ruta sin título", "Estado": null, "Datos": null, "Tipo": "Clandestino", "Region": null, "Cuenca": null, "Obra": null, "Localidad": "Salto Grande", "C Cuenca": null, "Direccion": null, "Resp.": null, "Dpto": "Iriondo" }, "geometry": { "type": "MultiLineString", "coordinates": [ [ [ -61.087507321422279, -32.655349371797733 ], [ -61.073111332829285, -32.647230515215007 ], [ -61.072612382475569, -32.64777234269296 ], [ -61.063849274991071, -32.642831193062847 ], [ -61.050619222066388, -32.659420569287356 ], [ -61.039362540647836, -32.653041023761354 ], [ -61.032822619531338, -32.649309138957101 ], [ -61.024487147142814, -32.645183722864417 ], [ -61.008595867057032, -32.637221111594314 ] ] ] } },
{ "type": "Feature", "properties": { "Código": "01801-0051978-2", "Nombre": "Ruta sin título", "Estado": null, "Datos": null, "Tipo": "Clandestino", "Region": null, "Cuenca": null, "Obra": null, "Localidad": "Salto Grande", "C Cuenca": null, "Direccion": null, "Resp.": null, "Dpto": "Iriondo" }, "geometry": { "type": "MultiLineString", "coordinates": [ [ [ -61.081302323821276, -32.669905887359775 ], [ -61.079161070563586, -32.671611789988596 ], [ -61.07260778383786, -32.676800364064285 ] ] ] } },
{ "type": "Feature", "properties": { "Código": "01801-0051978-2", "Nombre": "Ruta sin título", "Estado": null, "Datos": null, "Tipo": "Clandestino", "Region": null, "Cuenca": null, "Obra": null, "Localidad": "Totoras", "C Cuenca": null, "Direccion": null, "Resp.": null, "Dpto": "Iriondo" }, "geometry": { "type": "MultiLineString", "coordinates": [ [ [ -61.125493889326449, -32.635050719892817 ], [ -61.156160161505916, -32.611434407029385 ] ] ] } },
{ "type": "Feature", "properties": { "Código": "01801-0051978-2", "Nombre": "Ruta sin título", "Estado": null, "Datos": null, "Tipo": "Clandestino", "Region": null, "Cuenca": null, "Obra": null, "Localidad": "Totoras", "C Cuenca": null, "Direccion": null, "Resp.": null, "Dpto": "Iriondo" }, "geometry": { "type": "MultiLineString", "coordinates": [ [ [ -61.200237484387983, -32.65400105700612 ], [ -61.198584975489425, -32.652866706171714 ], [ -61.196861018452921, -32.650946917460431 ], [ -61.193357527466219, -32.650322520972587 ], [ -61.189822550794979, -32.6481925062511 ], [ -61.186573363124594, -32.646908939197687 ], [ -61.18646049823807, -32.645741318576476 ], [ -61.181582185971315, -32.644557764944167 ], [ -61.176303096962911, -32.640728648712475 ], [ -61.173521950955305, -32.635044125516522 ], [ -61.174509540175258, -32.63379432991232 ], [ -61.173268656756484, -32.631770399051547 ], [ -61.172837720783171, -32.630305789695306 ], [ -61.171881657959723, -32.629309036937556 ], [ -61.169352538446006, -32.62694936549147 ], [ -61.166100313760126, -32.625640877169545 ], [ -61.161312012914387, -32.61779481548627 ], [ -61.156865397702035, -32.611760907871002 ], [ -61.152849313030181, -32.608246944935438 ], [ -61.145331569950159, -32.606133305116082 ], [ -61.137813062048998, -32.604262435766707 ], [ -61.13149497241848, -32.601427131331576 ], [ -61.127861327915333, -32.597786214370458 ], [ -61.125436904815182, -32.592654858647734 ], [ -61.123699821549557, -32.588851989226498 ], [ -61.119977838311861, -32.585914530401986 ] ] ] } },
{ "type": "Feature", "properties": { "Código": "01801-0051978-2", "Nombre": "A° SALTO GRANDE", "Estado": null, "Datos": null, "Tipo": "Clandestino", "Region": null, "Cuenca": null, "Obra": null, "Localidad": "Salto Grande", "C Cuenca": null, "Direccion": null, "Resp.": null, "Dpto": "Iriondo" }, "geometry": { "type": "MultiLineString", "coordinates": [ [ [ -61.127822738699805, -32.638765843669702 ], [ -61.092053982550006, -32.686073767721894 ], [ -61.087486744556081, -32.684268311355019 ], [ -61.070465298256529, -32.706716133870721 ], [ -61.06946392488944, -32.706793121112241 ], [ -61.063769714919722, -32.70374473745666 ], [ -61.061117798310633, -32.703782254044199 ], [ -61.052193048690448, -32.698909378722632 ], [ -61.04711398333302, -32.697868545367918 ], [ -61.046686084621449, -32.697587584864806 ], [ -61.042409420497577, -32.694277483669588 ], [ -61.038788038271242, -32.69203156568048 ], [ -61.037049138353957, -32.69128628840155 ], [ -61.034870311579468, -32.687961936263306 ], [ -61.029305164531777, -32.684824015209486 ], [ -61.02413087911053, -32.685437346106262 ], [ -61.022128369419697, -32.685379046590811 ], [ -61.018638294701944, -32.686993747586833 ], [ -61.017096037030804, -32.689035159678014 ], [ -61.009237087901084, -32.691634225907343 ], [ -61.002612810464498, -32.699502089923314 ], [ -61.00083762757118, -32.700263807490614 ] ] ] } },
{ "type": "Feature", "properties": { "Código": "01907-0020269-2", "Nombre": "Canal no registrado", "Estado": null, "Datos": null, "Tipo": "Clandestino", "Region": null, "Cuenca": null, "Obra": null, "Localidad": "Peyrano", "C Cuenca": null, "Direccion": null, "Resp.": null, "Dpto": "Constitucion" }, "geometry": { "type": "MultiLineString", "coordinates": [ [ [ -60.824180960798223, -33.4819791663814 ], [ -60.827874436173211, -33.482783469934553 ], [ -60.830048000759191, -33.481905712805066 ] ] ] } },
{ "type": "Feature", "properties": { "Código": "01907-0020269-2", "Nombre": "Canal no registrado", "Estado": null, "Datos": null, "Tipo": "Clandestino", "Region": null, "Cuenca": null, "Obra": null, "Localidad": "Peyrano", "C Cuenca": null, "Direccion": null, "Resp.": null, "Dpto": "Constitucion" }, "geometry": { "type": "MultiLineString", "coordinates": [ [ [ -60.825503647475792, -33.477777008660311 ], [ -60.829767605926378, -33.481627553676127 ], [ -60.830136921562456, -33.481918339912305 ], [ -60.832928165192392, -33.488292309126074 ] ] ] } },
{ "type": "Feature", "properties": { "Código": "01907-0023352-2", "Nombre": "Canal no registrado", "Estado": null, "Datos": null, "Tipo": "Clandestino", "Region": null, "Cuenca": null, "Obra": null, "Localidad": "Franck", "C Cuenca": null, "Direccion": null, "Resp.": null, "Dpto": "Las Colonias" }, "geometry": { "type": "MultiLineString", "coordinates": [ [ [ -60.917437515341284, -31.548016103926699 ], [ -60.916073624993594, -31.54342133597213 ] ] ] } },
{ "type": "Feature", "properties": { "Código": "01907-0023352-2", "Nombre": "Canal no registrado", "Estado": null, "Datos": null, "Tipo": "Clandestino", "Region": null, "Cuenca": null, "Obra": null, "Localidad": "Franck", "C Cuenca": null, "Direccion": null, "Resp.": null, "Dpto": "Las Colonias" }, "geometry": { "type": "MultiLineString", "coordinates": [ [ [ -60.908177709486964, -31.560549126383499 ], [ -60.909040452553931, -31.56288120291406 ] ] ] } },
{ "type": "Feature", "properties": { "Código": "01907-0023352-2", "Nombre": "Canal no registrado", "Estado": null, "Datos": null, "Tipo": "Clandestino", "Region": null, "Cuenca": null, "Obra": null, "Localidad": "Franck", "C Cuenca": null, "Direccion": null, "Resp.": null, "Dpto": "Las Colonias" }, "geometry": { "type": "MultiLineString", "coordinates": [ [ [ -60.907364046638357, -31.560759155254491 ], [ -60.907635174663938, -31.561557520408261 ] ] ] } },
{ "type": "Feature", "properties": { "Código": "01802-0021819-0", "Nombre": "Canal no registrado", "Estado": null, "Datos": null, "Tipo": "Clandestino", "Region": null, "Cuenca": null, "Obra": null, "Localidad": "Zavalla", "C Cuenca": null, "Direccion": null, "Resp.": null, "Dpto": "San Lorenzo" }, "geometry": { "type": "MultiLineString", "coordinates": [ [ [ -60.945356368868033, -32.955276762850403 ], [ -60.945079037428314, -32.955286971218278 ], [ -60.942595463300634, -32.956556901591092 ], [ -60.942549445457281, -32.956690859064317 ], [ -60.942615628507092, -32.956957374565057 ], [ -60.94256857310252, -32.957120329447747 ], [ -60.942408930751434, -32.957260600079834 ], [ -60.941281569141154, -32.957772285875031 ], [ -60.941211010500545, -32.957914603013414 ], [ -60.941242349294264, -32.958097451693135 ], [ -60.943393292798191, -32.963224150213357 ], [ -60.944112841445268, -32.962991598583031 ], [ -60.944423015969711, -32.963001017808821 ], [ -60.944574756021936, -32.963019799782771 ], [ -60.944730064916989, -32.963141065069266 ], [ -60.94481932757774, -32.963251835053754 ] ] ] } },
{ "type": "Feature", "properties": { "Código": "01802-0021819-0", "Nombre": "Ruta sin título", "Estado": null, "Datos": null, "Tipo": "Clandestino", "Region": null, "Cuenca": null, "Obra": null, "Localidad": "Zavalla", "C Cuenca": null, "Direccion": null, "Resp.": null, "Dpto": "San Lorenzo" }, "geometry": { "type": "MultiLineString", "coordinates": [ [ [ -60.951106978470428, -32.968933541849417 ], [ -60.948874907518189, -32.965015696104103 ], [ -60.948498176994953, -32.963959615691138 ], [ -60.948282886118498, -32.963317675129467 ], [ -60.948298204190515, -32.96235483873776 ], [ -60.947581420206845, -32.961058450106307 ], [ -60.944480557824463, -32.955736169931484 ], [ -60.94392833280385, -32.954977740682821 ] ] ] } },
{ "type": "Feature", "properties": { "Código": "01801-0050589-3", "Nombre": "Canal sin registro", "Estado": null, "Datos": null, "Tipo": "Clandestino", "Region": null, "Cuenca": null, "Obra": null, "Localidad": "Rufino", "C Cuenca": null, "Direccion": null, "Resp.": null, "Dpto": "General Lopez" }, "geometry": { "type": "MultiLineString", "coordinates": [ [ [ -62.687107238121428, -34.212104745359362 ], [ -62.69180446568177, -34.211076095778147 ] ] ] } },
{ "type": "Feature", "properties": { "Código": "01803-0009664-3", "Nombre": "Bordo obra sin registro", "Estado": null, "Datos": null, "Tipo": "Clandestino", "Region": null, "Cuenca": null, "Obra": null, "Localidad": "Montas de Oca", "C Cuenca": null, "Direccion": null, "Resp.": null, "Dpto": "Belgrano" }, "geometry": { "type": "MultiLineString", "coordinates": [ [ [ -61.80328726449634, -32.599296565860783 ], [ -61.802312319854089, -32.602173272722553 ] ] ] } },
{ "type": "Feature", "properties": { "Código": "01907-0003874-3", "Nombre": "Ruta sin título", "Estado": null, "Datos": null, "Tipo": "Clandestino", "Region": null, "Cuenca": null, "Obra": null, "Localidad": "San Gregorio", "C Cuenca": null, "Direccion": null, "Resp.": null, "Dpto": "General Lopez" }, "geometry": { "type": "MultiLineString", "coordinates": [ [ [ -61.984921275898515, -34.297028974016719 ], [ -61.985371773339416, -34.296682618100654 ], [ -61.986197542673921, -34.296717632983757 ], [ -61.987480827429629, -34.296025967021073 ], [ -61.988266161448237, -34.294826907599457 ] ] ] } },
{ "type": "Feature", "properties": { "Código": "01907-0003874-3", "Nombre": "Ruta sin título", "Estado": null, "Datos": null, "Tipo": "Clandestino", "Region": null, "Cuenca": null, "Obra": null, "Localidad": "San Gregorio", "C Cuenca": null, "Direccion": null, "Resp.": null, "Dpto": "General Lopez" }, "geometry": { "type": "MultiLineString", "coordinates": [ [ [ -61.989675870255269, -34.293875356774578 ], [ -61.991069726760841, -34.294475707098627 ], [ -61.991475573380136, -34.294757580145451 ], [ -61.991604156188494, -34.295087506756296 ], [ -61.991804730106807, -34.29547743765049 ], [ -61.993022081824556, -34.295867688353106 ], [ -61.993247335832024, -34.295893968235511 ], [ -61.993296278424829, -34.295816906131392 ], [ -61.993573586754508, -34.295290187045339 ], [ -61.993849332747061, -34.294985031158873 ], [ -61.994242750407558, -34.294371490235413 ], [ -61.995278995197765, -34.293368155164444 ], [ -61.995445690624692, -34.293241479058906 ], [ -61.996806662757152, -34.292944465952871 ], [ -61.997305983979615, -34.292878306984655 ], [ -61.998085797041512, -34.292327843447005 ], [ -61.99856328709744, -34.292370543662187 ], [ -61.998864143242216, -34.292568022304955 ], [ -61.999081251398941, -34.292741049937682 ], [ -61.999489820499932, -34.292777425088417 ], [ -61.999843310407442, -34.292481259564028 ], [ -62.000591279958165, -34.292315491487813 ], [ -62.001187479822903, -34.292304021711473 ], [ -62.001345014084436, -34.29226749850227 ], [ -62.001528606897651, -34.292077588827219 ], [ -62.001760232937649, -34.29211241901357 ], [ -62.002268742334103, -34.292036357249252 ], [ -62.004726643290525, -34.292516462433014 ], [ -62.008643545365651, -34.293212377296655 ], [ -62.01063221833288, -34.293597247881038 ], [ -62.011391933602873, -34.293777251018525 ], [ -62.012233186873246, -34.294165920799848 ] ] ] } },
{ "type": "Feature", "properties": { "Código": "01907-0006727-3", "Nombre": "Canal no registrado", "Estado": null, "Datos": null, "Tipo": "Clandestino", "Region": null, "Cuenca": null, "Obra": null, "Localidad": "Sancti Spiritu", "C Cuenca": null, "Direccion": null, "Resp.": null, "Dpto": "General Lopez" }, "geometry": { "type": "MultiLineString", "coordinates": [ [ [ -62.217983116203179, -34.010322951005193 ], [ -62.218882947262834, -34.010784082981665 ], [ -62.219468578534581, -34.011810730807298 ], [ -62.221458885815416, -34.01937192179129 ], [ -62.235051790833054, -34.008751905932023 ] ] ] } },
{ "type": "Feature", "properties": { "Código": "01907-0020309-3", "Nombre": "Canal sin registro", "Estado": null, "Datos": null, "Tipo": "Clandestino", "Region": null, "Cuenca": null, "Obra": null, "Localidad": "Aaron Castellanos", "C Cuenca": null, "Direccion": null, "Resp.": null, "Dpto": "General Lopez" }, "geometry": { "type": "MultiLineString", "coordinates": [ [ [ -62.349030474647272, -34.277473748070008 ], [ -62.348719155088439, -34.282055557680586 ], [ -62.341154614953119, -34.286321055782437 ], [ -62.341025000501645, -34.289084126711749 ] ] ] } },
{ "type": "Feature", "properties": { "Código": "01907-0005058-3", "Nombre": "Canal", "Estado": null, "Datos": null, "Tipo": "Clandestino", "Region": null, "Cuenca": null, "Obra": null, "Localidad": "Villa Saralegui", "C Cuenca": null, "Direccion": null, "Resp.": null, "Dpto": "San Cristobal" }, "geometry": { "type": "MultiLineString", "coordinates": [ [ [ -60.760004959420414, -30.50212653837524 ], [ -60.761105363434211, -30.505229459437611 ], [ -60.765105420582373, -30.504648680002074 ], [ -60.767361949014408, -30.514800319078997 ], [ -60.780630192021846, -30.513492884060874 ], [ -60.792570366891582, -30.508269847509681 ], [ -60.796403193879335, -30.506585699661173 ], [ -60.797146054116368, -30.509878869994385 ], [ -60.811911230971354, -30.502625277999691 ] ] ] } },
{ "type": "Feature", "properties": { "Código": "01907-0005058-3", "Nombre": "Canal", "Estado": null, "Datos": null, "Tipo": "Clandestino", "Region": null, "Cuenca": null, "Obra": null, "Localidad": "Villa Saralegui", "C Cuenca": null, "Direccion": null, "Resp.": null, "Dpto": "San Cristobal" }, "geometry": { "type": "MultiLineString", "coordinates": [ [ [ -60.75870227672592, -30.494517507514288 ], [ -60.776023639782068, -30.49192888316696 ], [ -60.792837155748941, -30.488701686837178 ] ] ] } },
{ "type": "Feature", "properties": { "Código": "01907-0005058-3", "Nombre": "Canal", "Estado": null, "Datos": null, "Tipo": "Clandestino", "Region": null, "Cuenca": null, "Obra": null, "Localidad": "Villa Saralegui", "C Cuenca": null, "Direccion": null, "Resp.": null, "Dpto": "San Cristobal" }, "geometry": { "type": "MultiLineString", "coordinates": [ [ [ -60.754212298196364, -30.483781671826861 ], [ -60.759778141374689, -30.483191109725684 ], [ -60.756772454538748, -30.470989657378208 ], [ -60.769707658602762, -30.4689023579677 ] ] ] } },
{ "type": "Feature", "properties": { "Código": "01907-0005058-3", "Nombre": "Ruta sin título", "Estado": null, "Datos": null, "Tipo": "Clandestino", "Region": null, "Cuenca": null, "Obra": null, "Localidad": "Villa Saralegui", "C Cuenca": null, "Direccion": null, "Resp.": null, "Dpto": "San Cristobal" }, "geometry": { "type": "MultiLineString", "coordinates": [ [ [ -60.770789483931232, -30.470423373145135 ], [ -60.771500468320838, -30.469605212377125 ], [ -60.782576208303318, -30.467666303085998 ], [ -60.783620549996904, -30.467792270158895 ], [ -60.786829242160593, -30.466994865089941 ] ] ] } },
{ "type": "Feature", "properties": { "Código": "01907-0005058-3", "Nombre": "Canal", "Estado": null, "Datos": null, "Tipo": "Clandestino", "Region": null, "Cuenca": null, "Obra": null, "Localidad": "Villa Saralegui", "C Cuenca": null, "Direccion": null, "Resp.": null, "Dpto": "San CristobalSan Cristobal" }, "geometry": { "type": "MultiLineString", "coordinates": [ [ [ -60.771181331855331, -30.471691003286921 ], [ -60.771772888599521, -30.471582427551034 ] ] ] } },
{ "type": "Feature", "properties": { "Código": "01803-0016796-3", "Nombre": "Canalizado", "Estado": null, "Datos": null, "Tipo": "Clandestino", "Region": null, "Cuenca": null, "Obra": null, "Localidad": "Pujato", "C Cuenca": null, "Direccion": null, "Resp.": null, "Dpto": "San Lorenzo" }, "geometry": { "type": "MultiLineString", "coordinates": [ [ [ -60.977053967354102, -32.998625389762523 ], [ -60.973866227878581, -33.003131927794264 ] ] ] } },
{ "type": "Feature", "properties": { "Código": "01907-0018429-3", "Nombre": "CAnal sin registro - este del camino", "Estado": null, "Datos": null, "Tipo": "Clandestino", "Region": null, "Cuenca": null, "Obra": null, "Localidad": "San Jeronimo del Sauce", "C Cuenca": null, "Direccion": null, "Resp.": null, "Dpto": "Castellanos" }, "geometry": { "type": "MultiLineString", "coordinates": [ [ [ -61.176098111788384, -31.656842053951351 ], [ -61.178379469128267, -31.666189434646316 ] ] ] } },
{ "type": "Feature", "properties": { "Código": "01907-0012654-3", "Nombre": "Canal sin registro", "Estado": null, "Datos": null, "Tipo": "Clandestino", "Region": null, "Cuenca": null, "Obra": null, "Localidad": "San Javiar", "C Cuenca": null, "Direccion": null, "Resp.": null, "Dpto": "San Javier" }, "geometry": { "type": "MultiLineString", "coordinates": [ [ [ -59.978078979981021, -30.565730265815976 ], [ -59.98450449985463, -30.5640924705258 ], [ -59.981492186337327, -30.556897717725942 ] ] ] } },
{ "type": "Feature", "properties": { "Código": "01801-0054334-3", "Nombre": "Canal sin registro", "Estado": null, "Datos": null, "Tipo": "Clandestino", "Region": null, "Cuenca": null, "Obra": null, "Localidad": "Casas", "C Cuenca": null, "Direccion": null, "Resp.": null, "Dpto": "San Martin" }, "geometry": { "type": "MultiLineString", "coordinates": [ [ [ -61.663352678986392, -32.133912529860766 ], [ -61.662386282262169, -32.131009652475669 ], [ -61.65575595623509, -32.131962273908364 ], [ -61.65481330708662, -32.127784936864991 ] ] ] } },
{ "type": "Feature", "properties": { "Código": "01801-0054334-3", "Nombre": "Obra sin registro", "Estado": null, "Datos": null, "Tipo": "Clandestino", "Region": null, "Cuenca": null, "Obra": null, "Localidad": "Casas", "C Cuenca": null, "Direccion": null, "Resp.": null, "Dpto": "San Martin" }, "geometry": { "type": "MultiLineString", "coordinates": [ [ [ -61.651229606037234, -32.113222501384847 ], [ -61.670251140170805, -32.109852935132508 ], [ -61.67271580891093, -32.119146645601745 ], [ -61.634062254463089, -32.126316230711048 ] ] ] } },
{ "type": "Feature", "properties": { "Código": "01801-0054334-3", "Nombre": "Canal sin registro", "Estado": null, "Datos": null, "Tipo": "Clandestino", "Region": null, "Cuenca": null, "Obra": null, "Localidad": "Casas", "C Cuenca": null, "Direccion": null, "Resp.": null, "Dpto": "San Martin" }, "geometry": { "type": "MultiLineString", "coordinates": [ [ [ -61.654729711514818, -32.127907689025612 ], [ -61.651421689077836, -32.11327958553575 ] ] ] } },
{ "type": "Feature", "properties": { "Código": "01907-0000671-1", "Nombre": "Canal", "Estado": null, "Datos": null, "Tipo": "Clandestino", "Region": null, "Cuenca": null, "Obra": null, "Localidad": "Armstrong", "C Cuenca": null, "Direccion": null, "Resp.": null, "Dpto": "Iriondo" }, "geometry": { "type": "MultiLineString", "coordinates": [ [ [ -61.658504351714917, -32.928721762452575 ], [ -61.657338339426495, -32.924906524728115 ], [ -61.656674969993631, -32.922027437717816 ], [ -61.656791124151908, -32.91909190724143 ], [ -61.65731993842823, -32.917577948330852 ], [ -61.65884088270019, -32.914039850789244 ], [ -61.657633991770204, -32.910204485310629 ] ] ] } },
{ "type": "Feature", "properties": { "Código": "01907-0000671-1", "Nombre": "Canal", "Estado": null, "Datos": null, "Tipo": "Clandestino", "Region": null, "Cuenca": null, "Obra": null, "Localidad": "Armstrong", "C Cuenca": null, "Direccion": null, "Resp.": null, "Dpto": "Iriondo" }, "geometry": { "type": "MultiLineString", "coordinates": [ [ [ -61.658113898114138, -32.9107382570864 ], [ -61.659055450891309, -32.913730376911673 ] ] ] } },
{ "type": "Feature", "properties": { "Código": "01907-0000671-1", "Nombre": "Canal", "Estado": null, "Datos": null, "Tipo": "Clandestino", "Region": null, "Cuenca": null, "Obra": null, "Localidad": "Armstrong", "C Cuenca": null, "Direccion": null, "Resp.": null, "Dpto": "Iriondo" }, "geometry": { "type": "MultiLineString", "coordinates": [ [ [ -61.652668584790035, -32.941616446548807 ], [ -61.653304638904679, -32.941213540190944 ], [ -61.656584423281863, -32.938303956181869 ], [ -61.658938045712524, -32.934435790129307 ], [ -61.659860749798995, -32.934173003381019 ], [ -61.658111245466948, -32.928945025715471 ], [ -61.65846587288069, -32.928750003870981 ] ] ] } },
{ "type": "Feature", "properties": { "Código": "01907-0000671-1", "Nombre": "Canal", "Estado": null, "Datos": null, "Tipo": "Clandestino", "Region": null, "Cuenca": null, "Obra": null, "Localidad": "Armstrong", "C Cuenca": null, "Direccion": null, "Resp.": null, "Dpto": "Iriondo" }, "geometry": { "type": "MultiLineString", "coordinates": [ [ [ -61.657496314606519, -32.910138168788883 ], [ -61.656790865256767, -32.90767580402499 ], [ -61.656235211546509, -32.906460537934279 ], [ -61.654452195372151, -32.902665892259463 ], [ -61.653320857816809, -32.898959448260982 ] ] ] } },
{ "type": "Feature", "properties": { "Código": "01802-0021074-1", "Nombre": "Canal", "Estado": null, "Datos": null, "Tipo": "Clandestino", "Region": null, "Cuenca": null, "Obra": null, "Localidad": "Berabevu", "C Cuenca": null, "Direccion": null, "Resp.": null, "Dpto": "Caseros" }, "geometry": { "type": "MultiLineString", "coordinates": [ [ [ -61.969488198375835, -33.330295751452823 ], [ -61.979266471721104, -33.328383844038314 ], [ -61.977775380734641, -33.321804216659402 ], [ -61.986359426744691, -33.320087527437252 ] ] ] } },
{ "type": "Feature", "properties": { "Código": "01802-0021074-1", "Nombre": "Canal", "Estado": null, "Datos": null, "Tipo": "Clandestino", "Region": null, "Cuenca": null, "Obra": null, "Localidad": "Chañar Ladeado", "C Cuenca": null, "Direccion": null, "Resp.": null, "Dpto": "Caseros" }, "geometry": { "type": "MultiLineString", "coordinates": [ [ [ -61.990404454267384, -33.316185156111651 ], [ -61.990904795065632, -33.318002936955715 ], [ -61.993645431596931, -33.319168929838597 ], [ -61.9960412887215, -33.319277429492651 ], [ -61.996979301849905, -33.319960968606281 ] ] ] } },
{ "type": "Feature", "properties": { "Código": "01801-0050587-1", "Nombre": "Canal", "Estado": null, "Datos": null, "Tipo": "Clandestino", "Region": null, "Cuenca": null, "Obra": null, "Localidad": "Rufino", "C Cuenca": null, "Direccion": null, "Resp.": null, "Dpto": "General Lopez" }, "geometry": { "type": "MultiLineString", "coordinates": [ [ [ -62.834557640000618, -34.350141689003749 ], [ -62.836304224952144, -34.34828781567515 ], [ -62.843259499845182, -34.346517575733344 ], [ -62.848302875441341, -34.343414197820714 ], [ -62.850961140908503, -34.340296034929146 ] ] ] } },
{ "type": "Feature", "properties": { "Código": "01907-0022055-1", "Nombre": "Canal", "Estado": null, "Datos": null, "Tipo": "Clandestino", "Region": null, "Cuenca": null, "Obra": null, "Localidad": "Las Rosas", "C Cuenca": null, "Direccion": null, "Resp.": null, "Dpto": "Belgrano" }, "geometry": { "type": "MultiLineString", "coordinates": [ [ [ -61.591368061807707, -32.471939331131281 ], [ -61.591738845646042, -32.473332298495215 ] ] ] } },
{ "type": "Feature", "properties": { "Código": "01907-0002259-1", "Nombre": "Canal", "Estado": null, "Datos": null, "Tipo": "Clandestino", "Region": null, "Cuenca": null, "Obra": null, "Localidad": "Montas de Oca", "C Cuenca": null, "Direccion": null, "Resp.": null, "Dpto": "Belgrano" }, "geometry": { "type": "MultiLineString", "coordinates": [ [ [ -61.627197145492943, -32.689556459186427 ], [ -61.627984711076166, -32.690565734622339 ], [ -61.630871232331394, -32.692048826217025 ], [ -61.631037514341209, -32.692473234861666 ], [ -61.631046799895302, -32.692579297846322 ], [ -61.633121811688618, -32.693241844250558 ] ] ] } },
{ "type": "Feature", "properties": { "Código": "01907-0002259-1", "Nombre": "Canal", "Estado": null, "Datos": null, "Tipo": "Clandestino", "Region": null, "Cuenca": null, "Obra": null, "Localidad": "Montas de Oca", "C Cuenca": null, "Direccion": null, "Resp.": null, "Dpto": "Belgrano" }, "geometry": { "type": "MultiLineString", "coordinates": [ [ [ -61.630820188022298, -32.691942925897557 ], [ -61.630732376692698, -32.691490544162079 ], [ -61.630712196840918, -32.691214208476865 ], [ -61.630752914183283, -32.691104817322426 ], [ -61.630859024404771, -32.691126840888828 ], [ -61.634767408871397, -32.692356156263159 ] ] ] } },
{ "type": "Feature", "properties": { "Código": "01907-0002259-1", "Nombre": "Canal", "Estado": null, "Datos": null, "Tipo": "Clandestino", "Region": null, "Cuenca": null, "Obra": null, "Localidad": "Montas de Oca", "C Cuenca": null, "Direccion": null, "Resp.": null, "Dpto": "Belgrano" }, "geometry": { "type": "MultiLineString", "coordinates": [ [ [ -61.635045413539274, -32.692853251857862 ], [ -61.630775537737151, -32.691583574953505 ], [ -61.630865974218558, -32.692077402573418 ], [ -61.634168692969574, -32.693066960906279 ] ] ] } },
{ "type": "Feature", "properties": { "Código": "01801-0053904-1", "Nombre": "Baleton - Canal", "Estado": null, "Datos": null, "Tipo": "Clandestino", "Region": null, "Cuenca": null, "Obra": null, "Localidad": "Alejandra", "C Cuenca": null, "Direccion": null, "Resp.": null, "Dpto": "San Javier" }, "geometry": { "type": "MultiLineString", "coordinates": [ [ [ -59.774749461786357, -29.624145468357362 ], [ -59.774399300891581, -29.624107255992765 ], [ -59.766554497989851, -29.624875872317251 ], [ -59.766152705827913, -29.624911020848401 ], [ -59.765934564107631, -29.625087720813589 ], [ -59.765946165857962, -29.625193730514749 ], [ -59.774169586668314, -29.624369267633647 ], [ -59.774516270137134, -29.624332783138222 ], [ -59.774749461786357, -29.624145468357362 ] ] ] } },
{ "type": "Feature", "properties": { "Código": "01907-0002716-1", "Nombre": "canal", "Estado": null, "Datos": null, "Tipo": "Clandestino", "Region": null, "Cuenca": null, "Obra": null, "Localidad": "Las Rosas", "C Cuenca": null, "Direccion": null, "Resp.": null, "Dpto": "Belgrano" }, "geometry": { "type": "MultiLineString", "coordinates": [ [ [ -61.569368015611211, -32.36945004645149 ], [ -61.569064433927146, -32.368351882332512 ], [ -61.568275041453958, -32.365306802005769 ], [ -61.567886360345256, -32.363757343873345 ] ] ] } },
{ "type": "Feature", "properties": { "Código": "01907-0002716-1", "Nombre": "terrazas", "Estado": null, "Datos": null, "Tipo": "Clandestino", "Region": null, "Cuenca": null, "Obra": null, "Localidad": "Las Rosas", "C Cuenca": null, "Direccion": null, "Resp.": null, "Dpto": "Belgrano" }, "geometry": { "type": "MultiLineString", "coordinates": [ [ [ -61.566797112617998, -32.366377335333503 ], [ -61.565313194126325, -32.364559098843486 ] ] ] } },
{ "type": "Feature", "properties": { "Código": "01907-0002716-1", "Nombre": "terrazas", "Estado": null, "Datos": null, "Tipo": "Clandestino", "Region": null, "Cuenca": null, "Obra": null, "Localidad": "Los Cardos", "C Cuenca": null, "Direccion": null, "Resp.": null, "Dpto": "Belgrano" }, "geometry": { "type": "MultiLineString", "coordinates": [ [ [ -61.565682987194059, -32.366578978576378 ], [ -61.564089082531254, -32.364925177215369 ] ] ] } },
{ "type": "Feature", "properties": { "Código": "01803-0019422-2", "Nombre": "Canal detectado en campo", "Estado": null, "Datos": null, "Tipo": "Clandestino", "Region": null, "Cuenca": null, "Obra": null, "Localidad": "Los Cardos", "C Cuenca": null, "Direccion": null, "Resp.": null, "Dpto": "San Martin" }, "geometry": { "type": "MultiLineString", "coordinates": [ [ [ -61.518116415410994, -32.322172677831304 ], [ -61.517630056926201, -32.322122961406841 ], [ -61.517540591013386, -32.321943998755884 ], [ -61.517793833059777, -32.321770644983502 ], [ -61.516162556257456, -32.319664331449204 ] ] ] } },
{ "type": "Feature", "properties": { "Código": "01803-0019422-2", "Nombre": "Canal conectado", "Estado": null, "Datos": null, "Tipo": "Clandestino", "Region": null, "Cuenca": null, "Obra": null, "Localidad": "Los Cardos", "C Cuenca": null, "Direccion": null, "Resp.": null, "Dpto": "San Martin" }, "geometry": { "type": "MultiLineString", "coordinates": [ [ [ -61.507713311619177, -32.321215808099097 ], [ -61.520833971495236, -32.318798126653988 ], [ -61.522891902560488, -32.318400937892328 ], [ -61.529067959123147, -32.322783626398866 ], [ -61.526916386827793, -32.32327916622296 ] ] ] } },
{ "type": "Feature", "properties": { "Código": "01907-00006027-0 - Firnalizado", "Nombre": "Canal", "Estado": null, "Datos": null, "Tipo": "Clandestino", "Region": null, "Cuenca": null, "Obra": null, "Localidad": "Diego de Alvear", "C Cuenca": null, "Direccion": null, "Resp.": null, "Dpto": "General Lopez" }, "geometry": { "type": "MultiLineString", "coordinates": [ [ [ -62.102147233933621, -34.36175260085183 ], [ -62.099086063064966, -34.371366194024183 ], [ -62.101972037271267, -34.380482187837821 ] ] ] } },
{ "type": "Feature", "properties": { "Código": "01907-00006027-0 - Firnalizado", "Nombre": "Canal", "Estado": null, "Datos": null, "Tipo": "Clandestino", "Region": null, "Cuenca": null, "Obra": null, "Localidad": "Diego de Alvear", "C Cuenca": null, "Direccion": null, "Resp.": null, "Dpto": "General Lopez" }, "geometry": { "type": "MultiLineString", "coordinates": [ [ [ -62.096569956517129, -34.3694623012031 ], [ -62.0932544228437, -34.370471095990304 ], [ -62.090831737828864, -34.382710928550047 ], [ -62.092107121621282, -34.376104582586606 ], [ -62.090173292645751, -34.374268673707356 ], [ -62.090884824188322, -34.373058528024416 ], [ -62.089918647352349, -34.371817986095017 ] ] ] } },
{ "type": "Feature", "properties": { "Código": "01802-0018535-3 - Finalizado", "Nombre": "?", "Estado": null, "Datos": null, "Tipo": "Clandestino", "Region": null, "Cuenca": null, "Obra": null, "Localidad": "Chabas", "C Cuenca": null, "Direccion": null, "Resp.": null, "Dpto": "Caseros" }, "geometry": { "type": "MultiLineString", "coordinates": [ [ [ -61.511227094500306, -33.265813402647225 ], [ -61.511218002831988, -33.265791508850207 ], [ -61.510055616045854, -33.263919286567031 ], [ -61.509748076380724, -33.262873425012636 ], [ -61.509264370963443, -33.261121213275352 ], [ -61.509345091769951, -33.260934523234646 ] ] ] } },
{ "type": "Feature", "properties": { "Código": "01802-0018535-3 - Finalizado", "Nombre": "?", "Estado": null, "Datos": null, "Tipo": "Clandestino", "Region": null, "Cuenca": null, "Obra": null, "Localidad": "Chabas", "C Cuenca": null, "Direccion": null, "Resp.": null, "Dpto": "Caseros" }, "geometry": { "type": "MultiLineString", "coordinates": [ [ [ -61.512953229126332, -33.264629694544091 ], [ -61.510435996173165, -33.263196420529638 ], [ -61.50978432662928, -33.261160015933754 ], [ -61.509341908833605, -33.260887391209884 ] ] ] } },
{ "type": "Feature", "properties": { "Código": "01802-0018535-3 - Finalizado", "Nombre": "canal", "Estado": null, "Datos": null, "Tipo": "Clandestino", "Region": null, "Cuenca": null, "Obra": null, "Localidad": "Chabas", "C Cuenca": null, "Direccion": null, "Resp.": null, "Dpto": "Caseros" }, "geometry": { "type": "MultiLineString", "coordinates": [ [ [ -61.50939607481174, -33.260913045291332 ], [ -61.512793574697291, -33.256501514370918 ], [ -61.512493528191001, -33.256084845427559 ], [ -61.512418501822211, -33.255980977485343 ], [ -61.513288219646029, -33.25478121416802 ], [ -61.510540601940875, -33.253273894890512 ], [ -61.509386014800981, -33.252639821877722 ], [ -61.505272791380037, -33.250369373986665 ], [ -61.499644337170658, -33.247294142821772 ], [ -61.494036579538459, -33.244126307663649 ], [ -61.488536627204482, -33.241244795334723 ], [ -61.485248993483054, -33.239513622704578 ], [ -61.482000704867545, -33.237660186314308 ], [ -61.477192297899933, -33.235037961446338 ], [ -61.47565412491236, -33.234149490166303 ] ] ] } },
{ "type": "Feature", "properties": { "Código": "01802-0018162-3 - Finalizado", "Nombre": "Canal", "Estado": null, "Datos": null, "Tipo": "Clandestino", "Region": null, "Cuenca": null, "Obra": null, "Localidad": "Hughes", "C Cuenca": null, "Direccion": null, "Resp.": null, "Dpto": "General Lopez" }, "geometry": { "type": "MultiLineString", "coordinates": [ [ [ -61.453115529297769, -33.805022017664228 ], [ -61.45284236792002, -33.804547282317934 ], [ -61.452525341303314, -33.803963190232601 ], [ -61.452126522669701, -33.803065176816418 ], [ -61.451978103966837, -33.802627490755597 ], [ -61.451427686621962, -33.801234852240945 ], [ -61.451420833999528, -33.80014965610566 ], [ -61.451124651731156, -33.79987306873597 ], [ -61.450926669729505, -33.799635270088707 ], [ -61.450997018029376, -33.799338365592135 ], [ -61.450846412651465, -33.798200107948489 ], [ -61.450666013319001, -33.796872632289954 ], [ -61.450365713916121, -33.796346916400708 ], [ -61.450067334064755, -33.795802816223137 ], [ -61.450245136477811, -33.795504762104585 ], [ -61.450244301402307, -33.794388992779098 ], [ -61.450187836204577, -33.793414339003427 ], [ -61.449829146641122, -33.793040495016115 ], [ -61.449339356891819, -33.792250414591663 ], [ -61.449234811907829, -33.791836522726392 ], [ -61.449441435582393, -33.791283870207408 ], [ -61.449278660559798, -33.790567813436105 ], [ -61.449149653421081, -33.789941912478639 ], [ -61.449416708801891, -33.788940994451096 ], [ -61.449576178956981, -33.788338033372469 ], [ -61.44971811346462, -33.787968836441834 ], [ -61.449232090504537, -33.787714284547995 ] ] ] } },
{ "type": "Feature", "properties": { "Código": "01802-0018162-3 - Finalizado", "Nombre": "Bordo", "Estado": null, "Datos": null, "Tipo": "Clandestino", "Region": null, "Cuenca": null, "Obra": null, "Localidad": "Hughes", "C Cuenca": null, "Direccion": null, "Resp.": null, "Dpto": "General Lopez" }, "geometry": { "type": "MultiLineString", "coordinates": [ [ [ -61.447039272646855, -33.790577238859285 ], [ -61.450695489225218, -33.785795790845185 ] ] ] } },
{ "type": "Feature", "properties": { "Código": "02102-0009106-3 - Finalizado", "Nombre": "Obre Clandestina", "Estado": null, "Datos": null, "Tipo": "Clandestino", "Region": null, "Cuenca": null, "Obra": null, "Localidad": "Rufino", "C Cuenca": null, "Direccion": null, "Resp.": null, "Dpto": "General Lopez" }, "geometry": { "type": "MultiLineString", "coordinates": [ [ [ -62.648894939874069, -34.292334193377279 ], [ -62.655699374189751, -34.317677589145283 ], [ -62.650966434194132, -34.30001829634265 ], [ -62.660740292076845, -34.298458833238392 ], [ -62.661010436672441, -34.298718796359005 ], [ -62.665356275963489, -34.306730360194777 ], [ -62.660807335136347, -34.29835926214264 ], [ -62.66477605308463, -34.293235069608357 ], [ -62.665054837305512, -34.292328455734385 ], [ -62.666389332075823, -34.292037375150926 ], [ -62.665962921662221, -34.290280080754457 ] ] ] } },
{ "type": "Feature", "properties": { "Código": "01907-0003007-3 - Tramite", "Nombre": "Profundizacion", "Estado": null, "Datos": null, "Tipo": "Clandestino", "Region": null, "Cuenca": null, "Obra": null, "Localidad": "Los Cardos", "C Cuenca": null, "Direccion": null, "Resp.": null, "Dpto": "San Martin" }, "geometry": { "type": "MultiLineString", "coordinates": [ [ [ -61.6858134387071, -32.324409955531017 ], [ -61.688369527934832, -32.323955903820554 ], [ -61.688522817911718, -32.324579025746424 ] ] ] } },
{ "type": "Feature", "properties": { "Código": "01907-0003007-3 - Tramite", "Nombre": "Canal", "Estado": null, "Datos": null, "Tipo": "Clandestino", "Region": null, "Cuenca": null, "Obra": null, "Localidad": "Los Cardos", "C Cuenca": null, "Direccion": null, "Resp.": null, "Dpto": "San Martin" }, "geometry": { "type": "MultiLineString", "coordinates": [ [ [ -61.564583267601186, -32.322524972728971 ], [ -61.56172165547224, -32.311361910608689 ] ] ] } },
{ "type": "Feature", "properties": { "Código": "01801-0051739-3", "Nombre": "Canal", "Estado": null, "Datos": null, "Tipo": "Clandestino", "Region": null, "Cuenca": null, "Obra": null, "Localidad": "Marcelino Escalada", "C Cuenca": null, "Direccion": null, "Resp.": null, "Dpto": "San Justo" }, "geometry": { "type": "MultiLineString", "coordinates": [ [ [ -60.458472596778385, -30.535273246954418 ], [ -60.469440759718871, -30.569979459791632 ], [ -60.469448650682374, -30.570510924478349 ], [ -60.469384725019601, -30.570653583978469 ], [ -60.470817958129608, -30.575660038772266 ] ] ] } },
{ "type": "Feature", "properties": { "Código": "01801-0050279-3 - Presentada", "Nombre": "Canal", "Estado": null, "Datos": null, "Tipo": "Clandestino", "Region": null, "Cuenca": null, "Obra": null, "Localidad": "Chovet", "C Cuenca": null, "Direccion": null, "Resp.": null, "Dpto": "General Lopez" }, "geometry": { "type": "MultiLineString", "coordinates": [ [ [ -61.593773630948391, -33.643748054445652 ], [ -61.581175161077908, -33.636885550777258 ], [ -61.592859105454295, -33.62185979665805 ], [ -61.593098350511028, -33.621402509571766 ], [ -61.593203516935468, -33.62073072474 ], [ -61.593865635604729, -33.62005137906209 ] ] ] } },
{ "type": "Feature", "properties": { "Código": "01907-0020673-5 - Presentada", "Nombre": "Canal", "Estado": null, "Datos": null, "Tipo": "Clandestino", "Region": null, "Cuenca": null, "Obra": null, "Localidad": "Colonia Teresa", "C Cuenca": null, "Direccion": null, "Resp.": null, "Dpto": "San Javier" }, "geometry": { "type": "MultiLineString", "coordinates": [ [ [ -59.968854055721543, -30.272615325955631 ], [ -59.975687061835899, -30.274506199175118 ], [ -59.986167363848033, -30.27278945483101 ], [ -60.00757381452199, -30.269518002616454 ] ] ] } },
{ "type": "Feature", "properties": { "Código": "01907-0024534-3 - Intimada", "Nombre": "Canal", "Estado": null, "Datos": null, "Tipo": "Clandestino", "Region": null, "Cuenca": null, "Obra": null, "Localidad": "Florencia", "C Cuenca": null, "Direccion": null, "Resp.": null, "Dpto": "General Obligado" }, "geometry": { "type": "MultiLineString", "coordinates": [ [ [ -59.238016244007746, -28.064552654977049 ], [ -59.238372588867399, -28.066626583493168 ], [ -59.238721703720223, -28.069084544527563 ] ] ] } },
{ "type": "Feature", "properties": { "Código": "01801-0050596-3 - Tramite", "Nombre": "Canal", "Estado": null, "Datos": null, "Tipo": "Clandestino", "Region": null, "Cuenca": null, "Obra": null, "Localidad": "Lazzarino", "C Cuenca": null, "Direccion": null, "Resp.": null, "Dpto": "General Lopez" }, "geometry": { "type": "MultiLineString", "coordinates": [ [ [ -62.355929361211416, -34.16903289493537 ], [ -62.355833113572992, -34.171620549093518 ], [ -62.355906143114844, -34.172595105981245 ] ] ] } },
{ "type": "Feature", "properties": { "Código": "01803-0020119-7 - Finalizado", "Nombre": "Obra Clandestina", "Estado": null, "Datos": null, "Tipo": "Clandestino", "Region": null, "Cuenca": null, "Obra": null, "Localidad": "Crispi", "C Cuenca": null, "Direccion": null, "Resp.": null, "Dpto": "San Martin" }, "geometry": { "type": "MultiLineString", "coordinates": [ [ [ -62.010000034221342, -31.699067496174266 ], [ -62.013461437677904, -31.698450377615313 ], [ -62.014131819128735, -31.701427113246538 ] ] ] } },
{ "type": "Feature", "properties": { "Código": "01801-0051979-3 - Finalizado", "Nombre": "Taludes", "Estado": null, "Datos": null, "Tipo": "Clandestino", "Region": null, "Cuenca": null, "Obra": null, "Localidad": "Colonia Duran", "C Cuenca": null, "Direccion": null, "Resp.": null, "Dpto": "San Javier" }, "geometry": { "type": "MultiLineString", "coordinates": [ [ [ -59.835224393491075, -29.53650814036374 ], [ -59.839430242510986, -29.556305529978488 ], [ -59.83751771110289, -29.54742422076469 ], [ -59.84775520676348, -29.545844676964364 ], [ -59.848044971684686, -29.546228357358647 ] ] ] } },
{ "type": "Feature", "properties": { "Código": "01801-0051979-3 - Finalizado", "Nombre": "talud", "Estado": null, "Datos": null, "Tipo": "Clandestino", "Region": null, "Cuenca": null, "Obra": null, "Localidad": "Colonia Duran", "C Cuenca": null, "Direccion": null, "Resp.": null, "Dpto": "San Javier" }, "geometry": { "type": "MultiLineString", "coordinates": [ [ [ -59.843706103362621, -29.55614969085476 ], [ -59.840852756065885, -29.556474064040525 ] ] ] } },
{ "type": "Feature", "properties": { "Código": "01801-0051979-3 - Finalizado", "Nombre": "talud", "Estado": null, "Datos": null, "Tipo": "Clandestino", "Region": null, "Cuenca": null, "Obra": null, "Localidad": "Colonia Duran", "C Cuenca": null, "Direccion": null, "Resp.": null, "Dpto": "San Javier" }, "geometry": { "type": "MultiLineString", "coordinates": [ [ [ -59.841773920796449, -29.562457029968218 ], [ -59.84105047998095, -29.562641469643182 ] ] ] } },
{ "type": "Feature", "properties": { "Código": "01801-0051979-3 - Finalizado", "Nombre": "Canal", "Estado": null, "Datos": null, "Tipo": "Clandestino", "Region": null, "Cuenca": null, "Obra": null, "Localidad": "Colonia Duran", "C Cuenca": null, "Direccion": null, "Resp.": null, "Dpto": "San Javier" }, "geometry": { "type": "MultiLineString", "coordinates": [ [ [ -59.835532671259358, -29.536337190384149 ], [ -59.839557818913171, -29.556580857217035 ] ] ] } },
{ "type": "Feature", "properties": { "Código": "01907-00000996-9", "Nombre": "Bordo obra no registrada", "Estado": null, "Datos": null, "Tipo": "Clandestino", "Region": null, "Cuenca": null, "Obra": null, "Localidad": null, "C Cuenca": null, "Direccion": null, "Resp.": null, "Dpto": null }, "geometry": { "type": "MultiLineString", "coordinates": [ ] } }
]
}
