{
"type": "FeatureCollection",
"name": "Canales_CC_ENE24_MAR26",
"crs": { "type": "name", "properties": { "name": "urn:ogc:def:crs:OGC:1.3:CRS84" } },
"features": [
{ "type": "Feature", "properties": { "Nombre": "Cl. Desagüe San Jeronimo Norte", "Estado": "Finalizado", "Datos": null, "C Cuenca": "Comite Centro Este", "Tipo": null, "Region": null, "Cuenca": null, "Obra": null, "Código": null, "Localidad": "Las Tunas", "Direccion": null, "Resp.": null, "Dpto": "Las Colonias", "Long (Km)": 10.59 }, "geometry": { "type": "MultiLineString", "coordinates": [ [ [ -61.001309483543274, -31.587768392924172 ], [ -61.039445752538292, -31.578726013790543 ], [ -61.052054310188787, -31.575702312627786 ], [ -61.050671228976881, -31.57148474300859 ], [ -61.048718308890358, -31.565590839253002 ], [ -61.046964567667487, -31.560400778672218 ], [ -61.046888814626044, -31.560033304644488 ], [ -61.045555711905919, -31.556138327476472 ], [ -61.043635411650378, -31.550193620079142 ], [ -61.036582544278183, -31.527052659088149 ] ] ] } },
{ "type": "Feature", "properties": { "Nombre": "Canal Terciario Nº 1", "Estado": "Finalizado", "Datos": null, "C Cuenca": "Comite Centro Este", "Tipo": null, "Region": null, "Cuenca": null, "Obra": null, "Código": null, "Localidad": "Las Tunas", "Direccion": null, "Resp.": null, "Dpto": "Las Colonias", "Long (Km)": 3.58 }, "geometry": { "type": "MultiLineString", "coordinates": [ [ [ -60.966946825920111, -31.544367533285175 ], [ -61.003283607081762, -31.535730999545461 ] ] ] } },
{ "type": "Feature", "properties": { "Nombre": "Canal Terciario Nº 1", "Estado": "Finalizado", "Datos": null, "C Cuenca": "Comite Centro Este", "Tipo": null, "Region": null, "Cuenca": null, "Obra": null, "Código": null, "Localidad": "Las Tunas", "Direccion": null, "Resp.": null, "Dpto": "Las Colonias", "Long (Km)": 13.3 }, "geometry": { "type": "MultiLineString", "coordinates": [ [ [ -61.008151932323258, -31.551000424486421 ], [ -61.003201742069891, -31.535681487165018 ], [ -61.008844166466801, -31.553672586682413 ], [ -61.009523583633175, -31.555802739299267 ], [ -61.010631737353279, -31.559324265576379 ], [ -61.011406134906451, -31.561793758103132 ], [ -61.012538359999319, -31.56542130917903 ], [ -61.013161379043915, -31.567406964709566 ], [ -61.013402832480288, -31.568098199264327 ], [ -61.013904513551964, -31.569670800255565 ], [ -61.014683244214567, -31.572085094426161 ], [ -61.015573255700779, -31.574953040676636 ], [ -61.016649757535269, -31.578221964832537 ], [ -61.017483232811543, -31.580816524261174 ], [ -61.018473825740998, -31.5839228424725 ], [ -61.018835045841861, -31.58504412882856 ], [ -61.019466875696871, -31.586944997214211 ], [ -61.020124620622909, -31.589004428921545 ], [ -61.020890955665109, -31.591402634948789 ], [ -61.021554595100156, -31.593424868798849 ], [ -61.022158520759298, -31.595280468293002 ], [ -61.022422435884287, -31.596103464461347 ], [ -61.023372026767262, -31.59901533937267 ], [ -61.026184145054764, -31.607146151186146 ], [ -61.027556140702139, -31.611403397090431 ], [ -61.028197944662047, -31.613335766995682 ], [ -61.028532175735776, -31.614363385668113 ], [ -61.023229550377714, -31.615637545512438 ], [ -61.003301334623899, -31.62033515809291 ] ] ] } },
{ "type": "Feature", "properties": { "Nombre": "Desag. Las Tunas", "Estado": "Finalizado", "Datos": null, "C Cuenca": "Comite Centro Este", "Tipo": null, "Region": null, "Cuenca": null, "Obra": null, "Código": null, "Localidad": "Las Tunas", "Direccion": null, "Resp.": null, "Dpto": "Las Colonias", "Long (Km)": 5.25 }, "geometry": { "type": "MultiLineString", "coordinates": [ [ [ -61.01073712973669, -31.618664320643845 ], [ -60.996341153630468, -31.57298824749919 ] ] ] } },
{ "type": "Feature", "properties": { "Nombre": "Canal Hilgert", "Estado": "Finalizado", "Datos": null, "C Cuenca": "Comite Centro Este", "Tipo": null, "Region": null, "Cuenca": null, "Obra": null, "Código": null, "Localidad": "Empalme San Carlos", "Direccion": null, "Resp.": null, "Dpto": "Las Colonias", "Long (Km)": 12.22 }, "geometry": { "type": "MultiLineString", "coordinates": [ [ [ -60.764633512138651, -31.594560658729748 ], [ -60.777536229340178, -31.591975409212154 ], [ -60.781150535364716, -31.591241976857859 ], [ -60.789904045069257, -31.589531061062377 ], [ -60.792091522382833, -31.589096513305986 ], [ -60.794820161208904, -31.588536428809189 ], [ -60.797234769213233, -31.588023818690353 ], [ -60.799672848204857, -31.587521548855612 ], [ -60.801204650360681, -31.587212755394312 ], [ -60.801401215604933, -31.58713696949302 ], [ -60.805063289231576, -31.586413408878606 ], [ -60.806875537304947, -31.586050279077757 ], [ -60.808855182952286, -31.585677420952944 ], [ -60.811414797758836, -31.5851504981283 ], [ -60.812505589004481, -31.58492807181274 ], [ -60.81239813937384, -31.584842716923632 ], [ -60.814591979905089, -31.584406336675247 ], [ -60.817184331067914, -31.583898727687107 ], [ -60.820972064678735, -31.58313554998967 ], [ -60.823750225002016, -31.582596892688379 ], [ -60.826257637147968, -31.582085196549819 ], [ -60.830181657282374, -31.581323158371379 ], [ -60.83465260235608, -31.580453977806581 ], [ -60.837824961008074, -31.579807795227051 ], [ -60.84176225029627, -31.579001513986039 ], [ -60.84457473600591, -31.578442883454557 ], [ -60.848005008369746, -31.577755855714951 ], [ -60.850928772668098, -31.577164554292722 ], [ -60.853810220783785, -31.576589817497677 ], [ -60.858053129223258, -31.575714094810426 ], [ -60.859318912160468, -31.575449476358127 ], [ -60.862818935915477, -31.574735118760756 ], [ -60.863752626753623, -31.574541989724533 ], [ -60.865068867111347, -31.574286649377282 ], [ -60.869181020979013, -31.573474923330995 ], [ -60.874387128672616, -31.572447342919641 ], [ -60.876985918122834, -31.571933423494066 ], [ -60.88144791905561, -31.571054653571604 ], [ -60.883662954533115, -31.570619632986276 ], [ -60.887477426814996, -31.569870332080704 ], [ -60.888054299782461, -31.569755723661174 ], [ -60.889717639655657, -31.569442332614134 ] ] ] } },
{ "type": "Feature", "properties": { "Nombre": "Canal Empalme San Carlos", "Estado": "Finalizado", "Datos": null, "C Cuenca": "Comite Centro Este", "Tipo": null, "Region": null, "Cuenca": null, "Obra": null, "Código": null, "Localidad": "Empalme San Carlos", "Direccion": null, "Resp.": null, "Dpto": "Las Colonias", "Long (Km)": 8.82 }, "geometry": { "type": "MultiLineString", "coordinates": [ [ [ -60.807566355940089, -31.547232147447136 ], [ -60.81369424655724, -31.553513638305525 ], [ -60.814014716274563, -31.553446920305504 ], [ -60.814164031994366, -31.553433358189796 ], [ -60.815193798333993, -31.553225902134013 ], [ -60.816945419809819, -31.552858790851484 ], [ -60.820724362832024, -31.552070341903434 ], [ -60.820879662158148, -31.5520234348581 ], [ -60.823259859077801, -31.55151961961829 ], [ -60.824804440360218, -31.551181783237528 ], [ -60.827610480162051, -31.550607778363908 ], [ -60.829491465795378, -31.550231955117198 ], [ -60.832965161370048, -31.549499935538023 ], [ -60.834651618795576, -31.549164212005309 ], [ -60.835715379880114, -31.549539069575925 ], [ -60.837130601587916, -31.55001896724238 ], [ -60.838181792330204, -31.55038973695957 ], [ -60.839364125515488, -31.55077501073151 ], [ -60.840531503226387, -31.551189522829549 ], [ -60.841525938538588, -31.551534013675099 ], [ -60.842751695181619, -31.551939684276931 ], [ -60.843349537263116, -31.552140320921087 ], [ -60.843479598679849, -31.552199419042768 ], [ -60.843549022508299, -31.552278175894632 ], [ -60.843588691781157, -31.552362520227692 ], [ -60.843650486900415, -31.55242864117956 ], [ -60.843750565887177, -31.552476382486741 ], [ -60.844176520197621, -31.55262484530051 ], [ -60.845252608085438, -31.552984875359304 ], [ -60.847250469943454, -31.553645909689873 ], [ -60.847705419724981, -31.553809021730746 ], [ -60.84790896686561, -31.553879042585887 ], [ -60.848028746792551, -31.553912816529124 ], [ -60.848118240512925, -31.553912994864579 ], [ -60.848233445135854, -31.553884323186704 ], [ -60.848312882272978, -31.553876126896345 ], [ -60.848446300581749, -31.553911862537902 ], [ -60.848955807033711, -31.554087964251853 ], [ -60.850153180831896, -31.554488461278403 ], [ -60.851211483268834, -31.554861235083518 ], [ -60.852456333935933, -31.555291792417059 ], [ -60.85355765350203, -31.55568018075823 ], [ -60.855422399564787, -31.556323860165776 ], [ -60.856915313462039, -31.55683955591352 ], [ -60.858631638366141, -31.557427390344603 ], [ -60.860930634114929, -31.558221513230954 ], [ -60.863341844650513, -31.559041431609675 ], [ -60.864422562737431, -31.559392568802679 ], [ -60.864679236937427, -31.559492672805153 ], [ -60.864787672828001, -31.559530191596213 ], [ -60.864849279291512, -31.559553419171301 ], [ -60.864937637862973, -31.559584326120881 ], [ -60.865005547542843, -31.559581378467005 ], [ -60.865098377552613, -31.559549800191707 ], [ -60.8652805561563, -31.559524141902592 ], [ -60.865404056085033, -31.559648080358436 ], [ -60.865463735455869, -31.559708044346365 ], [ -60.865635728401024, -31.559779189047404 ], [ -60.866165207203942, -31.559942508135411 ], [ -60.867565280307595, -31.560432008059653 ], [ -60.868578694652676, -31.560765311464461 ], [ -60.869338715432526, -31.561028274440719 ], [ -60.870189309735302, -31.560754475191828 ], [ -60.871462241288938, -31.561179418858753 ], [ -60.874611843776719, -31.562284189519357 ], [ -60.874651176226415, -31.562347832527912 ], [ -60.874449890216454, -31.562832373860982 ], [ -60.87620516621778, -31.563427903193087 ], [ -60.877690605714847, -31.563935520532819 ], [ -60.879108314744101, -31.564431361848595 ], [ -60.882346667793428, -31.565515578492818 ], [ -60.882890213664403, -31.565715091358925 ], [ -60.883108341717218, -31.565836337580471 ], [ -60.883821690701417, -31.566066881249306 ], [ -60.885056963256744, -31.566485544099198 ], [ -60.885355579964788, -31.566605971151908 ], [ -60.885614069431064, -31.56667741741235 ], [ -60.886683540597254, -31.567046078157787 ], [ -60.88859390830978, -31.567708767676148 ], [ -60.888781078732777, -31.567773585981953 ], [ -60.889158484076297, -31.567899300919297 ], [ -60.889243617550541, -31.56790370752412 ], [ -60.889717639655657, -31.569442332614134 ] ] ] } },
{ "type": "Feature", "properties": { "Nombre": "Canal Bajo Las Tunas", "Estado": "Finalizado", "Datos": null, "C Cuenca": "Comite Centro Este", "Tipo": null, "Region": null, "Cuenca": null, "Obra": null, "Código": null, "Localidad": "Las Tunas", "Direccion": null, "Resp.": null, "Dpto": "Las Colonias", "Long (Km)": 4.3 }, "geometry": { "type": "MultiLineString", "coordinates": [ [ [ -61.003437562993128, -31.620149977022173 ], [ -61.004035447994994, -31.617882755489347 ], [ -61.003897934280339, -31.616744380174747 ], [ -61.003932723800851, -31.61595167949563 ], [ -61.004498810272658, -31.615195626343343 ], [ -61.003416948886219, -31.611768656638464 ], [ -61.003163283083381, -31.611487737880825 ], [ -61.002385734644314, -31.609744857008383 ], [ -61.002385817251728, -31.608779031808655 ], [ -61.001606114686197, -31.606292317542458 ], [ -61.001349481583269, -31.604356927218248 ], [ -61.000134085351768, -31.600601463485379 ], [ -60.999671878963113, -31.600346409385484 ], [ -60.998697315349801, -31.597318773763 ], [ -60.998429449378108, -31.596981611533252 ], [ -60.997182025467858, -31.593151183354916 ], [ -60.997369975459009, -31.587528943830993 ], [ -60.998848152812045, -31.583273358750365 ], [ -60.999282047827968, -31.583132056795783 ] ] ] } },
{ "type": "Feature", "properties": { "Nombre": "Canal Secundario 1 Malaquias", "Estado": "Finalizado", "Datos": null, "C Cuenca": "Comite Centro Este", "Tipo": null, "Region": null, "Cuenca": null, "Obra": null, "Código": null, "Localidad": "San Jose", "Direccion": null, "Resp.": null, "Dpto": "Las Colonias", "Long (Km)": 1.23 }, "geometry": { "type": "MultiLineString", "coordinates": [ [ [ -60.872685700009882, -31.640403057730502 ], [ -60.873379093240864, -31.636936886037766 ], [ -60.874268777989116, -31.634940449815254 ], [ -60.874020396776494, -31.632300210388962 ], [ -60.873194481121288, -31.62960729117837 ] ] ] } },
{ "type": "Feature", "properties": { "Nombre": "Canal Sec 2 Malaquias", "Estado": "Finalizado", "Datos": null, "C Cuenca": "Comite Centro Este", "Tipo": null, "Region": null, "Cuenca": null, "Obra": null, "Código": null, "Localidad": "San Jose", "Direccion": null, "Resp.": null, "Dpto": "Las Colonias", "Long (Km)": 1.09 }, "geometry": { "type": "MultiLineString", "coordinates": [ [ [ -60.872834298807653, -31.640493287767821 ], [ -60.873229793198902, -31.640183734177164 ], [ -60.883831549609233, -31.637973439949402 ] ] ] } },
{ "type": "Feature", "properties": { "Nombre": "Terciario Malaquias", "Estado": "Finalizado", "Datos": null, "C Cuenca": "Comite Centro Este", "Tipo": null, "Region": null, "Cuenca": null, "Obra": null, "Código": null, "Localidad": "San Jose", "Direccion": null, "Resp.": null, "Dpto": "Las Colonias", "Long (Km)": 4.59 }, "geometry": { "type": "MultiLineString", "coordinates": [ [ [ -60.883822696112176, -31.637843294583508 ], [ -60.880673616163939, -31.627996681838617 ], [ -60.893749718796315, -31.62530225269812 ], [ -60.887897938109141, -31.606232524425113 ] ] ] } },
{ "type": "Feature", "properties": { "Nombre": "CANAL_SECO_SAN_CARLOS_NORTE", "Estado": "Finalizado", "Datos": null, "C Cuenca": "Comité de Arroyo Malaquias - Los Troncos", "Tipo": null, "Region": null, "Cuenca": null, "Obra": null, "Código": null, "Localidad": "San Carlos Norte", "Direccion": null, "Resp.": null, "Dpto": "Las Colonias", "Long (Km)": 2.26 }, "geometry": { "type": "MultiLineString", "coordinates": [ [ [ -61.070537027100073, -31.678793022500273 ], [ -61.071772141700087, -31.683771210700293 ], [ -61.05438348600007, -31.687223214500278 ] ] ] } },
{ "type": "Feature", "properties": { "Nombre": "Canal Colombo", "Estado": "Finalizado", "Datos": null, "C Cuenca": "Comité de Arroyo Malaquias - Los Troncos", "Tipo": null, "Region": null, "Cuenca": null, "Obra": null, "Código": null, "Localidad": "Sauce Viejo", "Direccion": null, "Resp.": null, "Dpto": "Las Colonias", "Long (Km)": 2.36 }, "geometry": { "type": "MultiLineString", "coordinates": [ [ [ -60.963347978200076, -31.756368484700285 ], [ -60.972643776900078, -31.7761069569003 ] ] ] } },
{ "type": "Feature", "properties": { "Nombre": "Canal Interceptor San Carlos", "Estado": "Finalizado", "Datos": null, "C Cuenca": "Comité de Arroyo Malaquias - Los Troncos", "Tipo": null, "Region": null, "Cuenca": null, "Obra": null, "Código": null, "Localidad": "Matilde", "Direccion": null, "Resp.": null, "Dpto": "Las Colonias", "Long (Km)": 1.32 }, "geometry": { "type": "MultiLineString", "coordinates": [ [ [ -61.049576642900078, -31.736563532200289 ], [ -61.052297094400075, -31.748220966300298 ] ] ] } },
{ "type": "Feature", "properties": { "Nombre": "Canal interceptor San Carlos", "Estado": "Finalizado", "Datos": null, "C Cuenca": "Comité de Arroyo Malaquias - Los Troncos", "Tipo": null, "Region": null, "Cuenca": null, "Obra": null, "Código": null, "Localidad": "Matilde", "Direccion": null, "Resp.": null, "Dpto": "Las Colonias", "Long (Km)": 2.61 }, "geometry": { "type": "MultiLineString", "coordinates": [ [ [ -61.052297094400075, -31.748220966300298 ], [ -61.054035351400081, -31.7552566529003 ], [ -61.057873910000069, -31.771276015000286 ] ] ] } },
{ "type": "Feature", "properties": { "Nombre": "Canal de la EPE", "Estado": "Finalizado", "Datos": null, "C Cuenca": "Comité de Arroyo Malaquias - Los Troncos", "Tipo": null, "Region": null, "Cuenca": null, "Obra": null, "Código": null, "Localidad": "Matilde", "Direccion": null, "Resp.": null, "Dpto": "Las Colonias", "Long (Km)": 1.03 }, "geometry": { "type": "MultiLineString", "coordinates": [ [ [ -61.018780670500064, -31.719995884700307 ], [ -61.01847371780007, -31.720026888300318 ], [ -61.01720899050008, -31.719723974000289 ], [ -61.016725306500078, -31.719604449300284 ], [ -61.016249382900078, -31.719622682000296 ], [ -61.010712659700076, -31.719907128700292 ], [ -61.00926556370009, -31.719648515500271 ], [ -61.008020643600076, -31.719403383300296 ] ] ] } },
{ "type": "Feature", "properties": { "Nombre": "Canal Sur San Carlos Norte", "Estado": "Finalizado", "Datos": null, "C Cuenca": "Comité de Arroyo Malaquias - Los Troncos", "Tipo": null, "Region": null, "Cuenca": null, "Obra": null, "Código": null, "Localidad": "San Carlos Norte", "Direccion": null, "Resp.": null, "Dpto": "Las Colonias", "Long (Km)": 2.94 }, "geometry": { "type": "MultiLineString", "coordinates": [ [ [ -61.054378521386738, -31.687437646215283 ], [ -61.054378521386738, -31.687193878157547 ], [ -61.053550867300061, -31.684118261100288 ], [ -61.05356089520005, -31.684036917600285 ], [ -61.053558029500067, -31.683652524400276 ], [ -61.054018863300058, -31.681846652400285 ], [ -61.053910862600077, -31.680083309700308 ], [ -61.054325283200086, -31.676184301900282 ], [ -61.054543221800095, -31.673423051600263 ], [ -61.054587447700079, -31.673153536100273 ], [ -61.055004816500073, -31.672896022400273 ], [ -61.059838705600065, -31.672013996100304 ], [ -61.068283167500063, -31.670421932900275 ] ] ] } },
{ "type": "Feature", "properties": { "Nombre": "Canal Bragado", "Estado": "Finalizado", "Datos": null, "C Cuenca": "Comité de Arroyo Malaquias - Los Troncos", "Tipo": null, "Region": null, "Cuenca": null, "Obra": null, "Código": null, "Localidad": "San Carlos Sur", "Direccion": null, "Resp.": null, "Dpto": "Las Colonias", "Long (Km)": 10.76 }, "geometry": { "type": "MultiLineString", "coordinates": [ [ [ -61.118792594600073, -31.839196886500279 ], [ -61.112219580900089, -31.838988413600287 ], [ -61.107761446700088, -31.839027313600305 ], [ -61.103811112600091, -31.83925396540031 ], [ -61.099062438200079, -31.839295081300278 ], [ -61.093215683200086, -31.838545170500296 ], [ -61.086719454600072, -31.837671794100302 ], [ -61.082298404100065, -31.836829163700276 ], [ -61.080194302800088, -31.836561047800302 ], [ -61.072666550600069, -31.836167198400265 ], [ -61.069236980700069, -31.8357788451003 ], [ -61.061465421700085, -31.835163857100277 ], [ -61.047991516100069, -31.83527556340028 ], [ -61.039353379600072, -31.834779395500298 ], [ -61.03114661750007, -31.833925360400283 ], [ -61.026310809200076, -31.833188355700266 ], [ -61.021185962000061, -31.830373060100275 ], [ -61.017271155500069, -31.829338203500281 ], [ -61.012025281082728, -31.828551117541966 ], [ -61.006840416738314, -31.82849294195541 ] ] ] } },
{ "type": "Feature", "properties": { "Nombre": "Canal Alternativa Sur II", "Estado": "Finalizado", "Datos": null, "C Cuenca": "Comite Canal Principal Santa María - San Jeronimo Norte", "Tipo": null, "Region": null, "Cuenca": null, "Obra": null, "Código": null, "Localidad": "San Carlos Norte", "Direccion": null, "Resp.": null, "Dpto": "Las Colonias", "Long (Km)": 10.11 }, "geometry": { "type": "MultiLineString", "coordinates": [ [ [ -61.182658575900071, -31.643400191700287 ], [ -61.182180388300068, -31.643436898100301 ], [ -61.174503276600056, -31.643317648600277 ], [ -61.173227587300055, -31.643284075100272 ], [ -61.166767357400062, -31.64355555380029 ], [ -61.166515939200082, -31.643596881100276 ], [ -61.162822500500084, -31.643364420600282 ], [ -61.160460019900079, -31.643213905800287 ], [ -61.154795288000081, -31.642577191800285 ], [ -61.14970770150007, -31.6413464045003 ], [ -61.147013718400061, -31.64051727950028 ], [ -61.14684086860008, -31.64047430230028 ], [ -61.144493073800085, -31.640213998500268 ], [ -61.141688218100072, -31.639584318500294 ], [ -61.141331895500073, -31.63949612670028 ], [ -61.139131943500068, -31.639636310900311 ], [ -61.13160320390007, -31.640566729200284 ], [ -61.129760936000075, -31.640543026300282 ], [ -61.124578224000068, -31.640603463400275 ], [ -61.124188954700074, -31.640534830200313 ], [ -61.119903136300074, -31.640837539700282 ], [ -61.117350292800076, -31.640652201600279 ], [ -61.117059268100064, -31.640699811300291 ], [ -61.109816640600073, -31.641546861000283 ], [ -61.104111813800074, -31.642329320600282 ], [ -61.099403495800075, -31.64199910650029 ], [ -61.094308901000076, -31.642060613600286 ], [ -61.090814916800078, -31.642489600200296 ], [ -61.084365717700074, -31.642794528100282 ], [ -61.080411349500075, -31.64328829190028 ], [ -61.077158245600081, -31.643905678000277 ] ] ] } },
{ "type": "Feature", "properties": { "Nombre": "CANAL Terciario Camino 9", "Estado": "Finalizado", "Datos": null, "C Cuenca": "Comité de Arroyo Malaquias - Los Troncos", "Tipo": null, "Region": null, "Cuenca": null, "Obra": null, "Código": null, "Localidad": "San Carlos Norte", "Direccion": null, "Resp.": null, "Dpto": "Las Colonias", "Long (Km)": 3.75 }, "geometry": { "type": "MultiLineString", "coordinates": [ [ [ -61.082506065300088, -31.718535204500284 ], [ -61.073935203900071, -31.719977297900275 ], [ -61.073674090100091, -31.719167408100297 ], [ -61.063763299500074, -31.720958274600296 ], [ -61.063378111500072, -31.719515288600295 ], [ -61.045750705000081, -31.722721130400267 ] ] ] } },
{ "type": "Feature", "properties": { "Nombre": "Canal Terciario Estacion San Agustin", "Estado": "Finalizado", "Datos": null, "C Cuenca": "Comité de Arroyo Malaquias - Los Troncos", "Tipo": null, "Region": null, "Cuenca": null, "Obra": null, "Código": null, "Localidad": "San Agustin", "Direccion": null, "Resp.": null, "Dpto": "Las Colonias", "Long (Km)": 1.52 }, "geometry": { "type": "MultiLineString", "coordinates": [ [ [ -60.888249768800065, -31.686925912000273 ], [ -60.89016655630008, -31.683227185100286 ], [ -60.890160175900064, -31.682558620900284 ], [ -60.892138976100078, -31.682228032300301 ], [ -60.892465164800079, -31.681978118600266 ], [ -60.893940033900066, -31.681588088300298 ], [ -60.895510410900066, -31.680030364500272 ], [ -60.897380933000079, -31.678581844500282 ], [ -60.898463461300047, -31.677641703900303 ] ] ] } },
{ "type": "Feature", "properties": { "Nombre": "CANAL_SECO_SAN_CARLOS_NORTE", "Estado": "Finalizado", "Datos": null, "C Cuenca": "Comité de Arroyo Malaquias - Los Troncos", "Tipo": null, "Region": null, "Cuenca": null, "Obra": null, "Código": null, "Localidad": "San Carlos Norte", "Direccion": null, "Resp.": null, "Dpto": "Las Colonias", "Long (Km)": 2.22 }, "geometry": { "type": "MultiLineString", "coordinates": [ [ [ -61.054074114200063, -31.687284709800291 ], [ -61.04592210200007, -31.688902129400297 ], [ -61.04578270230008, -31.689170439300273 ], [ -61.046171194600078, -31.690739048800282 ], [ -61.037725527000077, -31.692343492800273 ], [ -61.038653872800076, -31.695819710300281 ] ] ] } },
{ "type": "Feature", "properties": { "Nombre": "Drenaje Bajo Matilde", "Estado": "Finalizado", "Datos": null, "C Cuenca": "Comité de Arroyo Malaquias - Los Troncos", "Tipo": null, "Region": null, "Cuenca": null, "Obra": null, "Código": null, "Localidad": "Matilde", "Direccion": null, "Resp.": null, "Dpto": "Las Colonias", "Long (Km)": 1.31 }, "geometry": { "type": "MultiLineString", "coordinates": [ [ [ -60.980216975500063, -31.80855061310028 ], [ -60.993775556500076, -31.806348417800276 ] ] ] } },
{ "type": "Feature", "properties": { "Nombre": "Canal Tramo IV - Huber-Perez", "Estado": "Finalizado", "Datos": "Limpieza", "C Cuenca": "Comite Carrizales", "Tipo": null, "Region": null, "Cuenca": null, "Obra": null, "Código": null, "Localidad": "Campo Piaggio", "Direccion": null, "Resp.": null, "Dpto": "San Jerónimo", "Long (Km)": 5.4 }, "geometry": { "type": "MultiLineString", "coordinates": [ [ [ -61.3549754930497, -31.951484963946648 ], [ -61.343026072537775, -31.903840780721417 ] ] ] } },
{ "type": "Feature", "properties": { "Nombre": "Canal Piagio", "Estado": "Finalizado", "Datos": "Limpieza", "C Cuenca": "Comite Carrizales", "Tipo": null, "Region": null, "Cuenca": null, "Obra": null, "Código": null, "Localidad": "Campo Piaggio", "Direccion": null, "Resp.": null, "Dpto": "San Jerónimo", "Long (Km)": 6.26 }, "geometry": { "type": "MultiLineString", "coordinates": [ [ [ -61.355007450476045, -31.95164410747282 ], [ -61.34966963632953, -31.950047752648963 ], [ -61.346020583523519, -31.949561557823863 ], [ -61.340349296998347, -31.948795922721693 ], [ -61.329588295821686, -31.906174619580543 ] ] ] } },
{ "type": "Feature", "properties": { "Nombre": "Canal Tramo III - Ramillete - Vía Baja", "Estado": "Finalizado", "Datos": "Limpieza", "C Cuenca": "Comite Carrizales", "Tipo": null, "Region": null, "Cuenca": null, "Obra": null, "Código": null, "Localidad": "Campo Piaggio", "Direccion": null, "Resp.": null, "Dpto": "San Jerónimo", "Long (Km)": 2.74 }, "geometry": { "type": "MultiLineString", "coordinates": [ [ [ -61.346473505563594, -31.973015289973048 ], [ -61.340346204747249, -31.948826364495158 ] ] ] } },
{ "type": "Feature", "properties": { "Nombre": "Canal EL CHIRÚ", "Estado": "En Ejecucion", "Datos": "Limpieza", "C Cuenca": "Comite Cañada Quiñones", "Tipo": null, "Region": null, "Cuenca": null, "Obra": null, "Código": null, "Localidad": "San Martin de las Escobas", "Direccion": null, "Resp.": null, "Dpto": "San Martin", "Long (Km)": 10.0 }, "geometry": { "type": "MultiLineString", "coordinates": [ [ [ -61.563836128113778, -31.893202797015505 ], [ -61.564180579782828, -31.893141976218299 ], [ -61.566754569977157, -31.894125639828541 ], [ -61.567141902460754, -31.894149155871435 ], [ -61.569199752641651, -31.895083771531823 ], [ -61.569965808778491, -31.895292045763409 ], [ -61.570467482915603, -31.895689319321733 ], [ -61.5741171185513, -31.897069696579237 ], [ -61.577997385777394, -31.897650463892184 ], [ -61.57828347196714, -31.897919340813154 ], [ -61.580552997127207, -31.898076063761859 ], [ -61.594246305605651, -31.900360170512894 ], [ -61.615564521374871, -31.901794661112806 ], [ -61.617170598010745, -31.89840350904328 ], [ -61.616899813258222, -31.89439980927985 ], [ -61.616370459852028, -31.890785864890905 ], [ -61.637845167622572, -31.886690879685908 ], [ -61.638752992007824, -31.884004307860906 ], [ -61.64038758053097, -31.882353899733278 ], [ -61.644774700829146, -31.88169081756493 ], [ -61.646468767109212, -31.881929886493069 ], [ -61.648920785064398, -31.882148648043273 ], [ -61.650452972196369, -31.882361353598437 ], [ -61.65117769470374, -31.882527741565223 ], [ -61.651486973961546, -31.882654633004176 ] ] ] } },
{ "type": "Feature", "properties": { "Nombre": "Canal Biolatto", "Estado": "Finalizado", "Datos": "Limpieza", "C Cuenca": "Comite Carrizales", "Tipo": null, "Region": null, "Cuenca": null, "Obra": null, "Código": null, "Localidad": "Las Bandurrias, Cañada Rosquin, Casas, El Trebol, Maria Susana", "Direccion": null, "Resp.": null, "Dpto": "San Martin", "Long (Km)": 52.83 }, "geometry": { "type": "MultiLineString", "coordinates": [ [ [ -61.436239804175038, -32.042063746796565 ], [ -61.437232897159468, -32.043996146588448 ], [ -61.439574938215095, -32.048756519433184 ], [ -61.441204311144411, -32.049885898180236 ], [ -61.444928710602483, -32.05123712619271 ], [ -61.462910251205727, -32.057666240132178 ], [ -61.467501315299131, -32.058399406648157 ], [ -61.47060261795631, -32.059049612729353 ], [ -61.477083887098118, -32.060179555453686 ], [ -61.481939744102576, -32.061036880575308 ], [ -61.48429906658923, -32.061852479971478 ], [ -61.486124903851618, -32.063979751495594 ], [ -61.486868610985148, -32.067200066777943 ], [ -61.488103304981244, -32.06892689523854 ], [ -61.489134393645998, -32.069989660328943 ], [ -61.489623481755068, -32.070303205831834 ], [ -61.490371849399565, -32.070505466520146 ], [ -61.490935500052046, -32.070613352876123 ], [ -61.492104107696576, -32.070717331249433 ], [ -61.493208881780966, -32.070961632559481 ], [ -61.495013105599583, -32.071341857301867 ], [ -61.4959929103373, -32.071574185657539 ], [ -61.496778524525077, -32.071743701264936 ], [ -61.497476758352178, -32.071952687449254 ], [ -61.497717238574481, -32.072163298888924 ], [ -61.498072024702758, -32.072755420109608 ], [ -61.498453140215368, -32.073589299828967 ], [ -61.498708428252662, -32.073915840022671 ], [ -61.498965567134483, -32.074191001584303 ], [ -61.499898608874048, -32.074590205690676 ], [ -61.500575578960643, -32.074512284220766 ], [ -61.502225850033703, -32.074500074783323 ], [ -61.503314530709304, -32.074523655110937 ], [ -61.505124354716841, -32.074527847835078 ], [ -61.508373037764294, -32.07458864971283 ], [ -61.50936055646855, -32.074690748594762 ], [ -61.514740986372232, -32.075274261121223 ], [ -61.519925652764726, -32.075824921173918 ], [ -61.523624040450223, -32.076173610417563 ], [ -61.525378594315413, -32.077293864102771 ], [ -61.525593754920394, -32.077397392685143 ], [ -61.525930852471923, -32.077398259576597 ], [ -61.530508079220965, -32.07655214994945 ], [ -61.549790817690933, -32.072944332399018 ], [ -61.553568604926618, -32.074686695310497 ], [ -61.556736932507519, -32.076031713260974 ], [ -61.557942133322747, -32.076488387557603 ], [ -61.559256404336786, -32.076936697080903 ], [ -61.561205387602271, -32.077570938822625 ], [ -61.562640878302318, -32.078162410451966 ], [ -61.565121718232433, -32.079296747213569 ], [ -61.565650293112867, -32.079965043371914 ], [ -61.568446005341855, -32.080824379140132 ], [ -61.569982104308252, -32.081461879327236 ], [ -61.57274830181408, -32.08223441809578 ], [ -61.575561739742376, -32.083855819146123 ], [ -61.576240588763, -32.084263404535996 ], [ -61.579714330898028, -32.085246067200508 ], [ -61.583374679399753, -32.086333135680484 ], [ -61.58713554930835, -32.087768384988294 ], [ -61.590980350958503, -32.089352129095808 ], [ -61.592227783127967, -32.089841886599025 ], [ -61.594328294853476, -32.08974557522918 ], [ -61.604510273186385, -32.089629291351848 ], [ -61.605954989728637, -32.089402756378732 ], [ -61.606450100979295, -32.089719909540399 ], [ -61.609397934785861, -32.090159421560649 ], [ -61.61090234786402, -32.089996467284365 ], [ -61.612541973198695, -32.090864862500489 ], [ -61.625880588037163, -32.094049218309642 ], [ -61.628464878964976, -32.095434838185497 ], [ -61.629713120454198, -32.095933296288145 ], [ -61.631456800621578, -32.096044696592358 ], [ -61.637344430934668, -32.099241541643984 ], [ -61.639740030003566, -32.099852598201807 ], [ -61.642482493690451, -32.099918111939218 ], [ -61.645559715331061, -32.101616134926928 ], [ -61.648318560724739, -32.102639025309301 ], [ -61.651262685500633, -32.103403712398617 ], [ -61.65503132332244, -32.105375157868174 ], [ -61.657298174703492, -32.106248114308222 ], [ -61.65931950112617, -32.106791329307384 ], [ -61.662139349577437, -32.10716635692598 ], [ -61.66606291414503, -32.10771397563861 ], [ -61.670054854720121, -32.10849655567587 ], [ -61.672356682579128, -32.108592657137095 ], [ -61.678020193187514, -32.108249966366763 ], [ -61.67846041903514, -32.108329430617971 ], [ -61.684226200742337, -32.107379156646125 ], [ -61.685721829116488, -32.107150513742688 ], [ -61.68607192240006, -32.107134067468017 ], [ -61.686762263943059, -32.107268210196779 ], [ -61.687938423373346, -32.107630314392402 ], [ -61.690428933790734, -32.108545426344662 ], [ -61.693954269347046, -32.110691921915674 ], [ -61.697167569208396, -32.11269561033518 ], [ -61.698245757467717, -32.113301184012535 ], [ -61.698800417608815, -32.113539901073722 ], [ -61.69931972162766, -32.113673062291973 ], [ -61.703622420441519, -32.114510134217149 ], [ -61.70611140742993, -32.114954609674335 ], [ -61.70919381306544, -32.115188670575286 ], [ -61.711092094130748, -32.115272317294199 ], [ -61.713387949114839, -32.116078131758506 ], [ -61.717463306788488, -32.117000249605312 ], [ -61.720795026831979, -32.117717069969068 ], [ -61.721258817427135, -32.117949892293069 ], [ -61.721995740781757, -32.118317901327835 ], [ -61.723407419033755, -32.118617302689771 ], [ -61.724361794100211, -32.118833552578685 ], [ -61.724925760945617, -32.119109035436253 ], [ -61.725291283694709, -32.119480110096021 ], [ -61.725681845901335, -32.119802507037114 ], [ -61.726165277435499, -32.120098167066629 ], [ -61.726597353414348, -32.120236743315111 ], [ -61.727720247723283, -32.120344485048115 ], [ -61.72942311139667, -32.120519920093372 ], [ -61.730420604470822, -32.12063026155424 ], [ -61.731199680216143, -32.120570075777827 ], [ -61.731462442020607, -32.120561014736921 ], [ -61.732101232366809, -32.121076799194434 ], [ -61.733200195428743, -32.12154910155224 ], [ -61.735898039531037, -32.122621345081264 ], [ -61.736764732862412, -32.122751344307005 ], [ -61.739667959597071, -32.123150069270608 ], [ -61.741116271468258, -32.123335268174984 ], [ -61.741620465964118, -32.123368795563877 ], [ -61.74213629080235, -32.123431655815757 ], [ -61.742486510615542, -32.123493651382319 ], [ -61.742659196518808, -32.123591458223871 ], [ -61.742830362999001, -32.123776875979964 ], [ -61.743479815222692, -32.124017716814357 ], [ -61.745821349780336, -32.124420816223655 ], [ -61.751376142000069, -32.125515532361788 ], [ -61.754976870818638, -32.126459978014175 ], [ -61.756159666714417, -32.126748344440657 ], [ -61.757249304053701, -32.127079238147687 ], [ -61.758256325555429, -32.127386710192305 ], [ -61.759043707347672, -32.127670515350808 ], [ -61.759056799134214, -32.127670749410193 ], [ -61.759471883470418, -32.127663946393199 ], [ -61.760745843723747, -32.12797552309295 ], [ -61.761597087507191, -32.128203863730164 ], [ -61.76237611398485, -32.128404130763705 ], [ -61.762967739367966, -32.128566193245796 ], [ -61.763104082606581, -32.12872489731734 ], [ -61.763229564634145, -32.128895636532867 ], [ -61.763940446886131, -32.128883949542356 ], [ -61.76573019536729, -32.128940656484296 ], [ -61.766557156833301, -32.128922004622837 ], [ -61.766840641611871, -32.12888978782793 ], [ -61.767926499951685, -32.129227992784656 ], [ -61.768670551765688, -32.129540770705049 ], [ -61.769266086077089, -32.12981948180294 ], [ -61.770140415298961, -32.13004282593554 ], [ -61.771734169970074, -32.130427873777151 ], [ -61.772645557443475, -32.130668834137488 ], [ -61.773599660374337, -32.131057631693395 ], [ -61.775073809585891, -32.131576634748541 ], [ -61.77650051395689, -32.132059825099013 ], [ -61.776915932803462, -32.132067089572821 ], [ -61.777382710948245, -32.132046421641263 ], [ -61.777971870005864, -32.132226475240763 ], [ -61.779779528099304, -32.132777237303898 ], [ -61.781012078281861, -32.133294411768865 ], [ -61.782194189737439, -32.133688388453919 ], [ -61.783473473388035, -32.134071854700998 ], [ -61.784190370687277, -32.13431194815653 ], [ -61.7861233945533, -32.134701093616599 ], [ -61.787481134233694, -32.135024039969892 ], [ -61.789285815920522, -32.135440124363662 ], [ -61.790339991633886, -32.135674410056836 ], [ -61.790807178057165, -32.135836625936577 ], [ -61.791557642333856, -32.136217446835381 ], [ -61.792357854266143, -32.136656550838666 ], [ -61.792663043366908, -32.137137862185988 ], [ -61.792978908638815, -32.137689919112439 ], [ -61.793091371526963, -32.138056866239914 ], [ -61.793928800637588, -32.138076480148221 ], [ -61.794744227438137, -32.138032406389314 ], [ -61.79565812147564, -32.137947565556651 ], [ -61.796527818955333, -32.137840927654729 ], [ -61.796972444328318, -32.137968566261392 ], [ -61.797494865137296, -32.138142113635375 ], [ -61.79928479433724, -32.13837979518965 ], [ -61.803823410278191, -32.138777671468198 ], [ -61.806018991151589, -32.139362842053572 ], [ -61.807270440489255, -32.139626177182485 ], [ -61.811875399706253, -32.141156365777171 ], [ -61.813982994283698, -32.142084348169021 ], [ -61.814375161366883, -32.142431000822292 ], [ -61.818140346448885, -32.143685734225286 ], [ -61.820046912793046, -32.144438967370704 ], [ -61.821566883150908, -32.145110982635863 ], [ -61.822799484417317, -32.145623258698208 ], [ -61.823250519927001, -32.145867913123105 ], [ -61.824167121784605, -32.146423607836255 ], [ -61.82731669927378, -32.14834632585027 ], [ -61.827745334024179, -32.148544414213767 ], [ -61.828938490952808, -32.148940064822263 ], [ -61.829968245653191, -32.14934305502959 ], [ -61.83128401991285, -32.149827773496447 ], [ -61.835486541548882, -32.151300476054175 ], [ -61.83891676698623, -32.151978185471727 ], [ -61.84268203996816, -32.152730273086476 ], [ -61.845911898222376, -32.15335924318191 ], [ -61.850131454667078, -32.154155577951627 ], [ -61.851014081824552, -32.154384897784276 ], [ -61.851893195746904, -32.154492422311449 ], [ -61.866827239808181, -32.159687880722473 ], [ -61.868267740392469, -32.160218774271442 ], [ -61.869933097706657, -32.160742006849162 ], [ -61.872860266490768, -32.161530435935845 ], [ -61.873521942567564, -32.161600480077681 ], [ -61.876852021628089, -32.16262554297942 ], [ -61.880890504930839, -32.16385032643435 ], [ -61.884519731086023, -32.165153348466859 ], [ -61.888589957441511, -32.166646318171118 ], [ -61.890212260669195, -32.167192681976374 ], [ -61.8905469555122, -32.167348225539143 ], [ -61.890635669399714, -32.167630106364435 ], [ -61.890795808923698, -32.168295490151031 ], [ -61.890961006128805, -32.168573561007562 ], [ -61.891484119499985, -32.168855772508948 ], [ -61.892636220641229, -32.1693464381813 ], [ -61.894157239376078, -32.170168376164696 ], [ -61.896009515661177, -32.171080256700272 ], [ -61.89681854479187, -32.171328906957193 ], [ -61.897927420514492, -32.171593553859161 ], [ -61.898972821135978, -32.171780876634308 ], [ -61.899778529195842, -32.172200571799003 ], [ -61.900252423231585, -32.172474798604007 ], [ -61.900915702929474, -32.173020481943325 ], [ -61.901363661165909, -32.173624684727478 ], [ -61.901915082299787, -32.174213849902593 ], [ -61.902365189674775, -32.174558003935161 ], [ -61.90310485623958, -32.17513769524475 ], [ -61.903459017177369, -32.175972270688554 ], [ -61.903876447920226, -32.176800010515315 ], [ -61.903886188230238, -32.176787931583299 ], [ -61.904254086292092, -32.177062663128673 ], [ -61.904772631640121, -32.17725379789254 ], [ -61.905276507843368, -32.177294053104461 ], [ -61.907066407260544, -32.178133450382113 ], [ -61.90853983383213, -32.17883482873097 ], [ -61.909332814847751, -32.179231023566174 ], [ -61.910450471951748, -32.17976209307939 ], [ -61.91129638281469, -32.180101116894207 ], [ -61.911853986790845, -32.180340899101218 ], [ -61.912952045134524, -32.180650187560055 ], [ -61.914733720473919, -32.181523393243637 ], [ -61.916722135781292, -32.182544158775841 ], [ -61.91745493599467, -32.182726053971457 ], [ -61.918044940352139, -32.182882592982672 ], [ -61.919650096914509, -32.183782354698465 ], [ -61.921533128491262, -32.184973748989165 ], [ -61.923012980142644, -32.185780143950346 ], [ -61.923439321191111, -32.185902736557381 ], [ -61.923673062235821, -32.186307771470588 ], [ -61.925556550987615, -32.187139333161952 ], [ -61.92697411356113, -32.187664004038993 ], [ -61.927943680487317, -32.187997405352213 ], [ -61.928695366555715, -32.188277168230783 ], [ -61.929252273759481, -32.188494785354365 ], [ -61.930054234254769, -32.188861226585772 ], [ -61.931115030012791, -32.18945799284753 ], [ -61.932535500569777, -32.190255082235375 ], [ -61.933954349701679, -32.190972039608965 ], [ -61.935509306424066, -32.19175093029331 ], [ -61.936247857116506, -32.19208395268668 ], [ -61.936987002970874, -32.192401346499707 ], [ -61.937618810290409, -32.192675110678159 ], [ -61.938051145188105, -32.19275242391069 ], [ -61.939838418226003, -32.193870794537823 ], [ -61.942276163455261, -32.195394149001679 ] ] ] } },
{ "type": "Feature", "properties": { "Nombre": "Canal  BERGERO", "Estado": "Finalizado", "Datos": "Limpieza", "C Cuenca": "Comite Carrizales", "Tipo": null, "Region": null, "Cuenca": null, "Obra": null, "Código": null, "Localidad": "Cañada Rosquin", "Direccion": null, "Resp.": null, "Dpto": "San Martin", "Long (Km)": 21.28 }, "geometry": { "type": "MultiLineString", "coordinates": [ [ [ -61.472143521948318, -32.006697942844681 ], [ -61.4955665333678, -32.009003517211113 ], [ -61.512693966207863, -32.007638540949017 ], [ -61.522927359212517, -32.005787214690365 ], [ -61.532845914733393, -32.004990367392722 ], [ -61.538630165105559, -32.004938126586559 ], [ -61.542811358237259, -32.004158384802118 ], [ -61.55605833930499, -32.003458037042186 ], [ -61.562678596321689, -32.002461821448534 ], [ -61.572432240789425, -32.000641283740485 ], [ -61.582619919398958, -32.001008901069483 ], [ -61.593377172715456, -32.003393030683817 ], [ -61.602425409847349, -32.005878042295571 ], [ -61.614464892590838, -32.007990643969357 ], [ -61.619971635153597, -32.008075974470664 ], [ -61.625756059426941, -32.007773993957152 ], [ -61.627006417775199, -32.007998128826884 ], [ -61.633284548328675, -32.008028929930681 ], [ -61.633725058326341, -32.008260112341134 ], [ -61.635301926267175, -32.008771653291355 ], [ -61.641874534204909, -32.010105893368305 ], [ -61.646106066500948, -32.011193829128722 ], [ -61.648691697261356, -32.012139836443367 ], [ -61.657097019274026, -32.014708605531652 ], [ -61.663102263691172, -32.016938747897768 ], [ -61.668197150413839, -32.018657507259299 ], [ -61.674419528994065, -32.020899248069057 ], [ -61.680212986896201, -32.021711367449797 ], [ -61.692130175726817, -32.024182462134689 ] ] ] } },
{ "type": "Feature", "properties": { "Nombre": "Canal 446 - TRAMO I", "Estado": "Finalizado", "Datos": "Limpieza", "C Cuenca": "Comite Carrizales", "Tipo": null, "Region": null, "Cuenca": null, "Obra": null, "Código": null, "Localidad": "Cañada Rosquin", "Direccion": null, "Resp.": null, "Dpto": "San Martin", "Long (Km)": 27.54 }, "geometry": { "type": "MultiLineString", "coordinates": [ [ [ -61.463129185738602, -31.977431516665632 ], [ -61.46325162182201, -31.977133200439162 ], [ -61.47446051717943, -31.975158226285579 ], [ -61.484616753372926, -31.973316769217249 ], [ -61.485792615338788, -31.971386269662016 ], [ -61.486777702838317, -31.971176609764484 ], [ -61.493441354858035, -31.970850534511975 ], [ -61.497700441019688, -31.97021119151125 ], [ -61.500217900689861, -31.969795699484109 ], [ -61.502151732559895, -31.969519561452959 ], [ -61.505797962620328, -31.969230771377774 ], [ -61.507390586298783, -31.968885901542031 ], [ -61.509780210780278, -31.968557283485914 ], [ -61.511140504934005, -31.968522539090664 ], [ -61.513969904634386, -31.968944671830162 ], [ -61.515370452675803, -31.968326807806442 ], [ -61.518504746877369, -31.96573103984117 ], [ -61.519375030129225, -31.965594195249732 ], [ -61.520792587700491, -31.965288566357806 ], [ -61.523402205305956, -31.96352687764217 ], [ -61.528667382811001, -31.962253087311009 ], [ -61.532057996878038, -31.961460285211146 ], [ -61.534335909945831, -31.960571141612277 ], [ -61.536632340490719, -31.959395328364245 ], [ -61.53988762111522, -31.957998283456892 ], [ -61.543354636484302, -31.956403590763067 ], [ -61.544500968471198, -31.953997685037244 ], [ -61.546126613408632, -31.951118690133526 ], [ -61.546519602338599, -31.950788051980588 ], [ -61.54719106407353, -31.950568668359978 ], [ -61.549527554497864, -31.950110916603506 ], [ -61.553237790523355, -31.94981908849919 ], [ -61.559537516640091, -31.949341012528553 ], [ -61.560638176118665, -31.949600344883301 ], [ -61.565086670141, -31.950560219323524 ], [ -61.566554506471732, -31.950757410175694 ], [ -61.566917613050983, -31.951004245433861 ], [ -61.567550138596808, -31.951107964644279 ], [ -61.570035633944009, -31.951532264423534 ], [ -61.570421158522493, -31.951804912116295 ], [ -61.570751697620643, -31.951905168292345 ], [ -61.573647219637635, -31.95240434342324 ], [ -61.580759239002063, -31.953706236445878 ], [ -61.581424973907438, -31.953725696910507 ], [ -61.583556786902967, -31.954389064295057 ], [ -61.584344485177461, -31.954483525941981 ], [ -61.593935316969649, -31.955242776366891 ], [ -61.596619439313315, -31.955383483951557 ], [ -61.601560395491475, -31.955745256714131 ], [ -61.603919341084868, -31.955944819273746 ], [ -61.609597828875593, -31.956186650821682 ], [ -61.612164364864455, -31.956373138191207 ], [ -61.615137072949906, -31.95577491291537 ], [ -61.620847915538072, -31.954705292098598 ], [ -61.6213778214059, -31.954681925910428 ], [ -61.62194816611153, -31.954735010444463 ], [ -61.627000195092762, -31.954787922644766 ], [ -61.627757341137382, -31.954918668237443 ], [ -61.628592494988986, -31.955338732090972 ], [ -61.630775033015944, -31.956007945373536 ], [ -61.632494440546942, -31.956536064000083 ], [ -61.633159203385965, -31.956791902514667 ], [ -61.633990618225887, -31.957171702136375 ], [ -61.635021786160259, -31.957699983281998 ], [ -61.635796347194628, -31.958020363213198 ], [ -61.636411970857679, -31.958314990381616 ], [ -61.636934041060272, -31.95858077442222 ], [ -61.637422790312449, -31.958798781425571 ], [ -61.637810504471808, -31.958881391445239 ], [ -61.638020548398735, -31.959028195079679 ], [ -61.638775821652445, -31.959251232027874 ], [ -61.640708612169611, -31.959844204050981 ], [ -61.643586689480529, -31.96070113792749 ], [ -61.646266097231909, -31.961810373688934 ], [ -61.648919384456129, -31.962872217184071 ], [ -61.650864964625036, -31.963677274770582 ], [ -61.652547952947998, -31.96434624533833 ], [ -61.653863213577885, -31.964893475531696 ], [ -61.654361519908861, -31.965159904542176 ], [ -61.654741561215424, -31.96521682840881 ], [ -61.655066355450302, -31.965189532673879 ], [ -61.659822609967463, -31.966593958098294 ], [ -61.660365272656243, -31.966594253766441 ], [ -61.660733704739386, -31.966740260901865 ], [ -61.662499251787047, -31.966968658624413 ], [ -61.663439596975095, -31.967102028236869 ], [ -61.664251359992058, -31.967071398398218 ], [ -61.664475893862914, -31.967157149923906 ], [ -61.667483868798293, -31.968470686723904 ], [ -61.671050957986054, -31.968396115031982 ], [ -61.67370497322753, -31.967949161550948 ], [ -61.67548090153926, -31.968162992410079 ], [ -61.676472997213786, -31.968064178102189 ], [ -61.677358358552212, -31.968052278523071 ], [ -61.679134982728705, -31.967884287275943 ], [ -61.68031908684528, -31.967737520732921 ], [ -61.68140594633747, -31.967551091909467 ], [ -61.683769744959463, -31.967030851299832 ], [ -61.68514321555773, -31.966699373231886 ], [ -61.687352172114281, -31.96619661684856 ], [ -61.689218872163771, -31.966339458804928 ], [ -61.689981079599747, -31.966537859944932 ], [ -61.690569618781254, -31.96655399781293 ], [ -61.691726931344931, -31.966362891357072 ], [ -61.693482794296287, -31.966033658285021 ], [ -61.695259345693849, -31.965697483095738 ], [ -61.696848763577769, -31.9654465252591 ], [ -61.697398576999049, -31.965546689100425 ], [ -61.699228328465722, -31.965200765053019 ], [ -61.69983182394683, -31.965003016978198 ], [ -61.700282341335246, -31.96490057900289 ], [ -61.702712897405718, -31.964308669141463 ], [ -61.705113711123836, -31.963749697374251 ], [ -61.705930520001189, -31.963575604207566 ], [ -61.707058356168126, -31.96344042005504 ], [ -61.708423562827484, -31.96329602546529 ], [ -61.709704298744505, -31.963117369457677 ], [ -61.710824668773341, -31.962953653674042 ], [ -61.711206219394093, -31.96303571922958 ], [ -61.711683291631935, -31.963328002894141 ], [ -61.712404164245207, -31.963745110473376 ], [ -61.713066041929736, -31.964125143912124 ], [ -61.713617136458879, -31.964416545577869 ], [ -61.714348759517307, -31.964737879046321 ], [ -61.714979936360969, -31.965219722709804 ], [ -61.716338097185641, -31.966342812192597 ], [ -61.716438470720099, -31.966403083621131 ], [ -61.71749318380737, -31.966608761164824 ], [ -61.71775183079712, -31.966802632731785 ], [ -61.718209534086483, -31.967114357725581 ], [ -61.718644037036398, -31.967451852827413 ], [ -61.718950507163015, -31.967744473363791 ], [ -61.719207625541834, -31.968004410715476 ], [ -61.719366872498071, -31.968198073436202 ], [ -61.719459401996289, -31.968336356958829 ], [ -61.719558183092623, -31.968519945858304 ], [ -61.719695553550139, -31.968600735283875 ], [ -61.720018159262338, -31.968755556776092 ], [ -61.720601935577598, -31.969012033448546 ], [ -61.721203148983264, -31.969294273025088 ], [ -61.72164817876218, -31.969488137852601 ], [ -61.722189713154805, -31.969753538559232 ], [ -61.722552493035607, -31.969920708282014 ], [ -61.722922703617833, -31.970105870202289 ], [ -61.723423354773928, -31.970353147281294 ], [ -61.723768360984181, -31.970526294760216 ], [ -61.723883601611192, -31.970608901841594 ], [ -61.724124092810655, -31.970697593464827 ], [ -61.724433158448939, -31.970844861729077 ], [ -61.724725437773415, -31.970990481843518 ], [ -61.724899442818717, -31.971060594337736 ], [ -61.725257279128087, -31.971209357037051 ], [ -61.725400317269226, -31.971291383590238 ], [ -61.72558413516731, -31.9713763161391 ], [ -61.72574914682, -31.971441983774533 ], [ -61.725954665814015, -31.971515563572549 ], [ -61.727014625372902, -31.971593613550898 ], [ -61.727673607417955, -31.971626858813401 ], [ -61.728003120550881, -31.971620103999317 ], [ -61.728568710530141, -31.971775630073292 ], [ -61.729725553418518, -31.972158415009591 ], [ -61.730358397042131, -31.972383496681083 ], [ -61.730754299924058, -31.972506806301013 ], [ -61.732124430619081, -31.972768171059169 ], [ -61.732997740539723, -31.972958127007747 ], [ -61.734627844229742, -31.973275595832124 ] ] ] } },
{ "type": "Feature", "properties": { "Nombre": "Canal Baldi", "Estado": "Finalizado", "Datos": "Limpieza", "C Cuenca": "Comite CArrizales", "Tipo": null, "Region": null, "Cuenca": null, "Obra": null, "Código": null, "Localidad": "Carlos Pellegrini", "Direccion": null, "Resp.": null, "Dpto": "San Martin", "Long (Km)": 6.78 }, "geometry": { "type": "MultiLineString", "coordinates": [ [ [ -61.903753855226853, -32.057744559475012 ], [ -61.89527552290582, -32.023735111266426 ], [ -61.89299643591383, -32.014455060609016 ], [ -61.889530942826156, -32.000582924076134 ], [ -61.886408239834317, -32.001133388162188 ] ] ] } },
{ "type": "Feature", "properties": { "Nombre": "CUENCA UNO - GÁLVEZ", "Estado": "Finalizado", "Datos": "Limpieza", "C Cuenca": "Comite Carrizales", "Tipo": null, "Region": null, "Cuenca": null, "Obra": null, "Código": null, "Localidad": "Galvez", "Direccion": null, "Resp.": null, "Dpto": "San Jerónimo", "Long (Km)": 11.21 }, "geometry": { "type": "MultiLineString", "coordinates": [ [ [ -61.351154491636905, -32.066109495628623 ], [ -61.350416320602584, -32.057737824736385 ], [ -61.341815483560339, -32.058142877123856 ], [ -61.341543423267801, -32.058059230933473 ], [ -61.339497234808341, -32.055543118007968 ], [ -61.338945053489553, -32.054623766028641 ], [ -61.336544597420747, -32.052066654771529 ], [ -61.329052968752968, -32.05252020269748 ], [ -61.3260169516807, -32.051344313600858 ], [ -61.324358496461372, -32.050293482395652 ], [ -61.321860569876165, -32.048722009629941 ], [ -61.320896557918175, -32.048818101044233 ], [ -61.318938774189377, -32.049283337308182 ], [ -61.315681734204723, -32.049817361368547 ], [ -61.306333499482427, -32.048493696902661 ], [ -61.304106795875406, -32.047957860242214 ], [ -61.303641181170001, -32.047436400921221 ], [ -61.303302365328236, -32.047321053761834 ], [ -61.299058413675709, -32.046733104528066 ], [ -61.298421298319646, -32.046325027823393 ], [ -61.297982702877029, -32.046085513390466 ], [ -61.295845220075208, -32.046126386834537 ], [ -61.295834544989447, -32.046108572321103 ], [ -61.295177776432062, -32.045966715431234 ], [ -61.292358043669168, -32.044502500717108 ], [ -61.291877354634821, -32.044370980635591 ], [ -61.286335586764203, -32.042912818349407 ], [ -61.280924154978472, -32.041183993585108 ], [ -61.280089993789439, -32.040987978518935 ], [ -61.277526033057129, -32.04060194944978 ], [ -61.27474655960728, -32.040237171026583 ], [ -61.269023044831428, -32.039300021750947 ], [ -61.265613155970648, -32.038946872058887 ], [ -61.263338323218349, -32.038459643525769 ], [ -61.262808102259655, -32.038232670534164 ], [ -61.261742019114116, -32.037774141256421 ], [ -61.257416022394878, -32.036552138266529 ], [ -61.255855458126398, -32.036215540174659 ], [ -61.255181486665307, -32.035987912455624 ], [ -61.254576359359689, -32.035439407990587 ], [ -61.250252682980424, -32.033725799060335 ] ] ] } },
{ "type": "Feature", "properties": { "Nombre": "CUENCA DOS - GÁLVEZ", "Estado": "Finalizado", "Datos": null, "C Cuenca": "Comite Carrizales", "Tipo": null, "Region": null, "Cuenca": null, "Obra": null, "Código": null, "Localidad": "Galvez", "Direccion": null, "Resp.": null, "Dpto": "San Jerónimo", "Long (Km)": 8.06 }, "geometry": { "type": "MultiLineString", "coordinates": [ [ [ -61.257762294369051, -32.051937668010979 ], [ -61.263813120278265, -32.052887299179275 ], [ -61.2739943540005, -32.054450989024772 ], [ -61.282002680299968, -32.055599163600796 ], [ -61.28790761376451, -32.056909179725409 ], [ -61.293773945905627, -32.05818163474234 ], [ -61.301163639773115, -32.060319565856581 ], [ -61.322480515871767, -32.059126239775345 ], [ -61.341847878495969, -32.058226712769738 ] ] ] } },
{ "type": "Feature", "properties": { "Nombre": "CUENCA CUATRO - GÁLVEZ", "Estado": "Finalizado", "Datos": "Limpieza", "C Cuenca": "Comite Carrizales", "Tipo": null, "Region": null, "Cuenca": null, "Obra": null, "Código": null, "Localidad": "Bernardo de Irigoyen", "Direccion": null, "Resp.": null, "Dpto": "San Jerónimo", "Long (Km)": 8.63 }, "geometry": { "type": "MultiLineString", "coordinates": [ [ [ -61.341076730808595, -32.099607853991245 ], [ -61.335845562770231, -32.100309855223657 ], [ -61.33028511479106, -32.100871672505619 ], [ -61.327659582115288, -32.100903828823299 ], [ -61.32683970858109, -32.100644509430403 ], [ -61.322962002619477, -32.099387077081502 ], [ -61.31867620471656, -32.09807172911831 ], [ -61.315003444990118, -32.098638428249366 ], [ -61.306575124292969, -32.097279544180594 ], [ -61.291124574229485, -32.091415047488958 ], [ -61.273713464793289, -32.085481456604278 ], [ -61.265756802423503, -32.082832573909705 ], [ -61.255367502733669, -32.078097878478978 ] ] ] } },
{ "type": "Feature", "properties": { "Nombre": "CANAL TERNAVASIO", "Estado": "Finalizado", "Datos": "Limpieza", "C Cuenca": "Comite Carrizales", "Tipo": null, "Region": null, "Cuenca": null, "Obra": null, "Código": null, "Localidad": "Piamonte", "Direccion": null, "Resp.": null, "Dpto": "San Martin", "Long (Km)": 2.59 }, "geometry": { "type": "MultiLineString", "coordinates": [ [ [ -61.842857293971448, -32.152774255366104 ], [ -61.842856783049029, -32.152781855552185 ], [ -61.842855476784571, -32.153427654264156 ], [ -61.843229418195158, -32.154906792564766 ], [ -61.843695750255627, -32.156815657125172 ], [ -61.84397429501157, -32.157933877329661 ], [ -61.844264112456202, -32.159085433260969 ], [ -61.844757481137393, -32.161109396906319 ], [ -61.845276303009207, -32.163211055796715 ], [ -61.845495648469964, -32.164077965403891 ], [ -61.845597846386809, -32.164523744011888 ], [ -61.845671498645402, -32.164895949948203 ], [ -61.845723389868276, -32.165330637045265 ], [ -61.846476155225858, -32.167422752338247 ], [ -61.847135520228257, -32.16932321273282 ], [ -61.847703189759088, -32.170959374865902 ], [ -61.848323811648804, -32.172718583826487 ], [ -61.848527066989476, -32.1733487655994 ], [ -61.848689346974901, -32.173815278520287 ], [ -61.848830145191521, -32.174526889899759 ], [ -61.849055635908471, -32.175504607425346 ] ] ] } },
{ "type": "Feature", "properties": { "Nombre": "CANAL/CAMINO INTERCOMUNAL", "Estado": "Finalizado", "Datos": "Limpieza", "C Cuenca": "Comite Carrizales", "Tipo": null, "Region": null, "Cuenca": null, "Obra": null, "Código": null, "Localidad": "Colonia Belgrano", "Direccion": null, "Resp.": null, "Dpto": "San Jerónimo", "Long (Km)": 6.2 }, "geometry": { "type": "MultiLineString", "coordinates": [ [ [ -61.370240718466498, -31.956688071186015 ], [ -61.3701638292642, -31.956482584140112 ], [ -61.366183397859317, -31.940325194208082 ], [ -61.360456701028752, -31.917016777134599 ], [ -61.356732916818338, -31.901986946549648 ] ] ] } },
{ "type": "Feature", "properties": { "Nombre": "CANAL/CAM. COM. COL. BELGRANO", "Estado": "Finalizado", "Datos": "Limpieza", "C Cuenca": "Comite Carrizales", "Tipo": null, "Region": null, "Cuenca": null, "Obra": null, "Código": null, "Localidad": "Colonia Belgrano", "Direccion": null, "Resp.": null, "Dpto": "San Martin", "Long (Km)": 3.4 }, "geometry": { "type": "MultiLineString", "coordinates": [ [ [ -61.389733290767374, -31.950375508219615 ], [ -61.388263258296391, -31.94408001380139 ], [ -61.384474053706683, -31.928804249962415 ], [ -61.382388527141863, -31.920389700992729 ] ] ] } },
{ "type": "Feature", "properties": { "Nombre": "DEFENSA CVIVIL - CASAS", "Estado": "Finalizado", "Datos": "Limpieza", "C Cuenca": "Comite Carrizales", "Tipo": null, "Region": null, "Cuenca": null, "Obra": null, "Código": null, "Localidad": "Casas", "Direccion": null, "Resp.": null, "Dpto": "San Martin", "Long (Km)": 7.1 }, "geometry": { "type": "MultiLineString", "coordinates": [ [ [ -61.492742046194763, -32.132515222808308 ], [ -61.490626289073248, -32.124274936897358 ], [ -61.490769367710556, -32.124100613965119 ], [ -61.491061454110337, -32.123932124102375 ], [ -61.491369694908272, -32.123829545169173 ], [ -61.494774786822269, -32.123229360735323 ], [ -61.495840568578856, -32.123121673484448 ], [ -61.496571279347947, -32.123184603711749 ], [ -61.499115809508339, -32.122689668602185 ], [ -61.50005032545004, -32.122695412833984 ], [ -61.500323888057551, -32.122676592269201 ], [ -61.500603199442722, -32.122750337588592 ], [ -61.509159282336668, -32.121208243403387 ], [ -61.509905073686689, -32.120477328170395 ], [ -61.511128538228931, -32.120298699576736 ], [ -61.512925407324062, -32.120059862958101 ], [ -61.516431665125289, -32.119387941483467 ], [ -61.51665956048798, -32.119509520346035 ], [ -61.521424207063085, -32.118917363979172 ], [ -61.524063702507561, -32.118994439314079 ], [ -61.52447000149656, -32.11907821076101 ], [ -61.527636716565823, -32.119141668216621 ], [ -61.529937735049465, -32.119047818903823 ], [ -61.531778778358927, -32.11942229259801 ], [ -61.534397679879831, -32.119671446059563 ], [ -61.53705651693474, -32.119776510213711 ], [ -61.539554737457372, -32.121127713438661 ], [ -61.545173824955782, -32.124227995874314 ], [ -61.544868067660232, -32.124657452179903 ], [ -61.545082289972001, -32.124744691683318 ], [ -61.545228221895798, -32.124861541225229 ], [ -61.545571151431275, -32.125066244204227 ], [ -61.546023569214924, -32.125215213627662 ], [ -61.547166928773763, -32.125735413559283 ], [ -61.547683256619081, -32.125885688896879 ], [ -61.54793357856083, -32.125895337636322 ], [ -61.548264423345842, -32.125958767542961 ], [ -61.551323738494851, -32.127621444395693 ] ] ] } },
{ "type": "Feature", "properties": { "Nombre": "BAJO DOVIO - Opción A", "Estado": "Finalizado", "Datos": "Limpieza", "C Cuenca": "Comite Carrizales", "Tipo": null, "Region": null, "Cuenca": null, "Obra": null, "Código": null, "Localidad": "San Jorge", "Direccion": null, "Resp.": null, "Dpto": "San Martin", "Long (Km)": 13.21 }, "geometry": { "type": "MultiLineString", "coordinates": [ [ [ -61.74996850949919, -31.894451672030165 ], [ -61.752718542226035, -31.885593307242491 ], [ -61.753048035400148, -31.88349213233921 ], [ -61.757561552758467, -31.878979230669014 ], [ -61.765298877466101, -31.874350144424312 ], [ -61.766969548515114, -31.87107298153218 ], [ -61.769185733361404, -31.869550303871357 ], [ -61.767055333542885, -31.860249726023373 ], [ -61.767216632134158, -31.859964399562372 ], [ -61.772338342400722, -31.858607596532849 ], [ -61.772997673786556, -31.858786513069276 ], [ -61.779080567932155, -31.858427148048182 ], [ -61.793837829735168, -31.85520756984036 ], [ -61.797169114866378, -31.855158211965335 ], [ -61.802037636256003, -31.854817848198532 ], [ -61.807676252309641, -31.854459352683339 ], [ -61.818625665383408, -31.853268250902584 ], [ -61.821488513179816, -31.85387172042228 ], [ -61.824747676484513, -31.854396817498696 ], [ -61.828577313443539, -31.854330087375804 ], [ -61.832276571060881, -31.854740780254982 ], [ -61.835541402495004, -31.855732062464067 ], [ -61.836093134556016, -31.855706788872325 ], [ -61.843985331245015, -31.857688936484418 ], [ -61.850757406755541, -31.858877532423946 ], [ -61.856900475455951, -31.85902520247382 ] ] ] } },
{ "type": "Feature", "properties": { "Nombre": "Camino Comunal San Jorge - Zona Oeste", "Estado": "Finalizado", "Datos": "Limpieza", "C Cuenca": "Comite Carrizales", "Tipo": null, "Region": null, "Cuenca": null, "Obra": null, "Código": null, "Localidad": "San Jorge", "Direccion": null, "Resp.": null, "Dpto": "San Martin", "Long (Km)": 6.51 }, "geometry": { "type": "MultiLineString", "coordinates": [ [ [ -61.96505801347022, -31.925587743783829 ], [ -61.89761595486231, -31.937292533358558 ] ] ] } },
{ "type": "Feature", "properties": { "Nombre": "Camino Comunal SJ", "Estado": "Finalizado", "Datos": "Limpieza", "C Cuenca": "Comite Carrizales", "Tipo": null, "Region": null, "Cuenca": null, "Obra": null, "Código": null, "Localidad": "San Jorge", "Direccion": null, "Resp.": null, "Dpto": "San Martin", "Long (Km)": 3.11 }, "geometry": { "type": "MultiLineString", "coordinates": [ [ [ -61.927149611420099, -31.884443228168958 ], [ -61.933768721073442, -31.911882893044009 ] ] ] } },
{ "type": "Feature", "properties": { "Nombre": "Camino Comunal SJ", "Estado": "Finalizado", "Datos": "Limpieza", "C Cuenca": "Comite Carrizales", "Tipo": null, "Region": null, "Cuenca": null, "Obra": null, "Código": null, "Localidad": "San Jorge", "Direccion": null, "Resp.": null, "Dpto": "San Martin", "Long (Km)": 5.18 }, "geometry": { "type": "MultiLineString", "coordinates": [ [ [ -61.951640685572819, -31.927898089658139 ], [ -61.940625213854588, -31.882134659654316 ] ] ] } },
{ "type": "Feature", "properties": { "Nombre": "Canal La Caledonia", "Estado": "Finalizado", "Datos": "Limpieza", "C Cuenca": "Comite Carrizales", "Tipo": null, "Region": null, "Cuenca": null, "Obra": null, "Código": null, "Localidad": "Piamonte", "Direccion": null, "Resp.": null, "Dpto": "San Martin", "Long (Km)": 7.27 }, "geometry": { "type": "MultiLineString", "coordinates": [ [ [ -61.873495039506324, -32.161541482928577 ], [ -61.864431509506723, -32.125586784425877 ], [ -61.897484510045302, -32.119571362981844 ] ] ] } },
{ "type": "Feature", "properties": { "Nombre": "Canal Las Lecheritas", "Estado": "Finalizado", "Datos": "Limpieza", "C Cuenca": "Comite Carrizales", "Tipo": null, "Region": null, "Cuenca": null, "Obra": null, "Código": null, "Localidad": "Cañada Rosquin", "Direccion": null, "Resp.": null, "Dpto": "San Martin", "Long (Km)": 6.3 }, "geometry": { "type": "MultiLineString", "coordinates": [ [ [ -61.576420944886209, -32.070874493083288 ], [ -61.576798948033591, -32.071042037747254 ], [ -61.579045021616345, -32.070609832600148 ], [ -61.579815782835588, -32.070924280555552 ], [ -61.58728996565462, -32.069559476908424 ], [ -61.587755058552609, -32.06922106913391 ], [ -61.593947519480892, -32.068206968429507 ], [ -61.59906098103275, -32.067830545621604 ], [ -61.602694798144142, -32.067808345876188 ], [ -61.605939097325731, -32.066998329917695 ], [ -61.609032086915356, -32.066474465565619 ], [ -61.609568440153481, -32.066693906642882 ], [ -61.618707094162978, -32.065013265370524 ], [ -61.629094370413185, -32.066207363887393 ], [ -61.640695706458821, -32.070951341644879 ] ] ] } },
{ "type": "Feature", "properties": { "Nombre": "COLECTOR N° 01", "Estado": "Finalizado", "Datos": "Limpieza", "C Cuenca": "Comite Carrizales", "Tipo": null, "Region": null, "Cuenca": null, "Obra": null, "Código": null, "Localidad": "Cañada Rosquin", "Direccion": null, "Resp.": null, "Dpto": "San Martin", "Long (Km)": 3.2 }, "geometry": { "type": "MultiLineString", "coordinates": [ [ [ -61.620356640758395, -32.030371532205443 ], [ -61.62729790819462, -32.058617021080757 ] ] ] } },
{ "type": "Feature", "properties": { "Nombre": "COLECTOR N° 02", "Estado": "Finalizado", "Datos": "Limpieza", "C Cuenca": "Comite CarrizalesComite Carrizales", "Tipo": null, "Region": null, "Cuenca": null, "Obra": null, "Código": null, "Localidad": "Cañada Rosquin", "Direccion": null, "Resp.": null, "Dpto": "San Martin", "Long (Km)": 6.8 }, "geometry": { "type": "MultiLineString", "coordinates": [ [ [ -61.631898204507856, -32.028154014553174 ], [ -61.668890412334541, -32.021306715892855 ], [ -61.67587633465422, -32.049764722109273 ] ] ] } },
{ "type": "Feature", "properties": { "Nombre": "Limpieza Canal Principal Santa María - Tramo III", "Estado": "Finalizado", "Datos": "Limpieza 12,30 km", "C Cuenca": "Comite Canal Principal Santa María - San Jeronimo Norte", "Tipo": null, "Region": null, "Cuenca": null, "Obra": null, "Código": null, "Localidad": "Humboldt, Santa Maria Norte", "Direccion": null, "Resp.": null, "Dpto": "Las Colonias", "Long (Km)": 26.4 }, "geometry": { "type": "MultiLineString", "coordinates": [ [ [ -61.162644783807011, -31.609421610971108 ], [ -61.159711639751045, -31.60738379336286 ], [ -61.159200254764293, -31.605633830854611 ], [ -61.15729193145615, -31.601971350519943 ], [ -61.150147113939489, -31.586918468737416 ], [ -61.14201508945122, -31.57992553201284 ], [ -61.140365005865469, -31.578077431560082 ], [ -61.136252172638741, -31.569195719132743 ], [ -61.133314687538814, -31.566583489219596 ], [ -61.121712737566753, -31.548993758220252 ], [ -61.120912700124073, -31.545406783769344 ], [ -61.12120505773018, -31.538467638010317 ], [ -61.126111599408475, -31.531117267000408 ], [ -61.126647601205903, -31.528856714574747 ], [ -61.129248150049861, -31.526933963303648 ], [ -61.131073813419754, -31.525840816148573 ], [ -61.133961558142538, -31.52267515621617 ], [ -61.137496675272594, -31.51677987792521 ], [ -61.146089376786655, -31.510137619143464 ], [ -61.150228855281433, -31.50106708132919 ], [ -61.149954091697929, -31.499801214287597 ], [ -61.149541035006777, -31.498566516707879 ], [ -61.150747188707491, -31.493677270969766 ], [ -61.149881748230975, -31.482457322200123 ], [ -61.145730044612364, -31.463232114186678 ], [ -61.144509141658702, -31.459453179614417 ], [ -61.143128802383835, -31.458020618432627 ], [ -61.142695598918692, -31.45723512958012 ], [ -61.140773335020498, -31.450340625843531 ], [ -61.140801113129108, -31.449476863688826 ], [ -61.14161463952977, -31.44869291201973 ], [ -61.142718548546092, -31.448388324853383 ], [ -61.14545909437507, -31.448617892562972 ], [ -61.147075263217822, -31.448695216970876 ], [ -61.172472265367333, -31.444454860865296 ], [ -61.174236979582489, -31.443879581585865 ], [ -61.174813738198999, -31.442857227914441 ], [ -61.176599122695634, -31.438058885172662 ], [ -61.176946472532151, -31.437703662838274 ], [ -61.17792216334616, -31.437724855937816 ], [ -61.179971437179312, -31.438146189602968 ], [ -61.180939748006715, -31.438496660145343 ], [ -61.185726748382891, -31.441308784752135 ], [ -61.195942266798646, -31.442047057314237 ], [ -61.200578565387545, -31.443296940371773 ] ] ] } },
{ "type": "Feature", "properties": { "Nombre": "Limpieza Canal Variante Saguier", "Estado": "Finalizado", "Datos": "Limpieza 7,85 km", "C Cuenca": "Comite Canal Principal Santa María - San Jeronimo Norte", "Tipo": null, "Region": null, "Cuenca": null, "Obra": null, "Código": null, "Localidad": "Pilar", "Direccion": null, "Resp.": null, "Dpto": "Las Colonias", "Long (Km)": 3.8 }, "geometry": { "type": "MultiLineString", "coordinates": [ [ [ -61.330196739369171, -31.462146831906175 ], [ -61.330401110158022, -31.461932713091201 ], [ -61.330613613164921, -31.461532472255666 ], [ -61.330893168900424, -31.460719669059564 ], [ -61.331120092728767, -31.460237281759369 ], [ -61.331360522842282, -31.460095340051403 ], [ -61.331848494017095, -31.459912044615507 ], [ -61.332159720211408, -31.459865675194791 ], [ -61.333566977734549, -31.459397863761328 ], [ -61.334521911870155, -31.459164566980846 ], [ -61.3360042986751, -31.459190211329684 ], [ -61.337160821271233, -31.45923656796165 ], [ -61.338629341859836, -31.459127767752413 ], [ -61.339971506634896, -31.459002656814008 ], [ -61.340673291608347, -31.458918592663718 ], [ -61.341605698579436, -31.458747986375439 ], [ -61.341461603448458, -31.458104255007072 ], [ -61.339881968382748, -31.451435124938595 ], [ -61.339361667751596, -31.449289929356247 ], [ -61.338751026302788, -31.446712891998764 ], [ -61.343474003857104, -31.442812986666013 ], [ -61.347780321753767, -31.43933907661043 ] ] ] } },
{ "type": "Feature", "properties": { "Nombre": "Limpieza Canal Secundario N° 3", "Estado": "Finalizado", "Datos": "Limpieza 7,60 km", "C Cuenca": "Comite Canal Principal Santa María - San Jeronimo Norte", "Tipo": null, "Region": null, "Cuenca": null, "Obra": null, "Código": null, "Localidad": "Sa Pereyra", "Direccion": null, "Resp.": null, "Dpto": "Las Colonias", "Long (Km)": 7.61 }, "geometry": { "type": "MultiLineString", "coordinates": [ [ [ -61.3649769535198, -31.6192345623755 ], [ -61.36391732889394, -31.618896148083817 ], [ -61.361012173177222, -31.619079696812449 ], [ -61.355687784102777, -31.618725768622788 ], [ -61.350264421287861, -31.619395455060481 ], [ -61.347113092678036, -31.619206581665509 ], [ -61.34382557408378, -31.619278324417355 ], [ -61.336109118261341, -31.620297199414832 ], [ -61.332485743763783, -31.620955106513154 ], [ -61.327090793591275, -31.621876471952515 ], [ -61.310262902196378, -31.621929807286637 ], [ -61.287455487252721, -31.621742477008731 ], [ -61.285198657507607, -31.62189675179637 ] ] ] } },
{ "type": "Feature", "properties": { "Nombre": "Limpieza Canal Secundario N° 2", "Estado": "Finalizado", "Datos": "Limpieza 6,40 km", "C Cuenca": "Comite Canal Principal Santa María - San Jeronimo Norte", "Tipo": null, "Region": null, "Cuenca": null, "Obra": null, "Código": null, "Localidad": "Sa Pereyra", "Direccion": null, "Resp.": null, "Dpto": "Las Colonias", "Long (Km)": 6.56 }, "geometry": { "type": "MultiLineString", "coordinates": [ [ [ -61.357316215815949, -31.647400830138761 ], [ -61.35648967457675, -31.647177083634503 ], [ -61.354526359921984, -31.647428208119535 ], [ -61.352211394789151, -31.647036088709907 ], [ -61.350116363358588, -31.646750072767379 ], [ -61.348635530230219, -31.646685351748641 ], [ -61.346609919089595, -31.646209132791974 ], [ -61.342896192166087, -31.646140370618767 ], [ -61.337236780895992, -31.646133183725816 ], [ -61.328034842247405, -31.645047680913574 ], [ -61.322809692596415, -31.644283417611923 ], [ -61.320224461138686, -31.643295533158835 ], [ -61.318149790715012, -31.643543518134543 ], [ -61.31703736187778, -31.642766387466253 ], [ -61.31594731632137, -31.642766793582972 ], [ -61.311786899233596, -31.640733510029349 ], [ -61.304546585605486, -31.640758231852402 ], [ -61.302312719447599, -31.640560564793955 ], [ -61.297850545211219, -31.641193030199837 ], [ -61.293216269888774, -31.641914122835225 ], [ -61.292168668121263, -31.642208849059504 ], [ -61.290623657872942, -31.642090968130361 ], [ -61.2899396747503, -31.642011479750852 ] ] ] } },
{ "type": "Feature", "properties": { "Nombre": "Limpieza A° Colastiné - Tramo Superior", "Estado": "Finalizado", "Datos": "Limpieza 8,60 km", "C Cuenca": "Comite Canal Principal Santa María - San Jeronimo Norte", "Tipo": null, "Region": null, "Cuenca": null, "Obra": null, "Código": null, "Localidad": "Sa Pereyra", "Direccion": null, "Resp.": null, "Dpto": "Las Colonias", "Long (Km)": 0.95 }, "geometry": { "type": "MultiLineString", "coordinates": [ [ [ -61.363377279599135, -31.566885717146004 ], [ -61.363074326232407, -31.567365354727794 ], [ -61.362927473927492, -31.56762561557078 ], [ -61.36287866404458, -31.567833362678755 ], [ -61.36293983168143, -31.567995351903999 ], [ -61.362898204340112, -31.568153270608391 ], [ -61.362726200822451, -31.568319798983161 ], [ -61.362531387581825, -31.568405598005537 ], [ -61.362331547423196, -31.568361515110578 ], [ -61.362130259024894, -31.568304826682844 ], [ -61.361902270585638, -31.568312145672987 ], [ -61.361701990345281, -31.568398479096711 ], [ -61.36163588439009, -31.56850121141504 ], [ -61.361478989144835, -31.568651438960021 ], [ -61.361254969936518, -31.56867665760895 ], [ -61.360884680399735, -31.568771275954969 ], [ -61.360569583375863, -31.568820062901256 ], [ -61.360154325285606, -31.568994926804354 ], [ -61.359564874594604, -31.569153401212105 ], [ -61.358838190107399, -31.569381167675953 ], [ -61.357455621421579, -31.569765091389932 ], [ -61.357036059518187, -31.569918013781294 ], [ -61.356768198462596, -31.570146164403344 ], [ -61.356273642149318, -31.570273699861943 ], [ -61.356024795322519, -31.570321945827217 ], [ -61.355551224454544, -31.570441054439108 ], [ -61.355195631474444, -31.570509233995733 ] ] ] } },
{ "type": "Feature", "properties": { "Nombre": "Limpieza Traza Vieja Terciario N° 4", "Estado": "Finalizado", "Datos": null, "C Cuenca": "Comite Canal Principal Santa María - San Jeronimo Norte", "Tipo": null, "Region": null, "Cuenca": null, "Obra": null, "Código": null, "Localidad": "Sa Pereyra", "Direccion": null, "Resp.": null, "Dpto": "Las Colonias", "Long (Km)": 0.81 }, "geometry": { "type": "MultiLineString", "coordinates": [ [ [ -61.369127808580608, -31.571541702623847 ], [ -61.36807525616679, -31.571024809346962 ], [ -61.367254812380587, -31.570676250783713 ], [ -61.365903529784426, -31.569945578223862 ], [ -61.365036086897625, -31.56950153594503 ], [ -61.364519264888251, -31.569233428436029 ], [ -61.364095723201615, -31.569123678370822 ], [ -61.363670717381176, -31.568928156018814 ], [ -61.362865765131453, -31.56885943176454 ], [ -61.362046701483074, -31.568810260008448 ], [ -61.361445376548161, -31.568652453335371 ] ] ] } },
{ "type": "Feature", "properties": { "Nombre": "Limpieza Canal Terciario N° 6 del A° Colastiné", "Estado": "Finalizado", "Datos": "Limpieza 8,60 km", "C Cuenca": "Comite Canal Principal Santa María - San Jeronimo Norte", "Tipo": null, "Region": null, "Cuenca": null, "Obra": null, "Código": null, "Localidad": "Sa Pereyra", "Direccion": null, "Resp.": null, "Dpto": "Las Colonias", "Long (Km)": 2.37 }, "geometry": { "type": "MultiLineString", "coordinates": [ [ [ -61.374202794351675, -31.548968528260605 ], [ -61.37310543614614, -31.549011037188645 ], [ -61.372624299404791, -31.549060986268525 ], [ -61.372297058015327, -31.54911314515574 ], [ -61.371985721458636, -31.54924253280317 ], [ -61.371594078362932, -31.549277731519346 ], [ -61.371436125473956, -31.549410690408696 ], [ -61.371068194441506, -31.550451067262443 ], [ -61.370926201435758, -31.550950552957396 ], [ -61.369142077905046, -31.554229157437764 ], [ -61.368928666680887, -31.55494071575059 ], [ -61.368572021236538, -31.555542484483166 ], [ -61.367141221482662, -31.558298877508676 ], [ -61.367235586330914, -31.558591503760393 ], [ -61.366852552178266, -31.558908585687984 ], [ -61.364822302738837, -31.563386489933769 ], [ -61.363337742949646, -31.566872056552615 ] ] ] } },
{ "type": "Feature", "properties": { "Nombre": "Col Las Palmas", "Estado": "Finalizado", "Datos": "8 km de limpieza", "C Cuenca": "Comite Gato Colorado", "Tipo": null, "Region": null, "Cuenca": null, "Obra": null, "Código": null, "Localidad": "Santa Margarita", "Direccion": null, "Resp.": null, "Dpto": "9 de Julio", "Long (Km)": 7.9 }, "geometry": { "type": "MultiLineString", "coordinates": [ [ [ -61.455563664787, -28.285116869555022 ], [ -61.534177614022191, -28.269595608097692 ] ] ] } },
{ "type": "Feature", "properties": { "Nombre": "Reacond. Hidrovia 3, 6 km", "Estado": "Finalizado", "Datos": "Se esta ejecutando la readecuación en el tramo desde el rio Salado hasta RN 98, en el tramo se cuenta con un ancho de boca promedio de 16m y una profundidad de 1.20m", "C Cuenca": "Comite Hidrovial Tostado", "Tipo": null, "Region": null, "Cuenca": null, "Obra": null, "Código": null, "Localidad": "Tostado", "Direccion": null, "Resp.": null, "Dpto": "9 de Julio", "Long (Km)": 6.06 }, "geometry": { "type": "MultiLineString", "coordinates": [ [ [ -61.500508821488012, -29.354916092735856 ], [ -61.496873608106831, -29.337641948832822 ], [ -61.496047154932448, -29.3330877234498 ], [ -61.495210591822854, -29.331683912050156 ], [ -61.489230325124453, -29.301245979074277 ] ] ] } },
{ "type": "Feature", "properties": { "Nombre": "Canal variante Rudad", "Estado": "Finalizado", "Datos": "10 km de limpieza", "C Cuenca": "Comité Hidrovial Tostado", "Tipo": null, "Region": null, "Cuenca": null, "Obra": null, "Código": null, "Localidad": "Tostado", "Direccion": null, "Resp.": null, "Dpto": "9 de Julio", "Long (Km)": 9.75 }, "geometry": { "type": "MultiLineString", "coordinates": [ [ [ -61.697510683750345, -29.085378938106889 ], [ -61.694287254514187, -29.065365129274348 ], [ -61.733747016254981, -29.058898501645682 ], [ -61.732188136936834, -29.052281810880938 ], [ -61.737253427111298, -29.044893361444405 ], [ -61.756417171770806, -29.042154656202232 ] ] ] } },
{ "type": "Feature", "properties": { "Nombre": "Secundario RP290", "Estado": "Finalizado", "Datos": "2 km de limpieza", "C Cuenca": "Comite Pozo Borrado", "Tipo": null, "Region": null, "Cuenca": null, "Obra": null, "Código": null, "Localidad": "Pozo Borrado", "Direccion": null, "Resp.": null, "Dpto": "9 de Julio", "Long (Km)": 2.0 }, "geometry": { "type": "MultiLineString", "coordinates": [ [ [ -61.664840528740989, -28.917426143676007 ], [ -61.668337070749764, -28.935168577018498 ] ] ] } },
{ "type": "Feature", "properties": { "Nombre": "Canal RP 290", "Estado": "Finalizado", "Datos": "12 km de limpieza", "C Cuenca": "Comite Pozo Borrado", "Tipo": null, "Region": null, "Cuenca": null, "Obra": null, "Código": null, "Localidad": "Pozo Borrado", "Direccion": null, "Resp.": null, "Dpto": "9 de Julio", "Long (Km)": 12.43 }, "geometry": { "type": "MultiLineString", "coordinates": [ [ [ -61.700970794299188, -28.93764063216787 ], [ -61.669572616419607, -28.942344833364523 ], [ -61.668263570405109, -28.93489499004076 ], [ -61.667117501164114, -28.933790689796091 ], [ -61.665859891433506, -28.93304529711892 ], [ -61.664497594712429, -28.932764365570183 ], [ -61.661761929827883, -28.932954106768925 ], [ -61.58328667870466, -28.945127034820032 ] ] ] } },
{ "type": "Feature", "properties": { "Nombre": "Canal Medve", "Estado": "Finalizado", "Datos": "21 km de limpieza", "C Cuenca": "Comite Pozo Borrado", "Tipo": null, "Region": null, "Cuenca": null, "Obra": null, "Código": null, "Localidad": "Pozo Borrado", "Direccion": null, "Resp.": null, "Dpto": "9 de Julio", "Long (Km)": 20.66 }, "geometry": { "type": "MultiLineString", "coordinates": [ [ [ -61.833991144838045, -28.887608292853674 ], [ -61.829375598199363, -28.888319403655139 ], [ -61.822327309880741, -28.889391734982993 ], [ -61.818639528318002, -28.889975965982469 ], [ -61.814670444056603, -28.890579270682629 ], [ -61.811853602741991, -28.890996411868972 ], [ -61.805739678677398, -28.891956605071503 ], [ -61.800458035727615, -28.89274204123026 ], [ -61.79532292806126, -28.893541562838092 ], [ -61.791541386198375, -28.894123732545108 ], [ -61.788339517356853, -28.894604352264121 ], [ -61.787106939528819, -28.894796409370773 ], [ -61.783325387015559, -28.895376739073985 ], [ -61.779845927114231, -28.895903445156851 ], [ -61.776954036212892, -28.896352362270832 ], [ -61.772815380741605, -28.896972393969907 ], [ -61.767869450335738, -28.897728219342095 ], [ -61.763673994187052, -28.898376688372679 ], [ -61.759773830146798, -28.899042058236294 ], [ -61.758043404316282, -28.899303559823654 ], [ -61.753535185030799, -28.89996405422966 ], [ -61.753875541352102, -28.902335880975855 ], [ -61.754257341399445, -28.903463238393527 ], [ -61.752279868079263, -28.903835378530466 ], [ -61.747003736083855, -28.904694046589331 ], [ -61.743044986679323, -28.905354729164497 ], [ -61.740104972108249, -28.905829880512034 ], [ -61.73764857117942, -28.9062284493383 ], [ -61.734538603546525, -28.906741966386189 ], [ -61.73202859973982, -28.907147377086364 ], [ -61.727243820267091, -28.907930387490353 ], [ -61.724966347749977, -28.908299126093123 ], [ -61.720828162808708, -28.908979904944207 ], [ -61.717721645530197, -28.909477708838246 ], [ -61.713533569872084, -28.910158554161676 ], [ -61.709783737077679, -28.910770832244069 ], [ -61.707466847526177, -28.911139681117472 ], [ -61.703236437734191, -28.91180854638705 ], [ -61.700830184105683, -28.912217394035768 ], [ -61.696473214593397, -28.912919510217424 ], [ -61.692666144919201, -28.913475847245749 ], [ -61.688324998080134, -28.914100108748588 ], [ -61.684202908876813, -28.914671102852552 ], [ -61.680032674946595, -28.91527032206475 ], [ -61.676741088239865, -28.915743203018856 ], [ -61.671138025548288, -28.916525831038754 ], [ -61.666964888968991, -28.917105216434823 ], [ -61.664995780704928, -28.917393063471884 ], [ -61.662834604000018, -28.916038493203299 ], [ -61.660787806000052, -28.912305061203369 ], [ -61.651480897000049, -28.905962281203458 ], [ -61.645026963000021, -28.899508477203629 ], [ -61.643075152, -28.897419833203639 ], [ -61.640840430000019, -28.895107987203684 ] ] ] } },
{ "type": "Feature", "properties": { "Nombre": "Canal El Relincho", "Estado": "Finalizado", "Datos": "72km de limpieza", "C Cuenca": "Comité Villa Minetti-San Bernardo", "Tipo": null, "Region": null, "Cuenca": null, "Obra": null, "Código": null, "Localidad": "San Bernardo", "Direccion": null, "Resp.": null, "Dpto": "9 de Julio", "Long (Km)": 70.99 }, "geometry": { "type": "MultiLineString", "coordinates": [ [ [ -60.919726950729341, -28.703160226723757 ], [ -60.959692450824662, -28.697265309580139 ], [ -61.016980825252759, -28.709292245590653 ], [ -61.144117730785595, -28.68989615857825 ], [ -61.142798212845143, -28.684018528213418 ], [ -61.207864631504904, -28.672964075877939 ], [ -61.26887183857383, -28.66290766623074 ], [ -61.271862576515765, -28.658457317101934 ], [ -61.280076864007064, -28.657392739442741 ], [ -61.286372654634292, -28.65667271014734 ], [ -61.292879350914404, -28.656025461319132 ], [ -61.302978274256454, -28.654812646884729 ], [ -61.305946523778999, -28.65443341947234 ], [ -61.306248998984451, -28.654414794134841 ], [ -61.30663844619577, -28.654225189045128 ], [ -61.323411198001693, -28.651523920040695 ], [ -61.323983670077148, -28.651485854920896 ], [ -61.324524182074136, -28.651628237900788 ], [ -61.3250328039233, -28.65176135614437 ], [ -61.335941238005773, -28.64985348047626 ], [ -61.344955161897509, -28.653743222423397 ], [ -61.345244592904564, -28.653616830539747 ], [ -61.365671206989433, -28.650469640537995 ], [ -61.379227135420507, -28.648359072632804 ], [ -61.395934724588521, -28.645715776061902 ], [ -61.41181479612176, -28.64336900968927 ], [ -61.432206325711292, -28.64029472027347 ], [ -61.432833087730707, -28.640191005405889 ], [ -61.433072861848089, -28.640165929464278 ], [ -61.433230018921087, -28.640191329007578 ], [ -61.433413279892058, -28.640239309439817 ], [ -61.433570552728959, -28.640311716460907 ], [ -61.433706373803687, -28.640402616653283 ], [ -61.433831497120053, -28.640543697248457 ], [ -61.43399228963505, -28.641454198525164 ], [ -61.435502760853836, -28.649215844476128 ], [ -61.435560426236741, -28.649528170900844 ], [ -61.435795280940923, -28.649641430886795 ], [ -61.444918132606865, -28.648262251704711 ], [ -61.451727235477648, -28.647219751436516 ], [ -61.457695192563996, -28.646318677217575 ], [ -61.463292846874381, -28.645434999498949 ], [ -61.468945366815426, -28.644604370514969 ], [ -61.479551272103997, -28.642962299701097 ], [ -61.484787676900929, -28.642175241252776 ], [ -61.490289764135426, -28.641335823813108 ], [ -61.49601575918561, -28.640460613749315 ], [ -61.501236593469358, -28.639642743585107 ], [ -61.504899606700093, -28.639115377576463 ], [ -61.508587351621337, -28.638550362617885 ], [ -61.508785190305559, -28.638545086807206 ], [ -61.515604032431604, -28.637490908001311 ], [ -61.519331482241491, -28.636917865462983 ], [ -61.523951990370101, -28.635913183434599 ], [ -61.523441226045946, -28.631112375072114 ], [ -61.609100401261706, -28.625993854182607 ] ] ] } },
{ "type": "Feature", "properties": { "Nombre": "Canal RP 30", "Estado": "Finalizado", "Datos": "Limpieza de 44km", "C Cuenca": "Comite Gato Colorado", "Tipo": null, "Region": null, "Cuenca": null, "Obra": null, "Código": null, "Localidad": "Gato Colorado", "Direccion": null, "Resp.": null, "Dpto": "9 de Julio", "Long (Km)": 44.45 }, "geometry": { "type": "MultiLineString", "coordinates": [ [ [ -61.192357435089832, -28.088415770881081 ], [ -60.850181697372982, -28.090012512162104 ], [ -60.849637647832331, -28.097677348134063 ], [ -60.748158206052587, -28.099175962193232 ] ] ] } },
{ "type": "Feature", "properties": { "Nombre": "Canal Los Bayos", "Estado": "Finalizado", "Datos": "Limpieza 32 km", "C Cuenca": "Comite Villa Minetti", "Tipo": null, "Region": null, "Cuenca": null, "Obra": null, "Código": null, "Localidad": "Villa Minetti", "Direccion": null, "Resp.": null, "Dpto": "9 de Julio", "Long (Km)": 32.39 }, "geometry": { "type": "MultiLineString", "coordinates": [ [ [ -61.224841460650438, -28.526573466382249 ], [ -61.246003888957787, -28.543925823836023 ], [ -61.306140217711508, -28.534561507228489 ], [ -61.325040522186995, -28.547525941580599 ], [ -61.346614230904727, -28.54422013836021 ], [ -61.392924562018216, -28.537201125915125 ], [ -61.435077390242078, -28.530717976508587 ], [ -61.442789598677528, -28.529558109115214 ], [ -61.451568396106865, -28.528202053180543 ], [ -61.460798683955858, -28.526809339323865 ], [ -61.470440740359074, -28.525324317811499 ], [ -61.479119454533866, -28.523981988508211 ], [ -61.490928292046668, -28.522160823780432 ], [ -61.499215346282895, -28.520881634266402 ], [ -61.501335866164645, -28.520572510564968 ], [ -61.525450350966395, -28.514239498080848 ], [ -61.52322534308307, -28.502935099461514 ] ] ] } },
{ "type": "Feature", "properties": { "Nombre": "La Cremeria", "Estado": "Finalizado", "Datos": "Limpieza 90 km", "C Cuenca": "Comité Villa Minetti-San Bernardo", "Tipo": null, "Region": null, "Cuenca": null, "Obra": null, "Código": null, "Localidad": "San Bernardo", "Direccion": null, "Resp.": null, "Dpto": "9 de Julio", "Long (Km)": 88.63 }, "geometry": { "type": "MultiLineString", "coordinates": [ [ [ -60.915075363296424, -28.673910794966101 ], [ -61.007349544762121, -28.660428895338367 ], [ -61.010526334659019, -28.652049086648116 ], [ -61.258980021853873, -28.613047918632041 ], [ -61.262969940168276, -28.63544740109381 ], [ -61.516854781886458, -28.597500880227564 ], [ -61.516443795115208, -28.595739672915599 ], [ -61.777595467985051, -28.555531503398708 ] ] ] } },
{ "type": "Feature", "properties": { "Nombre": "Canal Interdistral", "Estado": "Finalizado", "Datos": "44km de limpieza", "C Cuenca": "Comite Pozo Borrado", "Tipo": null, "Region": null, "Cuenca": null, "Obra": null, "Código": null, "Localidad": "San Bernardo", "Direccion": null, "Resp.": null, "Dpto": "9 de Julio", "Long (Km)": 43.38 }, "geometry": { "type": "MultiLineString", "coordinates": [ [ [ -61.218504183418247, -29.080495197577189 ], [ -61.202644194317557, -29.082834764230537 ], [ -61.201683485082384, -29.082626698179308 ], [ -61.201259236396929, -29.082348632877281 ], [ -61.192604978088042, -29.066560836861399 ], [ -61.141706574285266, -29.07441692722356 ], [ -60.990599132972605, -29.096843238653481 ], [ -61.190782172201118, -29.066838588407141 ] ] ] } },
{ "type": "Feature", "properties": { "Nombre": "El Mate/el pirincho", "Estado": "Finalizado", "Datos": "Limpieza 27 km", "C Cuenca": "Comite Pozo Borrado", "Tipo": null, "Region": null, "Cuenca": null, "Obra": null, "Código": null, "Localidad": "Pozo BorradoPozo BorradoPozo Borrado", "Direccion": null, "Resp.": null, "Dpto": "9 de Julio", "Long (Km)": 26.87 }, "geometry": { "type": "MultiLineString", "coordinates": [ [ [ -61.568162900764605, -28.868282575105919 ], [ -61.742806746527442, -28.84182573155757 ], [ -61.741448721562406, -28.833691778974451 ], [ -61.829008738304296, -28.820730625516006 ] ] ] } },
{ "type": "Feature", "properties": { "Nombre": "CANAL DESDE ESCUELA\"EL TALA\" HASTA ESTAB. COLLA ZONA 2", "Estado": "Finalizado", "Datos": "6 km de limpieza", "C Cuenca": "Comite Hidrovial Tostado", "Tipo": null, "Region": null, "Cuenca": null, "Obra": null, "Código": null, "Localidad": "Tostado", "Direccion": null, "Resp.": null, "Dpto": "9 de Julio", "Long (Km)": 5.97 }, "geometry": { "type": "MultiLineString", "coordinates": [ [ [ -61.595205907418844, -29.093820797746101 ], [ -61.534758967195785, -29.103075010484645 ] ] ] } },
{ "type": "Feature", "properties": { "Nombre": "CANAL DE DUTTO A HIDROVIA 3 ZONA 2", "Estado": "Finalizado", "Datos": "Limpiezza 6 km", "C Cuenca": "Comite Hidrovial Tostado", "Tipo": null, "Region": null, "Cuenca": null, "Obra": null, "Código": null, "Localidad": "Tostado", "Direccion": null, "Resp.": null, "Dpto": "9 de Julio", "Long (Km)": 6.26 }, "geometry": { "type": "MultiLineString", "coordinates": [ [ [ -61.527865215688536, -29.068376546500012 ], [ -61.538709637615135, -29.123128893395016 ], [ -61.538847183870736, -29.124042420765374 ] ] ] } },
{ "type": "Feature", "properties": { "Nombre": "HIDROVIA 3 DESDE PAOLONO HASTA RUTA 98 ZONA 1 Y 2 40 km", "Estado": "Finalizado", "Datos": "Limpieza de 40 km", "C Cuenca": "Comite Hidrovial Tostado", "Tipo": null, "Region": null, "Cuenca": null, "Obra": null, "Código": null, "Localidad": "Tostado", "Direccion": null, "Resp.": null, "Dpto": "9 de Julio", "Long (Km)": 39.44 }, "geometry": { "type": "MultiLineString", "coordinates": [ [ [ -61.50005813658899, -29.215820657522016 ], [ -61.499733146871087, -29.133722137633452 ], [ -61.502578358068952, -29.131114316427269 ], [ -61.507941046138392, -29.128673174412434 ], [ -61.538572968096865, -29.123728451681725 ], [ -61.599352622510992, -29.114522313425827 ], [ -61.596711778686256, -29.101037662825895 ], [ -61.69765809862897, -29.085242932235584 ], [ -61.72373484701108, -29.079263464251412 ], [ -61.738565644690162, -29.075473187816396 ], [ -61.762421330928362, -29.072193198493022 ], [ -61.762318035297952, -29.071144281290614 ], [ -61.784869203888071, -29.067714804819303 ] ] ] } },
{ "type": "Feature", "properties": { "Nombre": "Canal Florida Sur", "Estado": "Finalizado", "Datos": "21 km de limpieza", "C Cuenca": "Comite Rio Saladillo Tramo Superior", "Tipo": null, "Region": null, "Cuenca": null, "Obra": null, "Código": null, "Localidad": "Logrono", "Direccion": null, "Resp.": null, "Dpto": "9 de Julio", "Long (Km)": 21.22 }, "geometry": { "type": "MultiLineString", "coordinates": [ [ [ -61.622937835512367, -29.49147032142552 ], [ -61.623200088722669, -29.464536444579213 ], [ -61.712945224166837, -29.464990360746803 ], [ -61.713552761541912, -29.46188541641725 ], [ -61.748786044694462, -29.462160425302045 ], [ -61.748874195790314, -29.467053139652283 ], [ -61.802641398056323, -29.467455724192668 ] ] ] } },
{ "type": "Feature", "properties": { "Nombre": "Canal Las Glicinas y conexion RP 91S", "Estado": "Finalizado", "Datos": "8 km de limpieza", "C Cuenca": "Comite Rio Saladillo Tramo Superior", "Tipo": null, "Region": null, "Cuenca": null, "Obra": null, "Código": null, "Localidad": "Juan de Garay", "Direccion": null, "Resp.": null, "Dpto": "9 de Julio", "Long (Km)": 8.27 }, "geometry": { "type": "MultiLineString", "coordinates": [ [ [ -61.660668479892344, -29.607393785094956 ], [ -61.664019806420704, -29.621306049052041 ], [ -61.676791450637211, -29.631332019722702 ], [ -61.688116797368949, -29.634253872784655 ], [ -61.693877821462166, -29.633946511106341 ], [ -61.696255793098665, -29.63551871897721 ], [ -61.702530039664758, -29.64254665463568 ], [ -61.712283418578004, -29.647408336237476 ], [ -61.72209848349889, -29.649086946936308 ] ] ] } },
{ "type": "Feature", "properties": { "Nombre": "Cuneteo", "Estado": "Finalizado", "Datos": "5 km de longuitud", "C Cuenca": "Comite Gato Colorado", "Tipo": null, "Region": null, "Cuenca": null, "Obra": null, "Código": null, "Localidad": "Gato Colorado", "Direccion": null, "Resp.": null, "Dpto": "9 de Julio", "Long (Km)": 4.79 }, "geometry": { "type": "MultiLineString", "coordinates": [ [ [ -61.251955628875187, -28.041746202979073 ], [ -61.300658731698697, -28.041378129683334 ] ] ] } },
{ "type": "Feature", "properties": { "Nombre": "Canal La Escula", "Estado": "Finalizado", "Datos": "Ejecucion 18 km", "C Cuenca": "Comite Gato Colorado", "Tipo": null, "Region": null, "Cuenca": null, "Obra": null, "Código": null, "Localidad": "Gato Colorado", "Direccion": null, "Resp.": null, "Dpto": "9 de Julio", "Long (Km)": 18.18 }, "geometry": { "type": "MultiLineString", "coordinates": [ [ [ -60.998994782276021, -28.041500681382679 ], [ -61.183889952934045, -28.041889502333984 ] ] ] } },
{ "type": "Feature", "properties": { "Nombre": "Canal Est. La Graciela", "Estado": "Finalizado", "Datos": "Limpieza 25 km", "C Cuenca": "Comite Gato Colorado", "Tipo": null, "Region": null, "Cuenca": null, "Obra": null, "Código": null, "Localidad": "Gato Colorado", "Direccion": null, "Resp.": null, "Dpto": "9 de Julio", "Long (Km)": 25.1 }, "geometry": { "type": "MultiLineString", "coordinates": [ [ [ -61.103933587909346, -28.089881978644012 ], [ -61.102270337462485, -28.246245172105564 ], [ -61.083479565120889, -28.246338636032046 ], [ -61.09465635237877, -28.298927934564762 ] ] ] } },
{ "type": "Feature", "properties": { "Nombre": "Canal RP 293", "Estado": "Finalizado", "Datos": "Limpieza 40 km", "C Cuenca": "Comite Gato Colorado", "Tipo": null, "Region": null, "Cuenca": null, "Obra": null, "Código": null, "Localidad": "Santa Margarita", "Direccion": null, "Resp.": null, "Dpto": "9 de Julio", "Long (Km)": 40.76 }, "geometry": { "type": "MultiLineString", "coordinates": [ [ [ -61.463240954425828, -28.330130090242182 ], [ -61.393875372663786, -28.343512393152842 ], [ -61.312661870212054, -28.359280292062433 ], [ -61.311342606320871, -28.354098581057482 ], [ -61.211919259322535, -28.369810655819354 ], [ -61.206574902475026, -28.346345471830645 ], [ -61.080846091591035, -28.365323183729199 ] ] ] } },
{ "type": "Feature", "properties": { "Nombre": "3-Limpieza Canal 290 tramo Centis", "Estado": "Finalizado", "Datos": "2,0 km de limpieza", "C Cuenca": "Comité de Cuenca Fortín Olmos", "Tipo": null, "Region": null, "Cuenca": null, "Obra": null, "Código": null, "Localidad": "Fortin Olmos", "Direccion": null, "Resp.": null, "Dpto": "Vera", "Long (Km)": 2.0 }, "geometry": { "type": "MultiLineString", "coordinates": [ [ [ -60.872249154467767, -29.093945510225787 ], [ -60.869914281670894, -29.097037596687461 ], [ -60.858313741829761, -29.107104826809845 ] ] ] } },
{ "type": "Feature", "properties": { "Nombre": "4-Limpieza Canal Camino Comunal N° 1 Norte Beca", "Estado": "Finalizado", "Datos": "3,5 km de limpieza", "C Cuenca": "Comité de Cuenca Fortín Olmos", "Tipo": null, "Region": null, "Cuenca": null, "Obra": null, "Código": null, "Localidad": "Fortin Olmos", "Direccion": null, "Resp.": null, "Dpto": "Vera", "Long (Km)": 3.5 }, "geometry": { "type": "MultiLineString", "coordinates": [ [ [ -60.777983784385249, -28.99155298991769 ], [ -60.771884189158712, -28.960427797591706 ] ] ] } },
{ "type": "Feature", "properties": { "Nombre": "5-Limpieza Canal El Plomero", "Estado": "Finalizado", "Datos": "21,2 km de limpieza", "C Cuenca": "Comité de Cuenca Fortín Olmos", "Tipo": null, "Region": null, "Cuenca": null, "Obra": null, "Código": null, "Localidad": "Fortin Olmos", "Direccion": null, "Resp.": null, "Dpto": "Vera", "Long (Km)": 22.43 }, "geometry": { "type": "MultiLineString", "coordinates": [ [ [ -60.777763909519869, -28.993503048279184 ], [ -60.727199298571762, -29.000304756748925 ], [ -60.725439839773216, -28.991239248097454 ], [ -60.673152992455918, -28.991509157051482 ], [ -60.571824138492033, -29.006416035000925 ], [ -60.569462820701027, -28.994828286024784 ], [ -60.569604730819506, -28.994704039159082 ] ] ] } },
{ "type": "Feature", "properties": { "Nombre": "2-Limpieza del Canal Interdistrital Crespo-Silva", "Estado": "Finalizado", "Datos": "0,2 KM DE LIMPIEZA", "C Cuenca": "Comite Arroyo Pantanoso y Saladillo Amargo", "Tipo": null, "Region": null, "Cuenca": null, "Obra": null, "Código": null, "Localidad": "Gobernador Crespo", "Direccion": null, "Resp.": null, "Dpto": "San Justo", "Long (Km)": 0.35 }, "geometry": { "type": "MultiLineString", "coordinates": [ [ [ -60.371837010052481, -30.398966606306427 ], [ -60.368234942469776, -30.399065965440208 ] ] ] } },
{ "type": "Feature", "properties": { "Nombre": "4-Limpieza Canal Sánchez (Etchevers) del Distrito La Camila", "Estado": "En Ejecucion", "Datos": "2,0 km de limpieza", "C Cuenca": "Comite Arroyo Pantanoso y Saladillo Amargo", "Tipo": null, "Region": null, "Cuenca": null, "Obra": null, "Código": null, "Localidad": "La Camila", "Direccion": null, "Resp.": null, "Dpto": "San Justo", "Long (Km)": 2.0 }, "geometry": { "type": "MultiLineString", "coordinates": [ [ [ -60.573012254189166, -30.124303602709126 ], [ -60.569333651834192, -30.10650275868646 ] ] ] } },
{ "type": "Feature", "properties": { "Nombre": "5-Canal Batistuti (oeste campo Ramirez, al este Lazzaroni)", "Estado": "Finalizado", "Datos": "3,9 km de limpieza", "C Cuenca": "Comite Arroyo Pantanoso y Saladillo Amargo", "Tipo": null, "Region": null, "Cuenca": null, "Obra": null, "Código": null, "Localidad": "La Penca y Caraguata", "Direccion": null, "Resp.": null, "Dpto": "San Justo", "Long (Km)": 3.9 }, "geometry": { "type": "MultiLineString", "coordinates": [ [ [ -60.468909486554118, -30.273979400990342 ], [ -60.508883634671236, -30.268058483019203 ] ] ] } },
{ "type": "Feature", "properties": { "Nombre": "6-limpieza Canal de Drenaje N° 2", "Estado": "Finalizado", "Datos": "1,4 km de limpieza", "C Cuenca": "Comite Arroyo Pantanoso y Saladillo Amargo", "Tipo": null, "Region": null, "Cuenca": null, "Obra": null, "Código": null, "Localidad": "Gobernador Crespo", "Direccion": null, "Resp.": null, "Dpto": "San Justo", "Long (Km)": 1.41 }, "geometry": { "type": "MultiLineString", "coordinates": [ [ [ -60.42459174905914, -30.36046205034275 ], [ -60.422178612504929, -30.347922634213344 ] ] ] } },
{ "type": "Feature", "properties": { "Nombre": "7-Limpieza Canal Camino Caillat-Perelló-Berga", "Estado": "Finalizado", "Datos": "6,5 km de limpieza", "C Cuenca": "Comite Arroyo Pantanoso y Saladillo Amargo", "Tipo": null, "Region": null, "Cuenca": null, "Obra": null, "Código": null, "Localidad": "Pedro Gomez Cello", "Direccion": null, "Resp.": null, "Dpto": "San Justo", "Long (Km)": 6.51 }, "geometry": { "type": "MultiLineString", "coordinates": [ [ [ -60.321729854135384, -30.067056270028953 ], [ -60.321893854630417, -30.066948157110463 ], [ -60.322174517054307, -30.066876031114354 ], [ -60.367905783237831, -30.059895906235234 ], [ -60.367994900934988, -30.059550467696553 ], [ -60.387812945097224, -30.05649314248333 ] ] ] } },
{ "type": "Feature", "properties": { "Nombre": "8-Limpieza Colector 12", "Estado": "Finalizado", "Datos": "3,1 km de limpieza", "C Cuenca": "Comite Arroyo Pantanoso y Saladillo Amargo", "Tipo": null, "Region": null, "Cuenca": null, "Obra": null, "Código": null, "Localidad": "Vera y Pintado", "Direccion": null, "Resp.": null, "Dpto": "San Justo", "Long (Km)": 3.11 }, "geometry": { "type": "MultiLineString", "coordinates": [ [ [ -60.331115743717184, -30.11849081089057 ], [ -60.330896989001801, -30.118898260782192 ], [ -60.330483640377459, -30.11949955015147 ], [ -60.314094634890807, -30.142294350386635 ] ] ] } },
{ "type": "Feature", "properties": { "Nombre": "9-Limpieza canal Noseda-Nicola", "Estado": "Finalizado", "Datos": "5,0 km de limpieza", "C Cuenca": "Comite Arroyo Pantanoso y Saladillo Amargo", "Tipo": null, "Region": null, "Cuenca": null, "Obra": null, "Código": null, "Localidad": "La Camila", "Direccion": null, "Resp.": null, "Dpto": "San Justo", "Long (Km)": 4.93 }, "geometry": { "type": "MultiLineString", "coordinates": [ [ [ -60.524044499520983, -30.0405674103778 ], [ -60.533250805060867, -30.084333837339518 ] ] ] } },
{ "type": "Feature", "properties": { "Nombre": "10-Limpieza canal interceptor Silva (Albrech)", "Estado": "Finalizado", "Datos": "2,0 km de limpieza", "C Cuenca": "Comite Arroyo Pantanoso y Saladillo Amargo", "Tipo": null, "Region": null, "Cuenca": null, "Obra": null, "Código": null, "Localidad": "Silva", "Direccion": null, "Resp.": null, "Dpto": "San Justo", "Long (Km)": 2.02 }, "geometry": { "type": "MultiLineString", "coordinates": [ [ [ -60.476855942108983, -30.476643992998817 ], [ -60.478602171365154, -30.476331950172636 ], [ -60.487296206888296, -30.474850545705397 ], [ -60.497528825198813, -30.473244674935561 ] ] ] } },
{ "type": "Feature", "properties": { "Nombre": "11-Limpieza canal interdistrito silva-escalada", "Estado": "Finalizado", "Datos": "0,5 km de limpieza", "C Cuenca": "Comite Arroyo Pantanoso y Saladillo Amargo", "Tipo": null, "Region": null, "Cuenca": null, "Obra": null, "Código": null, "Localidad": "Marcelino Escalada", "Direccion": null, "Resp.": null, "Dpto": "San Justo", "Long (Km)": 0.52 }, "geometry": { "type": "MultiLineString", "coordinates": [ [ [ -60.491301026938501, -30.502196113474422 ], [ -60.486019749826212, -30.503065291397814 ] ] ] } },
{ "type": "Feature", "properties": { "Nombre": "14-Limpieza cuneta distrito colonia dolores", "Estado": "Finalizado", "Datos": null, "C Cuenca": "Comite Arroyo Pantanoso y Saladillo Amargo", "Tipo": null, "Region": null, "Cuenca": null, "Obra": null, "Código": null, "Localidad": "Dolores", "Direccion": null, "Resp.": null, "Dpto": "San Justo", "Long (Km)": 1.01 }, "geometry": { "type": "MultiLineString", "coordinates": [ [ [ -60.311257997891957, -30.416483660523014 ], [ -60.312033137623182, -30.419915439956661 ], [ -60.312591876693716, -30.422893821265909 ], [ -60.312646040309261, -30.423085886646415 ], [ -60.312738477282878, -30.423272649447082 ], [ -60.312803401369251, -30.423432974654276 ], [ -60.313246241392086, -30.425460683998445 ] ] ] } },
{ "type": "Feature", "properties": { "Nombre": "15-Limpieza Canal S-N (campo de Zilli)", "Estado": "Finalizado", "Datos": "2,22 km de limpieza", "C Cuenca": "Comite Arroyo Pantanoso y Saladillo Amargo", "Tipo": null, "Region": null, "Cuenca": null, "Obra": null, "Código": null, "Localidad": "Gobernador Crespo", "Direccion": null, "Resp.": null, "Dpto": "San Justo", "Long (Km)": 2.22 }, "geometry": { "type": "MultiLineString", "coordinates": [ [ [ -60.444155997941543, -30.367635778480125 ], [ -60.440683000858527, -30.368149080471134 ], [ -60.440648390656591, -30.368214971965276 ], [ -60.441155193029587, -30.370505441535077 ], [ -60.441063157790204, -30.37071994336463 ], [ -60.440997019348181, -30.370819881023081 ], [ -60.440969176353747, -30.370983629900682 ], [ -60.440557153697959, -30.373728460752652 ], [ -60.440497394654543, -30.373763675953562 ], [ -60.427740819021494, -30.375632445839017 ] ] ] } },
{ "type": "Feature", "properties": { "Nombre": "1-Limpieza canal calle Ignacio Crespo paralelo a RP39 hasta la cañada", "Estado": "Finalizado", "Datos": "1,2 km de limpieza", "C Cuenca": "Comite Arroyo Pantanoso y Saladillo AmargoComite Arroyo Pantanoso y Saladillo Amargo", "Tipo": null, "Region": null, "Cuenca": null, "Obra": null, "Código": null, "Localidad": "Gobernador Crespo", "Direccion": null, "Resp.": null, "Dpto": "San Justo", "Long (Km)": 1.13 }, "geometry": { "type": "MultiLineString", "coordinates": [ [ [ -60.424579069651621, -30.360575544262666 ], [ -60.413049339817817, -30.362329390032247 ] ] ] } },
{ "type": "Feature", "properties": { "Nombre": "2-Limpieza Canal Kraus-Andreu-Francezon (Nepote-Andreu-Kraus)", "Estado": "Finalizado", "Datos": "2,5 km de limpieza", "C Cuenca": "Comite Arroyo Pantanoso y Saladillo Amargo", "Tipo": null, "Region": null, "Cuenca": null, "Obra": null, "Código": null, "Localidad": "La Criolla", "Direccion": null, "Resp.": null, "Dpto": "San Justo", "Long (Km)": 2.48 }, "geometry": { "type": "MultiLineString", "coordinates": [ [ [ -60.299478532195394, -30.185615110921862 ], [ -60.306323600392254, -30.207199980177002 ] ] ] } },
{ "type": "Feature", "properties": { "Nombre": "3-Continuación Limpieza Canal Principal RP56-s (lado norte)", "Estado": "Finalizado", "Datos": "2,0 km de limpieza", "C Cuenca": "Comite Arroyo Pantanoso y Saladillo Amargo", "Tipo": null, "Region": null, "Cuenca": null, "Obra": null, "Código": null, "Localidad": "La Camila", "Direccion": null, "Resp.": null, "Dpto": "San Justo", "Long (Km)": 1.99 }, "geometry": { "type": "MultiLineString", "coordinates": [ [ [ -60.625677884140167, -30.069864315284082 ], [ -60.646025677991069, -30.06661126964438 ] ] ] } },
{ "type": "Feature", "properties": { "Nombre": "6-Canalizar desde Fortín Norte al oeste", "Estado": "Finalizado", "Datos": "2,7 km de limpieza", "C Cuenca": "Comite Arroyo Pantanoso y Saladillo Amargo", "Tipo": null, "Region": null, "Cuenca": null, "Obra": null, "Código": null, "Localidad": "La Camila", "Direccion": null, "Resp.": null, "Dpto": "San Justo", "Long (Km)": 2.7 }, "geometry": { "type": "MultiLineString", "coordinates": [ [ [ -60.638075397456845, -30.113676893854777 ], [ -60.610401860038245, -30.117694110930195 ] ] ] } },
{ "type": "Feature", "properties": { "Nombre": "7-Limpieza Canal cuatro bocas Walemberg al norte (Dist. PGC)", "Estado": "Finalizado", "Datos": "1,3 km de limpieza", "C Cuenca": "Comite Arroyo Pantanoso y Saladillo Amargo", "Tipo": null, "Region": null, "Cuenca": null, "Obra": null, "Código": null, "Localidad": "Pedro Gomez Cello", "Direccion": null, "Resp.": null, "Dpto": "San Justo", "Long (Km)": 1.26 }, "geometry": { "type": "MultiLineString", "coordinates": [ [ [ -60.554829499578929, -30.035287553396156 ], [ -60.552576752786599, -30.024098678342167 ] ] ] } },
{ "type": "Feature", "properties": { "Nombre": "8-Limpieza Canal Monte Guazú al oeste (Dist. PGC)", "Estado": "Finalizado", "Datos": "8,6 km de limpieza", "C Cuenca": "Comite Arroyo Pantanoso y Saladillo Amargo", "Tipo": null, "Region": null, "Cuenca": null, "Obra": null, "Código": null, "Localidad": "Pedro Gomez Cello", "Direccion": null, "Resp.": null, "Dpto": "San Justo", "Long (Km)": 8.61 }, "geometry": { "type": "MultiLineString", "coordinates": [ [ [ -60.555090090340194, -30.034985001523957 ], [ -60.642896306763348, -30.021040945377067 ] ] ] } },
{ "type": "Feature", "properties": { "Nombre": "10-Limpieza Drenaje en Camino Luque", "Estado": "Finalizado", "Datos": "5,0 km de limpieza", "C Cuenca": "Comite Arroyo Pantanoso y Saladillo Amargo", "Tipo": null, "Region": null, "Cuenca": null, "Obra": null, "Código": null, "Localidad": "Pedro Gomez Cello", "Direccion": null, "Resp.": null, "Dpto": "San Justo", "Long (Km)": 4.99 }, "geometry": { "type": "MultiLineString", "coordinates": [ [ [ -60.514555099571204, -29.9960424764385 ], [ -60.52394830349624, -30.040312664259712 ] ] ] } },
{ "type": "Feature", "properties": { "Nombre": "11-Limpieza Drenaje en camino Comunal (Walemberg a Ferrero)", "Estado": "Finalizado", "Datos": "3,7 km de limpieza", "C Cuenca": "Comite Arroyo Pantanoso y Saladillo Amargo", "Tipo": null, "Region": null, "Cuenca": null, "Obra": null, "Código": null, "Localidad": "Pedro Gomez Cello", "Direccion": null, "Resp.": null, "Dpto": "San Justo", "Long (Km)": 3.7 }, "geometry": { "type": "MultiLineString", "coordinates": [ [ [ -60.545215323025985, -29.991206063110972 ], [ -60.5521999647287, -30.024032333961934 ] ] ] } },
{ "type": "Feature", "properties": { "Nombre": "12-Limpieza Drenaje Camino Comunal (lado este) - Lucas Gualino", "Estado": "Finalizado", "Datos": "2,6 km de limpieza", "C Cuenca": "Comite Arroyo Pantanoso y Saladillo Amargo", "Tipo": null, "Region": null, "Cuenca": null, "Obra": null, "Código": "San Martin Norte", "Localidad": "San Martin Norte", "Direccion": null, "Resp.": null, "Dpto": "San Justo", "Long (Km)": 2.55 }, "geometry": { "type": "MultiLineString", "coordinates": [ [ [ -60.312655124416608, -30.230538872056428 ], [ -60.319205408467418, -30.252817696137043 ] ] ] } },
{ "type": "Feature", "properties": { "Nombre": "1-Limpieza Canal Media Luna (ejecución actual)", "Estado": "En Ejecucion", "Datos": "6,8 de limpieza actualmente", "C Cuenca": "Comité de Cuenca Fortín Olmos", "Tipo": null, "Region": null, "Cuenca": null, "Obra": null, "Código": null, "Localidad": "Fortin Olmos", "Direccion": null, "Resp.": null, "Dpto": "Vera", "Long (Km)": 6.8 }, "geometry": { "type": "MultiLineString", "coordinates": [ [ [ -60.776510749143576, -29.250427001258998 ], [ -60.845484790680906, -29.240068288590784 ] ] ] } },
{ "type": "Feature", "properties": { "Nombre": "1-Limpieza Canal Desagüe Camino Comunal 2", "Estado": "Finalizado", "Datos": "9,5 km de limpieza", "C Cuenca": "Comité de Cuenca Fortín Olmos", "Tipo": null, "Region": null, "Cuenca": null, "Obra": null, "Código": null, "Localidad": "Fortin Olmos", "Direccion": null, "Resp.": null, "Dpto": "Vera", "Long (Km)": 9.51 }, "geometry": { "type": "MultiLineString", "coordinates": [ [ [ -60.60039248462855, -29.163565984543876 ], [ -60.600634290288916, -29.163118794960209 ], [ -60.600965227310112, -29.162992634797892 ], [ -60.601321347500921, -29.1626136182606 ], [ -60.601482853756032, -29.162514835667896 ], [ -60.601764932339691, -29.162528406216456 ], [ -60.601958554307707, -29.162394355319382 ], [ -60.602007145212198, -29.162281654673205 ], [ -60.601564670297506, -29.159995833092005 ], [ -60.595928111786421, -29.131098265722066 ], [ -60.585922169195605, -29.079990368960985 ], [ -60.585959196826629, -29.079873939475981 ], [ -60.586030793369119, -29.07981575628774 ], [ -60.586071815041841, -29.079808714814749 ] ] ] } },
{ "type": "Feature", "properties": { "Nombre": "2-Limpieza Canal El Toro", "Estado": "Finalizado", "Datos": "4,9 km de limpieza", "C Cuenca": "Comité de Cuenca Fortín Olmos", "Tipo": null, "Region": null, "Cuenca": null, "Obra": null, "Código": null, "Localidad": "Fortin Olmos", "Direccion": null, "Resp.": null, "Dpto": "Vera", "Long (Km)": 4.95 }, "geometry": { "type": "MultiLineString", "coordinates": [ [ [ -60.818369773432828, -29.198182784069953 ], [ -60.768150757712391, -29.205439198605387 ] ] ] } },
{ "type": "Feature", "properties": { "Nombre": "3-Limpieza Canal La Media Luna", "Estado": "Finalizado", "Datos": "6,8 km de limpieza", "C Cuenca": "Comité de Cuenca Fortín Olmos", "Tipo": null, "Region": null, "Cuenca": null, "Obra": null, "Código": null, "Localidad": "Fortin Olmos", "Direccion": null, "Resp.": null, "Dpto": "Vera", "Long (Km)": 7.61 }, "geometry": { "type": "MultiLineString", "coordinates": [ [ [ -60.699377257575918, -29.262091105743302 ], [ -60.776515579982728, -29.25044349700854 ] ] ] } },
{ "type": "Feature", "properties": { "Nombre": "Obras 2025-2026 cc csrc", "Estado": "Finalizado", "Datos": null, "C Cuenca": "Comite SAguier Romero Corralitos", "Tipo": null, "Region": null, "Cuenca": null, "Obra": null, "Código": null, "Localidad": "Clucellas", "Direccion": null, "Resp.": null, "Dpto": "Castellanos", "Long (Km)": 6.35 }, "geometry": { "type": "MultiLineString", "coordinates": [ [ [ -61.710241600298552, -31.45725897764915 ], [ -61.706944396338848, -31.457874684713254 ], [ -61.706627374563936, -31.45708893341865 ], [ -61.704085366215551, -31.456692877010315 ], [ -61.701697414145514, -31.456804999671306 ], [ -61.699863655982831, -31.455610788565579 ], [ -61.698711245341023, -31.454228878782352 ], [ -61.646516600731253, -31.463303424922902 ] ] ] } },
{ "type": "Feature", "properties": { "Nombre": "Obras 2025-2026 cc csrc", "Estado": "Finalizado", "Datos": null, "C Cuenca": "Comite SAguier Romero Corralitos", "Tipo": null, "Region": null, "Cuenca": null, "Obra": null, "Código": null, "Localidad": "Saguier", "Direccion": null, "Resp.": null, "Dpto": "Castellanos", "Long (Km)": 3.44 }, "geometry": { "type": "MultiLineString", "coordinates": [ [ [ -61.660116595067336, -31.32071806715453 ], [ -61.673750919632752, -31.318342590869793 ], [ -61.678391226895876, -31.336984914602446 ] ] ] } },
{ "type": "Feature", "properties": { "Nombre": "Obras 2024 cc csrc", "Estado": "Finalizado", "Datos": null, "C Cuenca": "Comite SAguier Romero Corralitos", "Tipo": null, "Region": null, "Cuenca": null, "Obra": null, "Código": null, "Localidad": "Estacion Clucellas", "Direccion": null, "Resp.": null, "Dpto": "Castellanos", "Long (Km)": 2.54 }, "geometry": { "type": "MultiLineString", "coordinates": [ [ [ -61.722467236159517, -31.510045101557704 ], [ -61.731345508178215, -31.511347117129386 ], [ -61.73979746800979, -31.512986775803778 ], [ -61.74838618752667, -31.515407444652141 ] ] ] } },
{ "type": "Feature", "properties": { "Nombre": "Obras 2024 cc csrc", "Estado": "Finalizado", "Datos": null, "C Cuenca": "Comite SAguier Romero Corralitos", "Tipo": null, "Region": null, "Cuenca": null, "Obra": null, "Código": null, "Localidad": "Colonia Cello", "Direccion": null, "Resp.": null, "Dpto": "Castellanos", "Long (Km)": 4.43 }, "geometry": { "type": "MultiLineString", "coordinates": [ [ [ -61.789223571521333, -31.508739205122083 ], [ -61.822706406175108, -31.503728788725059 ], [ -61.820177717143224, -31.493097064154551 ] ] ] } },
{ "type": "Feature", "properties": { "Nombre": "Obras 2024 cc csrc", "Estado": "Finalizado", "Datos": null, "C Cuenca": "Comite SAguier Romero Corralitos", "Tipo": null, "Region": null, "Cuenca": null, "Obra": null, "Código": null, "Localidad": "Angelica", "Direccion": null, "Resp.": null, "Dpto": "Castellanos", "Long (Km)": 2.11 }, "geometry": { "type": "MultiLineString", "coordinates": [ [ [ -61.594635526228259, -31.521501157651556 ], [ -61.599329916937364, -31.540074263419914 ] ] ] } },
{ "type": "Feature", "properties": { "Nombre": "Obras 2024 cc csrc", "Estado": "Finalizado", "Datos": null, "C Cuenca": "Comite SAguier Romero Corralitos", "Tipo": null, "Region": null, "Cuenca": null, "Obra": null, "Código": null, "Localidad": "Colonia Margarita, San Vicente", "Direccion": null, "Resp.": null, "Dpto": "Castellanos", "Long (Km)": 8.44 }, "geometry": { "type": "MultiLineString", "coordinates": [ [ [ -61.685814008411747, -31.638595335423812 ], [ -61.622457636052204, -31.6493833865208 ], [ -61.617698513879347, -31.649967090487937 ], [ -61.603640211671284, -31.652874292386336 ], [ -61.59874512288097, -31.65421831446351 ] ] ] } },
{ "type": "Feature", "properties": { "Nombre": "Obras 2024 cc csrc", "Estado": "Finalizado", "Datos": null, "C Cuenca": "Comite SAguier Romero Corralitos", "Tipo": null, "Region": null, "Cuenca": null, "Obra": null, "Código": null, "Localidad": "Colonia Cello", "Direccion": null, "Resp.": null, "Dpto": "Castellanos", "Long (Km)": 3.0 }, "geometry": { "type": "MultiLineString", "coordinates": [ [ [ -61.814176490890276, -31.466591034727237 ], [ -61.835729869641789, -31.462136239442053 ], [ -61.83598727494136, -31.463913817056035 ], [ -61.843113598095215, -31.462376889974809 ] ] ] } },
{ "type": "Feature", "properties": { "Nombre": "Obras 2024 cc csrc", "Estado": "Finalizado", "Datos": null, "C Cuenca": "Comite SAguier Romero CorralitosComite SAguier Romero Corralitos", "Tipo": null, "Region": null, "Cuenca": null, "Obra": null, "Código": null, "Localidad": "Colonia Cello", "Direccion": null, "Resp.": null, "Dpto": "Castellanos", "Long (Km)": 4.09 }, "geometry": { "type": "MultiLineString", "coordinates": [ [ [ -61.842728441372806, -31.462486734415052 ], [ -61.851659570644841, -31.498559942506663 ] ] ] } },
{ "type": "Feature", "properties": { "Nombre": "Desague ffcc Mitre", "Estado": "Finalizado", "Datos": "2,2 km de limpieza", "C Cuenca": "Comite Canal Principal Sastre", "Tipo": null, "Region": null, "Cuenca": null, "Obra": null, "Código": null, "Localidad": "Sastre", "Direccion": null, "Resp.": null, "Dpto": "San Martin", "Long (Km)": 2.21 }, "geometry": { "type": "MultiLineString", "coordinates": [ [ [ -61.824422755784354, -31.777981867571579 ], [ -61.82919984459221, -31.797468981788917 ] ] ] } },
{ "type": "Feature", "properties": { "Nombre": "Secundario Castelar tramo sup.", "Estado": "Finalizado", "Datos": "5,0 km de limpieza", "C Cuenca": "Comite Canal Principal Sastre", "Tipo": null, "Region": null, "Cuenca": null, "Obra": null, "Código": null, "Localidad": "Castelar", "Direccion": null, "Resp.": null, "Dpto": "San Martin", "Long (Km)": 5.18 }, "geometry": { "type": "MultiLineString", "coordinates": [ [ [ -62.086559138647374, -31.674227862551835 ], [ -62.086723239163362, -31.674204124132114 ], [ -62.086973179813249, -31.674294180730612 ], [ -62.087058436428883, -31.674297305867725 ], [ -62.08728744721234, -31.674267195124258 ], [ -62.087546743549673, -31.674221551148008 ], [ -62.103744310198188, -31.671309558004364 ], [ -62.10771273894229, -31.671519154885466 ], [ -62.113478345533885, -31.672670184033183 ], [ -62.11734638938146, -31.672878802082082 ], [ -62.118884984916136, -31.673136861678231 ], [ -62.125180471143324, -31.67424848707174 ], [ -62.133259095656037, -31.672816764154302 ], [ -62.140331904372822, -31.67304635089959 ] ] ] } },
{ "type": "Feature", "properties": { "Nombre": "Sec. Combra tramo Superior", "Estado": "Finalizado", "Datos": "5 km de limpieza", "C Cuenca": "Comite Canal Principal Sastre", "Tipo": null, "Region": null, "Cuenca": null, "Obra": null, "Código": null, "Localidad": "Crispi", "Direccion": null, "Resp.": null, "Dpto": "San Martin", "Long (Km)": 4.98 }, "geometry": { "type": "MultiLineString", "coordinates": [ [ [ -61.971951283944215, -31.868638606757571 ], [ -61.988274177997582, -31.871079632333874 ], [ -61.99865231113079, -31.873245597546784 ], [ -62.00293427052781, -31.874182483761302 ], [ -62.004205369244801, -31.874288948036476 ], [ -62.008210092219194, -31.874609716063688 ], [ -62.010890291658384, -31.87519994571932 ], [ -62.016013691124364, -31.875719415733197 ], [ -62.016610577295495, -31.876178343714983 ], [ -62.020348170749628, -31.87699183948261 ], [ -62.023182944634605, -31.877609392565979 ], [ -62.02332049237954, -31.877610471915382 ] ] ] } },
{ "type": "Feature", "properties": { "Nombre": "Transparentacion Terc. Eberhardt tramo Garibaldi", "Estado": "Finalizado", "Datos": "Colocación de alc. en cruces de canal con camino comunal\t", "C Cuenca": "Comite Canal Principal Sastre", "Tipo": null, "Region": null, "Cuenca": null, "Obra": null, "Código": null, "Localidad": "Garibaldi", "Direccion": null, "Resp.": null, "Dpto": "Castellanos", "Long (Km)": 2.48 }, "geometry": { "type": "MultiLineString", "coordinates": [ [ [ -61.881758364743185, -31.680101985820283 ], [ -61.881334132893635, -31.679909533162078 ], [ -61.872313759304646, -31.678617492199493 ], [ -61.87208041571548, -31.678505931037073 ], [ -61.863200360013295, -31.677286366113194 ], [ -61.856481450263438, -31.674970797806033 ] ] ] } },
{ "type": "Feature", "properties": { "Nombre": "Transparentacion Encauce 2 Garibaldi", "Estado": "Finalizado", "Datos": "Colocación de alc. en cruces de canal con camino comunal\t", "C Cuenca": "Comite Canal Principal Sastre", "Tipo": null, "Region": null, "Cuenca": null, "Obra": null, "Código": null, "Localidad": "Garibaldi", "Direccion": null, "Resp.": null, "Dpto": "Castellanos", "Long (Km)": 4.24 }, "geometry": { "type": "MultiLineString", "coordinates": [ [ [ -61.903355962208934, -31.651099924414318 ], [ -61.903173674018014, -31.651030569047737 ], [ -61.902861466312402, -31.651129879207996 ], [ -61.902743917722347, -31.651204693923592 ], [ -61.90261368722593, -31.65126865151046 ], [ -61.902431387677403, -31.651331578975725 ], [ -61.902201202304909, -31.651286322767472 ], [ -61.901976160441812, -31.651282143520596 ], [ -61.901789888141849, -31.651286485969607 ], [ -61.90153808402858, -31.651283047107913 ], [ -61.897322940357299, -31.649943352882744 ], [ -61.896685464428522, -31.649826406554176 ], [ -61.895942161310238, -31.64997396895259 ], [ -61.893673468787817, -31.650434087669712 ], [ -61.890411733003418, -31.650892504743307 ], [ -61.888559102270726, -31.651094551581103 ], [ -61.887007586168721, -31.650944118363181 ], [ -61.886434206696691, -31.651055387843162 ], [ -61.885158292218186, -31.651169252787611 ], [ -61.876019071616618, -31.650623604470177 ], [ -61.871037434406354, -31.65031401892017 ], [ -61.859485136826642, -31.648470748769348 ] ] ] } },
{ "type": "Feature", "properties": { "Nombre": "Transparentacion Encauce 2 Garibaldi", "Estado": "Finalizado", "Datos": "Colocación de alc. en cruces de canal con camino comunal\t", "C Cuenca": "Comite Canal Principal Sastre", "Tipo": null, "Region": null, "Cuenca": null, "Obra": null, "Código": null, "Localidad": "Garibaldi", "Direccion": null, "Resp.": null, "Dpto": "Castellanos", "Long (Km)": 3.04 }, "geometry": { "type": "MultiLineString", "coordinates": [ [ [ -61.915842396627085, -31.634469829511971 ], [ -61.908923468035255, -31.633184922773296 ], [ -61.908816354137961, -31.633166843799188 ], [ -61.884525708131996, -31.628560134913585 ] ] ] } },
{ "type": "Feature", "properties": { "Nombre": "Accesorio Bajo Baravalle", "Estado": "Finalizado", "Datos": "Colocación de alc. en cruces de canal con camino comunal", "C Cuenca": "Comite Canal Principal Sastre", "Tipo": null, "Region": null, "Cuenca": null, "Obra": null, "Código": null, "Localidad": "Crispi", "Direccion": null, "Resp.": null, "Dpto": "San Martin", "Long (Km)": 2.11 }, "geometry": { "type": "MultiLineString", "coordinates": [ [ [ -62.042369926756621, -31.784971190270952 ], [ -62.037900497010547, -31.766354076326799 ] ] ] } },
{ "type": "Feature", "properties": { "Nombre": "Accesorio Bajo Baravalle", "Estado": "Finalizado", "Datos": "Colocación de alc. en cruces de canal con camino comunal", "C Cuenca": "Comite Canal Principal Sastre", "Tipo": null, "Region": null, "Cuenca": null, "Obra": null, "Código": null, "Localidad": "Crispi", "Direccion": null, "Resp.": null, "Dpto": "San Martin", "Long (Km)": 2.31 }, "geometry": { "type": "MultiLineString", "coordinates": [ [ [ -62.053146207539974, -31.784871492003649 ], [ -62.048276749850125, -31.764425664601607 ] ] ] } },
{ "type": "Feature", "properties": { "Nombre": "Accesorio Bajo Baravalle", "Estado": "Finalizado", "Datos": "Colocación de alc. en cruces de canal con camino comunal", "C Cuenca": "Comite Canal Principal Sastre", "Tipo": null, "Region": null, "Cuenca": null, "Obra": null, "Código": null, "Localidad": "Las Petacas", "Direccion": null, "Resp.": null, "Dpto": "San Martin", "Long (Km)": 2.31 }, "geometry": { "type": "MultiLineString", "coordinates": [ [ [ -62.0636470068645, -31.783670091657623 ], [ -62.058757729260343, -31.763240869077929 ] ] ] } },
{ "type": "Feature", "properties": { "Nombre": "Transparentacion Encauce Bajo Baravalle", "Estado": "Finalizado", "Datos": "Colocación de alc. en cruces de canal con camino comunal", "C Cuenca": "Comite Canal Principal Sastre", "Tipo": null, "Region": null, "Cuenca": null, "Obra": null, "Código": null, "Localidad": "Crispi", "Direccion": null, "Resp.": null, "Dpto": "San Martin", "Long (Km)": 4.61 }, "geometry": { "type": "MultiLineString", "coordinates": [ [ [ -62.042372286970902, -31.784960474666811 ], [ -62.04777602899042, -31.785182974232143 ], [ -62.058465939091001, -31.784566444263778 ], [ -62.063665488245519, -31.783664914253677 ], [ -62.077067192475006, -31.783419557354343 ], [ -62.084106411233194, -31.784188063977293 ], [ -62.087931748385309, -31.784548718720451 ], [ -62.090801102241478, -31.784468627303571 ] ] ] } },
{ "type": "Feature", "properties": { "Nombre": "Trasnparentacion Encauce bajo Frontera", "Estado": "Finalizado", "Datos": "Colocación de alc. en cruces de canal con camino comunal", "C Cuenca": "Comite Canal Principal Sastre", "Tipo": null, "Region": null, "Cuenca": null, "Obra": null, "Código": null, "Localidad": "Frontera", "Direccion": null, "Resp.": null, "Dpto": "Castellanos", "Long (Km)": 6.36 }, "geometry": { "type": "MultiLineString", "coordinates": [ [ [ -62.092250200607886, -31.510740870826009 ], [ -62.089485103575072, -31.510065329727254 ], [ -62.087217590461023, -31.509338720475725 ], [ -62.081924970401843, -31.506960779120639 ], [ -62.081908583419441, -31.5068663882873 ], [ -62.08099550703205, -31.505755848570164 ], [ -62.078021079441584, -31.504781246881826 ], [ -62.070210805034108, -31.50145472639678 ], [ -62.066249576884331, -31.501019729119449 ], [ -62.061033458983701, -31.501076025355559 ], [ -62.054941472429967, -31.498363987069634 ], [ -62.054777339934418, -31.498382568829008 ], [ -62.042590393423474, -31.492064566453372 ], [ -62.041540204675719, -31.491460562385051 ], [ -62.035641079056042, -31.487960098581915 ], [ -62.033299593224235, -31.486113686904329 ] ] ] } },
{ "type": "Feature", "properties": { "Nombre": "Transparentacion Encauce Nro. 4 Esmeralda", "Estado": "Finalizado", "Datos": "Colocación de alc. en cruces de canal con camino comunal\t", "C Cuenca": "Comite Canal Principal Sastre", "Tipo": null, "Region": null, "Cuenca": null, "Obra": null, "Código": null, "Localidad": "Esmeralda", "Direccion": null, "Resp.": null, "Dpto": "Castellanos", "Long (Km)": 7.72 }, "geometry": { "type": "MultiLineString", "coordinates": [ [ [ -62.014865219197183, -31.616732233282658 ], [ -62.014693764047088, -31.616766731570745 ], [ -62.01443528521245, -31.616820074192034 ], [ -62.014132671188065, -31.616883661072485 ], [ -62.013911847311128, -31.616888576280559 ], [ -62.013729378408449, -31.616843862271182 ], [ -62.013552325433444, -31.616838555555969 ], [ -62.013451738363976, -31.616734171835773 ], [ -62.013264665062799, -31.616647155 ], [ -62.013077186176808, -31.616559947567911 ], [ -62.01289939369105, -31.616554319580874 ], [ -62.012721465739531, -31.616548683903847 ], [ -62.012397850220758, -31.616446927790559 ], [ -62.01221888720255, -31.61644200674062 ], [ -62.011903203764767, -31.616424536921109 ], [ -62.011712377261659, -31.616338416138433 ], [ -62.011526815241545, -31.616293094335788 ], [ -62.011341014120191, -31.616247716773433 ], [ -62.011154965313274, -31.616202278995974 ], [ -62.010980367311156, -31.616238905723353 ], [ -62.010794246891159, -31.616192900045753 ], [ -62.010607914990715, -31.616146793184658 ], [ -62.010377665971319, -31.616109664528047 ], [ -62.010146638717494, -31.616073330604014 ], [ -62.009915036499123, -31.616037462273049 ], [ -62.009689455265743, -31.616042852388919 ], [ -62.009639253309089, -31.616010939508492 ], [ -62.009407590294174, -31.615973902478316 ], [ -62.009131989708514, -31.615945599676959 ], [ -62.008994047401714, -31.615931434245173 ], [ -62.008762025591636, -31.615893162388243 ], [ -62.008536711217999, -31.615895734162692 ], [ -62.008354972020818, -31.615889488641194 ], [ -62.00816613645388, -31.615842019256853 ], [ -62.007983550508087, -31.615836875251087 ], [ -62.007844786281893, -31.615822625664357 ], [ -62.007465058013914, -31.615728443271848 ], [ -62.007275020864526, -31.615680621893631 ], [ -62.007011400649255, -31.615733692532935 ], [ -62.006872269154712, -31.615718501246061 ], [ -62.006681315211367, -31.615671343832265 ], [ -62.006445888667294, -31.615633476507529 ], [ -62.006202561604766, -31.615553715320001 ], [ -62.006018164871648, -31.615548684120139 ], [ -62.005870086059957, -31.61549275005099 ], [ -62.005685364644677, -31.615487750269736 ], [ -62.005500522078577, -31.615482748514399 ], [ -62.00527136344482, -31.615486651249441 ], [ -62.005086329972109, -31.615481350665707 ], [ -62.004795912337862, -31.615412174713892 ], [ -62.004573713752002, -31.615460463270331 ], [ -62.004379674011403, -31.615414298055498 ], [ -62.004202213244405, -31.615451371079494 ], [ -62.004052446628044, -31.615394876779519 ], [ -62.003822474592454, -31.615397222412167 ], [ -62.003583726913185, -31.615357631214835 ], [ -62.003530776778469, -31.615324523833927 ], [ -62.003219748340207, -31.615388803108416 ], [ -62.00303325214896, -31.615383424304671 ], [ -62.002899883011487, -31.615411031250133 ], [ -62.002615285202367, -31.615382509673392 ], [ -62.002250120010991, -31.61541596611541 ], [ -62.00197424252783, -31.615427338640249 ], [ -62.001653615127537, -31.615447712255602 ], [ -62.001234162156969, -31.61544488488174 ], [ -62.00105585358763, -31.615481344230396 ], [ -62.000813955534888, -31.615442923011621 ], [ -62.000715152818195, -31.61541938391138 ], [ -62.000428035932948, -31.615391020095107 ], [ -62.000274585397001, -31.615334450877132 ], [ -62.00004134527677, -31.615339011209237 ], [ -61.999897375797289, -31.615324781173758 ], [ -61.999609147145875, -31.615296297249035 ], [ -61.999106909935421, -31.61535726803422 ], [ -61.998872887214979, -31.615361789949564 ], [ -61.998638773512454, -31.615365015002382 ], [ -61.99845965582773, -31.615402112285462 ], [ -61.997980236895152, -31.615369202684633 ], [ -61.997689844665906, -31.61533899148251 ], [ -61.997555281174058, -31.615366889700699 ], [ -61.99724130242695, -31.615431982145264 ], [ -61.997017072056394, -31.615478795766535 ], [ -61.99673690400045, -31.615492126685943 ], [ -61.996490359800092, -31.615453904891123 ], [ -61.996299625804447, -31.615448927208895 ], [ -61.995916892388792, -31.615434112449442 ], [ -61.995657713840032, -31.615352242544098 ], [ -61.995466275767455, -31.615347341706318 ], [ -61.995263052050767, -31.615299426058737 ], [ -61.994866848574141, -31.615243188624099 ], [ -61.994719710873341, -31.61522832136141 ], [ -61.994470279829855, -31.615189212115943 ], [ -61.994199360683318, -31.61524525829471 ], [ -61.994006660431367, -31.6152397141359 ], [ -61.993825980085603, -31.615277090871171 ], [ -61.993645299518363, -31.615314468801138 ], [ -61.993361955601372, -31.615327644074128 ], [ -61.993181210965908, -31.615365032941739 ], [ -61.992988240311981, -31.615360254520038 ], [ -61.992762706244292, -31.615408433417311 ], [ -61.992536961371343, -31.615455879897251 ], [ -61.992343497503292, -31.61545044141161 ], [ -61.992298265131687, -31.615459732670445 ], [ -61.99193639369409, -31.615534079109491 ], [ -61.991710261399945, -31.615580685910125 ], [ -61.991516900670213, -31.615576493027387 ], [ -61.991278275274311, -31.615581878211042 ], [ -61.991084674582311, -31.615577682759199 ], [ -61.9909491934052, -31.615606435335728 ], [ -61.990697125138929, -31.615569285744517 ], [ -61.990487812304394, -31.615517688582525 ], [ -61.990351253503576, -31.615544469973116 ], [ -61.989978784602407, -31.615436140548336 ], [ -61.989783367887796, -31.615430242585173 ], [ -61.989633207650755, -31.615414898528019 ], [ -61.989469391733003, -31.615356907155931 ], [ -61.989182962662348, -31.615370619879922 ], [ -61.988913810535507, -31.615288491425524 ], [ -61.988658194672986, -31.615249465549994 ], [ -61.987993823775206, -31.615154670050252 ], [ -61.987766252887141, -31.615202949075496 ], [ -61.987523263585324, -31.615206329224755 ], [ -61.987341403231099, -31.615245376814219 ], [ -61.987250481643486, -31.615264897453208 ], [ -61.986961668330977, -31.615277923571821 ], [ -61.986778995939368, -31.615315694423128 ], [ -61.986641993239836, -31.615344018256071 ], [ -61.986398685860529, -31.615347878150704 ], [ -61.986170534492743, -31.61539553274207 ], [ -61.985821869469312, -31.615377144003279 ], [ -61.985593447633242, -31.61542458605533 ], [ -61.98533395927285, -31.615384787681279 ], [ -61.985226705890106, -31.615359777983929 ], [ -61.985011950343342, -31.615309702024941 ], [ -61.984645805871828, -31.615247340851688 ], [ -61.984431634179998, -31.61519902405006 ], [ -61.984139488383974, -31.61521092631488 ], [ -61.983953584948452, -31.615107831891031 ], [ -61.98370708528811, -31.61511065120137 ], [ -61.983506515340196, -31.615104160617499 ], [ -61.983398087004012, -31.615079032512341 ], [ -61.983213476023039, -31.615116303165479 ], [ -61.982798419967772, -31.615200633013306 ], [ -61.982643708502081, -31.615185119957875 ], [ -61.982367024038041, -31.61524155703875 ], [ -61.982120104138836, -31.615245205775125 ], [ -61.981935876857008, -31.615283215692838 ], [ -61.981751848096685, -31.615321453842927 ], [ -61.981643247720434, -31.615297103720479 ], [ -61.981505451670422, -31.615326104972379 ], [ -61.981137482926954, -31.615402825627896 ], [ -61.980981604533454, -31.615386959829749 ], [ -61.980889582972495, -31.615406148010504 ], [ -61.980550324134597, -31.615429632806176 ], [ -61.980348953901569, -31.615424325547984 ], [ -61.980164794715861, -31.615462732749354 ], [ -61.979980643580198, -31.615501137197032 ], [ -61.979888569172118, -31.615520336609674 ], [ -61.979474249568796, -31.615606742639724 ], [ -61.979290112628021, -31.615645146729857 ], [ -61.979105978377561, -31.615683541756432 ], [ -61.97885799782388, -31.615687919718084 ], [ -61.978655908386834, -31.61568269223001 ], [ -61.978159115245575, -31.615691456545708 ], [ -61.977928652196972, -31.615739511618052 ], [ -61.977569387571037, -31.615719464589631 ], [ -61.977366496336181, -31.615714238123438 ], [ -61.97714497133844, -31.615665261872941 ], [ -61.976904760580311, -31.615572588775951 ], [ -61.976701330203731, -31.615567409616851 ], [ -61.976450699518381, -31.615571200377016 ], [ -61.97629281738304, -31.615556007085839 ], [ -61.976022298232721, -31.615515294214418 ], [ -61.975816928179661, -31.615509018193443 ], [ -61.975657798286171, -31.615493124220858 ], [ -61.975385960644104, -31.615451978572302 ], [ -61.97516053077242, -31.615401447616431 ], [ -61.974953989864964, -31.615394809345716 ], [ -61.974795077848619, -31.61537962015673 ], [ -61.974522205002948, -31.615338515175612 ], [ -61.974314663019506, -31.615331505466159 ], [ -61.974087335087553, -31.615280377503641 ], [ -61.973859848426528, -31.615229400632771 ], [ -61.97363455864479, -31.615180215982885 ], [ -61.973468580534096, -31.615099168106198 ], [ -61.973131205713472, -31.615043617319699 ], [ -61.97303079916751, -31.615001507679754 ], [ -61.972931647755367, -31.614957774387836 ], [ -61.972859911795751, -31.614951536081328 ], [ -61.972808085243415, -31.614920053161281 ], [ -61.972698198912838, -31.614815847499472 ], [ -61.972567927515009, -31.614736649722129 ], [ -61.972515705835569, -31.614704900529702 ], [ -61.972410972373183, -31.614641379111752 ], [ -61.9723322411417, -31.614593643990322 ], [ -61.972253363682221, -31.614545818875836 ], [ -61.972151185344238, -31.614502684703591 ], [ -61.972022423253399, -31.614443417580688 ], [ -61.9719397696648, -31.61437433402666 ], [ -61.971860211961626, -31.614326033514146 ], [ -61.971733981512045, -31.614287327325471 ], [ -61.971634180058643, -31.61426471163551 ], [ -61.971494543096838, -31.614293784727195 ], [ -61.971331646048498, -31.614327701340656 ], [ -61.971235054200761, -31.614326096270222 ], [ -61.971111756074464, -31.614308050581485 ], [ -61.971015131309997, -31.614306191078605 ], [ -61.970941731548002, -31.614299549130514 ], [ -61.970791138322156, -31.614265165387462 ], [ -61.970667265082, -31.614247016958327 ], [ -61.970532010574722, -31.614165389306908 ], [ -61.970431046884286, -31.614142309448425 ], [ -61.970326136015295, -31.614097975447219 ], [ -61.970252117887327, -31.614091227706258 ], [ -61.970123466968161, -31.61405162013256 ], [ -61.969974975755918, -31.614038233352588 ], [ -61.969869016055682, -31.613994273296786 ], [ -61.969790426611596, -31.61396657032526 ], [ -61.969633218869689, -31.613910443499122 ], [ -61.969554495973561, -31.613882255770729 ], [ -61.969447986087481, -31.613837481091526 ], [ -61.969345458387153, -31.613814048312928 ], [ -61.96921922547763, -31.613795441277077 ], [ -61.969107865227933, -31.6137289873867 ], [ -61.968972576854725, -31.613667225860031 ], [ -61.968841313688515, -31.61362692484272 ], [ -61.968757116130966, -31.613576839620329 ], [ -61.968625306975596, -31.613536560443293 ], [ -61.96852594174409, -31.613534676285173 ], [ -61.968393739255959, -31.61349430395029 ], [ -61.968284982817281, -31.613449129061678 ], [ -61.968161434502868, -31.613452490854982 ], [ -61.968056974351839, -31.613429050657079 ], [ -61.967980883065309, -31.613422349308525 ], [ -61.967852390662472, -31.61340390120311 ], [ -61.967795274717432, -31.613370263747633 ], [ -61.967695286087633, -31.613367814457973 ], [ -61.967533021644392, -31.613309788024385 ], [ -61.967427836172028, -31.613285748510325 ], [ -61.967317582902545, -31.613239816378321 ], [ -61.967183194833403, -31.613198703196499 ], [ -61.967043525382046, -31.613135367995159 ], [ -61.966932571495597, -31.613088669277367 ], [ -61.966850478458269, -31.613059093999674 ], [ -61.966763150850412, -31.613007243563437 ], [ -61.966680796604777, -31.612977557757542 ], [ -61.966563877764059, -31.612908166629172 ], [ -61.966451880315617, -31.612860948741201 ], [ -61.96636904695788, -31.612831067156602 ], [ -61.966173544253905, -31.61275359367702 ], [ -61.966090315242901, -31.612723469385365 ], [ -61.965977349263866, -31.612675784094261 ], [ -61.96588288994915, -31.612600752995011 ], [ -61.965763878241091, -31.612530303349221 ], [ -61.965668858293931, -31.612454648390258 ], [ -61.965609112135319, -31.612419907887098 ], [ -61.965435012218052, -31.612337082109299 ], [ -61.965314828630376, -31.612266694573034 ], [ -61.96523592306297, -31.612258883204067 ], [ -61.965115269507542, -31.612188272092361 ], [ -61.964975648360564, -31.612145069309314 ], [ -61.964823974243366, -31.612056332544668 ], [ -61.964738653136543, -31.612025732590503 ], [ -61.964598198936784, -31.611982487791373 ], [ -61.964457461485182, -31.611939153358598 ], [ -61.96432249823831, -31.611918598363282 ], [ -61.964187383496402, -31.61189816405064 ], [ -61.964045826348759, -31.611854220730592 ], [ -61.963984140902021, -31.611818094272557 ], [ -61.963786516417471, -31.611761039927941 ], [ -61.963699852217573, -31.61172996149838 ], [ -61.96358198996608, -31.611680722518123 ], [ -61.963426276554415, -31.611589941339314 ], [ -61.963332591855092, -31.61153532105288 ], [ -61.963245222620515, -31.611503946986105 ], [ -61.963108088963011, -31.611482738531272 ], [ -61.9630270041242, -31.611474556463893 ], [ -61.962914203433208, -31.611447411147786 ], [ -61.962801389957292, -31.611420777824211 ], [ -61.962663517994798, -31.611399181963328 ], [ -61.962500305795864, -31.61138193183865 ], [ -61.962362016051713, -31.611360322977379 ], [ -61.962166732251994, -31.611325408914308 ], [ -61.961914028222878, -31.611277018026218 ], [ -61.961774908819521, -31.611255356403472 ], [ -61.961610579550296, -31.611238842464005 ], [ -61.961521101776128, -31.611206761233596 ], [ -61.961438909169672, -31.61119885469078 ], [ -61.961299382046001, -31.611177749562419 ], [ -61.961127285961943, -31.611138075319644 ], [ -61.960922344541238, -31.611079729797492 ], [ -61.960799625940496, -31.611029210483547 ], [ -61.96067665498105, -31.610978588449495 ], [ -61.960578561622668, -31.610922523202643 ], [ -61.960462819686263, -31.610895910767699 ], [ -61.960339156089645, -31.610844991090993 ], [ -61.96024010805592, -31.610787954368281 ], [ -61.960115656220815, -31.610736235034139 ], [ -61.959999139672476, -31.610709348934108 ], [ -61.959890392891552, -31.610706742760989 ], [ -61.959781581575761, -31.610704135755821 ], [ -61.959647112476837, -31.610706270626324 ], [ -61.959512082377614, -31.610707560624647 ], [ -61.959486634281546, -31.610712600532356 ], [ -61.959284239051527, -31.610675266728425 ], [ -61.959166046425572, -31.610646959495064 ], [ -61.959055848322485, -31.610642896027258 ], [ -61.958937335571811, -31.610614529754628 ], [ -61.958826908615961, -31.61061044744589 ], [ -61.958733648066172, -31.610576959344417 ], [ -61.958623004040795, -31.610572856397848 ], [ -61.95850386916748, -31.610544367169219 ], [ -61.958392994561805, -31.610540243942097 ], [ -61.958247894735912, -31.61051676841706 ], [ -61.958128227783071, -31.610488177718864 ], [ -61.957983834538695, -31.610466342858352 ], [ -61.957898877567089, -31.610458187492448 ], [ -61.957762980101684, -31.610460955196782 ], [ -61.957634910407883, -31.610409120005489 ], [ -61.957524238164467, -31.610406415598991 ], [ -61.957404686334542, -31.610379170466519 ], [ -61.957284425536294, -31.610351121629659 ], [ -61.95718185931959, -31.610372271776491 ], [ -61.957079293300524, -31.610393420629038 ], [ -61.956976715740275, -31.610414555116332 ], [ -61.956865099945553, -31.610411106069961 ], [ -61.956762391307834, -31.610432131298491 ], [ -61.956651061660452, -31.610429213517495 ], [ -61.956539829649408, -31.610426508608768 ], [ -61.956419414175826, -31.610399303488272 ], [ -61.956072763888606, -31.610286417165188 ], [ -61.955950754416349, -31.610257914455406 ], [ -61.955844689165033, -31.610199015702502 ], [ -61.955722277649578, -31.610170393945847 ], [ -61.95561575495487, -31.610111286039622 ], [ -61.955518775273674, -31.610077175555858 ], [ -61.955457310428791, -31.610062786934535 ], [ -61.955298506776536, -31.610014179753364 ], [ -61.955236866643489, -31.609999744276209 ], [ -61.955031678286396, -31.60990585346838 ], [ -61.954969798195876, -31.609891343688329 ], [ -61.954799737340629, -31.609817003342165 ], [ -61.954665352089272, -31.609762451606127 ], [ -61.954503667409448, -31.609712123062536 ], [ -61.954367731469169, -31.609656335465683 ], [ -61.954243797670756, -31.609628107403811 ], [ -61.95412011650329, -31.609600300764001 ], [ -61.953996278230356, -31.609572458878858 ], [ -61.953918581372811, -31.609589448294599 ], [ -61.953763216925502, -31.609623418826374 ], [ -61.953587291841842, -31.609606908972374 ], [ -61.953462687979552, -31.609578730668062 ], [ -61.95331180005666, -31.609555996466664 ], [ -61.953212348926954, -31.609521631582584 ], [ -61.952997292042312, -31.609483492207112 ], [ -61.952835302793538, -31.609435415344333 ], [ -61.952699134295294, -31.609381668712334 ], [ -61.952562168113275, -31.609327306670369 ], [ -61.952361048694925, -31.609257802211822 ], [ -61.95223399024318, -31.609228510801113 ], [ -61.952133051031467, -31.609193637638271 ], [ -61.95199453213074, -31.609138460780702 ], [ -61.951802172093672, -31.60909347702853 ], [ -61.951661853980184, -31.60903699786104 ], [ -61.951494365460583, -31.608985562798484 ], [ -61.951391360751096, -31.608949410593908 ], [ -61.95119655286873, -31.608903165555866 ], [ -61.950962790198098, -31.608835927904487 ], [ -61.950847145947527, -31.608773186108944 ], [ -61.950716372956265, -31.608742102968975 ], [ -61.950531816066757, -31.608721807217957 ], [ -61.950324169053999, -31.608649778557886 ], [ -61.950193442551871, -31.608619269532451 ], [ -61.950101327485932, -31.608609587297273 ], [ -61.949931402536031, -31.60855811302558 ], [ -61.949812332724498, -31.608553992190295 ], [ -61.949746631403869, -31.608538663532585 ], [ -61.94956158799841, -31.608519186501095 ], [ -61.949429799097018, -31.608488464798519 ], [ -61.949231497512173, -31.608442087798121 ], [ -61.949033917942437, -31.608396598362432 ], [ -61.94887575359764, -31.60837235306078 ], [ -61.948744067278064, -31.608342301655696 ], [ -61.948572921275975, -31.608291388749826 ], [ -61.94845490192445, -31.60822881115066 ], [ -61.948336629043389, -31.608166098562279 ], [ -61.948150407748585, -31.608086991855693 ], [ -61.948069935316568, -31.608043999523936 ], [ -61.947894677175377, -31.60799052799711 ], [ -61.947881441716916, -31.607963385258149 ], [ -61.94760966726583, -31.607992557761673 ], [ -61.947549043828047, -31.608004772195034 ], [ -61.947427736523153, -31.608029346189539 ], [ -61.947346741834203, -31.608046036441444 ], [ -61.947241441600013, -31.608048772371582 ], [ -61.947152258598379, -31.60802919019757 ], [ -61.94704270067669, -31.608013759443416 ], [ -61.946969455052567, -31.607971768127776 ], [ -61.946879946993988, -31.607952103439239 ], [ -61.946790338745984, -31.607932416739018 ], [ -61.946680301753865, -31.60791689777551 ], [ -61.946606560982602, -31.607874711653388 ], [ -61.946496269535892, -31.607859138496135 ], [ -61.946361207414533, -31.607829237930325 ], [ -61.946275424848615, -31.607827362486049 ], [ -61.94618958536531, -31.607825484737944 ], [ -61.946099285468648, -31.607805260542634 ], [ -61.945963626708867, -31.607774878203347 ], [ -61.945852625981793, -31.607758713657422 ], [ -61.945766388188687, -31.607757236941314 ], [ -61.945655118822131, -31.607741573940007 ], [ -61.945589216140839, -31.607735768568073 ], [ -61.945477764575124, -31.607719896676134 ], [ -61.945407143988682, -31.607695490209295 ], [ -61.945295455412058, -31.607679574534309 ], [ -61.945183628657219, -31.607663663007596 ], [ -61.945096905623494, -31.607662104236347 ], [ -61.945005397450622, -31.607642148365098 ], [ -61.944913790139985, -31.607622167143642 ], [ -61.944826871990323, -31.607620593164405 ], [ -61.944735089730756, -31.607600583377778 ], [ -61.944648049695452, -31.607599002983935 ], [ -61.944556093416075, -31.607578964161089 ], [ -61.944468930208451, -31.607577375586747 ], [ -61.94433070246874, -31.60754735432759 ], [ -61.944248385331825, -31.607564609811959 ], [ -61.944156116015513, -31.607544928213652 ], [ -61.944068764799134, -31.607543714832588 ], [ -61.943919589928456, -31.607555454626102 ], [ -61.943801389464156, -31.607521569557619 ], [ -61.943688129893182, -31.607506155665483 ], [ -61.943621095705304, -31.607500414669293 ], [ -61.943523028730539, -31.607461668020321 ], [ -61.943430003785068, -31.607441455341938 ], [ -61.943357552971449, -31.607416975610104 ], [ -61.943233118468157, -31.607363693106603 ], [ -61.943113709697528, -31.607328964253178 ], [ -61.942988765466175, -31.607275478199597 ], [ -61.942884314875272, -31.607217617996483 ], [ -61.942811222230063, -31.607192900469244 ], [ -61.94271183048361, -31.607153639682814 ], [ -61.94261227299932, -31.607114312762281 ], [ -61.942533385351062, -31.607070651992068 ], [ -61.942423700512158, -31.607073165852825 ], [ -61.942350129423431, -31.607048335038471 ], [ -61.942234808966852, -31.607032187600424 ], [ -61.942140118749755, -31.607011434607067 ], [ -61.942045320567438, -31.606990658294883 ], [ -61.941956110030858, -31.606988864881767 ], [ -61.941861092167038, -31.606968002469486 ], [ -61.941786848077463, -31.606942739899953 ], [ -61.941691603974874, -31.606921779387889 ], [ -61.941590420530055, -31.606881682477049 ], [ -61.941474256537958, -31.606865567746258 ], [ -61.941408859075999, -31.606797716387984 ], [ -61.941334253997894, -31.606772629909749 ], [ -61.941199760135646, -31.606698652951646 ], [ -61.941118883231709, -31.606654166263141 ], [ -61.941037869664747, -31.606609605140662 ], [ -61.940935718412298, -31.606569438329711 ], [ -61.94086036117546, -31.606543818273835 ], [ -61.940791011847999, -31.606537499088255 ], [ -61.940688186178853, -31.606496675026765 ], [ -61.940597603208168, -31.606494707257454 ], [ -61.94051560155674, -31.606449420604005 ], [ -61.940418588225292, -31.60642794011148 ], [ -61.940342604319213, -31.606402052917112 ], [ -61.940239232421547, -31.606361291975194 ], [ -61.940127090122104, -31.606363715175753 ], [ -61.940029547379254, -31.606342018577003 ], [ -61.939931885844523, -31.606320294247563 ], [ -61.939840642410729, -31.606318253877888 ], [ -61.939749345641708, -31.606316211318344 ], [ -61.939651395261798, -31.606294445050107 ], [ -61.939559963488925, -31.606292395881873 ], [ -61.939461959219422, -31.606270824400909 ], [ -61.939363849354251, -31.606249228727204 ], [ -61.939272210682304, -31.606247183398256 ], [ -61.939180518463914, -31.6062451360403 ], [ -61.939095412209454, -31.606262662387586 ], [ -61.938967751671925, -31.606288953370086 ], [ -61.938818812780404, -31.606319628709549 ], [ -61.938733704504152, -31.606337156060189 ], [ -61.938627318347017, -31.606359063928274 ], [ -61.938542209645931, -31.60637659093808 ], [ -61.938435823607556, -31.606398499273066 ], [ -61.938308159553848, -31.606424788304611 ], [ -61.938179826563314, -31.606450309977024 ], [ -61.938094589435323, -31.606467701425871 ], [ -61.93800938845466, -31.606485139830021 ], [ -61.937902884834699, -31.606506938672421 ], [ -61.937817679526788, -31.606524379317264 ], [ -61.937690121218672, -31.606550806121966 ], [ -61.937605410220385, -31.606568765796549 ], [ -61.937499534976141, -31.606591212545872 ], [ -61.937400231193308, -31.60656985043596 ], [ -61.937300737726595, -31.606548388836167 ], [ -61.937201128145098, -31.606526902062317 ], [ -61.937122729380455, -31.606500997985314 ], [ -61.937015632668349, -31.606459887060758 ], [ -61.936915650397125, -31.606438303927906 ], [ -61.936865615388449, -31.606427502147817 ] ] ] } },
{ "type": "Feature", "properties": { "Nombre": "Canal Principal Sastre", "Estado": "En Ejecucion", "Datos": "20 km de limpieza", "C Cuenca": "Comite Canal Principal Sastre", "Tipo": null, "Region": null, "Cuenca": null, "Obra": null, "Código": null, "Localidad": "Esmeralda", "Direccion": null, "Resp.": null, "Dpto": "San Martin", "Long (Km)": 7.86 }, "geometry": { "type": "MultiLineString", "coordinates": [ [ [ -61.966329228459806, -31.68509095644589 ], [ -61.995832928940338, -31.679791880829875 ], [ -61.997633838726962, -31.679429294683246 ], [ -61.998084186659888, -31.678607292264786 ], [ -61.996707618956592, -31.671846230294847 ], [ -61.993470837456805, -31.658250190333479 ], [ -61.993245968364405, -31.656768671542878 ], [ -61.993768304245584, -31.656300846373739 ], [ -61.998828457685811, -31.655433177218132 ], [ -62.002748740675486, -31.654692727978713 ], [ -62.002987014328312, -31.654572335773228 ], [ -62.003162941455642, -31.654375594996655 ], [ -62.003381077634778, -31.653831078464236 ], [ -62.003240432322734, -31.652975509677098 ], [ -62.00282250216835, -31.65151414623444 ], [ -62.000884327970851, -31.643231564433098 ] ] ] } },
{ "type": "Feature", "properties": { "Nombre": "Transparentacion Bajo Dagga", "Estado": "Finalizado", "Datos": "Colocación de alc. en cruces de canal con camino comunal\t", "C Cuenca": "Comite Canal Principal Sastre", "Tipo": null, "Region": null, "Cuenca": null, "Obra": null, "Código": null, "Localidad": "Crispi", "Direccion": null, "Resp.": null, "Dpto": "San Martin", "Long (Km)": 14.82 }, "geometry": { "type": "MultiLineString", "coordinates": [ [ [ -61.964224946775019, -31.798861865678024 ], [ -61.964306930558614, -31.799123974664969 ], [ -61.966895097438098, -31.799571857532193 ], [ -61.971380567980667, -31.800211201326512 ], [ -61.976098273053168, -31.800777901953083 ], [ -61.981627063700337, -31.801844983833156 ], [ -61.993297891598743, -31.805158417235919 ], [ -61.999793606204186, -31.80669984222969 ], [ -62.004565055329792, -31.806665407378279 ], [ -62.027046803673798, -31.811449089233296 ], [ -62.042782343529986, -31.816701545803532 ], [ -62.051073637352715, -31.821668478422957 ], [ -62.06260837068519, -31.825898896888489 ], [ -62.075212194075633, -31.831874430385419 ], [ -62.085367676267758, -31.836026053345602 ], [ -62.09016168289002, -31.838450239104986 ], [ -62.093223076603508, -31.840583972239163 ], [ -62.100976720837451, -31.843675503042487 ], [ -62.108606260818831, -31.846421280918889 ] ] ] } },
{ "type": "Feature", "properties": { "Nombre": "Transparentacion Bajo Dagga", "Estado": "Finalizado", "Datos": "Colocación de alc. en cruces de canal con camino comunal\t", "C Cuenca": "Comite Canal Principal Sastre", "Tipo": null, "Region": null, "Cuenca": null, "Obra": null, "Código": null, "Localidad": "Crispi", "Direccion": null, "Resp.": null, "Dpto": "San Martin", "Long (Km)": 14.82 }, "geometry": { "type": "MultiLineString", "coordinates": [ [ [ -61.964224946775019, -31.798861865678024 ], [ -61.964306930558614, -31.799123974664969 ], [ -61.966895097438098, -31.799571857532193 ], [ -61.971380567980667, -31.800211201326512 ], [ -61.976098273053168, -31.800777901953083 ], [ -61.981627063700337, -31.801844983833156 ], [ -61.993297891598743, -31.805158417235919 ], [ -61.999793606204186, -31.80669984222969 ], [ -62.004565055329792, -31.806665407378279 ], [ -62.027046803673798, -31.811449089233296 ], [ -62.042782343529986, -31.816701545803532 ], [ -62.051073637352715, -31.821668478422957 ], [ -62.06260837068519, -31.825898896888489 ], [ -62.075212194075633, -31.831874430385419 ], [ -62.085367676267758, -31.836026053345602 ], [ -62.09016168289002, -31.838450239104986 ], [ -62.093223076603508, -31.840583972239163 ], [ -62.100976720837451, -31.843675503042487 ], [ -62.108606260818831, -31.846421280918889 ] ] ] } },
{ "type": "Feature", "properties": { "Nombre": "Transparentacion Bajo Mensa- Noviembre a Diciembre 2024", "Estado": "Finalizado", "Datos": "Colocación de alc. en cruces de canal con camino comunal\t", "C Cuenca": "Comite Canal Principal Sastre", "Tipo": null, "Region": null, "Cuenca": null, "Obra": null, "Código": null, "Localidad": "Castelar", "Direccion": null, "Resp.": null, "Dpto": "San Martin", "Long (Km)": 6.18 }, "geometry": { "type": "MultiLineString", "coordinates": [ [ [ -62.082948380540273, -31.613125093109488 ], [ -62.085896888163745, -31.625077722126619 ], [ -62.086046073542022, -31.625065033888049 ], [ -62.093524432752552, -31.627296634974108 ], [ -62.096464115746471, -31.627930549074598 ], [ -62.10915063701902, -31.631600886856745 ], [ -62.116682971636898, -31.633214460218639 ], [ -62.123381904851662, -31.633851880552832 ], [ -62.128319695136682, -31.63427485507718 ], [ -62.134860278079934, -31.636062148331469 ] ] ] } },
{ "type": "Feature", "properties": { "Nombre": "Canal Secundario Castelar", "Estado": "Finalizado", "Datos": "4,5 km de limpieza", "C Cuenca": "Comite Canal Principal Sastre", "Tipo": null, "Region": null, "Cuenca": null, "Obra": null, "Código": null, "Localidad": "Esmeralda", "Direccion": null, "Resp.": null, "Dpto": "San Martin", "Long (Km)": 4.56 }, "geometry": { "type": "MultiLineString", "coordinates": [ [ [ -62.009258314329728, -31.653554870064248 ], [ -62.015161171647165, -31.655952995689468 ], [ -62.019629688114591, -31.65745009672537 ], [ -62.022166674174628, -31.658600239097893 ], [ -62.026471702667195, -31.660796163168587 ], [ -62.026672833932921, -31.660962741995586 ], [ -62.027122089347301, -31.661279173728158 ], [ -62.027387429986433, -31.661478344191224 ], [ -62.027554480526028, -31.661543799949083 ], [ -62.027861587659849, -31.661623363069953 ], [ -62.028234911052536, -31.661792532907295 ], [ -62.03535657166433, -31.664838534994992 ], [ -62.037914633256086, -31.665695814048426 ], [ -62.041919875110374, -31.667052929754476 ], [ -62.044290900980201, -31.667392730490665 ], [ -62.045777122431765, -31.668020197843209 ], [ -62.047739937087805, -31.668796657708409 ], [ -62.048748490861215, -31.669143835575859 ], [ -62.050424593109, -31.669072442545268 ], [ -62.052251211325022, -31.668800397967715 ], [ -62.053122944752587, -31.66863763917878 ] ] ] } },
{ "type": "Feature", "properties": { "Nombre": "Canal Terciario Botino", "Estado": "Finalizado", "Datos": "6 km de limpieza", "C Cuenca": "Comite Canal Principal Sastre", "Tipo": null, "Region": null, "Cuenca": null, "Obra": null, "Código": null, "Localidad": "Las Petacas", "Direccion": null, "Resp.": null, "Dpto": "San Martin", "Long (Km)": 6.14 }, "geometry": { "type": "MultiLineString", "coordinates": [ [ [ -62.091562887040055, -31.7307903881829 ], [ -62.091569074524202, -31.730798676997512 ], [ -62.091573140017204, -31.730808908106184 ], [ -62.091573023480777, -31.730821005738282 ], [ -62.091572946169904, -31.730829031303355 ], [ -62.091576950809277, -31.730841102905622 ], [ -62.091578922082469, -31.730849095535653 ], [ -62.091580862608545, -31.730859030664558 ], [ -62.091580748874655, -31.730868913668452 ], [ -62.091582700057998, -31.730876838649142 ], [ -62.091582629799213, -31.730882738294163 ], [ -62.091584546138584, -31.730892562487284 ], [ -62.091586477964171, -31.730900392641619 ], [ -62.091586327195685, -31.730912033125939 ], [ -62.09158819416588, -31.730923634941373 ], [ -62.091590049944791, -31.730935167835305 ], [ -62.091591977702471, -31.73094092382717 ], [ -62.091593871084967, -31.730948561848408 ], [ -62.091593728700587, -31.730958028936325 ], [ -62.09159757511825, -31.73096751031877 ], [ -62.091597394232245, -31.730978753902058 ], [ -62.091601211018286, -31.730988133626621 ], [ -62.091603063292801, -31.730995586365307 ], [ -62.091604908436729, -31.731003010071912 ], [ -62.091606746359588, -31.731010404944701 ], [ -62.091610545175911, -31.731017801131738 ], [ -62.091612365089489, -31.731025138727848 ], [ -62.091614140256468, -31.731034263421741 ], [ -62.09161790091791, -31.731041567237607 ], [ -62.091621606118878, -31.731050642682803 ], [ -62.091623389021912, -31.731057853884124 ], [ -62.091627065024674, -31.73106685126676 ], [ -62.091628785639188, -31.731075776031282 ], [ -62.091630633182916, -31.73107935184343 ], [ -62.091636107115292, -31.731091798613775 ], [ -62.091637843192466, -31.731098852837672 ], [ -62.091639572557511, -31.731105880486041 ], [ -62.091641295422328, -31.731112881511034 ], [ -62.091642961345165, -31.731121588422479 ], [ -62.091642910940038, -31.731123319066334 ], [ -62.091646373251422, -31.731135445988365 ], [ -62.091648069610756, -31.731142335766059 ], [ -62.091649759646238, -31.731149199794768 ], [ -62.091651605384939, -31.731150933333673 ], [ -62.091655013477251, -31.731162879709377 ], [ -62.091654681561181, -31.73117300816433 ], [ -62.09165446123216, -31.731179729201163 ], [ -62.091657946131946, -31.731188152574095 ], [ -62.091657664496822, -31.731196480013192 ], [ -62.091657440143152, -31.731203114307323 ], [ -62.091657328236721, -31.731206422250377 ], [ -62.091660609127722, -31.731219650232678 ], [ -62.091660323896889, -31.731227832988022 ], [ -62.091660153272919, -31.731232724741922 ], [ -62.091663516147975, -31.731242524351732 ], [ -62.091667039445383, -31.731247432268155 ], [ -62.09166674173801, -31.731255488824193 ], [ -62.091668345697435, -31.731261935661909 ], [ -62.091671785563101, -31.731268364937829 ], [ -62.091673378812345, -31.731274742857448 ], [ -62.091674966451549, -31.731281098522661 ], [ -62.091678376816162, -31.731287459605785 ], [ -62.091679823064773, -31.731296904558537 ], [ -62.091679506137545, -31.731304714711577 ], [ -62.091686189382038, -31.731318797797186 ], [ -62.091685795021348, -31.73132805251263 ], [ -62.09168920965601, -31.731332716807998 ], [ -62.091690609916505, -31.731341927200084 ], [ -62.091690273877191, -31.731349543582215 ], [ -62.091693525413184, -31.731357181788205 ], [ -62.091694973872443, -31.731364760178124 ], [ -62.091694699096792, -31.731370778007385 ], [ -62.091697921957881, -31.731378325502288 ], [ -62.091701131068305, -31.731385840945194 ], [ -62.091704398848478, -31.731391841230799 ], [ -62.091707655557492, -31.73139782112748 ], [ -62.091709205687252, -31.731402279285263 ], [ -62.091710677236307, -31.731408197165351 ], [ -62.091713832505043, -31.731415586465825 ], [ -62.091716974497167, -31.731422944601093 ], [ -62.091718347031254, -31.731430245323164 ], [ -62.091721309572421, -31.731440431201428 ], [ -62.091722745040485, -31.731446221069532 ], [ -62.091725841010401, -31.731453451175426 ], [ -62.091729086362044, -31.731457795895224 ], [ -62.091730420045472, -31.731464951699426 ], [ -62.091731830251881, -31.731470660138491 ], [ -62.091731584503918, -31.731474909245037 ], [ -62.091734470932444, -31.731484835683517 ], [ -62.091734222944723, -31.731489049807088 ], [ -62.091734057922118, -31.731491853447967 ], [ -62.09173913713844, -31.731507257966193 ], [ -62.091739119275836, -31.731511688391215 ], [ -62.091740261660917, -31.731516123511803 ], [ -62.091742553529571, -31.731521662389106 ], [ -62.091744843629996, -31.731526086073234 ], [ -62.091745965427421, -31.731531571552686 ], [ -62.091745944775518, -31.731534842836215 ], [ -62.091748212376409, -31.731540314117279 ], [ -62.091750480363238, -31.731544683903461 ], [ -62.09175044638944, -31.731549006484048 ], [ -62.091751540920441, -31.731555484382106 ], [ -62.09175263989988, -31.731560864273632 ], [ -62.091753744617918, -31.731565157826868 ], [ -62.091753706262985, -31.73156942184179 ], [ -62.091753658426803, -31.731574734826154 ], [ -62.091755882536134, -31.731580063200184 ], [ -62.091758109816354, -31.731584319237225 ], [ -62.091759198110076, -31.731588545996736 ], [ -62.091761414455419, -31.731592777961087 ], [ -62.091761389968056, -31.73159487236239 ], [ -62.09176357250108, -31.731601171880843 ], [ -62.091764647016646, -31.731605351061493 ], [ -62.091765704821121, -31.731610554276259 ], [ -62.09176675891424, -31.731615739167349 ], [ -62.091768929603425, -31.731620922879941 ], [ -62.09176998946667, -31.731625046612013 ], [ -62.091769914072664, -31.731630163961519 ], [ -62.091770938411393, -31.731636298037632 ], [ -62.091771989960328, -31.731640378846517 ], [ -62.091773038535209, -31.731644448238068 ], [ -62.091775194023363, -31.731648523141821 ], [ -62.091775110208559, -31.731653558942035 ], [ -62.091776166882248, -31.731656588866532 ], [ -62.091777186425013, -31.731661613506695 ], [ -62.09177708224653, -31.73166760017439 ], [ -62.091777012980565, -31.73167157759222 ], [ -62.091777990708401, -31.731678528317001 ], [ -62.091779017373568, -31.73168249220485 ], [ -62.091780004797911, -31.731688409569447 ], [ -62.091781025124384, -31.73169234639418 ], [ -62.091782042756478, -31.731696272511414 ], [ -62.091783057625307, -31.7317001879263 ], [ -62.091782981026789, -31.731704076263764 ], [ -62.091785078971149, -31.731707986785661 ], [ -62.091784960358012, -31.731713783468969 ], [ -62.091784802971837, -31.731721475755744 ], [ -62.091786845155099, -31.731727250379823 ], [ -62.091786764140927, -31.731731065333559 ], [ -62.09178881639658, -31.73173585226202 ], [ -62.091789808073955, -31.731739660408884 ], [ -62.091789765760197, -31.731741552452494 ], [ -62.091791761777436, -31.731748187302859 ], [ -62.091792723198751, -31.731752900445429 ], [ -62.091792635034821, -31.731756646653306 ], [ -62.091792547171778, -31.731760382876558 ], [ -62.091793480808342, -31.731765984576761 ], [ -62.091794478260567, -31.731768785194021 ], [ -62.091795382569344, -31.731775276619921 ], [ -62.091795291566399, -31.731778963339746 ], [ -62.091796236638849, -31.731783574041227 ], [ -62.091797201808241, -31.731787254776879 ], [ -62.091798140866644, -31.731791838089553 ], [ -62.091798023385415, -31.731796390249542 ], [ -62.091798934264709, -31.731801849090402 ], [ -62.091798792283321, -31.731807270435027 ], [ -62.091798650754349, -31.731812670493508 ], [ -62.091798509931309, -31.731818049367053 ], [ -62.091800455891814, -31.731823438846774 ], [ -62.091800311985885, -31.731828775580013 ], [ -62.09180118358033, -31.731834991288302 ], [ -62.091802124522744, -31.731838537229031 ], [ -62.091804073978111, -31.731842968438823 ], [ -62.091804983111501, -31.731847369546688 ], [ -62.091808986464429, -31.731851803599152 ], [ -62.091808933439786, -31.731853548156241 ], [ -62.091811836529175, -31.731859683160419 ], [ -62.09181378335915, -31.731863180956072 ], [ -62.091816723008584, -31.731867548382386 ], [ -62.091818657946924, -31.731871025977757 ], [ -62.091820557840791, -31.731875352749373 ], [ -62.091822451681111, -31.73187966558547 ], [ -62.091824370635997, -31.731883112225212 ], [ -62.091826284678966, -31.731886550007729 ], [ -62.091827143925372, -31.731890811722742 ], [ -62.091828000528196, -31.731895059963072 ], [ -62.091829901459953, -31.731898467236174 ], [ -62.091832743797987, -31.731903562091308 ], [ -62.091833587483464, -31.731907769969165 ], [ -62.091834428368053, -31.731911964542718 ], [ -62.09183533517438, -31.73191448106029 ], [ -62.091838185291984, -31.731918685135852 ], [ -62.091839050900909, -31.731922017366436 ], [ -62.091840882949612, -31.731926182426953 ], [ -62.091841706701118, -31.73193031918786 ], [ -62.091842527859562, -31.731934442976211 ], [ -62.091844529906531, -31.731934473447549 ], [ -62.091851797757599, -31.731976962250268 ], [ -62.091851547527931, -31.731992133301599 ], [ -62.091851248846773, -31.732010245250894 ], [ -62.091851100078237, -31.732019263352317 ], [ -62.091853880092856, -31.732037271382048 ], [ -62.091856748340007, -31.73204923692407 ], [ -62.091862616498176, -31.732064166631261 ], [ -62.091865456713279, -31.732076032927818 ], [ -62.091868343422874, -31.73208491561833 ], [ -62.09187415250873, -31.732099681131182 ], [ -62.091879934984163, -31.732114379030243 ], [ -62.091882721549212, -31.732126061170433 ], [ -62.09188556217083, -31.732134806149592 ], [ -62.091888264085021, -31.732149297193779 ], [ -62.091894105694415, -31.732158025078132 ], [ -62.091899790394422, -31.732172456865335 ], [ -62.091899438905727, -31.732186731452678 ], [ -62.091902087402524, -31.73220098717427 ], [ -62.091907642107529, -31.732218045971464 ], [ -62.091913242566221, -31.732232206653009 ], [ -62.091918817943444, -31.732246303495561 ], [ -62.091918427989683, -31.732260246468247 ], [ -62.091918117198766, -31.732271355926912 ], [ -62.091923726732801, -31.732282516321209 ], [ -62.091923328264187, -31.732296297906576 ], [ -62.091922852073559, -31.732312754848071 ], [ -62.091925556353857, -31.732320995568859 ], [ -62.091925156170049, -31.732334606547383 ], [ -62.091927685787503, -31.732348202349687 ], [ -62.091933126260862, -31.732361782891658 ], [ -62.09193571125931, -31.73237257760378 ], [ -62.091938287371264, -31.732383334169793 ], [ -62.091938032664267, -31.732391343697969 ], [ -62.09194332544218, -31.732407388216028 ], [ -62.091948768541343, -31.732418067402612 ], [ -62.091948412716278, -31.732428620975508 ], [ -62.091956620767995, -31.732441893661626 ], [ -62.091959131400991, -31.732452408570403 ], [ -62.091961633375568, -31.732462887014343 ], [ -62.091966995315751, -31.732473373335619 ], [ -62.091969572152337, -31.732481192209473 ], [ -62.091971946059829, -31.732494149427822 ], [ -62.091977262768701, -31.732504527791562 ], [ -62.091976863023113, -31.732514783050878 ], [ -62.091979308946428, -31.732525046970185 ], [ -62.091984585305553, -31.732535318742464 ], [ -62.091989738990385, -31.732548087673074 ], [ -62.091989112566424, -31.732563234859047 ], [ -62.09199423264414, -31.732575884578285 ], [ -62.09200203563919, -31.732591019361855 ], [ -62.09200440780991, -31.732601023478971 ], [ -62.092006771922499, -31.73261099392947 ], [ -62.092009016388744, -31.732623398872757 ], [ -62.092008571212311, -31.732633251022925 ], [ -62.092010803991606, -31.732645562584704 ], [ -62.092010246034185, -31.732657779727987 ], [ -62.092009579323822, -31.732672372763787 ], [ -62.092009026214065, -31.732684477515345 ], [ -62.09200869590196, -31.73269171679874 ], [ -62.092013552639642, -31.732706224546497 ], [ -62.092013106180652, -31.732715800185673 ], [ -62.092015297603176, -31.732727767111793 ], [ -62.092017705746485, -31.732734940224578 ], [ -62.092022733671939, -31.732744504499383 ], [ -62.092024894478463, -31.732756353027007 ], [ -62.09203523098482, -31.732768277697893 ], [ -62.09203475373284, -31.73277764924482 ], [ -62.092036997234551, -31.732787031447806 ], [ -62.092041826664655, -31.7327987470414 ], [ -62.092043928124625, -31.732810373810249 ], [ -62.09204614392069, -31.732819648988901 ], [ -62.092050802622204, -31.732833525958448 ], [ -62.092052998262901, -31.732842725927231 ], [ -62.092055061033179, -31.732854173852704 ], [ -62.092057241760521, -31.732863307032595 ], [ -62.092056610794231, -31.732874630945428 ], [ -62.092058654618739, -31.732885950063444 ], [ -62.092058023360579, -31.73289718275975 ], [ -62.092060056060909, -31.732908411136272 ], [ -62.092059424655645, -31.732919554010834 ], [ -62.092061573121498, -31.732928476730713 ], [ -62.092069009944503, -31.732937451652685 ], [ -62.092076290865521, -31.732948599674884 ], [ -62.092081039492008, -31.732957470297467 ], [ -62.092080505405214, -31.732966232375869 ], [ -62.092085097218899, -31.732977225894341 ], [ -62.09208718269074, -31.732985965615651 ], [ -62.092089261910431, -31.732994677566893 ], [ -62.092088853903199, -31.73300116345305 ], [ -62.092093400619511, -31.733012019003674 ], [ -62.092095322245321, -31.733022792235595 ], [ -62.092097374691278, -31.733031388171806 ], [ -62.092099281853351, -31.733042085378507 ], [ -62.092098727189381, -31.733050581439894 ], [ -62.092098036149274, -31.733061164217379 ], [ -62.092102654758165, -31.733069679569191 ], [ -62.092101958556285, -31.733080188189355 ], [ -62.092106414348528, -31.733090734308281 ], [ -62.092108424223483, -31.733099118421276 ], [ -62.092107720895186, -31.733109513127953 ], [ -62.092112425324267, -31.733115808869094 ], [ -62.092124692679114, -31.733164582798867 ], [ -62.09212487236239, -31.733188126544011 ], [ -62.092134058115754, -31.733207011412688 ], [ -62.092143205580719, -31.733225817321056 ], [ -62.092143309778095, -31.733244406202633 ], [ -62.092152399671939, -31.733263055652049 ], [ -62.092156986729741, -31.733286155263897 ], [ -62.092161533560741, -31.733304562303495 ], [ -62.092170532807572, -31.733327467729456 ], [ -62.092175018512165, -31.733345543924937 ], [ -62.092183929418937, -31.733363616002382 ], [ -62.092183938551443, -31.733385936773605 ], [ -62.092192792124031, -31.733403848570727 ], [ -62.092197196421623, -31.733421622531495 ], [ -62.092197172860708, -31.733443658107294 ], [ -62.092201548979325, -31.733461275597588 ], [ -62.092210305473301, -31.73347452665227 ], [ -62.092210261212124, -31.73349195653309 ], [ -62.09221457511407, -31.733513714868121 ], [ -62.092223243982922, -31.733531124797093 ], [ -62.092223157438958, -31.733552626650845 ], [ -62.09222741071045, -31.733574090054152 ], [ -62.092235972529323, -31.733595515713965 ], [ -62.09224446584934, -31.733621063966773 ], [ -62.092244302092567, -31.733646333724739 ], [ -62.092252784798958, -31.733663230243792 ], [ -62.092252659827828, -31.733679931435994 ], [ -62.092256781854694, -31.733700783362568 ], [ -62.092265188334743, -31.733717471128436 ], [ -62.092265003855168, -31.733738079701617 ], [ -62.092273358840991, -31.733754625293209 ], [ -62.092277439404164, -31.733771043754029 ], [ -62.092281504321818, -31.733787400093561 ], [ -62.092289732587794, -31.733807806743091 ], [ -62.092289540314482, -31.733823960392556 ], [ -62.092293507844417, -31.733844130758634 ], [ -62.092297456946987, -31.733864207094882 ], [ -62.09229725139415, -31.733880149208829 ], [ -62.092301175127922, -31.733900056780634 ], [ -62.092305135216925, -31.733915928915486 ], [ -62.092313186289324, -31.733935733282777 ], [ -62.092317047477735, -31.733955382711827 ], [ -62.092325097296019, -31.733971112543585 ], [ -62.092328980408432, -31.733986721472203 ], [ -62.092328654444835, -31.734006072883858 ], [ -62.092336566118405, -31.734025460848326 ], [ -62.092336293054302, -31.734040807505231 ], [ -62.09233608844449, -31.734052279945601 ], [ -62.092339705262283, -31.734078989235204 ], [ -62.092339358785068, -31.734097918613084 ], [ -62.092339082606351, -31.73411299988026 ], [ -62.092346942332739, -31.734128150252026 ], [ -62.092346509333552, -31.734150587748346 ], [ -62.092354395604566, -31.734161883975151 ], [ -62.0923540944273, -31.734176734044084 ], [ -62.092353719318389, -31.734195221263228 ], [ -62.092353345940886, -31.734213625406813 ], [ -62.092357142872132, -31.734224689506682 ], [ -62.092360774304012, -31.73424302261601 ], [ -62.09236446852988, -31.734257642289226 ], [ -62.092364231577903, -31.734268527234281 ], [ -62.092367827754785, -31.734286664588875 ], [ -62.092375472231652, -31.734301189396199 ], [ -62.092386976464319, -31.734319302948446 ], [ -62.092394647950705, -31.734330144423556 ], [ -62.092406069177891, -31.734348129800118 ], [ -62.092409636644739, -31.734362376678206 ], [ -62.092413091748043, -31.734380099805286 ], [ -62.092416632072961, -31.73439423401155 ], [ -62.092420058070978, -31.734411817056099 ], [ -62.092423572590086, -31.734425840238632 ], [ -62.092423159957811, -31.734439754425157 ], [ -62.092426447873045, -31.734460594292766 ], [ -62.092429613570779, -31.734484760604875 ], [ -62.092432972872608, -31.734501949353966 ], [ -62.092440193193951, -31.734519122191369 ], [ -62.092443736372623, -31.734529378881394 ], [ -62.092451022243083, -31.734543051989444 ], [ -62.092450568174144, -31.734556560894468 ], [ -62.092457701181303, -31.734573498562483 ], [ -62.092460962750771, -31.734590305142543 ], [ -62.092464091939803, -31.734610366545162 ], [ -62.092467563600003, -31.734620387776818 ], [ -62.09247460234765, -31.734637052020727 ], [ -62.09247792517349, -31.734650297812401 ], [ -62.092484915172335, -31.734666834924884 ], [ -62.092488207759537, -31.734679979550119 ], [ -62.092491617794792, -31.734689823222912 ], [ -62.09249488414418, -31.734702913028471 ], [ -62.092494093743611, -31.734722401967829 ], [ -62.092493307244908, -31.734741789251657 ], [ -62.092492524902156, -31.734761076016014 ], [ -62.092491876220414, -31.734777071726551 ], [ -62.092498709545147, -31.734793112523679 ], [ -62.092505648304865, -31.734805918115857 ], [ -62.092504975132094, -31.734821721340474 ], [ -62.092511739232265, -31.734837570192678 ], [ -62.092514903415868, -31.734850166561785 ], [ -62.092518056469615, -31.734862719658814 ], [ -62.092521198925908, -31.734875230143906 ], [ -62.092527879835195, -31.734890850508631 ], [ -62.092530993508895, -31.734903265303409 ], [ -62.092537627970394, -31.734918766487041 ], [ -62.092540565861448, -31.734934146252154 ], [ -62.092543639406863, -31.734946415074671 ], [ -62.092550510177787, -31.734955658798288 ], [ -62.092549756185917, -31.734970827692148 ], [ -62.092556596042506, -31.734980009577161 ], [ -62.092563107127368, -31.734995187187561 ], [ -62.092569749205374, -31.735007305708969 ], [ -62.092568960478935, -31.735022258758221 ], [ -62.092572108222427, -31.735031255926373 ], [ -62.092574929472178, -31.735046164232166 ], [ -62.092581342939432, -31.73506106567087 ], [ -62.092584295733857, -31.735072909293283 ], [ -62.092590831010789, -31.735084768272333 ], [ -62.09259033620593, -31.73509355499138 ], [ -62.092593095013399, -31.73510820534279 ], [ -62.09259297671651, -31.735140443632051 ], [ -62.09260540424205, -31.735192196761364 ], [ -62.092609335203441, -31.73521546006139 ], [ -62.092608686775094, -31.735238508371747 ], [ -62.092612714379577, -31.735256913257327 ], [ -62.092612059035922, -31.735279704069665 ], [ -62.092620573842659, -31.735297973704011 ], [ -62.092624677692008, -31.735311582148775 ], [ -62.092632981871112, -31.735334173918279 ], [ -62.092636898047665, -31.735352106684541 ], [ -62.092645126343186, -31.735374344624493 ], [ -62.092653609270869, -31.735387703417047 ], [ -62.092661748383634, -31.735409727226262 ], [ -62.092665563050893, -31.735427190685009 ], [ -62.092669361193735, -31.73544455168334 ], [ -62.092673142246902, -31.735461823218039 ], [ -62.092672336777255, -31.735483215517533 ], [ -62.092675928815233, -31.7355045496565 ], [ -62.092684046136689, -31.735521607121978 ], [ -62.092683215525419, -31.73554265213469 ], [ -62.092682389764725, -31.735563574690314 ], [ -62.092690257840282, -31.73558450885724 ], [ -62.092689584423681, -31.735601063791037 ], [ -62.092697563003121, -31.735617674168303 ], [ -62.092697047460156, -31.735629983474563 ], [ -62.092709106227041, -31.735650601359925 ], [ -62.092716985522735, -31.735666984849875 ], [ -62.092720727808846, -31.735679190978299 ], [ -62.092728361731041, -31.735699463461369 ], [ -62.09273187812714, -31.735715559690501 ], [ -62.092739441583412, -31.73573562619934 ], [ -62.09274291548234, -31.735751559373767 ], [ -62.092750409626767, -31.73577142300692 ], [ -62.092749421464163, -31.735791046858019 ], [ -62.092756855474008, -31.735810689069538 ], [ -62.092755854723762, -31.735830094091732 ], [ -62.092763432856394, -31.735845667546691 ], [ -62.092766594504354, -31.735864942080681 ], [ -62.092769944635478, -31.735880297478168 ], [ -62.09277307274229, -31.735899380680351 ], [ -62.092780537613969, -31.73591464704932 ], [ -62.092784045304043, -31.735926021124087 ], [ -62.092791241770065, -31.735944916147162 ], [ -62.092794499505395, -31.735959919888764 ], [ -62.09279752457897, -31.735978567016524 ], [ -62.092804850961677, -31.735993486107674 ], [ -62.092803745964986, -31.73601188862456 ], [ -62.092811023002689, -31.736026663016574 ], [ -62.092814199109846, -31.736041311473389 ], [ -62.0928214222237, -31.736055958254788 ], [ -62.092824564973071, -31.736070471863165 ], [ -62.092831753790193, -31.736084925643663 ], [ -62.092834647578883, -31.736102816554006 ], [ -62.092833960525169, -31.736113469843861 ], [ -62.092833047941667, -31.736127622683213 ], [ -62.092835920722841, -31.736145291830901 ], [ -62.092835008228953, -31.736159312895236 ], [ -62.092837862439907, -31.736176818272106 ], [ -62.09283672283437, -31.736194173432885 ], [ -62.092835588958899, -31.736211439525658 ], [ -62.092850374340095, -31.73624219467677 ], [ -62.092850281574073, -31.736252609497924 ], [ -62.092852906021747, -31.73626296780564 ], [ -62.092858231619168, -31.736273339226443 ], [ -62.09286082708573, -31.736283606556299 ], [ -62.092866111929176, -31.736293887104996 ], [ -62.092865952080686, -31.736306530151605 ], [ -62.092871199935729, -31.736316710394721 ], [ -62.092876424809781, -31.736326846011888 ], [ -62.092878951260396, -31.736336880595918 ], [ -62.09288413673773, -31.736346928594621 ], [ -62.092883930615216, -31.736359286672435 ], [ -62.092886381074891, -31.736371634806737 ], [ -62.092888818257386, -31.73638391677515 ], [ -62.092893929931869, -31.736393761618228 ], [ -62.092898970872881, -31.736405980745459 ], [ -62.092901456232248, -31.736413269934381 ], [ -62.092906455669642, -31.736425384909847 ], [ -62.092908918530121, -31.736432612054134 ], [ -62.092911264123806, -31.736444570654498 ], [ -62.092911045844389, -31.736454049333737 ], [ -62.092915918441221, -31.736468299426882 ], [ -62.092915691656657, -31.736477679048658 ], [ -62.092918054012081, -31.736487072433253 ], [ -62.09292040649602, -31.736496426456693 ], [ -62.092925326498978, -31.73650579358932 ], [ -62.092930162246759, -31.736517421475469 ], [ -62.092935038618222, -31.736526700778445 ], [ -62.092939826540984, -31.736538219896392 ], [ -62.092939554263964, -31.736547310490309 ], [ -62.092944308264819, -31.736558723048237 ], [ -62.092949110218612, -31.736567830661258 ], [ -62.092948748729079, -31.736579037124987 ], [ -62.092953519480993, -31.73658806119133 ], [ -62.092955821889944, -31.736594779922434 ], [ -62.092955370652653, -31.736608057024739 ], [ -62.092955071340256, -31.736616864062569 ], [ -62.092959788062366, -31.736625733103629 ], [ -62.09296448564708, -31.736634565857244 ], [ -62.092969082790638, -31.73664553215599 ], [ -62.092971167167867, -31.736656395046875 ], [ -62.092973324194652, -31.736665055606295 ], [ -62.092975304983526, -31.736677957990182 ], [ -62.092974970844757, -31.736686484952401 ], [ -62.092977105204689, -31.736695025340879 ], [ -62.092979145826995, -31.736705641162377 ], [ -62.092981176595359, -31.736716204617547 ], [ -62.092983283662356, -31.736724626420926 ], [ -62.092985382844041, -31.736733015755792 ], [ -62.092989734492505, -31.736745559771538 ], [ -62.092989287646901, -31.736755884272078 ], [ -62.092993868475844, -31.736762187215774 ], [ -62.092998146407268, -31.736774643479691 ], [ -62.093000275613392, -31.736780842681664 ], [ -62.093004612623865, -31.736791147091061 ], [ -62.093006623313038, -31.736799325582229 ], [ -62.093008424967309, -31.736811508343788 ], [ -62.093012912503369, -31.736817637478264 ], [ -62.093012198332602, -31.736831662419025 ], [ -62.093011792533545, -31.736839632132092 ], [ -62.093011287628684, -31.736849549329165 ], [ -62.093010785099601, -31.736859416559351 ], [ -62.093010285234548, -31.736869234775082 ], [ -62.093009887050385, -31.736877054084882 ], [ -62.093011843836173, -31.736884884007782 ], [ -62.093013792801379, -31.736892682718782 ], [ -62.093018077709544, -31.736900492093319 ], [ -62.093018283540808, -31.736896633168211 ], [ -62.093018489711469, -31.736892766660286 ], [ -62.093018903502283, -31.73688501048505 ], [ -62.093036873298217, -31.736948876495735 ], [ -62.093037133388918, -31.736968051910985 ], [ -62.093042254253689, -31.736987267396245 ], [ -62.093052207842227, -31.737006521633369 ], [ -62.093057280882626, -31.737025591699123 ], [ -62.093067168502053, -31.737044700635437 ], [ -62.093072146346238, -31.73705892968432 ], [ -62.09307224242464, -31.737068320762955 ], [ -62.09308214659449, -31.737096606360506 ], [ -62.093082362084942, -31.73711987656041 ], [ -62.093092149074501, -31.737143254061063 ], [ -62.093092340745649, -31.737166309412139 ], [ -62.09309249397414, -31.73718467792235 ], [ -62.093097403620149, -31.737203084284666 ], [ -62.093107074704562, -31.737226074959995 ], [ -62.093107230949883, -31.737248751109718 ], [ -62.093112110827946, -31.737271427876678 ], [ -62.093116941742949, -31.737289515212971 ], [ -62.093126483939827, -31.737312107826838 ], [ -62.093126572758372, -31.737329944126852 ], [ -62.093136036220386, -31.737347919129174 ], [ -62.093145451082279, -31.737361407499353 ], [ -62.093154849181673, -31.737379266874946 ], [ -62.093159556987921, -31.737401349014593 ], [ -62.093159585828481, -31.737418863825489 ], [ -62.093159628688952, -31.737445018000223 ], [ -62.093159657206606, -31.737462376629797 ], [ -62.093159692814311, -31.737483988103044 ], [ -62.093159728055241, -31.737505503765234 ], [ -62.093164359646508, -31.737522743785519 ], [ -62.093168977391514, -31.737544183749097 ], [ -62.093173574579993, -31.737565528108931 ], [ -62.093173578319053, -31.737582459599214 ], [ -62.093178149360845, -31.737595213693229 ], [ -62.093178143835395, -31.737616238253175 ], [ -62.093182689656075, -31.737633085027525 ], [ -62.093187219404442, -31.737649872228186 ], [ -62.093191726093309, -31.737670750035633 ], [ -62.0931916981136, -31.73768731261238 ], [ -62.093200702086136, -31.737704000847302 ], [ -62.093209659654505, -31.737724732468429 ], [ -62.093218596427889, -31.737741287960699 ], [ -62.09322747926209, -31.737761855287467 ], [ -62.093231869602612, -31.737778190838679 ], [ -62.093231773092946, -31.737794380152778 ], [ -62.093240576994326, -31.737814715928092 ], [ -62.093244919981998, -31.737830868089759 ], [ -62.093253694352789, -31.737847051962714 ], [ -62.093257964459411, -31.737867071569163 ], [ -62.093266681989846, -31.737883129792952 ], [ -62.093275326849145, -31.737903080724642 ], [ -62.093279569050345, -31.737918927769627 ], [ -62.093283796581098, -31.737934720667315 ], [ -62.093292356557384, -31.737954449750291 ], [ -62.09330093276899, -31.73797020591407 ], [ -62.093300668642371, -31.737989614052879 ], [ -62.093300510707628, -31.738001220034203 ], [ -62.093304665008532, -31.738016732485143 ], [ -62.093308749542445, -31.738036028389157 ], [ -62.093312816951993, -31.738055243067723 ], [ -62.093316925978229, -31.738070572866281 ], [ -62.093316690506548, -31.738085769532439 ], [ -62.093316338792405, -31.738108528155625 ], [ -62.093320478897979, -31.738119942068046 ], [ -62.093324484917957, -31.738138855147913 ], [ -62.093324239689103, -31.738153874849523 ], [ -62.093324117320897, -31.738161365477044 ], [ -62.093332316938977, -31.73818389112806 ], [ -62.093331931334113, -31.738206171171139 ], [ -62.093335939836678, -31.738221026656909 ], [ -62.093340069265082, -31.738228467798869 ], [ -62.093348165781514, -31.738250650944913 ], [ -62.093356369476034, -31.738265419891995 ], [ -62.093356073953878, -31.738280010371358 ], [ -62.093360007877813, -31.738294615773643 ], [ -62.093363851720937, -31.738312787565455 ], [ -62.093363468690498, -31.738330818944291 ], [ -62.093367444964485, -31.738341665315453 ], [ -62.093367133829148, -31.738355999954699 ], [ -62.093370935221529, -31.738373914150614 ], [ -62.093374399331971, -31.73840592159862 ], [ -62.093378245769173, -31.738420105442 ], [ -62.093378000763003, -31.738430665142229 ], [ -62.093381746740995, -31.738448269080269 ], [ -62.093385561674808, -31.738462312597498 ], [ -62.093389278560622, -31.738479785979074 ], [ -62.093397197741851, -31.738493788476699 ], [ -62.093409121755194, -31.738511257954492 ], [ -62.093412863851306, -31.738525094345786 ], [ -62.09341649715725, -31.738542310369844 ], [ -62.093424214697727, -31.738559518452778 ], [ -62.093431900681544, -31.738576656280433 ], [ -62.093431492434206, -31.73859021688007 ], [ -62.093435059899882, -31.738607167792196 ], [ -62.093438612924665, -31.7386240499008 ], [ -62.093438092711857, -31.738640801949078 ], [ -62.093445782562831, -31.738654278166521 ], [ -62.093449402139399, -31.738667649340204 ], [ -62.093453009690244, -31.738680977302224 ], [ -62.09346052676139, -31.738697623144034 ], [ -62.093464103281157, -31.738710854900198 ], [ -62.093467668893432, -31.738724044363448 ], [ -62.093471106873977, -31.738740456329527 ], [ -62.093470644534328, -31.738753490309524 ], [ -62.093478178198978, -31.738766604162969 ], [ -62.093481697129015, -31.738779615667372 ], [ -62.093485809536325, -31.738776442408678 ], [ -62.093501482649003, -31.738854705744792 ], [ -62.093516054377055, -31.738898419790996 ], [ -62.093517282250509, -31.738948762149892 ], [ -62.093531674536273, -31.73899176106794 ], [ -62.093538989828666, -31.739020212920497 ], [ -62.093539945705317, -31.739062471834984 ], [ -62.093547194418306, -31.739090568692756 ], [ -62.093560861252605, -31.739111674057312 ], [ -62.093568166322036, -31.739146442078976 ], [ -62.093575291013543, -31.739174120373352 ], [ -62.093575964700165, -31.739208401889922 ], [ -62.093582900776276, -31.739228967856018 ], [ -62.093583418753319, -31.739256139511589 ], [ -62.093584190911166, -31.739296646234578 ], [ -62.093598135474167, -31.739350389180885 ], [ -62.093598610515109, -31.739376966014191 ], [ -62.093612163779568, -31.739416784097926 ], [ -62.093612929228563, -31.739462646942222 ], [ -62.093613580292853, -31.7395016499759 ], [ -62.093620343404815, -31.739527373724503 ], [ -62.093627074644928, -31.739552975866157 ], [ -62.093627446590531, -31.739578363885926 ], [ -62.093640443538348, -31.739603824141746 ], [ -62.093647081923976, -31.739629072540858 ], [ -62.093653689460602, -31.739654204338194 ], [ -62.093666536506099, -31.739679315380378 ], [ -62.093679386915923, -31.73971049511794 ], [ -62.093679695517693, -31.739741309103348 ], [ -62.093686218900352, -31.739772041122976 ], [ -62.093698853518433, -31.739796613455653 ], [ -62.093705289312197, -31.739827031929622 ], [ -62.093717816507741, -31.739851354695876 ], [ -62.093724172101119, -31.739881529507894 ], [ -62.093736600669374, -31.739905692951556 ], [ -62.093742822475377, -31.739923719009777 ], [ -62.093755224104953, -31.739965524017908 ], [ -62.093773625471563, -31.740018805616344 ], [ -62.093791839070498, -31.740071544981117 ], [ -62.093797863636716, -31.740100580703096 ], [ -62.093809839593654, -31.740140985752085 ], [ -62.093821755098325, -31.740169681612478 ], [ -62.093821705936371, -31.740186760803457 ], [ -62.093827584913186, -31.740221221756485 ], [ -62.093833442388444, -31.740249781234432 ], [ -62.093833349335547, -31.74027811945091 ], [ -62.093839177214868, -31.74030072261764 ], [ -62.09383908975353, -31.740323166240014 ], [ -62.093844876929651, -31.740345558106419 ], [ -62.093844751308843, -31.740373333421303 ], [ -62.093850494922819, -31.740395490937093 ], [ -62.093850381594351, -31.740417491052707 ], [ -62.093856054093102, -31.740444901849596 ], [ -62.093867528261981, -31.740466782784921 ], [ -62.093873163216649, -31.740488508208127 ], [ -62.093878727866056, -31.740515510474431 ], [ -62.093890065357108, -31.74053706819241 ], [ -62.093895607027932, -31.74055847181716 ], [ -62.093901066255441, -31.740585075153081 ], [ -62.093906554625399, -31.74060626011374 ], [ -62.09391772012647, -31.740627405370017 ], [ -62.093917456545469, -31.740648341980361 ], [ -62.093928547246421, -31.740669297605173 ], [ -62.093939510251026, -31.740695331702323 ], [ -62.093950495977644, -31.740716077460096 ], [ -62.093950160913522, -31.740736614783753 ], [ -62.093960894822125, -31.740767363397712 ], [ -62.093966143009354, -31.740787729408435 ], [ -62.093971462538683, -31.740802959298968 ], [ -62.093976569213901, -31.740828190689228 ], [ -62.093981747788604, -31.740848286404916 ], [ -62.093981248093577, -31.740873207421956 ], [ -62.093986391290095, -31.740893022753628 ], [ -62.093996934644608, -31.740917705844154 ], [ -62.094002020597756, -31.740937321911801 ], [ -62.094007084671745, -31.740956854857195 ], [ -62.094012357398704, -31.740966619846745 ], [ -62.094022388556766, -31.741005354508989 ], [ -62.094027372096868, -31.741024598995988 ], [ -62.094027006034274, -31.74103893370928 ], [ -62.094031589725745, -31.741072264654751 ], [ -62.094041553541388, -31.741105405025269 ], [ -62.094045790849712, -31.741147555246563 ], [ -62.094055892912323, -31.741170861666877 ], [ -62.094055218616731, -31.74119396456933 ], [ -62.094065384130595, -31.74121244575187 ], [ -62.094064826999144, -31.741230765485582 ], [ -62.094064133962554, -31.741253557895526 ], [ -62.094063582170755, -31.741271706628552 ], [ -62.094073499786383, -31.741294377653432 ], [ -62.094083367418982, -31.741316934726832 ], [ -62.094093185562954, -31.741339378224087 ], [ -62.094097691291864, -31.741361662751036 ], [ -62.09410758246085, -31.741379465944096 ], [ -62.094107265825222, -31.741388293468553 ], [ -62.094101460209401, -31.741438327761173 ], [ -62.094101471177332, -31.741441512276328 ], [ -62.094111308083058, -31.741463734207027 ], [ -62.094114579033707, -31.74147322133928 ], [ -62.094117846760227, -31.741485836185653 ], [ -62.094121104380434, -31.741498412276155 ], [ -62.094121122337668, -31.741517200019494 ], [ -62.094121134123789, -31.741529675762123 ], [ -62.09412759229766, -31.74154522153988 ], [ -62.09412759173243, -31.741563763084105 ], [ -62.094130789884929, -31.741572890959233 ], [ -62.094133974962176, -31.741585030484654 ], [ -62.094140344879428, -31.741600160998548 ], [ -62.094143506582334, -31.741612224743818 ], [ -62.094146648610135, -31.741627255820518 ], [ -62.094152965900527, -31.741642240862276 ], [ -62.09415606612508, -31.741660145389169 ], [ -62.094159184202091, -31.741672042710732 ], [ -62.094159107271444, -31.741686857958694 ], [ -62.094165377169766, -31.741698689273022 ], [ -62.094165254502414, -31.741719285955263 ], [ -62.094171433372679, -31.741739800604474 ], [ -62.094171355014907, -31.741751467632437 ], [ -62.094174377667301, -31.741768917505752 ], [ -62.094177496007241, -31.741771827706241 ], [ -62.0941773447001, -31.741792067990204 ], [ -62.094180385618621, -31.741803601420305 ], [ -62.09418651650936, -31.741817983302226 ], [ -62.094189535829756, -31.74182944654974 ], [ -62.094192546913021, -31.74184087870178 ], [ -62.094195466626431, -31.74186079993363 ], [ -62.094195356090339, -31.741872132690535 ], [ -62.094198344175851, -31.741883449394184 ], [ -62.094198201475365, -31.741897532592112 ], [ -62.094201146855241, -31.741911582838085 ], [ -62.094201117482861, -31.741914384034118 ], [ -62.094203960722346, -31.74193674084669 ], [ -62.094206913744166, -31.741947882005967 ], [ -62.094209826561411, -31.74196176241448 ], [ -62.094215793795222, -31.741975613692492 ], [ -62.094221741507674, -31.741989419688426 ], [ -62.094224652372681, -31.742000420795819 ], [ -62.094230568012726, -31.742014145301539 ], [ -62.094230489773359, -31.742019607194099 ], [ -62.094233218658417, -31.742041401136728 ], [ -62.094235973511651, -31.742060377298618 ], [ -62.09423884042657, -31.742071190080786 ], [ -62.094244595024307, -31.742090049026295 ], [ -62.094250414176337, -31.742103479219161 ], [ -62.094253247064195, -31.742114178710963 ], [ -62.09425602500724, -31.742127508133901 ], [ -62.094258842365321, -31.742138144806681 ], [ -62.094258698588476, -31.742146086832417 ], [ -62.094261408210691, -31.742161946698239 ], [ -62.094267199527152, -31.742172516477456 ], [ -62.09426998670758, -31.742183035857494 ], [ -62.094275645767901, -31.742198775437615 ], [ -62.094281227874525, -31.742217053491146 ], [ -62.094280953354186, -31.742230022707226 ], [ -62.094283758602195, -31.742237808962397 ], [ -62.094283425185552, -31.742253300038776 ], [ -62.094288892025112, -31.742273955524862 ], [ -62.094288662751858, -31.742284214703226 ], [ -62.094294211441948, -31.74229960538565 ], [ -62.094293975652882, -31.742309794979636 ], [ -62.094299555829188, -31.742322548966662 ], [ -62.09429931351756, -31.742332676784756 ], [ -62.094304681392238, -31.742352907256787 ], [ -62.094310084918519, -31.742370528319565 ], [ -62.094312809663265, -31.742378059540464 ], [ -62.094318375937014, -31.742388097860413 ], [ -62.094320951722288, -31.742400564219317 ], [ -62.094323586913454, -31.742410513558792 ], [ -62.094329045884166, -31.74242293663324 ], [ -62.094331592120959, -31.742435288340939 ], [ -62.094334201378388, -31.742445146502643 ], [ -62.094333773926621, -31.742459837702292 ], [ -62.094342135424121, -31.742469695445433 ], [ -62.094341693674977, -31.742484289557581 ], [ -62.094347145228163, -31.742494052321788 ], [ -62.094352429347758, -31.742508616320219 ], [ -62.094360554978415, -31.742523157747183 ], [ -62.094363256590505, -31.742527992587686 ], [ -62.094371175699116, -31.742547236851639 ], [ -62.094376376447407, -31.74256159670924 ], [ -62.094378799562271, -31.742573498004536 ], [ -62.09438130030923, -31.742582997976914 ], [ -62.094383794020295, -31.742592473318105 ], [ -62.094389035672101, -31.742604293707803 ], [ -62.094388528664844, -31.742618328878489 ], [ -62.094388191867864, -31.742627657464215 ], [ -62.094393317524975, -31.742641693506936 ], [ -62.0943931465861, -31.742646332370956 ], [ -62.094392464849086, -31.742664832716699 ], [ -62.094397817793329, -31.742671832174715 ], [ -62.094402897267841, -31.742685708993736 ], [ -62.094408047840766, -31.742697249318784 ], [ -62.094410392359663, -31.742708712736693 ], [ -62.094415516528727, -31.74272018434813 ], [ -62.094420717894458, -31.742729353856642 ], [ -62.094423033971786, -31.742740721941974 ], [ -62.094422661326341, -31.742749758555085 ], [ -62.094424968388715, -31.742761066097643 ], [ -62.094427174459803, -31.742774582805193 ], [ -62.09442670467191, -31.742785775151344 ], [ -62.094431848621255, -31.742794788892045 ], [ -62.094432325295578, -31.74278362310789 ], [ -62.094438426839758, -31.742882075512991 ], [ -62.094438315143542, -31.742911165074155 ], [ -62.094438226439678, -31.742934339940923 ], [ -62.094444009049973, -31.742963991343256 ], [ -62.094455619795902, -31.7429877264425 ], [ -62.094473040150397, -31.743005597392372 ], [ -62.094478732480525, -31.743029072801214 ], [ -62.094478596444461, -31.743052363166832 ], [ -62.094484217256237, -31.743081430503143 ], [ -62.094495627391986, -31.743104683385894 ], [ -62.094501269709184, -31.743122016942333 ], [ -62.094506846862053, -31.743145016346986 ], [ -62.094512350345688, -31.743173612596998 ], [ -62.09452361102916, -31.743196490210448 ], [ -62.094523442404608, -31.743213456722607 ], [ -62.094534578771842, -31.743241793674674 ], [ -62.09453427147816, -31.743269814659232 ], [ -62.094539709307774, -31.743292216724363 ], [ -62.094545058974084, -31.74332007200185 ], [ -62.094550450790571, -31.743342272981288 ], [ -62.094550175443501, -31.743364299085574 ], [ -62.094561022232774, -31.743397346068893 ], [ -62.094560727093345, -31.743419153481646 ], [ -62.094571567605897, -31.743446462512527 ], [ -62.094576764418868, -31.743473540984926 ], [ -62.094587511790444, -31.743500471809327 ], [ -62.094592732709984, -31.743521850096798 ], [ -62.094592466828502, -31.743537739618191 ], [ -62.094603021616628, -31.743569623432947 ], [ -62.094613712087366, -31.743590857503293 ], [ -62.094618740794971, -31.743617107866054 ], [ -62.094629356667355, -31.743638058558037 ], [ -62.094634436951189, -31.743658785169064 ], [ -62.094639498817941, -31.743679436254023 ], [ -62.094644431544182, -31.743705115483007 ], [ -62.094649454460928, -31.74372559824327 ], [ -62.094654344650245, -31.7437510689522 ], [ -62.09465365885103, -31.743781345461564 ], [ -62.094658515531528, -31.743806565321677 ], [ -62.094663350366154, -31.743831672206561 ], [ -62.09466299735945, -31.743846615132458 ], [ -62.094667804893902, -31.743871542680289 ], [ -62.094672833807131, -31.743886490021215 ], [ -62.094677725573078, -31.743906320926094 ], [ -62.094682474695716, -31.743930982520993 ], [ -62.094687329890718, -31.743950654752147 ], [ -62.094692038887835, -31.743975119812649 ], [ -62.094702190911761, -31.743994742912449 ], [ -62.094712306898998, -31.744014295879683 ], [ -62.094717072704924, -31.744033672791456 ], [ -62.094716794718089, -31.744043282336076 ], [ -62.094726411374864, -31.744076994895792 ], [ -62.094731269634927, -31.744091394969004 ], [ -62.09474109684902, -31.74411534523583 ], [ -62.094745768603815, -31.744134367256855 ], [ -62.094750120103249, -31.74416272410545 ], [ -62.094754602276808, -31.744186259278433 ], [ -62.094759220295003, -31.744205034295394 ], [ -62.094763665148427, -31.744228386307796 ], [ -62.094768091248284, -31.744251637348331 ], [ -62.094772338418721, -31.744279386182722 ], [ -62.094776563542389, -31.744306992539084 ], [ -62.094775901585876, -31.744325389316419 ], [ -62.094780066978423, -31.744352977147887 ], [ -62.094784386117027, -31.74437583281059 ], [ -62.094793989627959, -31.744394154995813 ], [ -62.094792973453337, -31.744421164964962 ], [ -62.094797238899915, -31.744443681195627 ], [ -62.094801656346597, -31.744461643833581 ], [ -62.09480571237313, -31.744488415674454 ], [ -62.094810271845361, -31.744501805343972 ], [ -62.09481953267435, -31.744524080018319 ], [ -62.094828934435462, -31.744541872862314 ], [ -62.094833254919202, -31.744559492116931 ], [ -62.09483755998513, -31.744577049693575 ], [ -62.094841850260337, -31.744594546075966 ], [ -62.09485095659646, -31.744616411640813 ], [ -62.094855014754124, -31.744638074419111 ], [ -62.094859249098249, -31.744655358515292 ], [ -62.094863662906086, -31.744668308582117 ], [ -62.094872654339795, -31.744689852066376 ], [ -62.094871665222009, -31.744711093489911 ], [ -62.094881405052838, -31.744715538627343 ], [ -62.094880600600284, -31.744732451772094 ], [ -62.094889293577445, -31.744757918378049 ], [ -62.094902875128497, -31.744783354850188 ], [ -62.094911677539869, -31.74480439994004 ], [ -62.094910830114152, -31.744821012089062 ], [ -62.094919366654473, -31.744846022032313 ], [ -62.094923618647307, -31.744858479490457 ], [ -62.094927642711546, -31.744875007221289 ], [ -62.094945388468375, -31.744908086938874 ], [ -62.094953534987752, -31.744936703391073 ], [ -62.094955225243808, -31.744986113357143 ], [ -62.094958756512035, -31.74500163650616 ], [ -62.094966112573786, -31.745017132047426 ], [ -62.094969602752855, -31.745032434626179 ], [ -62.094973076441754, -31.745047664886769 ], [ -62.094972721257967, -31.745062706482024 ], [ -62.094972279704372, -31.745081410721788 ], [ -62.094971840590112, -31.745100006829858 ], [ -62.094971316971588, -31.745122180940491 ], [ -62.094970969965388, -31.745136879056588 ], [ -62.094974384700066, -31.745151621651654 ], [ -62.094977783523134, -31.745166295931039 ], [ -62.09498481496059, -31.745184625706354 ], [ -62.094988267467393, -31.745195550427244 ], [ -62.094991610706451, -31.745210021402659 ], [ -62.094994839704007, -31.745227989746461 ], [ -62.095001855623465, -31.745242418948248 ], [ -62.095005142831205, -31.745256674760327 ], [ -62.095011994971621, -31.745274482338392 ], [ -62.095015237253897, -31.745288656472756 ], [ -62.09501845948644, -31.745302847021414 ], [ -62.095025328793788, -31.745317026007012 ], [ -62.095024740555488, -31.745334516500321 ], [ -62.0950349564134, -31.745355535455861 ], [ -62.095041473754968, -31.745376351283877 ], [ -62.095048075036054, -31.745393604420332 ], [ -62.09504729900565, -31.74541404378941 ], [ -62.095053973605445, -31.745427700451291 ], [ -62.095056897257031, -31.745444600252373 ], [ -62.095063514887158, -31.745458114997497 ], [ -62.095066395807521, -31.745474839357033 ], [ -62.095069260160884, -31.745491467313052 ], [ -62.095075939673755, -31.745501474420287 ], [ -62.095078908280868, -31.745514673297123 ], [ -62.095081717342204, -31.745531073851886 ], [ -62.095084657523721, -31.745544137637001 ], [ -62.095090948647574, -31.745560423923159 ], [ -62.095090198501453, -31.745576511345469 ], [ -62.09509659118018, -31.745589422212689 ], [ -62.095095981117964, -31.745602168722623 ], [ -62.095095071014924, -31.745621180778194 ], [ -62.095097935008177, -31.74563383746343 ], [ -62.09509732684743, -31.74564638464923 ], [ -62.095103624946034, -31.745658980799419 ], [ -62.095109737189986, -31.745674620986115 ], [ -62.095115981363598, -31.745687065200674 ], [ -62.095122366232907, -31.745696363213774 ], [ -62.095128566447222, -31.745708679209589 ], [ -62.095187611004036, -31.745748934475223 ], [ -62.095223705828765, -31.745767463588898 ], [ -62.09523637449302, -31.745779580183896 ], [ -62.095245840577164, -31.745788633660702 ], [ -62.095255276493042, -31.74579765851805 ], [ -62.095268281950254, -31.745803760845654 ], [ -62.095281502091694, -31.745806909480581 ], [ -62.095294210162209, -31.745815927226051 ], [ -62.095307133280528, -31.745821991205503 ], [ -62.095320029078394, -31.745828042391064 ], [ -62.095332897707046, -31.745834080772095 ], [ -62.095346014330026, -31.745837196628251 ], [ -62.095362177955025, -31.745843266515461 ], [ -62.095371917374237, -31.745846321883263 ], [ -62.095388028624193, -31.745852372460046 ], [ -62.095401074985226, -31.745855468714939 ], [ -62.095413796591941, -31.745861452271349 ], [ -62.095426147109698, -31.745870348526086 ], [ -62.095438778153408, -31.745876347652572 ], [ -62.095451381283922, -31.745882333625502 ], [ -62.095467598706335, -31.745885510907481 ], [ -62.095480148412548, -31.745891476503168 ], [ -62.095493018471281, -31.745894579932362 ], [ -62.095505873346276, -31.745897679833107 ], [ -62.095518713500283, -31.74590077600925 ], [ -62.095534465941022, -31.74590677050243 ], [ -62.095546892500714, -31.745912688983079 ], [ -62.095559672582638, -31.745915767841943 ], [ -62.095572437896237, -31.745918843222736 ], [ -62.095588077269348, -31.745924796993766 ], [ -62.095604084870061, -31.745927923771958 ], [ -62.09562048479826, -31.745928233257164 ], [ -62.095632766962169, -31.745934104341913 ], [ -62.095645445911018, -31.74593715832766 ], [ -62.095654838366968, -31.745940147287588 ], [ -62.095671196395799, -31.745940454961694 ], [ -62.095683394808241, -31.745946299400483 ], [ -62.095699280624366, -31.74594940053516 ], [ -62.095714689466384, -31.745955286204605 ], [ -62.095726806528504, -31.745961098070214 ], [ -62.095738897048285, -31.745966897000315 ], [ -62.095751436867182, -31.745969913407517 ], [ -62.095763962034034, -31.745972925293689 ], [ -62.095775497922361, -31.745981459594592 ], [ -62.095787489607794, -31.74598721433571 ], [ -62.095793971032307, -31.745987334981304 ], [ -62.09580916595803, -31.745993136988968 ], [ -62.095824838145298, -31.745996183519051 ], [ -62.095839973611959, -31.74600196590438 ], [ -62.095855601369294, -31.746005002015881 ], [ -62.095867452678092, -31.746010705631694 ], [ -62.095883038256801, -31.746013731468711 ], [ -62.095894840327944, -31.746019416211169 ], [ -62.095904497713796, -31.746019594420417 ], [ -62.095919478533524, -31.746025325663595 ], [ -62.095931216203248, -31.746030987072103 ], [ -62.09594349482159, -31.746033930556177 ], [ -62.095958966825471, -31.746036929350822 ], [ -62.095967431304089, -31.746042505143144 ], [ -62.095984892521827, -31.746050934800028 ], [ -62.095994487816291, -31.746051110273513 ], [ -62.09600928127599, -31.746056772939436 ], [ -62.096020851853751, -31.746062365202871 ], [ -62.096033615145615, -31.746062598038758 ], [ -62.096045761447982, -31.746065505602221 ], [ -62.096059836893659, -31.746073803317557 ], [ -62.096074495331635, -31.746079416701022 ], [ -62.096082770022903, -31.746084902761989 ], [ -62.096093563917371, -31.746093081573104 ], [ -62.09610309550655, -31.746093244271286 ], [ -62.096117087302375, -31.746101414752445 ], [ -62.096127295453662, -31.746098918908569 ], [ -62.096169528450069, -31.746118780619771 ], [ -62.096196981417407, -31.746126818864415 ], [ -62.096212433018664, -31.746127052576643 ], [ -62.096228060246553, -31.746131094348243 ], [ -62.09624400628671, -31.746142728628428 ], [ -62.096263594240526, -31.746150600368793 ], [ -62.096279294741684, -31.746158397571826 ], [ -62.096294962431337, -31.746166178383923 ], [ -62.096310597598048, -31.746173943213659 ], [ -62.096322365537894, -31.746181633882333 ], [ -62.096341655205869, -31.746185676003662 ], [ -62.096349432322512, -31.746189540183281 ], [ -62.096368687172777, -31.746193572779305 ], [ -62.096388014009882, -31.746201338691034 ], [ -62.096407382149685, -31.746212813489006 ], [ -62.096426690210755, -31.746224252257587 ], [ -62.096438259400124, -31.746231839512589 ], [ -62.096457415054601, -31.746239526761041 ], [ -62.096468928837744, -31.746247082554881 ], [ -62.096487974174337, -31.746251055416217 ], [ -62.09650323416114, -31.746258645080975 ], [ -62.096522232569022, -31.746262606106587 ], [ -62.096541223374949, -31.746270229254176 ], [ -62.096552597948765, -31.746274063710839 ], [ -62.096575317781593, -31.746278065803978 ], [ -62.096590433453798, -31.7462856005559 ], [ -62.096605539430335, -31.746289476463133 ], [ -62.096620601152615, -31.746296987872796 ], [ -62.096635668418251, -31.746300851830057 ], [ -62.096654492469341, -31.746304768875152 ], [ -62.096673353105786, -31.746305053838629 ], [ -62.096688378064442, -31.746308909814374 ], [ -62.096703245980493, -31.746319999069954 ], [ -62.096714309785376, -31.746330997891462 ], [ -62.096729092938844, -31.74634201966828 ], [ -62.096747671284895, -31.746349481091311 ], [ -62.096766211985639, -31.746356927448769 ], [ -62.096780973465279, -31.746364302044856 ], [ -62.096799561556516, -31.746368154358475 ], [ -62.0968142675883, -31.746375505192717 ], [ -62.096832946543273, -31.746375787335225 ], [ -62.096851335454318, -31.746383180652703 ], [ -62.096865958892266, -31.746390502481741 ], [ -62.096880552739293, -31.746397809663549 ], [ -62.096899175522189, -31.746398090996532 ], [ -62.096910174605718, -31.746401795136485 ], [ -62.096932325125962, -31.746405664072348 ], [ -62.096946822918618, -31.746412941495521 ], [ -62.096965004832775, -31.746420260100177 ], [ -62.096979649244851, -31.746423997991101 ], [ -62.096994278740759, -31.746427732012812 ], [ -62.097012376599906, -31.74643502126083 ], [ -62.097030438000154, -31.746442295886339 ], [ -62.097045005577357, -31.746446011220058 ], [ -62.097059558660376, -31.746449723335282 ], [ -62.097069641656695, -31.74646380900143 ], [ -62.097083886444771, -31.746470970137828 ], [ -62.097098102761336, -31.746478116799047 ], [ -62.09711624583737, -31.74648185168504 ], [ -62.097130408762844, -31.746488976127697 ], [ -62.097148799557147, -31.746489253766718 ], [ -62.09716719043881, -31.746489531505755 ], [ -62.097185581266821, -31.746489809199542 ], [ -62.097200294566093, -31.746490032271694 ], [ -62.097218685446094, -31.746490310208916 ], [ -62.097236741424858, -31.746494033150427 ], [ -62.097254435979636, -31.746501191086775 ], [ -62.09727244729406, -31.746504903207494 ], [ -62.097286412863198, -31.746511984270562 ], [ -62.097307677974229, -31.746519161870996 ], [ -62.097321956552641, -31.746522800824998 ], [ -62.097336220764248, -31.746526435796422 ], [ -62.097350081706985, -31.746533474502279 ], [ -62.097364707142354, -31.746533695241357 ], [ -62.097371220685439, -31.746540609491422 ], [ -62.097392317982781, -31.74654773057588 ], [ -62.097402437039129, -31.746554672302949 ], [ -62.097415757938634, -31.746565031720952 ], [ -62.097425829056348, -31.746571939230787 ], [ -62.097436309399427, -31.746575470429988 ], [ -62.097453607642414, -31.746582466937124 ], [ -62.097467244432117, -31.746589395431691 ], [ -62.097495895345006, -31.746593055366571 ], [ -62.097520437766235, -31.746599991536613 ], [ -62.097534033728522, -31.746606811901255 ], [ -62.097551236268757, -31.746613654499455 ], [ -62.097569395365682, -31.746613827814024 ], [ -62.097590181525362, -31.746620693266234 ], [ -62.097600052200058, -31.746627442083454 ], [ -62.097614042526303, -31.74663089897264 ], [ -62.097631121441061, -31.74663769917089 ], [ -62.097648700785328, -31.746641182298031 ], [ -62.097662646693614, -31.746644627664047 ], [ -62.097676036402795, -31.746651368819091 ], [ -62.097689951928274, -31.746654805079384 ], [ -62.097700242279878, -31.746658203445612 ], [ -62.097717748265609, -31.746661669273937 ], [ -62.097734668384319, -31.746668415545948 ], [ -62.097747951888273, -31.74667511446026 ], [ -62.097755165376128, -31.746675185476683 ], [ -62.09777621700146, -31.746678672537236 ], [ -62.097800254420605, -31.746685460084986 ], [ -62.097809850456905, -31.746692093628425 ], [ -62.097826622549618, -31.746698787419685 ], [ -62.097839770886672, -31.746705432771094 ], [ -62.097855233069438, -31.746718579064407 ], [ -62.097868319237463, -31.74672518794905 ], [ -62.097884324432336, -31.746735043181136 ], [ -62.09790321428499, -31.746748117053713 ], [ -62.097912633227338, -31.746754636056274 ], [ -62.097928512495756, -31.746764410661815 ], [ -62.097942777510795, -31.746764556800066 ], [ -62.097955702823029, -31.746771082839519 ], [ -62.097965044666815, -31.746777560771864 ], [ -62.097980803681203, -31.746787273888604 ], [ -62.097989417434448, -31.746796886821734 ], [ -62.098001553891741, -31.746806510114229 ], [ -62.098011500065297, -31.746809773828183 ], [ -62.09802358416848, -31.746819362080636 ], [ -62.098036338494154, -31.746825789441939 ], [ -62.09804907038739, -31.746832205864095 ], [ -62.098054716750802, -31.746838535735723 ], [ -62.098073028165992, -31.746851235610187 ], [ -62.098089204284641, -31.746857643529808 ], [ -62.098103888338841, -31.74687023713334 ], [ -62.098115009004118, -31.746882747358114 ], [ -62.098126828436698, -31.746892137866585 ], [ -62.098142863497074, -31.746898473087981 ], [ -62.09815112097435, -31.746907783622429 ], [ -62.098160105724013, -31.746914014982877 ], [ -62.098171728850907, -31.746923368158669 ], [ -62.098179858545656, -31.746932643262621 ], [ -62.098192181287878, -31.746938916323884 ], [ -62.098203716284139, -31.746948199884333 ], [ -62.09821598785917, -31.746954443948265 ], [ -62.098230907947645, -31.746963736455985 ], [ -62.09823968420087, -31.746969899556479 ], [ -62.098251099550353, -31.746979096913705 ], [ -62.098266704413852, -31.746985335257932 ], [ -62.098278055631589, -31.746994489919508 ], [ -62.098298846703621, -31.747006742981277 ], [ -62.098314342404741, -31.747012929834984 ], [ -62.098324769299097, -31.747024960233716 ], [ -62.098332564411322, -31.747033954018509 ], [ -62.098343741546799, -31.747042974319893 ], [ -62.098355710337387, -31.747049042785438 ], [ -62.098360861935618, -31.747054997280607 ], [ -62.098374528583989, -31.747066925780207 ], [ -62.098381374696388, -31.747078707456485 ], [ -62.09839324333921, -31.747084709824648 ], [ -62.098396660837253, -31.747096376114243 ], [ -62.098401737616243, -31.747102244079436 ], [ -62.098436246153192, -31.747130499821374 ], [ -62.09848745195935, -31.747192943386906 ], [ -62.098506470123375, -31.747215508984652 ], [ -62.098518813046745, -31.747226805054648 ], [ -62.09853684688337, -31.747238167676244 ], [ -62.098578522861835, -31.74726091867068 ], [ -62.098602565684956, -31.747277822563657 ], [ -62.098631836228279, -31.747289267597317 ], [ -62.09864360855827, -31.7472949396576 ], [ -62.098662206801478, -31.747317151227765 ], [ -62.098686408361132, -31.74733937102026 ], [ -62.098704504624685, -31.747355985289211 ], [ -62.098728207050421, -31.747372641762418 ], [ -62.098740208977233, -31.747383665259441 ], [ -62.098763813614902, -31.747400249757646 ], [ -62.098782052225658, -31.747422097937072 ], [ -62.098817093218479, -31.747444124732734 ], [ -62.098828951634225, -31.74745502483443 ], [ -62.098858214366658, -31.7474768538004 ], [ -62.098881495880235, -31.747493197535288 ], [ -62.098905264106286, -31.747520120026735 ], [ -62.098911663233174, -31.747536100526549 ], [ -62.098929193456215, -31.74755220756294 ], [ -62.098952497202674, -31.74757362042341 ], [ -62.098964119461279, -31.747584299327897 ], [ -62.098986831451342, -31.747595127446107 ], [ -62.099009504850009, -31.747605937088974 ], [ -62.099026813856113, -31.747621866889666 ], [ -62.099043867113998, -31.747632547676076 ], [ -62.099066627202696, -31.747648493142645 ], [ -62.099089329596033, -31.747664398061342 ], [ -62.099106641669877, -31.747685348475567 ], [ -62.099134907024009, -31.747706394189269 ], [ -62.099146587610008, -31.747727120728452 ], [ -62.099163728794352, -31.747747896780318 ], [ -62.099175360188234, -31.747768604721909 ], [ -62.099186792378589, -31.747784129790993 ], [ -62.09920396035178, -31.747809888005349 ], [ -62.09922105399086, -31.747835533762554 ], [ -62.099237802221147, -31.747850967029898 ], [ -62.099254506506568, -31.747866358921023 ], [ -62.099276712711863, -31.747886821420472 ], [ -62.099293428328231, -31.747907131355085 ], [ -62.099315592568715, -31.747932441208395 ], [ -62.099332271079739, -31.747957560826549 ], [ -62.099343231508406, -31.747967643839676 ], [ -62.099359801191753, -31.747992613164197 ], [ -62.09937615024905, -31.748007641086595 ], [ -62.099397818765091, -31.748022710995524 ], [ -62.099414136207521, -31.748042555925544 ], [ -62.099435641996145, -31.748052655488191 ], [ -62.099457070926888, -31.748057860585369 ], [ -62.099478481648241, -31.748063061076888 ], [ -62.099499852047252, -31.748063384361728 ], [ -62.099526586549878, -31.748073529636656 ], [ -62.099542604583078, -31.748078637268936 ], [ -62.09956394781328, -31.748078960017573 ], [ -62.099590592393014, -31.748089079121208 ], [ -62.099611866838799, -31.74809910064673 ], [ -62.099633138932091, -31.748104266228932 ], [ -62.099654350491477, -31.748114262084272 ], [ -62.099675525646397, -31.748124240903635 ], [ -62.099691354277347, -31.748134122843641 ], [ -62.099717768861858, -31.748144148391564 ], [ -62.099738837217494, -31.748154076831501 ], [ -62.099765167241699, -31.748164068417879 ], [ -62.099791352255465, -31.748178824724388 ], [ -62.099812296399591, -31.748188694643989 ], [ -62.099833087385754, -31.748203308902749 ], [ -62.099848677481255, -31.748213057899203 ], [ -62.099874783004104, -31.748222950013435 ], [ -62.099895578414362, -31.748232745476265 ], [ -62.099916338938598, -31.748242525037785 ], [ -62.099931648477195, -31.748256925065917 ], [ -62.099957755982516, -31.748262034784805 ], [ -62.099978412413371, -31.74827176496483 ], [ -62.09999866208689, -31.74829086051724 ], [ -62.100009142360385, -31.74829101892507 ], [ -62.1000397698811, -31.748310208404909 ], [ -62.100060483475403, -31.748315193576286 ], [ -62.100086185137407, -31.748324914075205 ], [ -62.100106623333964, -31.748334539562634 ], [ -62.100127266554829, -31.748339504027779 ], [ -62.100152861291036, -31.748349186282582 ], [ -62.100168502937656, -31.748349422317805 ], [ -62.100194039236371, -31.748359083947339 ], [ -62.100214328857902, -31.748368653515765 ], [ -62.100239848258063, -31.748378127240642 ], [ -62.100265348803731, -31.748387545286107 ], [ -62.100295719848404, -31.748401591620024 ], [ -62.100321139431017, -31.74841097828476 ], [ -62.100341320579894, -31.748420313587015 ], [ -62.100366678069911, -31.748429670482224 ], [ -62.100387154668255, -31.748434387584123 ], [ -62.100412475276805, -31.748443696032297 ], [ -62.100433275207926, -31.748443853337626 ], [ -62.100458553956223, -31.748453151197456 ], [ -62.100478233888829, -31.748466935937895 ], [ -62.100498250722964, -31.748476162970565 ], [ -62.10051862829166, -31.74848085282057 ], [ -62.100538599745775, -31.748490062290372 ], [ -62.100558947662257, -31.748494744192769 ], [ -62.100579695475332, -31.748494908471709 ], [ -62.100604795081864, -31.7485041408376 ], [ -62.100624681395765, -31.748513321904365 ], [ -62.100644977163789, -31.748517990850086 ], [ -62.100665262473214, -31.748522657162919 ], [ -62.100685536982823, -31.748527321322705 ], [ -62.100705340607348, -31.748536473402538 ], [ -62.100725118144751, -31.748545613134915 ], [ -62.10074534450731, -31.74855026386577 ], [ -62.100764112621555, -31.748568324374279 ], [ -62.100779615828586, -31.74856845349904 ], [ -62.100798803795215, -31.748582009266112 ], [ -62.100828269368421, -31.748595623625032 ], [ -62.100847881016875, -31.748604685002039 ], [ -62.100862312652737, -31.748613690385266 ], [ -62.100896264654935, -31.748631708727761 ], [ -62.100916744325978, -31.748631988746567 ], [ -62.100946203979383, -31.748641366796832 ], [ -62.10096655175478, -31.748641736252335 ], [ -62.100985776650738, -31.748650912407321 ], [ -62.101005536244493, -31.748655678878848 ], [ -62.101019628834415, -31.748664739948165 ], [ -62.101048325501033, -31.748678438713586 ], [ -62.101077544035199, -31.748687735735828 ], [ -62.10108260728714, -31.748687827108316 ], [ -62.101116220787723, -31.74870156036399 ], [ -62.101135829353765, -31.748706281712881 ], [ -62.101159847394008, -31.748715439867244 ], [ -62.101169944869653, -31.748715620976686 ], [ -62.101203997865092, -31.748724941720933 ], [ -62.101222876997319, -31.748733977994586 ], [ -62.10124675875538, -31.748743088522808 ], [ -62.101275629681709, -31.748752274920072 ], [ -62.101295073989277, -31.748756951249977 ], [ -62.101318161932205, -31.748770329891418 ], [ -62.101336866317126, -31.748779290324666 ], [ -62.101350528062518, -31.74878814687067 ], [ -62.101378487543698, -31.748801537586864 ], [ -62.101391381305881, -31.748814630414081 ], [ -62.101415658656478, -31.748819340229122 ], [ -62.101424932409067, -31.74882378167673 ], [ -62.101452707348969, -31.748837084198719 ], [ -62.101462682291356, -31.748837260236233 ], [ -62.101489634294381, -31.748854770448787 ], [ -62.101508799516857, -31.748859357181228 ], [ -62.101532165134529, -31.748868257464132 ], [ -62.101555491266197, -31.748877142377808 ], [ -62.101564657620649, -31.748881536327648 ], [ -62.101582193459031, -31.748894523080111 ], [ -62.10161532696123, -31.748903533329642 ], [ -62.101637713811265, -31.748916552762335 ], [ -62.101685808484916, -31.748941724020597 ], [ -62.101701574926885, -31.748953599655195 ], [ -62.101717399394744, -31.748961613218121 ], [ -62.10173707658145, -31.748973515486416 ], [ -62.10175282407441, -31.748981487968074 ], [ -62.101772528848244, -31.748989530320134 ], [ -62.101788207329925, -31.748997469923061 ], [ -62.101807686340585, -31.749009262909436 ], [ -62.101823289103578, -31.749017162238495 ], [ -62.101838859892723, -31.749025045186436 ], [ -62.101854569558832, -31.749029152066605 ], [ -62.101866296122495, -31.749033168281969 ], [ -62.101885751261676, -31.749041103299461 ], [ -62.101905359038767, -31.749045275352291 ], [ -62.10192058827613, -31.749056838521732 ], [ -62.101932237573664, -31.74906082562353 ], [ -62.101951339603453, -31.749072427025155 ], [ -62.101970831435807, -31.749076565531286 ], [ -62.101981737666797, -31.749091656049956 ], [ -62.102000926332316, -31.749099470609963 ], [ -62.102012469195955, -31.74910341352512 ], [ -62.102031345270511, -31.749114885941303 ], [ -62.102050185401701, -31.749126256597489 ], [ -62.102065322627048, -31.749133872527906 ], [ -62.102084872736675, -31.749134281224595 ], [ -62.102099960032561, -31.749141881606981 ], [ -62.102115299709325, -31.749145838997375 ], [ -62.102130335113323, -31.749153416699151 ], [ -62.102149236470311, -31.749161060678457 ], [ -62.10216420945325, -31.749168608786952 ], [ -62.102182729787437, -31.749179822919189 ], [ -62.102202153955041, -31.749180225181604 ], [ -62.102220919058837, -31.749187816275771 ], [ -62.102239983176538, -31.749191806529698 ], [ -62.102250934874959, -31.749199214590298 ], [ -62.102265735834216, -31.749206688567913 ], [ -62.102280158376253, -31.749217707915271 ], [ -62.102294621783422, -31.749228541864724 ], [ -62.102312925568967, -31.749239384605513 ], [ -62.102331559870834, -31.749246658454645 ], [ -62.102346675307473, -31.749250345630401 ], [ -62.102361000107209, -31.749261098011676 ], [ -62.102379947372647, -31.749264810554468 ], [ -62.102399287124179, -31.749264993787438 ], [ -62.102410069922946, -31.749272153638188 ], [ -62.102437129049946, -31.749272410294633 ], [ -62.102447871889858, -31.749279558497598 ], [ -62.102462456663446, -31.749286731577438 ], [ -62.102473160384747, -31.749293855850841 ], [ -62.102491554303072, -31.749301042415222 ], [ -62.102506519544477, -31.749304687110385 ], [ -62.102517621610744, -31.749308291919956 ], [ -62.102540266986495, -31.749312005685457 ], [ -62.102555197282854, -31.749315642255894 ], [ -62.102577813237744, -31.749319350762448 ], [ -62.102603271721492, -31.749330048274562 ], [ -62.10261714825257, -31.749340606953833 ], [ -62.102635332642897, -31.749347720945622 ], [ -62.102649653638089, -31.749354783750636 ], [ -62.102668304260185, -31.749358424617462 ], [ -62.102682053784719, -31.749368913127821 ], [ -62.102696835356198, -31.749372505228759 ], [ -62.102711065767636, -31.749379528181763 ], [ -62.10273673830406, -31.749386654356982 ], [ -62.102761810578691, -31.749397188813315 ], [ -62.102772698417681, -31.749400719182237 ], [ -62.102790635503801, -31.749407735161672 ], [ -62.102804733015908, -31.749414701424048 ], [ -62.102818222846835, -31.749425053072191 ], [ -62.102836072538324, -31.749432029711848 ], [ -62.102843085572339, -31.749435494485972 ], [ -62.102857094599841, -31.749442415388497 ], [ -62.102877457516499, -31.749456145671193 ], [ -62.102902159058345, -31.749466511579673 ], [ -62.102909117138559, -31.749469948368496 ], [ -62.102929956746884, -31.749480241661143 ], [ -62.102937524405121, -31.749480320659327 ], [ -62.102957664789528, -31.74949392759655 ], [ -62.102975154505252, -31.749500868551991 ], [ -62.102988784448776, -31.74950780141101 ], [ -62.103007417637194, -31.749508161455736 ], [ -62.103021004104725, -31.749515080579009 ], [ -62.103038949827805, -31.749518750688171 ], [ -62.10305620429429, -31.749525721531793 ], [ -62.103073426556662, -31.749532679425087 ], [ -62.103091302747622, -31.749536331663585 ], [ -62.103105451806037, -31.749539908730597 ], [ -62.103122594542647, -31.74954683987584 ], [ -62.103136003999239, -31.749553687158571 ], [ -62.103149388637384, -31.749560521685908 ], [ -62.103162748796855, -31.74956734389114 ], [ -62.103176084390348, -31.749574153439568 ], [ -62.103193808292268, -31.749577764063826 ], [ -62.103206365178131, -31.7495878048767 ], [ -62.103223303647049, -31.749594646856611 ], [ -62.103233599685481, -31.749598097773806 ], [ -62.103250488857121, -31.749604920279022 ], [ -62.103262924127314, -31.749614888115612 ], [ -62.103280506808012, -31.74961845848382 ], [ -62.103293642637148, -31.74962517416628 ], [ -62.1033366609837, -31.749636763510754 ], [ -62.103351452050148, -31.749643726790449 ], [ -62.103359401302839, -31.74965384694811 ], [ -62.103381785051745, -31.749667559345276 ], [ -62.103396492202535, -31.749674475926547 ], [ -62.10341445312568, -31.749678157122176 ], [ -62.103432653142271, -31.749685132738296 ], [ -62.103447292399579, -31.749692022071173 ], [ -62.103461665187261, -31.749695613160611 ], [ -62.103472497035881, -31.749699126236344 ], [ -62.103494367315228, -31.749709424104733 ], [ -62.103504940797748, -31.749709648484991 ], [ -62.103523005723147, -31.749716574998402 ], [ -62.103537524140215, -31.749723415995156 ], [ -62.103555746717007, -31.749733583868128 ], [ -62.103570007539886, -31.749737140854361 ], [ -62.103584657283626, -31.749747203967267 ], [ -62.103595574316039, -31.749753924819565 ], [ -62.103613670249906, -31.749764024442413 ], [ -62.103620852241285, -31.749767396991889 ], [ -62.103638290755917, -31.749767658021248 ], [ -62.10365958518198, -31.749774479574473 ], [ -62.103673883568888, -31.749781187230866 ], [ -62.103688161388895, -31.749787885035339 ], [ -62.103702418826657, -31.749794573545682 ], [ -62.103716655780275, -31.749801252192807 ], [ -62.103734188180582, -31.749804744046308 ], [ -62.103751858623838, -31.749811460115978 ], [ -62.10376935986266, -31.749814944369806 ], [ -62.103783518378229, -31.749821594256829 ], [ -62.103797656680797, -31.74982823471321 ], [ -62.103811517796096, -31.749828442015581 ], [ -62.103829088842005, -31.749835124514 ], [ -62.103843291603006, -31.749844949204086 ], [ -62.103860808486324, -31.749851607992039 ], [ -62.103874740810205, -31.749855011368489 ], [ -62.103892216659183, -31.749861655952483 ], [ -62.103906217195373, -31.749868239340678 ], [ -62.103920197912338, -31.74987481332451 ], [ -62.10393415864921, -31.749881378143954 ], [ -62.103948178873445, -31.749891104756159 ], [ -62.10396209502791, -31.749897646253448 ], [ -62.103976060707467, -31.749907338243968 ], [ -62.103993365790238, -31.749913908001972 ], [ -62.104000353691845, -31.749920314194412 ], [ -62.104021098767774, -31.749930060844747 ], [ -62.104031430167325, -31.749933356206895 ], [ -62.104045179043069, -31.749936700749245 ], [ -62.104062380515082, -31.749943228844025 ], [ -62.10407613787099, -31.74994969731851 ], [ -62.104089846744174, -31.749953030021281 ], [ -62.104103569933194, -31.749959483998861 ], [ -62.104120705587185, -31.749969096947158 ], [ -62.104134395800031, -31.749978638559739 ], [ -62.10414804909486, -31.749985056485709 ], [ -62.104161679774577, -31.749988363934065 ], [ -62.104171896226703, -31.749994717284167 ], [ -62.104188906297388, -31.749998068864645 ], [ -62.104202503670621, -31.750001367026012 ], [ -62.104219491175904, -31.750004713866922 ], [ -62.104226251869825, -31.750010993759055 ], [ -62.104243187716506, -31.750017417653698 ], [ -62.104260100059861, -31.750023832440672 ], [ -62.104273634440268, -31.750027112346054 ], [ -62.104283729697656, -31.750033411941345 ], [ -62.104300584252343, -31.750039803962952 ], [ -62.104314030992256, -31.750046136628011 ], [ -62.104327458815881, -31.750052460447343 ], [ -62.104344187304079, -31.750061878793915 ], [ -62.104354322445289, -31.750062030399622 ], [ -62.104370935992328, -31.750074473576554 ], [ -62.104384356510089, -31.750077717819806 ], [ -62.104397846689992, -31.750077919641956 ], [ -62.104414539903665, -31.750084249623104 ], [ -62.104431390749824, -31.750084501797325 ], [ -62.104444776467545, -31.750087738896671 ], [ -62.104454686481631, -31.750093954816347 ], [ -62.104471207142907, -31.750103287904487 ], [ -62.104484551277693, -31.750106512026342 ], [ -62.104497659509882, -31.750115768490513 ], [ -62.104507618342197, -31.750118933531677 ], [ -62.104524160513336, -31.750125206751939 ], [ -62.104537453964795, -31.75012841538604 ], [ -62.104550738005941, -31.750131621767981 ], [ -62.104567227568324, -31.750137877508685 ], [ -62.104580346225511, -31.750144074546572 ], [ -62.104593154767443, -31.750156242789572 ], [ -62.104609569718924, -31.750162464434627 ], [ -62.104622467453126, -31.750171605857606 ], [ -62.104632480648931, -31.750171755575483 ], [ -62.104648675747136, -31.75018092794409 ], [ -62.104661675351515, -31.750187065536338 ], [ -62.104677986747639, -31.750193244514985 ], [ -62.104687621075371, -31.750199314644139 ], [ -62.104700385499257, -31.750208380489347 ], [ -62.104710172741719, -31.750211481216279 ], [ -62.104729535478405, -31.750220621487713 ], [ -62.104745739104729, -31.750226754270603 ], [ -62.104758806791779, -31.750229891932911 ], [ -62.104768346277069, -31.750235912998779 ], [ -62.104784485214175, -31.75024204142769 ], [ -62.104793985972648, -31.750248059167419 ], [ -62.104809861190112, -31.750257100137603 ], [ -62.104825918287816, -31.75026321936274 ], [ -62.104838439776785, -31.750272167251424 ], [ -62.104848091912636, -31.750275247958456 ], [ -62.104861025563963, -31.750278386802027 ], [ -62.104876773327902, -31.75028736394988 ], [ -62.104892487931004, -31.750296321968946 ], [ -62.104901853227815, -31.750302263316293 ], [ -62.104917514145384, -31.750311190089647 ], [ -62.104930366109436, -31.75031430197123 ], [ -62.104939684984323, -31.750320218390819 ], [ -62.104955528800147, -31.750326246761013 ], [ -62.104968342932324, -31.750329347520864 ], [ -62.104981147147804, -31.750332445274708 ], [ -62.10499340620224, -31.750341248424071 ], [ -62.105015415517876, -31.750350211807639 ], [ -62.105027891576569, -31.750356137251657 ], [ -62.105040067952849, -31.750364891375689 ], [ -62.105052505103714, -31.750370795995725 ], [ -62.105064924636913, -31.750376692271843 ], [ -62.105077913035025, -31.750376927418245 ], [ -62.105090899954938, -31.750377162401584 ], [ -62.10510448928612, -31.750371738091676 ], [ -62.105114538792499, -31.750369082681704 ], [ -62.105124902612168, -31.75036359003979 ], [ -62.10514503576691, -31.750358268491066 ], [ -62.105161295219723, -31.750358564282848 ], [ -62.105174626162459, -31.750355960890733 ], [ -62.105190886372149, -31.75035625695234 ], [ -62.105204227190207, -31.750353652260234 ], [ -62.105217235725178, -31.750353889288558 ], [ -62.105233837681979, -31.750351342074676 ], [ -62.105246846972385, -31.750351579459601 ], [ -62.105263459825885, -31.750349031922479 ], [ -62.105286225339995, -31.750349447160357 ], [ -62.105299232229058, -31.750349684639396 ], [ -62.105308986551769, -31.750349863208744 ], [ -62.105321990528211, -31.750350100605029 ], [ -62.105337865126103, -31.750353239350357 ], [ -62.105354109825349, -31.750353535646145 ], [ -62.105366330343607, -31.750359450511656 ], [ -62.105378923867342, -31.750362523165307 ], [ -62.105391113572615, -31.750368425463769 ], [ -62.105403285936106, -31.750374319305369 ], [ -62.1054150401512, -31.750383027601512 ], [ -62.105430408565248, -31.750388959505496 ], [ -62.105449397185758, -31.750392126476086 ], [ -62.105461494048889, -31.750397986903678 ], [ -62.105473573762147, -31.750403839105488 ], [ -62.105485636493178, -31.75040968310849 ], [ -62.105498108420072, -31.750412717852612 ], [ -62.105510140749367, -31.750418549097507 ], [ -62.105522156596997, -31.750424372425556 ], [ -62.105530939316928, -31.750430130151745 ], [ -62.105539710193739, -31.750435879797834 ], [ -62.105555334548256, -31.750438952279861 ], [ -62.10556407923341, -31.750444689826047 ], [ -62.105575570837303, -31.75045325303061 ], [ -62.105590694848701, -31.750459084697255 ], [ -62.105605339809244, -31.750467675073875 ], [ -62.105614020532705, -31.750473373277369 ], [ -62.105629080734296, -31.750479176545866 ], [ -62.105640926150528, -31.750484915206457 ], [ -62.105655474125321, -31.75049345266649 ], [ -62.105666331626452, -31.75050465942417 ], [ -62.105678115103053, -31.750510362932353 ], [ -62.10569209934944, -31.750521580292592 ], [ -62.105700665579107, -31.750527204538248 ], [ -62.105715604645319, -31.750532920492727 ], [ -62.105727478364997, -31.750538529953161 ], [ -62.105741547457995, -31.750549609600178 ], [ -62.105762001092138, -31.750560743835177 ], [ -62.105774325780764, -31.750563613977555 ], [ -62.105785612902061, -31.750571892425913 ], [ -62.105797398637009, -31.750577457156162 ], [ -62.105811327295925, -31.750588445312143 ], [ -62.105822025945841, -31.750599366250604 ], [ -62.105830560918456, -31.750604858017663 ], [ -62.105845472788829, -31.750610425167839 ], [ -62.105859295382444, -31.750621335738291 ], [ -62.105871516756231, -31.750624172359807 ], [ -62.105880000589607, -31.750629635422928 ], [ -62.105894847026761, -31.750635174854384 ], [ -62.105906492268709, -31.750640666596091 ], [ -62.105917571267085, -31.750648809638712 ], [ -62.105929187022582, -31.750654285784606 ], [ -62.105940789375005, -31.750659755653057 ], [ -62.105951815965732, -31.750667865673076 ], [ -62.105965996639803, -31.750676002962241 ], [ -62.105974379410199, -31.750681406103002 ], [ -62.10598909314983, -31.750686886857672 ], [ -62.106000622172807, -31.750692319662281 ], [ -62.106012137907804, -31.750697746272117 ], [ -62.106029387302044, -31.750705874702128 ], [ -62.10604403412016, -31.750711328509439 ], [ -62.106055503003539, -31.750716733642946 ], [ -62.106068926690817, -31.750727398847658 ], [ -62.106079762960753, -31.750735391971066 ], [ -62.106086226925477, -31.750748526417489 ], [ -62.106096419649575, -31.750759073832299 ], [ -62.1061027147883, -31.750759159267435 ], [ -62.106139510657457, -31.750790793271797 ], [ -62.106157193776475, -31.750803332515488 ], [ -62.106174860338925, -31.750811727456959 ], [ -62.106188076464448, -31.750820070282899 ], [ -62.106205652557954, -31.75083253962524 ], [ -62.10622759956744, -31.750845018833143 ], [ -62.10624955233736, -31.750853389648352 ], [ -62.106271471512187, -31.750861746258384 ], [ -62.106288953656964, -31.750870050474184 ], [ -62.106306408504921, -31.750878341738535 ], [ -62.106323836478204, -31.750886620197623 ], [ -62.106336842876267, -31.750894845507577 ], [ -62.106349828746438, -31.750903057770657 ], [ -62.106371462518275, -31.750915372223972 ], [ -62.106393162912681, -31.750923634185639 ], [ -62.106410438415821, -31.750931961460243 ], [ -62.106427677874947, -31.750940344786393 ], [ -62.10644911351114, -31.750952802984298 ], [ -62.106470343034644, -31.750969215591418 ], [ -62.106483106693652, -31.75097744441063 ], [ -62.106500036245862, -31.750989716551363 ], [ -62.106512745786489, -31.750997909198993 ], [ -62.106529426887825, -31.751014077365866 ], [ -62.106546408907882, -31.751022313892655 ], [ -62.106563174565714, -31.751034468504574 ], [ -62.106580089271013, -31.75104266872308 ], [ -62.106596973839295, -31.75105085426949 ], [ -62.106613621783779, -31.751062933965397 ], [ -62.106634961566172, -31.751067266950084 ], [ -62.106651530313314, -31.751079304043223 ], [ -62.106664211736792, -31.751083450908659 ], [ -62.106685243275166, -31.75109164879952 ], [ -62.106697411775635, -31.751103537350396 ], [ -62.106718119243943, -31.751115564069657 ], [ -62.106730720155426, -31.751119678023326 ], [ -62.106751347273807, -31.75113166216402 ], [ -62.106771920488079, -31.751143614990667 ], [ -62.10678817509055, -31.751155453588435 ], [ -62.106808930380588, -31.75116352239321 ], [ -62.106825682352941, -31.751167675848727 ], [ -62.106841804989131, -31.751179493110172 ], [ -62.106858171988208, -31.751187508341634 ], [ -62.1068660204743, -31.751195342841569 ], [ -62.106882334618426, -31.751203328700864 ], [ -62.106894382405976, -31.751211216760503 ], [ -62.106914871004903, -31.751219255107859 ], [ -62.106927215029785, -31.751223309614044 ], [ -62.106942707314495, -31.751238834109955 ], [ -62.106958866811198, -31.751246738369037 ], [ -62.106978838556394, -31.751258486112722 ], [ -62.106986513325388, -31.75126619163542 ], [ -62.106994174487596, -31.751273883585561 ], [ -62.107022815191506, -31.751281964743864 ], [ -62.107034623816396, -31.751289708478453 ], [ -62.107050201956376, -31.75130125729078 ], [ -62.107070327146722, -31.751309125707397 ], [ -62.107086234247838, -31.751316899386957 ], [ -62.107102163505516, -31.751324595338875 ], [ -62.107121821802245, -31.751336051070076 ], [ -62.107133505492911, -31.751343651161264 ], [ -62.10714516897751, -31.751351238120019 ], [ -62.107164712718102, -31.751362625249907 ], [ -62.107180492396857, -31.751370241940144 ], [ -62.107192080614432, -31.75137778313632 ], [ -62.107211970933555, -31.751385436434596 ], [ -62.107231826540449, -31.751393076026588 ], [ -62.10723966426881, -31.751396860105622 ], [ -62.107266798877369, -31.751411901404445 ], [ -62.10728141704044, -31.751426704916188 ], [ -62.107300619893735, -31.751437898596166 ], [ -62.107316149643268, -31.751445386551847 ], [ -62.107330627846103, -31.751460076645127 ], [ -62.107342487268852, -31.751463864880137 ], [ -62.10736100700835, -31.751478554225578 ], [ -62.107379994642763, -31.751489615555233 ], [ -62.107399473252222, -31.75149707668529 ], [ -62.107411253161267, -31.751500833288251 ], [ -62.107421379956961, -31.751515275421337 ], [ -62.107439657168669, -31.751529791439143 ], [ -62.107454905094571, -31.751537121431472 ], [ -62.107470128439196, -31.751544440483759 ], [ -62.107484754905876, -31.751555274082225 ], [ -62.107499921245243, -31.751562562532566 ], [ -62.107506335818954, -31.751573228414451 ], [ -62.107517967206597, -31.751576920000751 ], [ -62.107536543288873, -31.751587732621051 ], [ -62.10755101281093, -31.751598457240515 ], [ -62.107573555859851, -31.751609276434849 ], [ -62.107591992453521, -31.751620007894591 ], [ -62.107611002019738, -31.751627248547447 ], [ -62.107622517279083, -31.751630894389962 ], [ -62.107641477336614, -31.751638116626957 ], [ -62.107651695628441, -31.75164865557533 ], [ -62.107670592594083, -31.751655848579617 ], [ -62.107685427995357, -31.751662968934415 ], [ -62.107692186930144, -31.751669956781562 ], [ -62.107706324959167, -31.751680476862347 ], [ -62.107720427971628, -31.751690970799725 ], [ -62.107734495998585, -31.751701438810404 ], [ -62.10774919917904, -31.751708483077952 ], [ -62.107767205441483, -31.751718967417432 ], [ -62.107785241056462, -31.751729396511841 ], [ -62.107799250238841, -31.751739737079593 ], [ -62.107813924049246, -31.751746684212694 ], [ -62.107823862437371, -31.751756934116067 ], [ -62.107838488817784, -31.751763854656748 ], [ -62.107856383978252, -31.751774165081528 ], [ -62.107870239175682, -31.751784401112449 ], [ -62.107873518152537, -31.751787790760364 ], [ -62.107894589397375, -31.751801424744244 ], [ -62.107909088806714, -31.751808276681722 ], [ -62.107952454552162, -31.751828770315559 ], [ -62.107969334173568, -31.75184222736787 ], [ -62.107994096866094, -31.751855745067868 ], [ -62.108005234132207, -31.751859182508969 ], [ -62.108020329141887, -31.751862668255828 ], [ -62.10803859803179, -31.75186947897279 ], [ -62.108053665319204, -31.75187295795341 ], [ -62.108071889787468, -31.751879753773995 ], [ -62.108086130948266, -31.751886487771817 ], [ -62.108103500336284, -31.751896519300242 ], [ -62.108120019851405, -31.75190977041283 ], [ -62.108137303553221, -31.751919746780182 ], [ -62.1081514308202, -31.751926420737913 ], [ -62.108165536302813, -31.751933084158729 ], [ -62.108178790676646, -31.751942955897011 ], [ -62.108192849307272, -31.751949594013357 ], [ -62.108195942283068, -31.751952857113906 ], [ -62.108213055109594, -31.751962736040994 ], [ -62.108223135157658, -31.75196929203095 ], [ -62.10824239689844, -31.75198555980208 ], [ -62.108253283125855, -31.751988900379562 ], [ -62.108275032284347, -31.751995574596556 ], [ -62.108285027607778, -31.752002081408534 ], [ -62.108301943546536, -31.752011849100612 ], [ -62.108319701259688, -31.752018436982532 ], [ -62.108324857506972, -31.752028009314877 ], [ -62.108344682395888, -31.75204091461703 ], [ -62.108355463561011, -31.752044214647778 ], [ -62.108371322155982, -31.75205701676251 ], [ -62.108378190981533, -31.752060251680366 ], [ -62.108401738461609, -31.752073113195852 ], [ -62.108423171724233, -31.752079663608669 ], [ -62.108435911847721, -31.752089203763603 ], [ -62.108443653118648, -31.752089311148939 ], [ -62.108532599773952, -31.752153931470701 ], [ -62.108563251905615, -31.752169132507401 ], [ -62.108583423389582, -31.752184202937237 ], [ -62.108603537000029, -31.752199230455616 ], [ -62.108623827615268, -31.752209283802646 ], [ -62.108653944463988, -31.752229246529343 ], [ -62.108683946582623, -31.752249132674578 ], [ -62.108739628138828, -31.752269168739875 ], [ -62.108759360681994, -31.752283956598564 ], [ -62.108784182269098, -31.752298747631119 ], [ -62.10880379592956, -31.752313449438272 ], [ -62.108828485689578, -31.752328157636391 ], [ -62.108843198374409, -31.752337925255034 ], [ -62.108858579870628, -31.752338062712546 ], [ -62.108883136892601, -31.752352703314628 ], [ -62.108907253769061, -31.752372082964197 ], [ -62.108927319831245, -31.752377044272432 ], [ -62.108951298171981, -31.752396333820215 ], [ -62.108961102496608, -31.752401179959708 ], [ -62.108979872470066, -31.752420332039087 ], [ -62.108998985530931, -31.75243469604662 ], [ -62.109023120604796, -31.752449066730218 ], [ -62.109042554418664, -31.75245865713163 ], [ -62.109062388482663, -31.752463547643085 ], [ -62.109076670799794, -31.752473116160363 ], [ -62.109105590600848, -31.752487587751183 ], [ -62.109124826595078, -31.752497217861727 ], [ -62.109144022739251, -31.752506824036804 ], [ -62.109163230290456, -31.752516318446755 ], [ -62.109186961709192, -31.75253043960646 ], [ -62.109202032387145, -31.752530662605302 ], [ -62.109225679244147, -31.752544745455161 ], [ -62.109244748151802, -31.752554161125559 ], [ -62.109268792040069, -31.752563635134134 ], [ -62.109293311652813, -31.752568550907856 ], [ -62.109302276364161, -31.752577776895635 ], [ -62.109321218048095, -31.75258713452617 ], [ -62.10935510197961, -31.752596696714747 ], [ -62.109373962484618, -31.752606020615467 ], [ -62.109397208731288, -31.752619900972856 ], [ -62.109411581960849, -31.752624617825624 ], [ -62.109429187552969, -31.752642854314008 ], [ -62.109447897412757, -31.752652094989987 ], [ -62.109460434745039, -31.752670160435041 ], [ -62.109478470645165, -31.752683795418587 ], [ -62.109495855374817, -31.752701821788133 ], [ -62.109509461344771, -31.752710883850153 ], [ -62.109527359846474, -31.752724409865287 ], [ -62.109549510157841, -31.752742364727823 ], [ -62.1095679317527, -31.752751427602178 ], [ -62.109585681563303, -31.752764846116857 ], [ -62.109599123997569, -31.752773796598348 ], [ -62.109617445215598, -31.752782803960052 ], [ -62.109639310268975, -31.752800553502549 ], [ -62.109657547581591, -31.752809513228566 ], [ -62.109675753099118, -31.752818457197446 ], [ -62.109694608942561, -31.752823068233941 ], [ -62.109717636415738, -31.752832059655514 ], [ -62.109739921612281, -31.752845338765248 ], [ -62.109757990791898, -31.752854220068848 ], [ -62.10978017434504, -31.752867440999086 ], [ -62.10979331205872, -31.752876211719087 ], [ -62.10981127958253, -31.752885038984267 ], [ -62.109832588391789, -31.752902432175954 ], [ -62.10984483032864, -31.752915431336156 ], [ -62.109861844486531, -31.752928486999203 ], [ -62.109874761898794, -31.752937200675959 ], [ -62.10989649224333, -31.752950287593013 ], [ -62.109912610123246, -31.752967440918411 ], [ -62.109929440185809, -31.752980354908694 ], [ -62.109942226382557, -31.752988974549123 ], [ -62.109954989387269, -31.752997578417737 ], [ -62.109982025108998, -31.753006432180399 ], [ -62.110003450453362, -31.753019328720299 ], [ -62.110020870642565, -31.753027965426931 ], [ -62.110033509885412, -31.753036498466304 ], [ -62.110049239809172, -31.753053344231681 ], [ -62.11006655563925, -31.753061918772218 ], [ -62.110079108378173, -31.753070390682598 ], [ -62.110100258597065, -31.753083115357253 ], [ -62.110116633305154, -31.753095717647263 ], [ -62.110133809931689, -31.753104214920135 ], [ -62.110150955445917, -31.753112697012984 ], [ -62.110168929549857, -31.753117103760253 ], [ -62.110186019096176, -31.753125561810858 ], [ -62.110214227104962, -31.753126074649792 ], [ -62.110233029499973, -31.753126416282392 ], [ -62.110257426053863, -31.753122788866566 ], [ -62.110276231141263, -31.753123131025326 ], [ -62.110295034119552, -31.753123473025365 ], [ -62.110319457321083, -31.753119843748628 ], [ -62.11034106062634, -31.753107995988838 ], [ -62.110361772257015, -31.753100196531317 ], [ -62.110386350629405, -31.753096516112336 ], [ -62.110405462285115, -31.753096734752784 ], [ -62.110424576186603, -31.753096953411735 ], [ -62.110434721132485, -31.753113538355127 ], [ -62.110455408535415, -31.753126089790772 ], [ -62.110472343896966, -31.753134475850633 ], [ -62.110488183216383, -31.753146917779375 ], [ -62.11049923259425, -31.753159272368759 ], [ -62.110510252534688, -31.753171593986611 ], [ -62.110525929981648, -31.753183958218049 ], [ -62.11054149734268, -31.753196318222862 ], [ -62.110546191876423, -31.753196388222126 ], [ -62.110564227272114, -31.7532167975432 ], [ -62.110583272572434, -31.753233128588992 ], [ -62.110599827441661, -31.753241357924345 ], [ -62.110610627700325, -31.753253459430784 ], [ -62.110627135655605, -31.753261647871867 ], [ -62.110649846315233, -31.753295218715635 ], [ -62.110694436194528, -31.753328287223109 ], [ -62.110710533562703, -31.753340618140438 ], [ -62.110722269475403, -31.753352851655531 ], [ -62.110730075628453, -31.753360988948277 ], [ -62.110746066865666, -31.753373231245465 ], [ -62.110766317619046, -31.753385504356292 ], [ -62.110778354627634, -31.75339364680395 ], [ -62.110794223372686, -31.753405800961882 ], [ -62.110813886851417, -31.753421934731268 ], [ -62.110830114236265, -31.75343007506461 ], [ -62.110849660800525, -31.753446122028006 ], [ -62.110865812793435, -31.753454218629692 ], [ -62.110877193828252, -31.753466147091228 ], [ -62.110888544962222, -31.753478043995891 ], [ -62.110904118169238, -31.753489971813103 ], [ -62.110915403040828, -31.753501805004959 ], [ -62.110930402539232, -31.753517533597414 ], [ -62.110941617251008, -31.753529293247709 ], [ -62.110960750563791, -31.753544987175584 ], [ -62.110975597181117, -31.75356056319702 ], [ -62.110995124576696, -31.753572334000861 ], [ -62.111018809646765, -31.753584136508969 ], [ -62.111033488991801, -31.753599575023102 ], [ -62.11104974695926, -31.753603613135017 ], [ -62.111064889332631, -31.75361520814236 ], [ -62.111076358864246, -31.75362294203218 ], [ -62.111087249394224, -31.753634424351052 ], [ -62.111106468282394, -31.753646000635676 ], [ -62.111121463680377, -31.753657484336678 ], [ -62.111132828764944, -31.753665144511686 ], [ -62.111148339788961, -31.753672852813381 ], [ -62.111167395178079, -31.753684328476584 ], [ -62.111186401154988, -31.753695774220347 ], [ -62.111204752313611, -31.75371088607497 ], [ -62.111215976183104, -31.753718454481465 ], [ -62.111234228563639, -31.753733488041473 ], [ -62.111248288227188, -31.753748408182197 ], [ -62.111258801178941, -31.753759564490647 ], [ -62.11127689347105, -31.753774455856423 ], [ -62.111291449987284, -31.753785606098752 ], [ -62.111305326907598, -31.75380034703079 ], [ -62.111320450323092, -31.753807820461024 ], [ -62.111330798386483, -31.753818823767421 ], [ -62.111349960171921, -31.753826326032378 ], [ -62.111356822134461, -31.753833633260459 ], [ -62.111370510106191, -31.753848210138091 ], [ -62.111380745508598, -31.753859110516693 ], [ -62.111395026637027, -31.75387004308126 ], [ -62.111411975381962, -31.753888101820703 ], [ -62.111426854217797, -31.753895424243112 ], [ -62.111443685413448, -31.753913375652271 ], [ -62.111457795176179, -31.75392416954087 ], [ -62.111471168026995, -31.753938439263475 ], [ -62.111485908685921, -31.753945676029172 ], [ -62.111500624651164, -31.75395290056376 ], [ -62.111513880339551, -31.753967074000798 ], [ -62.111531833638701, -31.753977792126211 ], [ -62.1115409839474, -31.753991822405503 ], [ -62.111550833382829, -31.754002358744106 ], [ -62.111565396199609, -31.754009487516978 ], [ -62.111582453257959, -31.754023530322666 ], [ -62.111592958164834, -31.754030564062532 ], [ -62.111606687175993, -31.754041062904918 ], [ -62.111624366790942, -31.754051594049439 ], [ -62.111641240883536, -31.754065497017713 ], [ -62.111659594564685, -31.754072578959896 ], [ -62.111673946338847, -31.75407958984048 ], [ -62.111680336770519, -31.754086471218937 ], [ -62.11170100952183, -31.75410031753497 ], [ -62.11171844816171, -31.754110701556804 ], [ -62.111723986504103, -31.754120883731904 ], [ -62.111742151016841, -31.754127873078097 ], [ -62.111756339498669, -31.75413479196094 ], [ -62.111774447075504, -31.754141758015603 ], [ -62.111787771394795, -31.754151980475417 ], [ -62.111805815773032, -31.754158917869532 ], [ -62.1118190733945, -31.754169098573193 ], [ -62.111837054902267, -31.754176007897453 ], [ -62.111859770881537, -31.754179662321977 ], [ -62.111866776209794, -31.754183080578599 ], [ -62.111883839051714, -31.754193260603206 ], [ -62.111897801300557, -31.754200073874571 ], [ -62.111913931022194, -31.754213489219143 ], [ -62.111923929003801, -31.754220209594411 ], [ -62.111945617387889, -31.754227092959617 ], [ -62.111955572997026, -31.754233791162257 ], [ -62.111962493364246, -31.754237165055279 ], [ -62.111983221070005, -31.754247270548944 ], [ -62.112002684573788, -31.754247559580897 ], [ -62.112016459227235, -31.75425428261704 ], [ -62.112034097815652, -31.754261052451252 ], [ -62.11204484854084, -31.754264462002951 ], [ -62.112062443220388, -31.754271215412125 ], [ -62.112077049528075, -31.754274674035571 ], [ -62.112100492748411, -31.754287964028606 ], [ -62.112110250620098, -31.754294564022707 ], [ -62.112121862888522, -31.754294736698952 ], [ -62.112201308016239, -31.754333338364383 ], [ -62.112225700942481, -31.754348762413663 ], [ -62.112258652377108, -31.754356775095431 ], [ -62.112299574936948, -31.754372410461212 ], [ -62.112332780649695, -31.754372904758682 ], [ -62.112406794035834, -31.754389010228923 ], [ -62.112431678534925, -31.754389380588027 ], [ -62.112496501869771, -31.754420281958343 ], [ -62.11257021637018, -31.754436312390872 ], [ -62.112627279017232, -31.754452072277424 ], [ -62.112668176408214, -31.754460127322922 ], [ -62.112725568117845, -31.754468422561629 ], [ -62.112766396031844, -31.754476465027739 ], [ -62.112798936030025, -31.75448437871426 ], [ -62.112839704407399, -31.754492408734567 ], [ -62.112896405777882, -31.754508082680697 ], [ -62.112936538423973, -31.754523486923354 ], [ -62.112976608891358, -31.75453886746039 ], [ -62.113008968162475, -31.754546732682957 ], [ -62.113041302647069, -31.754554591879948 ], [ -62.113065986570732, -31.754554959137128 ], [ -62.113106511319884, -31.754562934468932 ], [ -62.113131185995663, -31.754563301568584 ], [ -62.113163448855246, -31.754571148458819 ], [ -62.113203904943219, -31.754579111133246 ], [ -62.113243663598197, -31.754594407689048 ], [ -62.113268259841163, -31.754594831145894 ], [ -62.113300442565375, -31.754602620146656 ], [ -62.113340100734305, -31.754617857769869 ], [ -62.113364709547511, -31.75461822373855 ], [ -62.113413195629953, -31.754626272136793 ], [ -62.113445251297634, -31.754634070068345 ], [ -62.113494430570235, -31.754634801875969 ], [ -62.113534636555727, -31.754642715767986 ], [ -62.113559217010703, -31.754643081684033 ], [ -62.113624764468959, -31.754644056344404 ], [ -62.113640334356724, -31.754651598063173 ], [ -62.113696828399689, -31.754659743517788 ], [ -62.113737764521403, -31.754660351848418 ], [ -62.113795075514936, -31.754661204701573 ], [ -62.113835120531839, -31.75466909917996 ], [ -62.113876041251409, -31.754669707567757 ], [ -62.113906941094633, -31.754684748924134 ], [ -62.113956008025184, -31.754685477648014 ], [ -62.113988720186413, -31.754685964515836 ], [ -62.114029610181269, -31.754686572439571 ], [ -62.114070500415679, -31.754687180815647 ], [ -62.1141113908226, -31.754687788817233 ], [ -62.11415228100708, -31.754688396904786 ], [ -62.11420134880283, -31.754689126175911 ], [ -62.114216669119656, -31.754696636472918 ], [ -62.114282068197973, -31.754697608945929 ], [ -62.114304455046181, -31.75471248993194 ], [ -62.114337129656356, -31.754712975300485 ], [ -62.11438394435207, -31.75472819746329 ], [ -62.114424756839767, -31.754728804467181 ], [ -62.114472598705845, -31.754736768039219 ], [ -62.114521554861469, -31.75473749562903 ], [ -62.114553030775433, -31.754745212695223 ], [ -62.114592635471894, -31.75475304529564 ], [ -62.114633401576505, -31.754753651000652 ], [ -62.114666014739946, -31.754754137987842 ], [ -62.114698627691602, -31.754754622390671 ], [ -62.114739393876931, -31.754755228207095 ], [ -62.114804618330822, -31.754756196020821 ], [ -62.114829078521232, -31.754756559693416 ], [ -62.114877998282289, -31.754757286494456 ], [ -62.1148943056238, -31.754757529069579 ], [ -62.114951378577999, -31.754758376900813 ], [ -62.115000299078638, -31.754759103958254 ], [ -62.115039719150964, -31.754766927810611 ], [ -62.11507910975687, -31.754774746040702 ], [ -62.11510355115243, -31.754775108792828 ], [ -62.115157800638322, -31.754790364004844 ], [ -62.115197101576605, -31.754798164155119 ], [ -62.11525406643586, -31.754799010640962 ], [ -62.115278480902163, -31.754799373470497 ], [ -62.115327318805775, -31.754800094824695 ], [ -62.115360103050712, -31.754800451454631 ], [ -62.11541748755576, -31.754801076612271 ], [ -62.115458483779676, -31.754801523086559 ], [ -62.11553211759459, -31.754802420716747 ], [ -62.115556365399719, -31.754802872905316 ], [ -62.115604854030799, -31.754803777955743 ], [ -62.115629095225522, -31.754804230533711 ], [ -62.115654791164054, -31.754797550066414 ], [ -62.115704753502108, -31.754791318494803 ], [ -62.115754740682974, -31.754785083504824 ], [ -62.115778993339262, -31.754785537284118 ], [ -62.11579516030379, -31.754785839864539 ], [ -62.115862879388501, -31.754772756493868 ], [ -62.115927565974211, -31.75477396802841 ], [ -62.115959904064361, -31.754774573778189 ], [ -62.116008402239466, -31.754775482128235 ], [ -62.116040496347829, -31.754776193856451 ], [ -62.116072547663762, -31.754776921603462 ], [ -62.116094983554568, -31.754784605394114 ], [ -62.116141407308561, -31.754792825922021 ], [ -62.116181410655528, -31.75479373284821 ], [ -62.11619740841811, -31.754794095578252 ], [ -62.116245793509734, -31.754795009144093 ], [ -62.11631030411364, -31.754796219840777 ], [ -62.116336249311992, -31.75478951516536 ], [ -62.116370277642424, -31.754782957689446 ], [ -62.116487754965576, -31.754785448168882 ], [ -62.116531559790857, -31.754797595255891 ], [ -62.116581969170134, -31.754798573707887 ], [ -62.116626066038627, -31.754799429608788 ], [ -62.116676450171461, -31.754800407525348 ], [ -62.116720787346743, -31.754795624940421 ], [ -62.116752553345648, -31.754790595361893 ], [ -62.116790351861574, -31.754791329826258 ], [ -62.116859954302122, -31.754787032088402 ], [ -62.116885848158006, -31.754776132048672 ], [ -62.11691741591266, -31.754776599441545 ], [ -62.116936356401098, -31.75477687983361 ], [ -62.116974622706358, -31.754771753806835 ], [ -62.117006205232769, -31.75477222121776 ], [ -62.117037787637678, -31.754772688945508 ], [ -62.117075686581828, -31.754773250300858 ], [ -62.117107268820952, -31.754773717740466 ], [ -62.117145167866241, -31.754774278768867 ], [ -62.117189383388265, -31.754774933528338 ], [ -62.117214649634121, -31.754775307533745 ], [ -62.117252548671992, -31.754775868677836 ], [ -62.117290980511562, -31.754770739596754 ], [ -62.117303619356854, -31.754770926598681 ], [ -62.117347855796552, -31.754771581674174 ], [ -62.117380027518969, -31.754766354293011 ], [ -62.117405317248391, -31.754766727605137 ], [ -62.117443252289988, -31.754767289283919 ], [ -62.117462219712174, -31.754767569819862 ], [ -62.117493832069378, -31.754768037839327 ], [ -62.117512799537685, -31.75476831849824 ], [ -62.117564113963475, -31.754763257686008 ], [ -62.117609243651088, -31.75475796702111 ], [ -62.11764171756306, -31.754752543016885 ], [ -62.117667138112523, -31.754752796999558 ], [ -62.117698918082361, -31.754753114379426 ], [ -62.11771163195111, -31.75475324140875 ], [ -62.117756136242569, -31.754753686023189 ], [ -62.117787931584978, -31.754754003633938 ], [ -62.117826093052251, -31.754754384879078 ], [ -62.117857900178613, -31.754754702622602 ], [ -62.117902438885544, -31.754755147497214 ], [ -62.117921530272383, -31.754755338206056 ], [ -62.117959718612589, -31.754755719510264 ], [ -62.117991548253762, -31.75475603734046 ], [ -62.118029750537595, -31.754756419163289 ], [ -62.118061592075009, -31.754756736986671 ], [ -62.118087069762652, -31.754756991401194 ], [ -62.118138034318214, -31.754757500124146 ], [ -62.118163521593615, -31.754757754628042 ], [ -62.118182639490811, -31.754757945527885 ], [ -62.118220881020925, -31.754758327438417 ], [ -62.118252605845235, -31.7547587882807 ], [ -62.118284321318967, -31.754759257513562 ], [ -62.118323395008012, -31.754754100272567 ], [ -62.11834243296051, -31.754754381502792 ], [ -62.118376243614321, -31.754743395083246 ], [ -62.118410117487223, -31.754732388125184 ], [ -62.118435549175167, -31.754732763897167 ], [ -62.118463146748141, -31.754721642690754 ], [ -62.118475874215491, -31.754721830945222 ], [ -62.11854175438777, -31.754711253834952 ], [ -62.118568367537087, -31.754705863786509 ], [ -62.118587486047531, -31.75470614652393 ], [ -62.118621669190368, -31.754695067989175 ], [ -62.11865356384093, -31.754695539567884 ], [ -62.118700610587204, -31.754684629817547 ], [ -62.118726150136268, -31.75468500743796 ], [ -62.118751689576456, -31.754685384998648 ], [ -62.118799131842145, -31.754674253517898 ], [ -62.118837737223807, -31.754674628949768 ], [ -62.118869912465961, -31.75467494044026 ], [ -62.118943363389846, -31.754663996372372 ], [ -62.118962697443173, -31.754664183278315 ], [ -62.119015622162358, -31.754658856718375 ], [ -62.119042794821105, -31.754653275710695 ], [ -62.119068611667565, -31.754653524133641 ], [ -62.119076455525935, -31.754647750845752 ], [ -62.119108747838936, -31.754648060839052 ], [ -62.119161857602606, -31.754642715279267 ], [ -62.119189158885384, -31.754637115270736 ], [ -62.119221501378114, -31.754637424648269 ], [ -62.119247379223971, -31.754637672214919 ], [ -62.119295665501106, -31.754626391315647 ], [ -62.119341014769965, -31.754626823486834 ], [ -62.119374948857242, -31.754621266088474 ], [ -62.11940243381045, -31.754615640898646 ], [ -62.119441362945594, -31.754616010613393 ], [ -62.119475129381378, -31.754610604163116 ], [ -62.119502517352124, -31.754605081499811 ], [ -62.11957838926179, -31.754588382703353 ], [ -62.119604192494904, -31.754588765745208 ], [ -62.11964460442254, -31.754583412381592 ], [ -62.119670420117139, -31.754583795262473 ], [ -62.11971262620704, -31.754572497731544 ], [ -62.119744927603257, -31.754572977473767 ], [ -62.119772540813749, -31.754567416577743 ], [ -62.119817784297666, -31.75456808787424 ], [ -62.1198307111773, -31.754568280187179 ], [ -62.119886075910891, -31.754557142504638 ], [ -62.119892545603442, -31.754557238620251 ], [ -62.119946163098632, -31.754552046157997 ], [ -62.120025804093764, -31.754551688501504 ], [ -62.120075722597463, -31.754556618626939 ], [ -62.120099113468754, -31.754552884528039 ], [ -62.120118474662007, -31.7545449210233 ], [ -62.120132188859841, -31.754545191667194 ], [ -62.120164182757051, -31.754545822203337 ], [ -62.120182462112226, -31.754546182766461 ], [ -62.12020646829906, -31.754538298965443 ], [ -62.120229328833723, -31.754538750639504 ], [ -62.120252185350992, -31.75453920231358 ], [ -62.120261327064391, -31.75453938305353 ], [ -62.12029455121894, -31.754531670993416 ], [ -62.120312843281205, -31.754532032963297 ], [ -62.12032923905852, -31.754544903671192 ], [ -62.12034495620864, -31.754561893020817 ], [ -62.12036190319462, -31.754570545095618 ], [ -62.120374270317527, -31.754579092279041 ], [ -62.120395052856693, -31.754591930241553 ], [ -62.120408023656111, -31.75459632044376 ], [ -62.120424190735882, -31.754609024127749 ], [ -62.120440986644013, -31.754617592978004 ], [ -62.120457075902252, -31.754630242149251 ], [ -62.120468604902619, -31.754642771178208 ], [ -62.120480789501983, -31.754651194575576 ], [ -62.120497463824741, -31.754659689664948 ], [ -62.120517218076564, -31.754676375374526 ], [ -62.120534522109629, -31.75468077621041 ], [ -62.120554170236446, -31.754697389577199 ], [ -62.12056998407747, -31.754709834055063 ], [ -62.120591688032512, -31.754714289945291 ], [ -62.120608157554862, -31.754722674938542 ], [ -62.12062012290864, -31.754730959881456 ], [ -62.12064026767753, -31.754743403569158 ], [ -62.120662612782816, -31.754743828915821 ], [ -62.120687898833211, -31.754752332194339 ], [ -62.120704986530683, -31.754756662840762 ], [ -62.120726517975875, -31.7547610738579 ], [ -62.120746461065487, -31.754773439345975 ], [ -62.120759032513028, -31.754777666301543 ], [ -62.120775247589528, -31.754785940825656 ], [ -62.120793034551255, -31.754786276644495 ], [ -62.120813647704757, -31.754794619747813 ], [ -62.120825433760928, -31.75480272860295 ], [ -62.120842603525112, -31.754806877559265 ], [ -62.12086342120422, -31.754815023170426 ], [ -62.120879716052926, -31.754823108596224 ], [ -62.120897687279992, -31.754823301679785 ], [ -62.12091843584458, -31.754831423865483 ], [ -62.120936397997134, -31.754831617414514 ], [ -62.120952616614304, -31.754839679557257 ], [ -62.120975057024879, -31.754839921993714 ], [ -62.120995721924075, -31.75484802142195 ], [ -62.121018151291103, -31.754848264147139 ], [ -62.12104416329916, -31.754852479845695 ], [ -62.121057620043608, -31.754852626054127 ], [ -62.121079925935092, -31.75485293135776 ], [ -62.121093281694414, -31.7548531273567 ], [ -62.121122641216807, -31.754861387426789 ], [ -62.121138620855582, -31.754869439282718 ], [ -62.12115640112296, -31.754869700583196 ], [ -62.121160846338903, -31.754869765820317 ], [ -62.121191035142537, -31.754874113265181 ], [ -62.121208808874044, -31.754874374501544 ], [ -62.121226582895538, -31.754874635595769 ], [ -62.12124340993185, -31.754878783782974 ], [ -62.121265618736984, -31.754879110039266 ], [ -62.121282424634323, -31.754883254818871 ], [ -62.121299217490005, -31.754887396368009 ], [ -62.121322385110098, -31.75488384153191 ], [ -62.121423239581382, -31.754888178543744 ], [ -62.12146022942337, -31.754895669219085 ], [ -62.121489815478839, -31.754903045425021 ], [ -62.121512014768854, -31.754910347390599 ], [ -62.121548947318175, -31.754918053321692 ], [ -62.121585789199834, -31.754918826673343 ], [ -62.121607931290832, -31.75492621438606 ], [ -62.121652127923696, -31.754934057195193 ], [ -62.121710989714636, -31.754935290908652 ], [ -62.121733058816709, -31.754935753405576 ], [ -62.121777113948788, -31.754950485161711 ], [ -62.121821195512474, -31.754951407824379 ], [ -62.121850435415155, -31.754965800134009 ], [ -62.121879700603017, -31.754973236337431 ], [ -62.121909033089821, -31.754973667662309 ], [ -62.121938365715515, -31.754974098840453 ], [ -62.121982364348014, -31.754974745981119 ], [ -62.12201873050774, -31.754989109179082 ], [ -62.122062687464329, -31.754989755377938 ], [ -62.122091623930174, -31.75500398330399 ], [ -62.122120900955395, -31.755004413681764 ], [ -62.122157497093603, -31.755004952017188 ], [ -62.12217945476776, -31.75500527468644 ], [ -62.122222898919304, -31.755019500372008 ], [ -62.122252171794088, -31.755019748875526 ], [ -62.122280901427096, -31.755033745860199 ], [ -62.122317469043246, -31.755034057699362 ], [ -62.122353734993688, -31.755041234915836 ], [ -62.122404261383316, -31.755055384516801 ], [ -62.122447754835825, -31.755062607682348 ], [ -62.122483544837003, -31.755076597232616 ], [ -62.12250544369725, -31.755076785789669 ], [ -62.122563445884651, -31.755084118775752 ], [ -62.122592222683089, -31.755091193906178 ], [ -62.122643302367784, -31.755091635961715 ], [ -62.122665197947818, -31.755091825502433 ], [ -62.12270847436811, -31.755099172982753 ], [ -62.122744891127681, -31.755099704885506 ], [ -62.122752174598794, -31.755099811424344 ], [ -62.122810441936615, -31.755100662510376 ], [ -62.122854142414262, -31.755101300907405 ], [ -62.122889471869499, -31.75511535966908 ], [ -62.12292585619862, -31.75511589092314 ], [ -62.122962240776637, -31.75511642211044 ], [ -62.122990171080019, -31.755130348758943 ], [ -62.123076787402383, -31.755138363535551 ], [ -62.123105215560848, -31.755145522523716 ], [ -62.123127006952132, -31.755145840788419 ], [ -62.12314153477589, -31.755146053209881 ], [ -62.123191702337259, -31.755153523437791 ], [ -62.123227310555784, -31.755160775441379 ], [ -62.123262886543742, -31.755168020594745 ], [ -62.12329190252165, -31.755168444170732 ], [ -62.123334684252313, -31.755175788553093 ], [ -62.123377427191009, -31.755183126333485 ], [ -62.123406417703691, -31.755183549633934 ], [ -62.123435408341642, -31.755183972806751 ], [ -62.123470039236857, -31.755197887528549 ], [ -62.123513485941203, -31.755198521809394 ], [ -62.123535209577945, -31.755198839127932 ], [ -62.12358418781622, -31.755212940114237 ], [ -62.123627596181571, -31.755213573844554 ], [ -62.123641185815188, -31.755220455713605 ], [ -62.123683675834243, -31.755227753332928 ], [ -62.123726128127224, -31.755235044171929 ], [ -62.123755028572198, -31.755235466288575 ], [ -62.123790207493649, -31.755242645065877 ], [ -62.123840760549065, -31.755243383132814 ], [ -62.123862426143049, -31.755243699569927 ], [ -62.123898535369115, -31.755244226357817 ], [ -62.123941867178132, -31.755244859281305 ], [ -62.123985199159662, -31.755245491698542 ], [ -62.124035752955422, -31.755246229639159 ], [ -62.124069719691725, -31.755260038305476 ], [ -62.12411301340326, -31.755260670524176 ], [ -62.124155197410268, -31.755267933539677 ], [ -62.1241901347897, -31.755275084950647 ], [ -62.124210629262599, -31.755282019795381 ], [ -62.124244363779255, -31.755295765121495 ], [ -62.124271787624821, -31.755302999710747 ], [ -62.124299093099189, -31.75531031182398 ], [ -62.124326367740565, -31.755317615822218 ], [ -62.124354791081913, -31.75531834507715 ], [ -62.124382013692824, -31.755325639164457 ], [ -62.124410409624389, -31.755326366432538 ], [ -62.124438798081698, -31.755327093778149 ], [ -62.124474272344187, -31.755328002433725 ], [ -62.12450973554278, -31.755328911001445 ], [ -62.124535577700271, -31.755342737166394 ], [ -62.124570987878101, -31.755343642099721 ], [ -62.124606387129695, -31.755344546873175 ], [ -62.124641773990611, -31.755345451099817 ], [ -62.124655925537617, -31.755345812798254 ], [ -62.124705441013056, -31.755347078205972 ], [ -62.124740795017523, -31.755347981034834 ], [ -62.12477613746784, -31.755348884213856 ], [ -62.124817150952573, -31.755356497028387 ], [ -62.124838332883222, -31.755357037415003 ], [ -62.124873627183838, -31.755357938482717 ], [ -62.124899020601646, -31.755371693057011 ], [ -62.124941325751287, -31.755372757869839 ], [ -62.12496971101794, -31.755373325878853 ], [ -62.124983902938517, -31.755373610302804 ], [ -62.125033787052509, -31.755374443399702 ], [ -62.125055384522383, -31.755374643343949 ], [ -62.125098585720345, -31.755375043574436 ], [ -62.125124094164825, -31.755388503716848 ], [ -62.12516726840952, -31.755388904527642 ], [ -62.125210451607309, -31.755389305461524 ], [ -62.125246444329782, -31.755389639679336 ], [ -62.125260843680458, -31.755389773521898 ], [ -62.125329358814064, -31.755403615261116 ], [ -62.125365337682453, -31.755403950554349 ], [ -62.125401322880478, -31.755404285477368 ], [ -62.125422916856635, -31.755404487130324 ], [ -62.125457104730977, -31.755411400757865 ], [ -62.125491265020671, -31.755418309391562 ], [ -62.125532589891669, -31.755425279262234 ], [ -62.125552315586326, -31.755432041829426 ], [ -62.125581074001339, -31.755432311277726 ], [ -62.125631410927582, -31.755432782817074 ], [ -62.125652987651101, -31.755432984963548 ], [ -62.125688953875382, -31.755433322014468 ], [ -62.125732121649392, -31.755433726371933 ], [ -62.125757004938315, -31.755447103244286 ], [ -62.125792819107488, -31.755447517629907 ], [ -62.125831757145946, -31.755461138369224 ], [ -62.125867347866382, -31.755461660370376 ], [ -62.125895820477432, -31.755462077545769 ], [ -62.125924292923123, -31.755462494804167 ], [ -62.125948851125614, -31.755475880899596 ], [ -62.125977297789291, -31.755476297907705 ], [ -62.126094087301063, -31.755477976288752 ], [ -62.126143994850167, -31.755486243367677 ], [ -62.126211139426111, -31.755487226544364 ], [ -62.126303464031338, -31.755488577999447 ], [ -62.126379002452879, -31.755489682782997 ], [ -62.126446148070656, -31.755490665711836 ], [ -62.126479721108588, -31.755491157005562 ], [ -62.126504900914064, -31.755491525727322 ], [ -62.126563654906064, -31.755492387145164 ], [ -62.126614014470604, -31.755493124116221 ], [ -62.126664374076604, -31.755493861088144 ], [ -62.126714733853071, -31.755494598172341 ], [ -62.126748306956813, -31.755495089294193 ], [ -62.126781110100595, -31.755503099010618 ], [ -62.126856614687625, -31.755504203622074 ], [ -62.126898561951982, -31.75550481768531 ], [ -62.126930442084301, -31.755520322488366 ], [ -62.126997495568979, -31.755521303748786 ], [ -62.127038516334196, -31.755529410512612 ], [ -62.127088783618589, -31.755530145962041 ], [ -62.127155806572368, -31.755531125850869 ], [ -62.12719769626262, -31.755531738545486 ], [ -62.12723120807852, -31.75553222890052 ], [ -62.127306611141634, -31.755533332978452 ], [ -62.127346439890168, -31.755548912285299 ], [ -62.127396661331311, -31.755549647047665 ], [ -62.127413402048624, -31.755549891560065 ], [ -62.127469820604169, -31.755565686081219 ], [ -62.127501070878374, -31.755581084544552 ], [ -62.12754284488102, -31.75558169554073 ], [ -62.12759297426431, -31.755582428891675 ], [ -62.127615734555235, -31.755597675681262 ], [ -62.12767416462502, -31.755598529942393 ], [ -62.127715898949774, -31.755599139588597 ], [ -62.127782677300061, -31.755600116200224 ], [ -62.127807719381678, -31.755600482254092 ], [ -62.127841108060629, -31.755600970808221 ], [ -62.127898258037419, -31.755609252885833 ], [ -62.127930336271021, -31.755617161494357 ], [ -62.127972034178988, -31.755617771179896 ], [ -62.128020756872409, -31.755625898160361 ], [ -62.128052877516957, -31.755633686957356 ], [ -62.128094761851898, -31.755634117174196 ], [ -62.128143591495949, -31.755642072249135 ], [ -62.128151967122491, -31.755642158494652 ], [ -62.128200757721579, -31.755650107291135 ], [ -62.128291368340534, -31.755658482094507 ], [ -62.128333232832198, -31.755658913537481 ], [ -62.128375104183661, -31.755659346378078 ], [ -62.128408606517638, -31.755659691613118 ], [ -62.128467246238486, -31.75566029604996 ], [ -62.128517520242404, -31.755660814137933 ], [ -62.128534280292378, -31.755660987084692 ], [ -62.128601332349, -31.755661678237367 ], [ -62.128634865257425, -31.755662023805343 ], [ -62.128685172302305, -31.755662542222584 ], [ -62.128718716390082, -31.7556628876807 ], [ -62.128776943306526, -31.75566379961575 ], [ -62.12882660072691, -31.755664737098314 ], [ -62.12887458488359, -31.755673018716582 ], [ -62.128905986189892, -31.755680979225524 ], [ -62.128963838854844, -31.755682069483349 ], [ -62.129011693839487, -31.755690331760043 ], [ -62.129059503442221, -31.755698582709584 ], [ -62.129067816832425, -31.755698703709214 ], [ -62.129117695506189, -31.755699428902187 ], [ -62.129140844408631, -31.755707111823487 ], [ -62.129197196373241, -31.755715271756038 ], [ -62.129222114173778, -31.755715633967533 ], [ -62.129247032785607, -31.755715996928828 ], [ -62.129284855075554, -31.75573120679093 ], [ -62.129351244834766, -31.755732172381645 ], [ -62.129397233793895, -31.755747475735955 ], [ -62.129438690946316, -31.75574807857318 ], [ -62.12945527378924, -31.75574831969336 ], [ -62.129538392965593, -31.755749424029052 ], [ -62.129613641149035, -31.755750206224047 ], [ -62.129661723263219, -31.755758046778233 ], [ -62.129686804420835, -31.755758307669261 ], [ -62.129709769927985, -31.755765881317579 ], [ -62.129767889379636, -31.755766675334069 ], [ -62.129812920420868, -31.755782168392084 ], [ -62.129845743597912, -31.755782784211561 ], [ -62.129890648597041, -31.755798244315628 ], [ -62.129939822000509, -31.755799164961385 ], [ -62.129972598576821, -31.755799778456019 ], [ -62.13001732511119, -31.75581520405682 ], [ -62.13001953954474, -31.755807954457719 ], [ -62.130136144066526, -31.755837332963278 ], [ -62.130261698682091, -31.755839820223724 ], [ -62.130359321185878, -31.755841752224299 ], [ -62.130442906821109, -31.755856111485404 ], [ -62.130498628098621, -31.755856922261277 ], [ -62.130568025211552, -31.755883412589927 ], [ -62.130651531869283, -31.755884626922452 ], [ -62.130693285774093, -31.755885234257473 ], [ -62.130790710434781, -31.755886651613189 ], [ -62.130874218366245, -31.755887865488944 ], [ -62.130901775189855, -31.755900989318377 ], [ -62.131013068950281, -31.755902608487649 ], [ -62.131110453287818, -31.755904026086426 ], [ -62.131221747599447, -31.755905645788001 ], [ -62.131277395881312, -31.755906453989795 ], [ -62.131346474845749, -31.755920170603872 ], [ -62.131401592292825, -31.755933671895214 ], [ -62.131443290930449, -31.755934278492415 ], [ -62.131540018619319, -31.755948373061905 ], [ -62.131665057248313, -31.755950190338666 ], [ -62.131748416727383, -31.755951401987378 ], [ -62.131803300942146, -31.755964875996337 ], [ -62.131858777086599, -31.755965954459239 ], [ -62.131913508448697, -31.755979695168634 ], [ -62.131940494335929, -31.755992818561737 ], [ -62.131981304721499, -31.756006192430515 ], [ -62.132105894776231, -31.756008624036202 ], [ -62.132175095329892, -31.756009974288332 ], [ -62.13224428481989, -31.756011324854448 ], [ -62.132327297016879, -31.756012944468484 ], [ -62.13239646176244, -31.756014295146706 ], [ -62.132437954799798, -31.756015104521882 ], [ -62.13253478958724, -31.756016924108032 ], [ -62.132618117332655, -31.756017713487914 ], [ -62.132659787923714, -31.756018108465931 ], [ -62.132728112876116, -31.75603144543437 ], [ -62.132825331701675, -31.756032367952475 ], [ -62.13289478785245, -31.756033027255455 ], [ -62.13297815108087, -31.756033818159644 ], [ -62.133047632997531, -31.756034477580414 ], [ -62.133131027193031, -31.756035269115795 ], [ -62.133203255013285, -31.756010549994457 ], [ -62.133273990963545, -31.755998895285131 ], [ -62.133332275026149, -31.755974396012725 ], [ -62.133401744449763, -31.755975404149211 ], [ -62.133460191338195, -31.755950861934046 ], [ -62.133543630273643, -31.75595207197474 ], [ -62.1336146696434, -31.755940390006064 ], [ -62.133684234297775, -31.755941398988444 ], [ -62.133743017181551, -31.755916792444502 ], [ -62.133800313300348, -31.755904876238439 ], [ -62.133857660885496, -31.755892949281346 ], [ -62.133929006031657, -31.755881214454938 ], [ -62.133942950820376, -31.755881415896297 ], [ -62.134042269421002, -31.755870073615007 ], [ -62.134157395459368, -31.755846144460705 ], [ -62.134215037032348, -31.755834162268908 ], [ -62.134272731504431, -31.755822170067823 ], [ -62.134316495124004, -31.755809964088883 ], [ -62.134388274639647, -31.755798149076711 ], [ -62.134488114431242, -31.755786732512046 ], [ -62.134544097634915, -31.755787543906877 ], [ -62.13466004965035, -31.755763462200367 ], [ -62.134776215921896, -31.755739335802041 ], [ -62.13492066247241, -31.755715571008938 ], [ -62.134978949694585, -31.755703473142447 ], [ -62.135021072734894, -31.755704083848936 ], [ -62.135125996928871, -31.755666693356432 ], [ -62.135182237077665, -31.75566750709115 ], [ -62.135257191545136, -31.755642485409656 ], [ -62.135375107430761, -31.75561748153601 ], [ -62.135474297736707, -31.755618359169976 ], [ -62.135533410178333, -31.755605836238615 ], [ -62.135575953111321, -31.755606211347171 ], [ -62.135720306265938, -31.75559442542886 ], [ -62.135833869928284, -31.755595426577756 ], [ -62.135879048553498, -31.755582748844038 ], [ -62.135966654880754, -31.755570667752696 ], [ -62.136028429320476, -31.755545347386562 ], [ -62.136056703974653, -31.755545756572552 ], [ -62.136144222467657, -31.75553389761118 ], [ -62.136220951368728, -31.755508244960719 ], [ -62.13634024777258, -31.75548589603007 ], [ -62.136486257367167, -31.755468383171163 ], [ -62.136515612043844, -31.755455931137256 ], [ -62.136552259099545, -31.755449935210315 ], [ -62.13658894531148, -31.755443932898849 ], [ -62.136603587942481, -31.755444092191222 ], [ -62.136662563257659, -31.75542567614179 ], [ -62.136706553675772, -31.755426314090563 ], [ -62.136750892802588, -31.75541410208718 ], [ -62.136780619689532, -31.755401653799353 ], [ -62.136817344640399, -31.755402186576557 ], [ -62.136847158821958, -31.75538971626381 ], [ -62.136884150901473, -31.755383792524309 ], [ -62.136921427509705, -31.755371395282619 ], [ -62.136966139513035, -31.755359082745734 ], [ -62.137002980737222, -31.755359616846498 ], [ -62.137069931640191, -31.755347603268092 ], [ -62.137099763969879, -31.755341534478916 ], [ -62.137137004370899, -31.755335567884131 ], [ -62.137181663652377, -31.755329702254691 ], [ -62.137211970997448, -31.755317098288412 ], [ -62.13727891011375, -31.755311537729202 ], [ -62.137316728929918, -31.755299061810017 ], [ -62.13734671976772, -31.755293091805786 ], [ -62.137391524919295, -31.755287389699649 ], [ -62.137422036275233, -31.755274881977595 ], [ -62.13745903240968, -31.755275564918676 ], [ -62.137503924363756, -31.755269850852287 ], [ -62.137541444460069, -31.755263995927638 ], [ -62.137578991798755, -31.755258136780323 ], [ -62.137609710916436, -31.755245582292986 ], [ -62.137646758450963, -31.755246268798626 ], [ -62.137692384252503, -31.755233970403658 ], [ -62.137730056549287, -31.755228089642451 ], [ -62.137745500435905, -31.755221790612172 ], [ -62.137790641448852, -31.755216038397926 ] ] ] } },
{ "type": "Feature", "properties": { "Nombre": "Secundario crispi Sur Tramo superio", "Estado": "Finalizado", "Datos": "7,9 km de limpieza", "C Cuenca": "Comite Canal Principal Sastre", "Tipo": null, "Region": null, "Cuenca": null, "Obra": null, "Código": null, "Localidad": "Las Petacas", "Direccion": null, "Resp.": null, "Dpto": "San Martin", "Long (Km)": 7.9 }, "geometry": { "type": "MultiLineString", "coordinates": [ [ [ -62.058729731807524, -31.763249737727783 ], [ -62.066267831055967, -31.763743119545218 ], [ -62.067556513485435, -31.763785523806174 ], [ -62.067691146047338, -31.763793807320823 ], [ -62.06772481862405, -31.763824473817486 ], [ -62.067741362456893, -31.763939413676393 ], [ -62.06784609848787, -31.763962278273059 ], [ -62.067998028195305, -31.763943455947967 ], [ -62.071734551427653, -31.763284607155814 ], [ -62.072103926249774, -31.763257252535009 ], [ -62.072372192002717, -31.763353380043483 ], [ -62.072720618788004, -31.763434654941669 ], [ -62.073151208031568, -31.763615488958532 ], [ -62.073886531293688, -31.764091210758668 ], [ -62.077784661217279, -31.764430274421386 ], [ -62.080616329979989, -31.764593566455385 ], [ -62.082122748454857, -31.764794107740197 ], [ -62.08526651285429, -31.765491979717922 ], [ -62.087635895122631, -31.76591861441781 ], [ -62.088412471852941, -31.766013263924457 ], [ -62.093517432256291, -31.766163121756875 ], [ -62.100209759121142, -31.767180543168635 ], [ -62.109322024344046, -31.768171200032185 ], [ -62.109981977744482, -31.768263320982218 ], [ -62.114160403866123, -31.769122396686257 ], [ -62.115496223746113, -31.769181975463439 ], [ -62.11749300901873, -31.769299294323261 ], [ -62.119857808108755, -31.769520782042221 ], [ -62.12227829555335, -31.769678961841453 ], [ -62.124323446550562, -31.769804204778278 ], [ -62.126446199490047, -31.769944934192605 ], [ -62.127808507020745, -31.770098352919501 ], [ -62.1304258680562, -31.770897483193217 ], [ -62.130636252963356, -31.770918125030789 ], [ -62.130903425161229, -31.770894426378195 ], [ -62.131548019522995, -31.770847468213535 ], [ -62.132183243019057, -31.771262442149972 ], [ -62.135914981336171, -31.77295081191091 ], [ -62.139325802945031, -31.77439540270408 ], [ -62.139582283830705, -31.774369635700211 ], [ -62.139655107435793, -31.774513445366981 ] ] ] } },
{ "type": "Feature", "properties": { "Nombre": "Secundario Stampanoni", "Estado": "Finalizado", "Datos": "3,5 km de limpieza", "C Cuenca": "Comite Canal Principal Sastre", "Tipo": null, "Region": null, "Cuenca": null, "Obra": null, "Código": null, "Localidad": "Crispi", "Direccion": null, "Resp.": null, "Dpto": "San Martin", "Long (Km)": 3.56 }, "geometry": { "type": "MultiLineString", "coordinates": [ [ [ -61.933553731697131, -31.79704162927467 ], [ -61.933679989353713, -31.797084541200409 ], [ -61.933871682067114, -31.79708089761856 ], [ -61.934103630844511, -31.7972163641737 ], [ -61.934200092004914, -31.797312509286797 ], [ -61.934224735180351, -31.797386746037432 ], [ -61.934272575024629, -31.797622357665276 ], [ -61.934338525560825, -31.797859860807318 ], [ -61.934373569600901, -31.797936538668612 ], [ -61.934425969043673, -31.797970764184655 ], [ -61.934480066106872, -31.797983653102428 ], [ -61.934526710901103, -31.797994585622227 ], [ -61.937333524227178, -31.798183357069451 ], [ -61.940366388607359, -31.798376950689654 ], [ -61.941196571893499, -31.798377922522704 ], [ -61.942180580218789, -31.798287853362403 ], [ -61.943977938735131, -31.798183069976449 ], [ -61.948282771885189, -31.798268606608076 ], [ -61.951500934675316, -31.798309483680587 ], [ -61.955165739188999, -31.798332993147049 ], [ -61.959342731489848, -31.798578110450123 ], [ -61.970375928510592, -31.799206816178543 ] ] ] } },
{ "type": "Feature", "properties": { "Nombre": "Prolongacion secundario Girelli", "Estado": "Finalizado", "Datos": "1,1 km de transparentizacion", "C Cuenca": "Comite Canal Principal Sastre", "Tipo": null, "Region": null, "Cuenca": null, "Obra": null, "Código": null, "Localidad": "Castelar", "Direccion": null, "Resp.": null, "Dpto": "San Martin", "Long (Km)": 1.15 }, "geometry": { "type": "MultiLineString", "coordinates": [ [ [ -62.095479387043497, -31.649175561130622 ], [ -62.095549438703536, -31.649391805242097 ], [ -62.095671242161785, -31.649533614788645 ], [ -62.095750710102109, -31.649612366791082 ], [ -62.095821377022332, -31.649702081431499 ], [ -62.095931830825954, -31.649835026275714 ], [ -62.096064905249349, -31.649924150080121 ], [ -62.100591819881018, -31.652883245273248 ], [ -62.100795982362385, -31.653057140966258 ], [ -62.101952246792763, -31.65412802283884 ], [ -62.104652299004648, -31.655837272617106 ] ] ] } },
{ "type": "Feature", "properties": { "Nombre": "Canal Terc. Puricelli", "Estado": "Finalizado", "Datos": "6,2 km de Limpieza y Corrección Traza", "C Cuenca": "Comite Canal Principal Sastre", "Tipo": null, "Region": null, "Cuenca": null, "Obra": null, "Código": null, "Localidad": "Crispi", "Direccion": null, "Resp.": null, "Dpto": "San Martin", "Long (Km)": 6.18 }, "geometry": { "type": "MultiLineString", "coordinates": [ [ [ -61.970380640482468, -31.799205092328844 ], [ -61.970948074633746, -31.801762165740247 ], [ -61.973331638677408, -31.812154879300714 ], [ -61.976748725878963, -31.814515698762744 ], [ -61.976899832827264, -31.814646716051111 ], [ -61.979471221988128, -31.815827521400102 ], [ -61.984014525564184, -31.817724826312368 ], [ -61.984030912089239, -31.817877426162124 ], [ -61.985363331962908, -31.817658972482246 ], [ -61.985727264621978, -31.819162383633568 ], [ -61.985894370783782, -31.819176980386111 ], [ -61.997227446260545, -31.821746497452288 ], [ -61.998651196154128, -31.82206629104455 ], [ -62.000492598779886, -31.822278308157795 ], [ -62.001392691413805, -31.822332948460041 ], [ -62.008304788834501, -31.823132743327992 ], [ -62.011353999243148, -31.823511566225328 ], [ -62.012218612844038, -31.823689197209809 ], [ -62.0183643594074, -31.826241216456594 ] ] ] } },
{ "type": "Feature", "properties": { "Nombre": "Canal Interceptor 2 (Crispi)", "Estado": "Finalizado", "Datos": "3,4 km de limpieza", "C Cuenca": "Comite Canal Principal Sastre", "Tipo": null, "Region": null, "Cuenca": null, "Obra": null, "Código": null, "Localidad": "Crispi", "Direccion": null, "Resp.": null, "Dpto": "San Martin", "Long (Km)": 3.41 }, "geometry": { "type": "MultiLineString", "coordinates": [ [ [ -62.042717287164486, -31.742955977707421 ], [ -62.041884113018554, -31.743102684690662 ], [ -62.04094647086594, -31.743278587365872 ], [ -62.040184197538167, -31.743411589697704 ], [ -62.03926285886849, -31.743573302797607 ], [ -62.038256437091235, -31.743757066200065 ], [ -62.037257034271022, -31.743937075545595 ], [ -62.036237436055522, -31.744112755114198 ], [ -62.035884443573657, -31.744181777351308 ], [ -62.032790405804271, -31.744723111372437 ], [ -62.032769101122568, -31.744725254261166 ], [ -62.032603529889045, -31.744753426640468 ], [ -62.032551798350035, -31.744514437731645 ], [ -62.032442499747013, -31.744074360295123 ], [ -62.032306761595741, -31.743483612123274 ], [ -62.030579761862469, -31.736084861272651 ], [ -62.030539568694259, -31.736032037130478 ], [ -62.030459434238665, -31.736024023265497 ], [ -62.030340179954081, -31.735998505303467 ], [ -62.03023896703683, -31.735957754671858 ], [ -62.030204703054679, -31.735925233370246 ], [ -62.03014639871131, -31.735679966034578 ], [ -62.031476988440652, -31.735445338672321 ], [ -62.032141909791179, -31.735307943973829 ], [ -62.032196105754046, -31.735285107834034 ], [ -62.032199596314591, -31.735210545201411 ], [ -62.032163270886898, -31.735065609060051 ], [ -62.030982862917803, -31.730186649712802 ], [ -62.030572747655143, -31.728534929925054 ], [ -62.030368647747899, -31.727651452364178 ], [ -62.030181039372927, -31.726854221089511 ], [ -62.030007235955985, -31.726186343507862 ], [ -62.029885552895209, -31.72567427359936 ], [ -62.02969622097708, -31.724864334443538 ] ] ] } },
{ "type": "Feature", "properties": { "Nombre": "Canal Principal Sastre 2024", "Estado": "Finalizado", "Datos": "20 km de limpieza", "C Cuenca": "Comite Canal Principal Sastre", "Tipo": null, "Region": null, "Cuenca": null, "Obra": null, "Código": null, "Localidad": "Sastre", "Direccion": null, "Resp.": null, "Dpto": "San Martin", "Long (Km)": 20.02 }, "geometry": { "type": "MultiLineString", "coordinates": [ [ [ -61.899997195728069, -31.801159056912631 ], [ -61.903063522360078, -31.800670099141055 ], [ -61.906691832589779, -31.80006829343003 ], [ -61.907550255567564, -31.799907612914343 ], [ -61.908215811104654, -31.799804060880533 ], [ -61.90873669303712, -31.799753535748682 ], [ -61.909445372039464, -31.799713353637589 ], [ -61.910333032760562, -31.799643561278529 ], [ -61.911487209798793, -31.799599968643918 ], [ -61.913111213310451, -31.799540015631496 ], [ -61.91436379116373, -31.799487821852125 ], [ -61.916071908750212, -31.799414507950921 ], [ -61.91730601429164, -31.799391214146596 ], [ -61.918681961961745, -31.799362339365995 ], [ -61.920401980249771, -31.799299166491409 ], [ -61.920625422627566, -31.799300141692076 ], [ -61.92079804413914, -31.799316360515473 ], [ -61.921167396152192, -31.799309894592295 ], [ -61.921319016537716, -31.799290471061088 ], [ -61.921655725102148, -31.799210659147739 ], [ -61.922047195557099, -31.799156671448014 ], [ -61.922587143944845, -31.799060181044041 ], [ -61.926370466590093, -31.798427948859651 ], [ -61.929503082351971, -31.797867779037158 ], [ -61.932734649233623, -31.79731204468316 ], [ -61.933189488560657, -31.797230718706786 ], [ -61.933351217429113, -31.797171453210108 ], [ -61.933510216151475, -31.797089889574547 ], [ -61.933639224331863, -31.796966983436466 ], [ -61.933775526754516, -31.79683666800064 ], [ -61.933830025440614, -31.796717065932562 ], [ -61.933919124459536, -31.796527490889993 ], [ -61.933951992483962, -31.796404488674707 ], [ -61.933933059821328, -31.79624942994224 ], [ -61.933895689530068, -31.796049680851208 ], [ -61.933811508763888, -31.795713980143205 ], [ -61.931937100065262, -31.787864983671962 ], [ -61.927530379685258, -31.769555246489428 ], [ -61.927440291027324, -31.769185785070668 ], [ -61.925483761551405, -31.760999955550229 ], [ -61.925582273291731, -31.760554125093567 ], [ -61.925760871860739, -31.760310314010876 ], [ -61.926068809467033, -31.760114545382557 ], [ -61.926426409779438, -31.760036435716959 ], [ -61.926669351402396, -31.759988086973031 ], [ -61.927017145585118, -31.759935694491386 ], [ -61.944162152275553, -31.756918586181346 ], [ -61.944425465059908, -31.756818654501078 ], [ -61.944584834806612, -31.75673063880706 ], [ -61.944754594284866, -31.756546124696371 ], [ -61.944862828132855, -31.756377865940006 ], [ -61.944931694110302, -31.756181161785857 ], [ -61.944918748169364, -31.755852094267428 ], [ -61.944844490633734, -31.755498559248203 ], [ -61.943030900405461, -31.747793193695095 ], [ -61.941370303837701, -31.740289947646822 ], [ -61.941361469491369, -31.74011645825798 ], [ -61.94138757045598, -31.739919998770535 ], [ -61.941468982749555, -31.739736627584026 ], [ -61.941603617567289, -31.739576011804726 ], [ -61.941731976652129, -31.739446966109508 ], [ -61.941858496720791, -31.739355373204535 ], [ -61.942051663142124, -31.739284195209308 ], [ -61.942278412135401, -31.73921890219912 ], [ -61.942741810387368, -31.739140982475313 ], [ -61.963308340383335, -31.735446840256216 ], [ -61.9637535108657, -31.735357327194052 ], [ -61.964051436369061, -31.735259724594176 ], [ -61.964278167318085, -31.735095539079392 ], [ -61.964444410365665, -31.73488573085471 ], [ -61.964559050270537, -31.734643438565602 ], [ -61.964580734489623, -31.734361574112381 ], [ -61.964580236875683, -31.734192400688045 ], [ -61.964515738114329, -31.733899068794852 ], [ -61.961819575830546, -31.723047104418352 ], [ -61.953330500740051, -31.688331136293545 ], [ -61.953334694047349, -31.688098348245475 ], [ -61.953395133407952, -31.687920841807344 ], [ -61.953489727882832, -31.687744284151655 ], [ -61.953627854915823, -31.687604911266249 ], [ -61.9537641449201, -31.687487646049338 ], [ -61.953966832415226, -31.687367767180383 ], [ -61.954147667803689, -31.687294068061668 ], [ -61.954441120057176, -31.687240545531221 ], [ -61.954982705114055, -31.687148109198272 ], [ -61.966326383925391, -31.68508229677467 ] ] ] } },
{ "type": "Feature", "properties": { "Nombre": "Limpieza cunetas Ruta Pcial. N° 69 - S", "Estado": "Finalizado", "Datos": null, "C Cuenca": "Comite Arroyo Cululu Zona Norte", "Tipo": null, "Region": null, "Cuenca": null, "Obra": null, "Código": null, "Localidad": "La Pelada", "Direccion": null, "Resp.": null, "Dpto": "Las Colonias", "Long (Km)": 3.93 }, "geometry": { "type": "MultiLineString", "coordinates": [ [ [ -61.071188, -30.843869099998759 ], [ -61.048571600000081, -30.847553599998715 ], [ -61.030847500000078, -30.850501099998738 ] ] ] } },
{ "type": "Feature", "properties": { "Nombre": "Limpieza cuneta Ruta Pcial. N° 76 - S", "Estado": "Finalizado", "Datos": null, "C Cuenca": "Comité de Arrpyp Cululu Zona Norte", "Tipo": null, "Region": null, "Cuenca": null, "Obra": null, "Código": null, "Localidad": "Elisa", "Direccion": null, "Resp.": null, "Dpto": "Las Colonias", "Long (Km)": 0.2 }, "geometry": { "type": "MultiLineString", "coordinates": [ [ [ -61.136264100000062, -30.674328199999067 ], [ -61.134220300000081, -30.674674199999096 ] ] ] } },
{ "type": "Feature", "properties": { "Nombre": "Limpieza canal Sec. Estancia La Pelada", "Estado": "En Ejecucion", "Datos": null, "C Cuenca": "Comite Arroyo Cululu Zona Norte", "Tipo": null, "Region": null, "Cuenca": null, "Obra": null, "Código": null, "Localidad": "La Pelada", "Direccion": null, "Resp.": null, "Dpto": "Las Colonias", "Long (Km)": 1.75 }, "geometry": { "type": "MultiLineString", "coordinates": [ [ [ -60.930139500000081, -30.942206499998555 ], [ -60.929302700000072, -30.939114599998547 ], [ -60.928744800000054, -30.937089999998541 ], [ -60.92810110000007, -30.935212699998555 ], [ -60.927564600000103, -30.933482599998563 ], [ -60.927414400000082, -30.932488699998597 ], [ -60.927393, -30.93215739999858 ], [ -60.926856500000063, -30.928402499998622 ], [ -60.92655610000007, -30.926782699998586 ] ] ] } },
{ "type": "Feature", "properties": { "Nombre": "Limpieza cuneta camino central - Emergencia", "Estado": "Finalizado", "Datos": null, "C Cuenca": "Comite Arroyo Cululu Zona Norte", "Tipo": null, "Region": null, "Cuenca": null, "Obra": null, "Código": null, "Localidad": "Providencia", "Direccion": null, "Resp.": null, "Dpto": "Las Colonias", "Long (Km)": 2.61 }, "geometry": { "type": "MultiLineString", "coordinates": [ [ [ -61.01446690000008, -30.953971699998526 ], [ -61.019702600000066, -30.977118199998472 ] ] ] } },
{ "type": "Feature", "properties": { "Nombre": "Desmonte camino intercomunal", "Estado": "Finalizado", "Datos": null, "C Cuenca": "Comite Arroyo Cululu Zona Norte", "Tipo": null, "Region": null, "Cuenca": null, "Obra": null, "Código": null, "Localidad": "Sotomayor", "Direccion": null, "Resp.": null, "Dpto": "Las Colonias", "Long (Km)": 1.24 }, "geometry": { "type": "MultiLineString", "coordinates": [ [ [ -61.113818600000073, -30.97370099999851 ], [ -61.116178900000058, -30.984683899998473 ] ] ] } },
{ "type": "Feature", "properties": { "Nombre": "Limpieza camino Graffione", "Estado": "Finalizado", "Datos": null, "C Cuenca": "Comite Arroyo Cululu Zona Norte", "Tipo": null, "Region": null, "Cuenca": null, "Obra": null, "Código": null, "Localidad": "Providencia", "Direccion": null, "Resp.": null, "Dpto": "Las Colonias", "Long (Km)": 0.36 }, "geometry": { "type": "MultiLineString", "coordinates": [ [ [ -61.037515800000072, -31.006685499998426 ], [ -61.038202400000074, -31.009857999998438 ] ] ] } },
{ "type": "Feature", "properties": { "Nombre": "Desmonte camino comunal", "Estado": "Finalizado", "Datos": null, "C Cuenca": "Comité de Arrpyp Cululu Zona Norte", "Tipo": null, "Region": null, "Cuenca": null, "Obra": null, "Código": null, "Localidad": "Colonia Ituzango", "Direccion": null, "Resp.": null, "Dpto": "Las Colonias", "Long (Km)": 2.99 }, "geometry": { "type": "MultiLineString", "coordinates": [ [ [ -61.211781317787171, -30.7568419446233 ], [ -61.181150400000085, -30.761934099998907 ] ] ] } },
{ "type": "Feature", "properties": { "Nombre": "Limpieza y desmonte camino central", "Estado": "Finalizado", "Datos": null, "C Cuenca": "Comité de Arrpyp Cululu Zona Norte", "Tipo": null, "Region": null, "Cuenca": null, "Obra": null, "Código": null, "Localidad": "Colonua Ituzango", "Direccion": null, "Resp.": null, "Dpto": "Las Colonias", "Long (Km)": 0.99 }, "geometry": { "type": "MultiLineString", "coordinates": [ [ [ -61.168807600000065, -30.754946599998917 ], [ -61.17082460000006, -30.763668299998887 ] ] ] } },
{ "type": "Feature", "properties": { "Nombre": "Limpieza canal Sec. Estancia La Pelada", "Estado": "En Ejecucion", "Datos": null, "C Cuenca": "Comite Arroyo Cululu Zona Norte", "Tipo": null, "Region": null, "Cuenca": null, "Obra": null, "Código": null, "Localidad": "La Pelada", "Direccion": null, "Resp.": null, "Dpto": "Las Colonias", "Long (Km)": 2.03 }, "geometry": { "type": "MultiLineString", "coordinates": [ [ [ -60.92655610000007, -30.926782699998586 ], [ -60.926361800000073, -30.926124299998602 ], [ -60.926275900000071, -30.925498499998582 ], [ -60.92606140000008, -30.924798999998572 ], [ -60.925911200000073, -30.924228399998558 ], [ -60.925825300000078, -30.92369459999858 ], [ -60.925889700000091, -30.923197599998574 ], [ -60.925782400000081, -30.922737399998592 ], [ -60.925739500000063, -30.922240399998618 ], [ -60.925610800000065, -30.921816999998612 ], [ -60.925524900000084, -30.921356799998598 ], [ -60.925439100000084, -30.920730899998595 ], [ -60.925353300000083, -30.920344299998582 ], [ -60.92516010000007, -30.919865699998603 ], [ -60.924945600000072, -30.9192950999986 ], [ -60.924752500000075, -30.918724399998581 ], [ -60.924537900000068, -30.918153699998587 ], [ -60.924323300000076, -30.917527899998614 ], [ -60.92415160000008, -30.916993999998596 ], [ -60.924130200000064, -30.915926299998613 ], [ -60.924087300000075, -30.915042599998586 ], [ -60.924022900000068, -30.914324699998613 ], [ -60.924108700000083, -30.91353309999861 ], [ -60.924323300000076, -30.912870299998641 ], [ -60.924559300000055, -30.911986699998625 ], [ -60.924795400000072, -30.910716399998616 ], [ -60.924945600000072, -30.909777499998608 ], [ -60.925203100000061, -30.908856999998619 ] ] ] } },
{ "type": "Feature", "properties": { "Nombre": "Limpieza canal Sec. Estancia La Pelada", "Estado": "Finalizado", "Datos": null, "C Cuenca": "Comite Arroyo Cululu Zona Norte", "Tipo": null, "Region": null, "Cuenca": null, "Obra": null, "Código": null, "Localidad": "La Pelada", "Direccion": null, "Resp.": null, "Dpto": "Las Colonias", "Long (Km)": 5.11 }, "geometry": { "type": "MultiLineString", "coordinates": [ [ [ -60.925203100000061, -30.908856999998619 ], [ -60.925308900000083, -30.907847899998604 ], [ -60.926832400000059, -30.904257799998629 ], [ -60.927089900000084, -30.903539699998621 ], [ -60.927433200000074, -30.902637599998613 ], [ -60.927325900000078, -30.897500599998626 ], [ -60.927025500000056, -30.896395899998662 ], [ -60.926617800000066, -30.895806599998636 ], [ -60.927583400000081, -30.895051699998646 ], [ -60.929106900000058, -30.889969599998636 ], [ -60.929643400000081, -30.889104099998676 ], [ -60.930523100000066, -30.888257099998658 ], [ -60.932368500000081, -30.887023299998678 ], [ -60.933698900000074, -30.886213099998656 ], [ -60.935243800000094, -30.884389999998668 ], [ -60.937132100000092, -30.881553999998669 ], [ -60.943805400000073, -30.880264899998657 ], [ -60.952774700000077, -30.878515399998687 ], [ -60.954255300000071, -30.878257599998669 ] ] ] } },
{ "type": "Feature", "properties": { "Nombre": "Canal La Paloma", "Estado": "Finalizado", "Datos": null, "C Cuenca": "Comite Las Calaveras y Las Penquitas", "Tipo": null, "Region": null, "Cuenca": null, "Obra": null, "Código": null, "Localidad": "Felicia", "Direccion": null, "Resp.": null, "Dpto": "Las Colonias", "Long (Km)": 2.99 }, "geometry": { "type": "MultiLineString", "coordinates": [ [ [ -61.241957100000072, -31.190590299998064 ], [ -61.243802400000085, -31.19038839999806 ], [ -61.244682200000057, -31.190626999998059 ], [ -61.245047000000106, -31.190553599998083 ], [ -61.245261600000056, -31.190333299998066 ], [ -61.245690700000061, -31.190406699998093 ], [ -61.246055500000068, -31.19025989999809 ], [ -61.24633440000008, -31.190314899998054 ], [ -61.246334400000094, -31.190608599998072 ], [ -61.24672070000009, -31.190608599998047 ], [ -61.24704250000007, -31.190333299998052 ], [ -61.247471700000077, -31.1903148999981 ], [ -61.247857900000078, -31.190131399998059 ], [ -61.248308500000057, -31.190351699998065 ], [ -61.248372900000078, -31.190902299998076 ], [ -61.248737700000071, -31.191104299998067 ], [ -61.249252700000071, -31.191195999998076 ], [ -61.249402900000064, -31.190828899998039 ], [ -61.249317100000077, -31.190461799998083 ], [ -61.249703300000071, -31.190333299998052 ], [ -61.250175400000067, -31.190351699998104 ], [ -61.250497200000083, -31.190498499998057 ], [ -61.250926400000083, -31.190204799998074 ], [ -61.251677400000091, -31.190204799998092 ], [ -61.252342600000084, -31.190388399998085 ], [ -61.25298630000006, -31.190296599998078 ], [ -61.253286700000068, -31.190553599998069 ], [ -61.254059200000057, -31.190333299998073 ], [ -61.25513210000009, -31.190223199998083 ], [ -61.255368100000062, -31.19066369999809 ], [ -61.255947500000097, -31.190883999998089 ], [ -61.256655600000073, -31.190663699998083 ], [ -61.257192, -31.190792199998075 ], [ -61.257513900000077, -31.190663699998066 ], [ -61.26137630000008, -31.190571899998098 ], [ -61.263071400000079, -31.190645399998068 ], [ -61.265732200000073, -31.190498499998064 ], [ -61.267212800000081, -31.190443399998074 ], [ -61.26794230000008, -31.190314899998068 ], [ -61.269315600000056, -31.190388399998064 ], [ -61.270066600000085, -31.19035169999805 ] ] ] } },
{ "type": "Feature", "properties": { "Nombre": "Desmonte Canal Ter Boidi", "Estado": "Finalizado", "Datos": null, "C Cuenca": "Comite Las Calaveras y Las Penquitas", "Tipo": null, "Region": null, "Cuenca": null, "Obra": null, "Código": null, "Localidad": "Presidente Roca", "Direccion": null, "Resp.": null, "Dpto": "Castellanos", "Long (Km)": 1.06 }, "geometry": { "type": "MultiLineString", "coordinates": [ [ [ -61.664342400000095, -31.159591999998128 ], [ -61.662261, -31.15022699999815 ] ] ] } },
{ "type": "Feature", "properties": { "Nombre": "Limpieza Canal Ppal Las Penquitas", "Estado": "Finalizado", "Datos": null, "C Cuenca": "Comite Las Calaveras y Las Penquitas", "Tipo": null, "Region": null, "Cuenca": null, "Obra": null, "Código": null, "Localidad": "Lehmann", "Direccion": null, "Resp.": null, "Dpto": "Castellanos", "Long (Km)": 6.77 }, "geometry": { "type": "MultiLineString", "coordinates": [ [ [ -61.534396700000094, -31.080937399998263 ], [ -61.547829200000059, -31.078474899998284 ], [ -61.554309400000086, -31.0751667999983 ], [ -61.556927300000055, -31.0744316999983 ], [ -61.562635, -31.074725799998291 ], [ -61.570574300000075, -31.074983099998295 ], [ -61.571818900000068, -31.075093299998308 ], [ -61.57490880000006, -31.074615499998295 ], [ -61.589671700000068, -31.076563599998281 ], [ -61.592890300000086, -31.076784099998275 ], [ -61.59585150000008, -31.0771516999983 ], [ -61.603533300000095, -31.076931099998291 ] ] ] } },
{ "type": "Feature", "properties": { "Nombre": "Limpieza Canal Gorlino", "Estado": "Finalizado", "Datos": null, "C Cuenca": "Comite Las Calaveras y Las Penquitas", "Tipo": null, "Region": null, "Cuenca": null, "Obra": null, "Código": null, "Localidad": "Presidente Roca", "Direccion": null, "Resp.": null, "Dpto": "Castellanos", "Long (Km)": 1.94 }, "geometry": { "type": "MultiLineString", "coordinates": [ [ [ -61.544695, -31.18692129999808 ], [ -61.549029500000081, -31.203991399998024 ] ] ] } },
{ "type": "Feature", "properties": { "Nombre": "Limpieza Canal Sec. Lopez ", "Estado": "Finalizado", "Datos": "Limpieza y reacondicionamiento alcantarillas", "C Cuenca": "Comite Las Calaveras y Las Penquitas", "Tipo": null, "Region": null, "Cuenca": null, "Obra": null, "Código": null, "Localidad": "Sarmiento", "Direccion": null, "Resp.": null, "Dpto": "Las Colonias", "Long (Km)": 4.0 }, "geometry": { "type": "MultiLineString", "coordinates": [ [ [ -61.203803300000104, -31.144802499998164 ], [ -61.206399700000077, -31.144563799998181 ], [ -61.208309400000054, -31.14443519999816 ], [ -61.208545400000062, -31.144802499998164 ], [ -61.210004600000076, -31.144710699998161 ], [ -61.213137400000079, -31.144527099998175 ], [ -61.21787950000008, -31.144398499998179 ], [ -61.227964600000071, -31.144343399998146 ], [ -61.235024200000083, -31.144031199998146 ], [ -61.239337200000065, -31.143829199998148 ], [ -61.241525900000077, -31.143774099998161 ], [ -61.245409700000067, -31.144416899998156 ] ] ] } },
{ "type": "Feature", "properties": { "Nombre": "Línea 176", "Estado": "Finalizado", "Datos": null, "C Cuenca": "Comite Las Calaveras y Las Penquitas", "Tipo": null, "Region": null, "Cuenca": null, "Obra": null, "Código": null, "Localidad": "Sarmiento", "Direccion": null, "Resp.": null, "Dpto": "Las Colonias", "Long (Km)": 0.98 }, "geometry": { "type": "MultiLineString", "coordinates": [ [ [ -61.180412600000061, -31.103677599998239 ], [ -61.178502900000069, -31.094968499998252 ] ] ] } },
{ "type": "Feature", "properties": { "Nombre": "Canal Ter Cervatto", "Estado": "Finalizado", "Datos": null, "C Cuenca": "Comite Las Calaveras y Las Penquitas", "Tipo": null, "Region": null, "Cuenca": null, "Obra": null, "Código": null, "Localidad": "Lehmann", "Direccion": null, "Resp.": null, "Dpto": "Castellanos", "Long (Km)": 2.53 }, "geometry": { "type": "MultiLineString", "coordinates": [ [ [ -61.533564400000074, -31.059201999998322 ], [ -61.534808900000073, -31.055304999998331 ], [ -61.552618800000083, -31.052253599998345 ], [ -61.554592900000095, -31.053246199998366 ], [ -61.555923300000082, -31.053246199998355 ] ] ] } },
{ "type": "Feature", "properties": { "Nombre": "Limpieza Canal Ppal Penquitas ", "Estado": "En Ejecucion", "Datos": null, "C Cuenca": "Comite Las Calaveras y Las Penquitas", "Tipo": null, "Region": null, "Cuenca": null, "Obra": null, "Código": null, "Localidad": "Esgusquiza", "Direccion": null, "Resp.": null, "Dpto": "Castellanos", "Long (Km)": 4.75 }, "geometry": { "type": "MultiLineString", "coordinates": [ [ [ -61.603533300000095, -31.076931099998291 ], [ -61.609810900000078, -31.076291299998292 ], [ -61.616162400000093, -31.076254599998265 ], [ -61.618050700000083, -31.076769199998264 ], [ -61.618651500000084, -31.077026499998293 ], [ -61.624101700000075, -31.076144299998266 ], [ -61.624960100000074, -31.076916199998273 ], [ -61.631526100000059, -31.075850299998287 ], [ -61.631883400000078, -31.075938999998293 ], [ -61.632194500000068, -31.076453599998317 ], [ -61.635531200000067, -31.07599409999828 ], [ -61.635981800000089, -31.076141099998274 ], [ -61.639436500000066, -31.075562199998281 ], [ -61.641657300000091, -31.075507099998308 ], [ -61.64232250000007, -31.07596659999831 ], [ -61.645219300000093, -31.075525499998285 ], [ -61.648674, -31.075865499998294 ], [ -61.651785300000071, -31.075764399998299 ] ] ] } },
{ "type": "Feature", "properties": { "Nombre": "Demonte ", "Estado": "Finalizado", "Datos": null, "C Cuenca": "Comite Las Calaveras y Las Penquitas", "Tipo": null, "Region": null, "Cuenca": null, "Obra": null, "Código": null, "Localidad": "Esgusquiza", "Direccion": null, "Resp.": null, "Dpto": "Castellanos", "Long (Km)": 0.22 }, "geometry": { "type": "MultiLineString", "coordinates": [ [ [ -61.645653900000077, -31.075456099998291 ], [ -61.646104500000085, -31.077385799998289 ] ] ] } },
{ "type": "Feature", "properties": { "Nombre": "Desmonte  camino comunal sin excavar cuentas", "Estado": "Finalizado", "Datos": null, "C Cuenca": "Comite Las Calaveras y Las Penquitas", "Tipo": null, "Region": null, "Cuenca": null, "Obra": null, "Código": null, "Localidad": "Presidente Roca", "Direccion": null, "Resp.": null, "Dpto": "Castellanos", "Long (Km)": 3.89 }, "geometry": { "type": "MultiLineString", "coordinates": [ [ [ -61.61853990000008, -31.201754899998047 ], [ -61.65854690000009, -31.194657899998063 ] ] ] } },
{ "type": "Feature", "properties": { "Nombre": "Reacondicionamiento Canal Est Roca", "Estado": "Finalizado", "Datos": null, "C Cuenca": "Comite Las Calaveras y Las Penquitas", "Tipo": null, "Region": null, "Cuenca": null, "Obra": null, "Código": null, "Localidad": "Presidente Roca", "Direccion": null, "Resp.": null, "Dpto": "Castellanos", "Long (Km)": 8.39 }, "geometry": { "type": "MultiLineString", "coordinates": [ [ [ -61.542387, -31.235014499997956 ], [ -61.544618600000064, -31.235142999997972 ], [ -61.54755830000007, -31.234647599997984 ], [ -61.54946810000007, -31.234849399997959 ], [ -61.552000100000079, -31.234647599997992 ], [ -61.556506200000058, -31.234152199997983 ], [ -61.557729300000055, -31.234023799997981 ], [ -61.558973800000068, -31.234794399997998 ], [ -61.560218400000075, -31.234647599997992 ], [ -61.563222400000072, -31.234207299997987 ], [ -61.564810300000083, -31.234170599998013 ], [ -61.566054800000082, -31.234427399997998 ], [ -61.567213600000073, -31.234317299997969 ], [ -61.570217600000092, -31.23420729999798 ], [ -61.573865400000095, -31.233876999997975 ], [ -61.580259800000078, -31.233803599997987 ], [ -61.581761900000075, -31.233803599997962 ], [ -61.58334970000007, -31.234353999997978 ], [ -61.584165100000078, -31.234427399997976 ], [ -61.584851800000088, -31.234317299997965 ], [ -61.587941700000087, -31.235821799997989 ], [ -61.588606900000073, -31.235968599997978 ], [ -61.591460700000084, -31.23554659999801 ], [ -61.598498800000087, -31.238096899997952 ], [ -61.599249900000096, -31.238005099997984 ], [ -61.600794800000081, -31.238720599997983 ], [ -61.612896900000081, -31.240004899997977 ], [ -61.613218800000084, -31.240023199997978 ], [ -61.613540700000073, -31.241105699997977 ], [ -61.614291700000081, -31.240757099997992 ], [ -61.624720100000069, -31.238977499997965 ], [ -61.625900300000076, -31.237693199997963 ], [ -61.626350900000062, -31.237619799997983 ] ] ] } },
{ "type": "Feature", "properties": { "Nombre": "Alteo Camino de la Ruralidad", "Estado": "Finalizado", "Datos": "Excavacion lateral convenio con la Comuna de Lehmann", "C Cuenca": "Comite Las Calaveras y Las Penquitas", "Tipo": null, "Region": null, "Cuenca": null, "Obra": null, "Código": null, "Localidad": "Lehmann", "Direccion": null, "Resp.": null, "Dpto": "Castellanos", "Long (Km)": 2.14 }, "geometry": { "type": "MultiLineString", "coordinates": [ [ [ -61.464922700000074, -31.14710579999813 ], [ -61.469214200000089, -31.166055999998115 ] ] ] } },
{ "type": "Feature", "properties": { "Nombre": "Desmonte y limpieza - Canal Palomas", "Estado": "Finalizado", "Datos": "Se realizo el desmonte con una maquina HYU 160 y la limpieza con HYU 215 Brazo largo", "C Cuenca": "Comite Las Calaveras y Las Penquitas", "Tipo": null, "Region": null, "Cuenca": null, "Obra": null, "Código": null, "Localidad": "Felicia", "Direccion": null, "Resp.": null, "Dpto": "Las Colonias", "Long (Km)": 3.52 }, "geometry": { "type": "MultiLineString", "coordinates": [ [ [ -61.157325425247485, -31.250101836106428 ], [ -61.160951500000081, -31.247609499997942 ], [ -61.167073100000074, -31.241897199997972 ], [ -61.169755500000072, -31.240126999997994 ], [ -61.174261600000079, -31.239191399997978 ], [ -61.176192800000088, -31.237540099997947 ], [ -61.177651900000079, -31.236017299997968 ], [ -61.17926120000007, -31.23462299999801 ], [ -61.181164600000095, -31.234436899998009 ], [ -61.183295300000054, -31.233411999997994 ], [ -61.18612770000005, -31.231448799997988 ] ] ] } },
{ "type": "Feature", "properties": { "Nombre": "Cl. Terciario Bajo de Bicha", "Estado": "Finalizado", "Datos": null, "C Cuenca": "Comite de cuenca Canales Sec 1, 2 y 3", "Tipo": null, "Region": null, "Cuenca": null, "Obra": null, "Código": null, "Localidad": "Bicha", "Direccion": null, "Resp.": null, "Dpto": "Castellanos", "Long (Km)": 1.43 }, "geometry": { "type": "MultiLineString", "coordinates": [ [ [ -61.793614900000094, -30.85152899999872 ], [ -61.794087, -30.851528999998731 ], [ -61.796082500000082, -30.852321099998726 ], [ -61.797885, -30.853242099998724 ], [ -61.798228300000083, -30.853352699998752 ], [ -61.801146500000087, -30.853886899998706 ], [ -61.804987500000074, -30.854144799998686 ], [ -61.805459500000069, -30.854181599998721 ], [ -61.80562850000009, -30.85412149999874 ], [ -61.807913800000058, -30.853900499998758 ] ] ] } },
{ "type": "Feature", "properties": { "Nombre": "Canal Terciario Gorgo (Terc. Tacural a Sec 1)", "Estado": "Finalizado", "Datos": null, "C Cuenca": "Comite de cuenca Canales Sec 1, 2 y 3", "Tipo": null, "Region": null, "Cuenca": null, "Obra": null, "Código": null, "Localidad": "Tacural", "Direccion": null, "Resp.": null, "Dpto": "Castellanos", "Long (Km)": 13.39 }, "geometry": { "type": "MultiLineString", "coordinates": [ [ [ -61.545699000000106, -30.750786999998926 ], [ -61.547692, -30.760477999998908 ], [ -61.554738, -30.763812999998908 ], [ -61.572356, -30.76644399999887 ], [ -61.588679, -30.769475999998889 ], [ -61.597956, -30.771494999998897 ], [ -61.607937, -30.776742999998902 ], [ -61.612987, -30.780879999998835 ], [ -61.615687, -30.782726999998882 ], [ -61.619073, -30.784811999998862 ], [ -61.624895, -30.788040999998842 ], [ -61.625276, -30.788134999998832 ], [ -61.6263, -30.788403999998859 ], [ -61.627195, -30.788646999998821 ], [ -61.627716, -30.788773999998867 ], [ -61.62806, -30.789008999998828 ], [ -61.628215, -30.789251999998843 ], [ -61.628308, -30.789475999998857 ], [ -61.628548, -30.789553999998851 ], [ -61.628926, -30.789663999998861 ], [ -61.629756, -30.789909999998848 ], [ -61.630444, -30.790074999998851 ], [ -61.632345, -30.790571999998871 ], [ -61.633388, -30.790831999998844 ], [ -61.635372, -30.791349999998829 ], [ -61.636713, -30.791722999998829 ], [ -61.637601, -30.791949999998835 ], [ -61.640151, -30.792622999998851 ], [ -61.640646, -30.792650999998852 ], [ -61.642253, -30.792712999998837 ], [ -61.644118, -30.792782999998821 ], [ -61.647391, -30.792909999998827 ], [ -61.647989, -30.792942999998843 ], [ -61.65095, -30.79303399999884 ], [ -61.652638, -30.793117999998834 ], [ -61.653319, -30.79315399999884 ], [ -61.654333, -30.793195999998844 ], [ -61.654485, -30.793233999998822 ], [ -61.654698, -30.793277999998846 ], [ -61.656403, -30.793450999998861 ], [ -61.658227, -30.793635999998855 ], [ -61.658665, -30.793671999998818 ], [ -61.66081, -30.793896999998875 ], [ -61.661807, -30.794001999998827 ], [ -61.662006, -30.794074999998809 ], [ -61.662488, -30.794368999998827 ], [ -61.663219, -30.794861999998844 ], [ -61.66346, -30.795004999998842 ], [ -61.663819, -30.795108999998831 ], [ -61.664447, -30.79521399999884 ], [ -61.665383, -30.795383999998833 ], [ -61.666351, -30.795568999998856 ] ] ] } },
{ "type": "Feature", "properties": { "Nombre": "Dje. Urbano Norte Tacurales a Sec. 1", "Estado": "Finalizado", "Datos": null, "C Cuenca": "Comite de cuenca Canales Sec 1, 2 y 3", "Tipo": null, "Region": null, "Cuenca": null, "Obra": null, "Código": null, "Localidad": "Tacurales", "Direccion": null, "Resp.": null, "Dpto": "Castellanos", "Long (Km)": 1.6 }, "geometry": { "type": "MultiLineString", "coordinates": [ [ [ -61.741126, -30.806919999998804 ], [ -61.744550200000084, -30.821014799998778 ] ] ] } },
{ "type": "Feature", "properties": { "Nombre": "Canal Ppal Vila Cululu - Loma San Antonio", "Estado": "Finalizado", "Datos": null, "C Cuenca": "Comite Castellanos Zona Sur", "Tipo": null, "Region": null, "Cuenca": null, "Obra": null, "Código": null, "Localidad": "San Antonio", "Direccion": null, "Resp.": null, "Dpto": "Castellanos", "Long (Km)": 3.77 }, "geometry": { "type": "MultiLineString", "coordinates": [ [ [ -61.776732, -31.188834999998072 ], [ -61.777796, -31.193297999998073 ], [ -61.778969, -31.198169999998054 ], [ -61.779424, -31.199910999998039 ], [ -61.77953, -31.200239999998072 ], [ -61.779525, -31.200514999998042 ], [ -61.779461, -31.200778999998047 ], [ -61.779332, -31.20100299999806 ], [ -61.779216, -31.201160999998049 ], [ -61.778878, -31.201401999998048 ], [ -61.777666, -31.201968999998044 ], [ -61.776454, -31.202533999998028 ], [ -61.77557800000011, -31.202968999998042 ], [ -61.774986, -31.203251999998066 ], [ -61.77457, -31.203453999998025 ], [ -61.774391, -31.20360899999806 ], [ -61.774206, -31.203793999998034 ], [ -61.774059, -31.203986999998062 ], [ -61.773993, -31.204187999998041 ], [ -61.773939, -31.20443199999805 ], [ -61.773964, -31.204860999998051 ], [ -61.777464300000076, -31.219692499998018 ] ] ] } },
{ "type": "Feature", "properties": { "Nombre": "Cl.Terc. Moises Ville Norte", "Estado": "Finalizado", "Datos": "Limpieza canal", "C Cuenca": "Comite de cuenca Canales Sec 1, 2 y 3", "Tipo": null, "Region": null, "Cuenca": null, "Obra": null, "Código": null, "Localidad": "Moises Ville", "Direccion": null, "Resp.": null, "Dpto": "San Cristobal", "Long (Km)": 11.86 }, "geometry": { "type": "MultiLineString", "coordinates": [ [ [ -61.384497, -30.69425899999904 ], [ -61.417854, -30.688488999999038 ], [ -61.418205, -30.688671999999041 ], [ -61.419626, -30.688832999999029 ], [ -61.423336, -30.689086999999034 ], [ -61.429068, -30.689864999999031 ], [ -61.433806, -30.689788999999063 ], [ -61.446138, -30.687727999999044 ], [ -61.450159, -30.687179999999046 ], [ -61.453218, -30.687024999999036 ], [ -61.456697, -30.686440999999025 ], [ -61.457385, -30.686330999999033 ], [ -61.457923, -30.686497999999059 ], [ -61.458674, -30.686376999999062 ], [ -61.460724, -30.685894999999054 ], [ -61.46088, -30.685913999999041 ], [ -61.463234, -30.685319999999056 ], [ -61.465976, -30.684809999999064 ], [ -61.471094, -30.683889999999046 ], [ -61.471327, -30.683937999999031 ], [ -61.473537, -30.68417899999903 ], [ -61.473722000000102, -30.684176999999014 ], [ -61.47612, -30.683774999999034 ], [ -61.476597, -30.683735999999065 ], [ -61.477307, -30.683725999999041 ], [ -61.480006, -30.684050999999066 ], [ -61.482098, -30.684417999999098 ], [ -61.483454, -30.684660999999068 ], [ -61.484444, -30.684821999999052 ], [ -61.485748, -30.684927999999079 ], [ -61.487485, -30.68501299999906 ], [ -61.488689, -30.684890999999059 ], [ -61.489342, -30.684904999999038 ], [ -61.490833, -30.684758999999051 ], [ -61.492471, -30.684608999999071 ], [ -61.492869, -30.684574999999057 ], [ -61.493038, -30.684632999999074 ], [ -61.493367, -30.684816999999047 ], [ -61.493652, -30.685036999999078 ], [ -61.494071, -30.685056999999034 ], [ -61.497304, -30.684869999999066 ], [ -61.498727, -30.684794999999067 ], [ -61.502292, -30.685051999999079 ], [ -61.50358, -30.685126999999046 ], [ -61.506229, -30.684869999999066 ] ] ] } },
{ "type": "Feature", "properties": { "Nombre": "Canal Secundario N° 1", "Estado": "Finalizado", "Datos": null, "C Cuenca": "Comite de cuenca Canales Sec 1, 2 y 3", "Tipo": null, "Region": null, "Cuenca": null, "Obra": null, "Código": null, "Localidad": "Moises Ville, Tacural, Tcurales, Bicha", "Direccion": null, "Resp.": null, "Dpto": "Castellanos", "Long (Km)": 59.31 }, "geometry": { "type": "MultiLineString", "coordinates": [ [ [ -61.368163, -30.681309999999058 ], [ -61.371446, -30.682321999999029 ], [ -61.37242, -30.682513999999056 ], [ -61.373433, -30.683168999999026 ], [ -61.374217, -30.684114999999039 ], [ -61.37507, -30.68526399999902 ], [ -61.375889, -30.686354999999033 ], [ -61.378732, -30.688436999999048 ], [ -61.379478, -30.689094999999028 ], [ -61.381146, -30.691015999999042 ], [ -61.382438, -30.692419999999046 ], [ -61.384399, -30.694384999999055 ], [ -61.385396, -30.695513999999037 ], [ -61.386347, -30.696458999999045 ], [ -61.387138, -30.697954999999023 ], [ -61.388233, -30.699592999999027 ], [ -61.390121, -30.702813999999012 ], [ -61.391182, -30.704393999999027 ], [ -61.392077, -30.706033999998997 ], [ -61.392147, -30.706264999999 ], [ -61.392523, -30.706839999999023 ], [ -61.393685, -30.70844799999902 ], [ -61.393934, -30.709428999998998 ], [ -61.394493, -30.711072999998986 ], [ -61.394665, -30.711359999998994 ], [ -61.39526, -30.713118999998983 ], [ -61.395717, -30.714618999999001 ], [ -61.396197, -30.715423999999008 ], [ -61.397886000000113, -30.716418999998993 ], [ -61.401532, -30.718375999998976 ], [ -61.405986, -30.720642999998951 ], [ -61.406966, -30.721239999998989 ], [ -61.409363, -30.722438999998968 ], [ -61.410780000000102, -30.723223999998968 ], [ -61.412906, -30.724300999998963 ], [ -61.413751, -30.724812999998946 ], [ -61.414298, -30.725558999998949 ], [ -61.41441, -30.726396999998943 ], [ -61.41459, -30.727262999998977 ], [ -61.414943, -30.728474999998955 ], [ -61.415518, -30.73113099999896 ], [ -61.416206, -30.73236799999896 ], [ -61.418422, -30.735423999998961 ], [ -61.419875, -30.738143999998936 ], [ -61.422483, -30.742368999998963 ], [ -61.423, -30.743347999998953 ], [ -61.423823, -30.744582999998936 ], [ -61.425382, -30.745809999998929 ], [ -61.429724, -30.749436999998952 ], [ -61.43213, -30.751291999998934 ], [ -61.433621, -30.752432999998916 ], [ -61.434594, -30.752508999998909 ], [ -61.43819, -30.753221999998924 ], [ -61.443802, -30.754316999998924 ], [ -61.446894, -30.754947999998912 ], [ -61.448675, -30.755303999998912 ], [ -61.4518, -30.755876999998907 ], [ -61.453581, -30.756232999998904 ], [ -61.454352, -30.756281999998905 ], [ -61.455121, -30.756128999998911 ], [ -61.456627, -30.756024999998914 ], [ -61.458808, -30.756202999998894 ], [ -61.460116, -30.756332999998879 ], [ -61.465812, -30.756297999998914 ], [ -61.467298, -30.757033999998942 ], [ -61.474292, -30.756432999998886 ], [ -61.475798, -30.756357999998926 ], [ -61.477001, -30.756141999998892 ], [ -61.479843, -30.755704999998891 ], [ -61.483991, -30.755309999998911 ], [ -61.486066, -30.755112999998904 ], [ -61.488505, -30.754650999998901 ], [ -61.497928, -30.753007999998943 ], [ -61.500282, -30.752880999998904 ], [ -61.504943, -30.752724999998943 ], [ -61.506361, -30.752487999998905 ], [ -61.507369, -30.75244099999891 ], [ -61.50882, -30.753003999998889 ], [ -61.509969, -30.75319599999893 ], [ -61.514457, -30.753347999998947 ], [ -61.519133, -30.75295199999892 ], [ -61.519543, -30.75262299999893 ], [ -61.520252, -30.752477999998924 ], [ -61.522624, -30.752552999998908 ], [ -61.524834, -30.752321999998923 ], [ -61.527401, -30.752257999998928 ], [ -61.529253, -30.751859999998928 ], [ -61.530122, -30.751883999998913 ], [ -61.53204, -30.7519299999989 ], [ -61.535414, -30.751633999998912 ], [ -61.538058, -30.751431999998914 ], [ -61.539872, -30.751188999998934 ], [ -61.540547, -30.75111999999892 ], [ -61.541553, -30.751007999998929 ], [ -61.542733, -30.750926999998903 ], [ -61.544145, -30.750775999998897 ], [ -61.544995, -30.750681999998925 ], [ -61.545827, -30.750621999998931 ], [ -61.546853, -30.750592999998926 ], [ -61.548112, -30.750561999998904 ], [ -61.54916, -30.750682999998944 ], [ -61.551418, -30.750402999998929 ], [ -61.559817, -30.749243999998939 ], [ -61.562678, -30.74903899999893 ], [ -61.566707, -30.748921999998927 ], [ -61.568066, -30.748666999998928 ], [ -61.572173, -30.748462999998925 ], [ -61.573374, -30.748243999998923 ], [ -61.574068, -30.74838899999893 ], [ -61.578481, -30.74877899999894 ], [ -61.583211, -30.749284999998924 ], [ -61.585832, -30.749519999998924 ], [ -61.587769, -30.750115999998915 ], [ -61.589551, -30.75035099999889 ], [ -61.591751, -30.750766999998923 ], [ -61.597254000000106, -30.751381999998934 ], [ -61.598621, -30.751586999998899 ], [ -61.600957, -30.751865999998913 ], [ -61.603765, -30.752001999998903 ], [ -61.607883, -30.752513999998936 ], [ -61.608657000000107, -30.752708999998912 ], [ -61.612333, -30.754782999998902 ], [ -61.617252, -30.757430999998927 ], [ -61.619582, -30.757748999998913 ], [ -61.622449, -30.757786999998917 ], [ -61.623782, -30.757946999998893 ], [ -61.62633, -30.759109999998891 ], [ -61.631059, -30.760636999998912 ], [ -61.636281, -30.76212399999892 ], [ -61.63927, -30.762444999998912 ], [ -61.64009, -30.762997999998916 ], [ -61.640354, -30.763420999998878 ], [ -61.640668, -30.764457999998907 ], [ -61.64143, -30.765130999998902 ], [ -61.642327, -30.765545999998878 ], [ -61.643575, -30.765751999998891 ], [ -61.644995, -30.766723999998867 ], [ -61.649794, -30.769776999998882 ], [ -61.655731, -30.773652999998891 ], [ -61.65974, -30.776125999998861 ], [ -61.662923, -30.777364999998849 ], [ -61.665053, -30.778207999998848 ], [ -61.668279, -30.780107999998869 ], [ -61.670583, -30.781430999998872 ], [ -61.671497, -30.781691999998866 ], [ -61.671579, -30.78191299999888 ], [ -61.672713, -30.782307999998878 ], [ -61.67587, -30.783119999998863 ], [ -61.682321, -30.784708999998873 ], [ -61.685994, -30.785667999998843 ], [ -61.688158, -30.78620299999886 ], [ -61.689891, -30.786981999998861 ], [ -61.69531, -30.789402999998853 ], [ -61.70021, -30.79157399999885 ], [ -61.70744, -30.794686999998849 ], [ -61.711526, -30.796578999998825 ], [ -61.723788, -30.801381999998814 ], [ -61.726115, -30.802152999998825 ], [ -61.728888, -30.803449999998804 ], [ -61.73088, -30.804392999998818 ], [ -61.732589, -30.804898999998805 ], [ -61.733666, -30.805413999998823 ], [ -61.735533, -30.805917999998819 ], [ -61.738906, -30.806571999998809 ], [ -61.743918, -30.807617999998818 ], [ -61.750338, -30.808903999998808 ], [ -61.753246, -30.809116999998821 ], [ -61.754288, -30.809491999998809 ], [ -61.754817, -30.810144999998791 ], [ -61.755382, -30.811712999998807 ], [ -61.755782, -30.812424999998811 ], [ -61.756397, -30.812843999998819 ], [ -61.759018, -30.814634999998816 ], [ -61.765104, -30.818602999998774 ], [ -61.773129, -30.823770999998807 ], [ -61.774837, -30.824872999998775 ], [ -61.783065, -30.830122999998771 ], [ -61.786091, -30.832000999998762 ], [ -61.789044, -30.833934999998743 ], [ -61.790727, -30.840119999998773 ], [ -61.791941, -30.845872999998729 ], [ -61.792339, -30.847459999998737 ], [ -61.793144, -30.85148299999873 ], [ -61.77402, -30.862466999998681 ], [ -61.777426, -30.878333999998659 ], [ -61.756173, -30.882128999998685 ], [ -61.757806, -30.888990999998619 ], [ -61.762229, -30.90692899999863 ], [ -61.7635, -30.91220699999861 ], [ -61.764007, -30.914308999998607 ], [ -61.764577555326177, -30.916633906664099 ] ] ] } },
{ "type": "Feature", "properties": { "Nombre": "Canal Secundario N° 1", "Estado": "Finalizado", "Datos": null, "C Cuenca": "Comite de cuenca Canales Sec 1, 2 y 3", "Tipo": null, "Region": null, "Cuenca": null, "Obra": null, "Código": null, "Localidad": "Hugentobler", "Direccion": null, "Resp.": null, "Dpto": "Castellanos", "Long (Km)": 1.29 }, "geometry": { "type": "MultiLineString", "coordinates": [ [ [ -61.764577555326177, -30.916633906664099 ], [ -61.767362, -30.927979999998605 ] ] ] } },
{ "type": "Feature", "properties": { "Nombre": "Canal Sec. N°3", "Estado": "Finalizado", "Datos": "Ejecucion utimo tramo canal sec 3", "C Cuenca": "Comite de cuenca Canales Sec 1, 2 y 3", "Tipo": null, "Region": null, "Cuenca": null, "Obra": null, "Código": null, "Localidad": "Colonia Bossi", "Direccion": null, "Resp.": null, "Dpto": "San Cristobal", "Long (Km)": 1.01 }, "geometry": { "type": "MultiLineString", "coordinates": [ [ [ -61.781794900000072, -30.683362999999055 ], [ -61.783683200000077, -30.683565999999043 ], [ -61.785914800000086, -30.683713599999059 ], [ -61.788318100000076, -30.683916599999051 ], [ -61.791408, -30.68411959999904 ], [ -61.792266300000072, -30.684119599999054 ] ] ] } },
{ "type": "Feature", "properties": { "Nombre": "Dje. Camino 6 a Sec. 1", "Estado": "Finalizado", "Datos": null, "C Cuenca": "Comite de cuenca Canales Sec 1, 2 y 3", "Tipo": null, "Region": null, "Cuenca": null, "Obra": null, "Código": null, "Localidad": "Hugentobler", "Direccion": null, "Resp.": null, "Dpto": "Castellanos", "Long (Km)": 4.13 }, "geometry": { "type": "MultiLineString", "coordinates": [ [ [ -61.767221, -30.927890999998578 ], [ -61.724915, -30.935592999998562 ] ] ] } },
{ "type": "Feature", "properties": { "Nombre": "Dje. Terciario Camino 10", "Estado": "Finalizado", "Datos": null, "C Cuenca": "Comite de cuenca Canales Sec 1, 2 y 3", "Tipo": null, "Region": null, "Cuenca": null, "Obra": null, "Código": null, "Localidad": "Hugentobler", "Direccion": null, "Resp.": null, "Dpto": "Castellanos", "Long (Km)": 0.51 }, "geometry": { "type": "MultiLineString", "coordinates": [ [ [ -61.783464, -30.857226999998705 ], [ -61.784596, -30.861767999998722 ] ] ] } },
{ "type": "Feature", "properties": { "Nombre": "Canal Sec. N°2", "Estado": "Finalizado", "Datos": null, "C Cuenca": "Comite de cuenca Canales Sec 1, 2 y 3", "Tipo": null, "Region": null, "Cuenca": null, "Obra": null, "Código": null, "Localidad": "Costanza", "Direccion": null, "Resp.": null, "Dpto": "San Cristobal", "Long (Km)": 0.38 }, "geometry": { "type": "MultiLineString", "coordinates": [ [ [ -61.364228, -30.681932999999049 ], [ -61.364492, -30.68191599999907 ], [ -61.368163, -30.681309999999058 ] ] ] } },
{ "type": "Feature", "properties": { "Nombre": "Canal Sec. N°2", "Estado": "En Ejecucion", "Datos": null, "C Cuenca": "Comite de cuenca Canales Sec 1, 2 y 3", "Tipo": null, "Region": null, "Cuenca": null, "Obra": null, "Código": null, "Localidad": "Moises Ville, Las Palmeras, Palacios, Colonia Bossi", "Direccion": null, "Resp.": null, "Dpto": "San Cristobal", "Long (Km)": 43.09 }, "geometry": { "type": "MultiLineString", "coordinates": [ [ [ -61.368163, -30.681309999999058 ], [ -61.36847, -30.681269999999106 ], [ -61.371042, -30.68149499999906 ], [ -61.3719, -30.681964999999085 ], [ -61.372229, -30.681904999999102 ], [ -61.382461, -30.680045999999063 ], [ -61.382908, -30.679968999999051 ], [ -61.393816, -30.678483999999074 ], [ -61.394348, -30.678411999999078 ], [ -61.403414, -30.677196999999062 ], [ -61.404419000000104, -30.676774999999061 ], [ -61.414357, -30.675124999999095 ], [ -61.415457, -30.675112999999072 ], [ -61.4168540000001, -30.675071999999052 ], [ -61.418073, -30.675058999999049 ], [ -61.420428, -30.675000999999064 ], [ -61.422613, -30.674950999999073 ], [ -61.424182, -30.674799999999074 ], [ -61.425435, -30.674691999999073 ], [ -61.42616, -30.67464599999909 ], [ -61.427329, -30.674714999999072 ], [ -61.428113, -30.674809999999059 ], [ -61.428785, -30.674726999999052 ], [ -61.42948, -30.674587999999058 ], [ -61.430593, -30.674307999999069 ], [ -61.431808, -30.674104999999102 ], [ -61.432793, -30.673960999999071 ], [ -61.434118, -30.673704999999064 ], [ -61.43526, -30.673531999999092 ], [ -61.437017, -30.673191999999059 ], [ -61.438258, -30.672989999999075 ], [ -61.439846, -30.672782999999097 ], [ -61.441881000000102, -30.672678999999068 ], [ -61.444526, -30.672895999999085 ], [ -61.446245, -30.672509999999072 ], [ -61.448827, -30.672074999999069 ], [ -61.451277, -30.67154299999908 ], [ -61.453623, -30.670979999999066 ], [ -61.455812, -30.670580999999064 ], [ -61.458166, -30.669996999999086 ], [ -61.460806, -30.66906499999909 ], [ -61.467069, -30.66723399999907 ], [ -61.468649, -30.66669399999908 ], [ -61.472306, -30.665443999999109 ], [ -61.477084, -30.662560999999076 ], [ -61.48557, -30.660757999999092 ], [ -61.497849, -30.658963999999106 ], [ -61.498742, -30.658846999999124 ], [ -61.503149, -30.658090999999093 ], [ -61.508157, -30.657164999999104 ], [ -61.510865, -30.657445999999087 ], [ -61.516309, -30.657949999999083 ], [ -61.518948, -30.658356999999107 ], [ -61.525014, -30.658674999999082 ], [ -61.528971, -30.659166999999087 ], [ -61.530812, -30.659629999999083 ], [ -61.532231, -30.659457999999098 ], [ -61.535995, -30.658754999999104 ], [ -61.539892, -30.659816999999112 ], [ -61.542352, -30.659906999999091 ], [ -61.544502, -30.660031999999109 ], [ -61.547204, -30.660028999999092 ], [ -61.552887, -30.660170999999085 ], [ -61.55372, -30.660310999999105 ], [ -61.562627, -30.664404999999086 ], [ -61.566415, -30.666231999999088 ], [ -61.571029, -30.66804999999907 ], [ -61.580359, -30.67109899999906 ], [ -61.586571, -30.67301299999907 ], [ -61.5993, -30.676566999999054 ], [ -61.602186, -30.67721599999906 ], [ -61.606574, -30.677881999999066 ], [ -61.610545, -30.678586999999069 ], [ -61.612463, -30.678637999999054 ], [ -61.613921, -30.678619999999064 ], [ -61.620215, -30.67861299999905 ], [ -61.62438, -30.678452999999067 ], [ -61.625317, -30.678476999999084 ], [ -61.627257, -30.678524999999045 ], [ -61.629685, -30.679178999999088 ], [ -61.632818, -30.679571999999069 ], [ -61.63634, -30.680824999999057 ], [ -61.640939, -30.681630999999069 ], [ -61.643958, -30.682709999999062 ], [ -61.655789, -30.687206999999038 ], [ -61.658871, -30.689544999999047 ], [ -61.663348, -30.692909999999049 ], [ -61.669509, -30.694883999999011 ], [ -61.671933, -30.695248999999031 ], [ -61.675571, -30.695886999999047 ], [ -61.679162, -30.696200999999036 ], [ -61.683007, -30.696799999999023 ], [ -61.686031, -30.696712999999026 ], [ -61.690746, -30.695978999999049 ], [ -61.70216, -30.695540999999 ], [ -61.707085, -30.695406999999037 ], [ -61.714151, -30.695828999999058 ], [ -61.717881, -30.695837999999025 ], [ -61.726796, -30.695503999999026 ], [ -61.729703, -30.694888999999037 ], [ -61.734312, -30.693890999999056 ], [ -61.743346, -30.692323999999015 ], [ -61.746312, -30.692584999999056 ], [ -61.752792, -30.694454999999053 ], [ -61.762265, -30.698089999999031 ], [ -61.769646, -30.701602999999007 ], [ -61.776157, -30.705126999999017 ], [ -61.779997, -30.705525999999001 ], [ -61.786497, -30.708447999999034 ], [ -61.794192, -30.709997999999004 ], [ -61.798892, -30.709781999998995 ] ] ] } },
{ "type": "Feature", "properties": { "Nombre": "Intercomunal Bicha-Hugentobler", "Estado": "Finalizado", "Datos": null, "C Cuenca": "Comite de cuenca Canales Sec 1, 2 y 3", "Tipo": null, "Region": null, "Cuenca": null, "Obra": null, "Código": null, "Localidad": "Bicha", "Direccion": null, "Resp.": null, "Dpto": "Castellanos", "Long (Km)": 5.16 }, "geometry": { "type": "MultiLineString", "coordinates": [ [ [ -61.793792, -30.852093999998726 ], [ -61.804809, -30.897672999998633 ] ] ] } },
{ "type": "Feature", "properties": { "Nombre": "Terciario Escuela Santa Elena (Kaplan)", "Estado": "Finalizado", "Datos": null, "C Cuenca": "Comite de cuenca Canales Sec 1, 2 y 3", "Tipo": null, "Region": null, "Cuenca": null, "Obra": null, "Código": null, "Localidad": "Moises Ville", "Direccion": null, "Resp.": null, "Dpto": "San Cristobal", "Long (Km)": 4.3 }, "geometry": { "type": "MultiLineString", "coordinates": [ [ [ -61.401224, -30.613443999999163 ], [ -61.402334, -30.620333999999147 ], [ -61.40472, -30.621213999999181 ], [ -61.410209, -30.622923999999191 ], [ -61.415642, -30.623348999999163 ], [ -61.424359, -30.623935999999166 ], [ -61.425075, -30.623901999999173 ], [ -61.428557, -30.625134999999162 ], [ -61.430502, -30.624996999999169 ], [ -61.43389, -30.626065999999142 ], [ -61.436244, -30.626827999999172 ], [ -61.43715, -30.627151999999167 ], [ -61.437682, -30.627445999999178 ] ] ] } },
{ "type": "Feature", "properties": { "Nombre": "Canal Aliviador Norte Sunchales", "Estado": "En Ejecucion", "Datos": "Limpieza de rotocolo", "C Cuenca": "Comite Castellanos Zona Sur", "Tipo": null, "Region": null, "Cuenca": null, "Obra": null, "Código": null, "Localidad": "Sunchales", "Direccion": null, "Resp.": null, "Dpto": "Castellanos", "Long (Km)": 6.02 }, "geometry": { "type": "MultiLineString", "coordinates": [ [ [ -61.535142, -30.95146099999852 ], [ -61.533804, -30.94573399999852 ], [ -61.531612, -30.936656999998547 ], [ -61.531743, -30.936484999998559 ], [ -61.539037, -30.935178999998541 ], [ -61.544146, -30.934215999998571 ], [ -61.544812, -30.933207999998558 ], [ -61.5449640000001, -30.932962999998566 ], [ -61.545002, -30.932664999998561 ], [ -61.544986, -30.932530999998566 ], [ -61.545048, -30.932374999998554 ], [ -61.545407, -30.932008999998551 ], [ -61.545498, -30.931835999998579 ], [ -61.545734, -30.931367999998592 ], [ -61.546324, -30.930033999998578 ], [ -61.546509, -30.929663999998574 ], [ -61.546668, -30.929597999998574 ], [ -61.546997, -30.929690999998584 ], [ -61.547202, -30.929802999998582 ], [ -61.547445, -30.929922999998585 ], [ -61.547775, -30.930080999998598 ], [ -61.548182, -30.930219999998553 ], [ -61.54941, -30.930652999998578 ], [ -61.55081, -30.931068999998587 ], [ -61.552108, -30.931461999998582 ], [ -61.552915, -30.931587999998559 ], [ -61.554007, -30.931708999998573 ], [ -61.554812, -30.931720999998582 ], [ -61.555639, -30.931701999998552 ], [ -61.556924, -30.931528999998569 ], [ -61.558223, -30.931295999998557 ], [ -61.564921, -30.930205999998559 ], [ -61.566983, -30.929928999998591 ], [ -61.568039, -30.929860999998581 ], [ -61.568458, -30.929809999998579 ], [ -61.569082, -30.929667999998557 ], [ -61.571572, -30.929182999998574 ], [ -61.571932, -30.929159999998582 ], [ -61.572461, -30.929090999998586 ] ] ] } },
{ "type": "Feature", "properties": { "Nombre": "Canal RP 280s Sunchales", "Estado": "Finalizado", "Datos": "Limpieza de protocolo con carga de material", "C Cuenca": "Comite Castellanos Zona Sur", "Tipo": null, "Region": null, "Cuenca": null, "Obra": null, "Código": null, "Localidad": "Sunchales", "Direccion": null, "Resp.": null, "Dpto": "Castellanos", "Long (Km)": 2.78 }, "geometry": { "type": "MultiLineString", "coordinates": [ [ [ -61.57283, -30.928969999998557 ], [ -61.578032, -30.928881999998573 ], [ -61.582196, -30.930441999998575 ], [ -61.586491, -30.93533899999855 ], [ -61.588684, -30.942449999998537 ], [ -61.589503, -30.945572999998561 ] ] ] } },
{ "type": "Feature", "properties": { "Nombre": "Desagüe Urbano Escuelita a Sec 1", "Estado": "Finalizado", "Datos": null, "C Cuenca": "Comite de cuenca Canales Sec 1, 2 y 3", "Tipo": null, "Region": null, "Cuenca": null, "Obra": null, "Código": null, "Localidad": "Hugentobler", "Direccion": null, "Resp.": null, "Dpto": "Castellanos", "Long (Km)": 2.06 }, "geometry": { "type": "MultiLineString", "coordinates": [ [ [ -61.764577555326177, -30.916633906664099 ], [ -61.743443, -30.920491999998589 ] ] ] } },
{ "type": "Feature", "properties": { "Nombre": "San Carlos prolongación Secundario", "Estado": "Finalizado", "Datos": null, "C Cuenca": "Comité de Canales Ppales N°3 y 4", "Tipo": null, "Region": null, "Cuenca": null, "Obra": null, "Código": null, "Localidad": "Villa Trinidad", "Direccion": null, "Resp.": null, "Dpto": "San Cristobal", "Long (Km)": 0.0 }, "geometry": { "type": "MultiLineString", "coordinates": [ [ [ -61.866877080721395, -30.223891877652946 ], [ -61.866882900000085, -30.223893399999923 ] ] ] } },
{ "type": "Feature", "properties": { "Nombre": "Canal Bertolatto", "Estado": "Finalizado", "Datos": null, "C Cuenca": "Comite de cuenca Canales Sec 1, 2 y 3", "Tipo": null, "Region": null, "Cuenca": null, "Obra": null, "Código": null, "Localidad": "Sunchales", "Direccion": null, "Resp.": null, "Dpto": "Castellanos", "Long (Km)": 11.22 }, "geometry": { "type": "MultiLineString", "coordinates": [ [ [ -61.59120920000008, -30.951561699998532 ], [ -61.591233400000078, -30.951467399998549 ], [ -61.591187800000078, -30.95134319999854 ], [ -61.590967800000087, -30.950931399998517 ], [ -61.590801500000076, -30.950563399998551 ], [ -61.590627200000078, -30.950144699998539 ], [ -61.590423300000076, -30.949578799998537 ], [ -61.590216800000086, -30.94891869999854 ], [ -61.590090700000069, -30.948453999998499 ], [ -61.589956600000079, -30.947947899998518 ], [ -61.589830600000077, -30.947446399998533 ], [ -61.589332300000088, -30.945561199998526 ], [ -61.589359200000082, -30.945492199998547 ], [ -61.589487900000059, -30.945446199998528 ], [ -61.590676100000088, -30.945243699998532 ], [ -61.616115100000066, -30.940740899998591 ], [ -61.697180700000068, -30.926362999998567 ] ] ] } },
{ "type": "Feature", "properties": { "Nombre": "Canal Revello (Chancheria)", "Estado": "Finalizado", "Datos": null, "C Cuenca": "Comite Castellanos Zona Sur", "Tipo": null, "Region": null, "Cuenca": null, "Obra": null, "Código": null, "Localidad": "Aldao", "Direccion": null, "Resp.": null, "Dpto": "Castellanos", "Long (Km)": 2.62 }, "geometry": { "type": "MultiLineString", "coordinates": [ [ [ -61.713275, -30.999847999998451 ], [ -61.709016, -31.000719999998424 ], [ -61.696348, -31.003190999998438 ], [ -61.693002, -31.003837999998431 ], [ -61.689375, -31.004532999998439 ], [ -61.68658, -31.005097999998426 ] ] ] } },
{ "type": "Feature", "properties": { "Nombre": "Cl. Intercomunal Egusquiza-Bigand", "Estado": "Finalizado", "Datos": null, "C Cuenca": "Comite Castellanos Zona Sur", "Tipo": null, "Region": null, "Cuenca": null, "Obra": null, "Código": null, "Localidad": "Colonia Bigand", "Direccion": null, "Resp.": null, "Dpto": "Castellanos", "Long (Km)": 7.81 }, "geometry": { "type": "MultiLineString", "coordinates": [ [ [ -61.675107, -31.074180999998294 ], [ -61.670858, -31.055999999998345 ], [ -61.665829, -31.034757999998359 ], [ -61.658698, -31.005125999998416 ] ] ] } },
{ "type": "Feature", "properties": { "Nombre": "Cl. Intercomunal Aldao - Hugntobler", "Estado": "Finalizado", "Datos": null, "C Cuenca": "Comite Castellanos Zona Sur", "Tipo": null, "Region": null, "Cuenca": null, "Obra": null, "Código": null, "Localidad": "Sunchales", "Direccion": null, "Resp.": null, "Dpto": "Castellanos", "Long (Km)": 3.37 }, "geometry": { "type": "MultiLineString", "coordinates": [ [ [ -61.618104, -30.999276999998433 ], [ -61.621899, -30.996559999998457 ], [ -61.623304, -30.995510999998437 ], [ -61.629081, -30.991264999998474 ], [ -61.633565, -30.987877999998453 ], [ -61.634753, -30.987090999998458 ], [ -61.637086, -30.986013999998487 ], [ -61.63921, -30.98530799999849 ], [ -61.641711, -30.984878999998465 ], [ -61.645666, -30.984167999998498 ], [ -61.647288, -30.983902999998456 ], [ -61.647535051990268, -30.98382405481366 ] ] ] } },
{ "type": "Feature", "properties": { "Nombre": "Cl. Intercomunal Aldao - Hugntobler", "Estado": "Finalizado", "Datos": null, "C Cuenca": "Comite Castellanos Zona Sur", "Tipo": null, "Region": null, "Cuenca": null, "Obra": null, "Código": null, "Localidad": "Aldao", "Direccion": null, "Resp.": null, "Dpto": "Castellanos", "Long (Km)": 17.71 }, "geometry": { "type": "MultiLineString", "coordinates": [ [ [ -61.647535051990268, -30.98382405481366 ], [ -61.647554, -30.983817999998475 ], [ -61.648239, -30.983660999998484 ], [ -61.648932, -30.983533999998478 ], [ -61.653167, -30.982766999998468 ], [ -61.65337, -30.982652999998461 ], [ -61.653418, -30.982316999998464 ], [ -61.653179, -30.981458999998498 ], [ -61.652715, -30.979625999998483 ], [ -61.652377, -30.978093999998482 ], [ -61.652343, -30.977766999998504 ], [ -61.651217, -30.972923999998478 ], [ -61.651266, -30.972801999998484 ], [ -61.651449, -30.972745999998459 ], [ -61.654698, -30.972190999998485 ], [ -61.658646, -30.971498999998484 ], [ -61.681053, -30.967478999998505 ], [ -61.684971, -30.96677899999851 ], [ -61.691122, -30.965704999998515 ], [ -61.693977, -30.965174999998485 ], [ -61.704468, -30.963331999998552 ], [ -61.717898, -30.960925999998516 ], [ -61.721814, -30.960185999998522 ], [ -61.730895, -30.958585999998512 ], [ -61.744492, -30.9561209999985 ], [ -61.750419, -30.955027999998528 ], [ -61.758133, -30.953633999998544 ], [ -61.762488, -30.952880999998531 ], [ -61.774612, -30.950686999998521 ], [ -61.783703, -30.949012999998523 ], [ -61.815375, -30.943184999998568 ] ] ] } },
{ "type": "Feature", "properties": { "Nombre": "Dje. Bonafede-Legado", "Estado": "Finalizado", "Datos": null, "C Cuenca": "Comite Castellanos Zona Sur", "Tipo": null, "Region": null, "Cuenca": null, "Obra": null, "Código": null, "Localidad": "Sunchales", "Direccion": null, "Resp.": null, "Dpto": "Castellanos", "Long (Km)": 2.1 }, "geometry": { "type": "MultiLineString", "coordinates": [ [ [ -61.630463, -30.990656999998457 ], [ -61.631109, -30.990869999998445 ], [ -61.651899, -30.988575999998464 ], [ -61.652127, -30.988501999998466 ], [ -61.65218427070608, -30.988532155812642 ] ] ] } },
{ "type": "Feature", "properties": { "Nombre": "Dje. Bonafede-Legado", "Estado": "Finalizado", "Datos": null, "C Cuenca": "Comite Castellanos Zona Sur", "Tipo": null, "Region": null, "Cuenca": null, "Obra": null, "Código": null, "Localidad": "Aldao", "Direccion": null, "Resp.": null, "Dpto": "Castellanos", "Long (Km)": 2.55 }, "geometry": { "type": "MultiLineString", "coordinates": [ [ [ -61.65218427070608, -30.988532155812642 ], [ -61.652353, -30.988620999998439 ], [ -61.652566, -30.988559999998479 ], [ -61.652623, -30.988576999998457 ], [ -61.658305, -30.987508999998472 ], [ -61.661367, -30.986978999998456 ], [ -61.661532, -30.987102999998456 ], [ -61.661666, -30.987347999998462 ], [ -61.661694, -30.987348999998467 ], [ -61.662564, -30.987204999998472 ], [ -61.668105, -30.986380999998456 ], [ -61.668367, -30.98655399999846 ], [ -61.67089, -30.986285999998454 ], [ -61.67812, -30.985456999998465 ] ] ] } },
{ "type": "Feature", "properties": { "Nombre": "Canal Borgogno (Flessia - Emmert)", "Estado": "Finalizado", "Datos": null, "C Cuenca": "Comite Castellanos Zona Sur", "Tipo": null, "Region": null, "Cuenca": null, "Obra": null, "Código": null, "Localidad": "Colonia Bigand", "Direccion": null, "Resp.": null, "Dpto": "Castellanos", "Long (Km)": 4.8 }, "geometry": { "type": "MultiLineString", "coordinates": [ [ [ -61.71499, -31.104625999998227 ], [ -61.715085, -31.105746999998239 ], [ -61.701489, -31.108103999998207 ], [ -61.683986, -31.111071999998227 ], [ -61.681756, -31.110406999998219 ], [ -61.677685, -31.109327999998239 ], [ -61.670899, -31.10816399999824 ], [ -61.667216, -31.107747999998224 ] ] ] } },
{ "type": "Feature", "properties": { "Nombre": "Dje. FFCC Galisteo", "Estado": "Finalizado", "Datos": null, "C Cuenca": "Comite Castellanos Zona Norte", "Tipo": null, "Region": null, "Cuenca": null, "Obra": null, "Código": null, "Localidad": "Galisteo", "Direccion": null, "Resp.": null, "Dpto": "Castellanos", "Long (Km)": 0.91 }, "geometry": { "type": "MultiLineString", "coordinates": [ [ [ -61.367654, -31.050815999998349 ], [ -61.367619, -31.050194999998336 ], [ -61.375571, -31.048812999998336 ], [ -61.375926, -31.049282999998344 ] ] ] } },
{ "type": "Feature", "properties": { "Nombre": "Dje. FFCC Galisteo", "Estado": "Finalizado", "Datos": null, "C Cuenca": "Comite Castellanos Zona Norte", "Tipo": null, "Region": null, "Cuenca": null, "Obra": null, "Código": null, "Localidad": "Galisteo", "Direccion": null, "Resp.": null, "Dpto": "Castellanos", "Long (Km)": 8.03 }, "geometry": { "type": "MultiLineString", "coordinates": [ [ [ -61.369326, -31.038142999998371 ], [ -61.371664, -31.049476999998348 ], [ -61.367667, -31.050179999998349 ], [ -61.367719, -31.050741999998344 ], [ -61.354841, -31.052908999998323 ], [ -61.302965, -31.06197499999832 ] ] ] } },
{ "type": "Feature", "properties": { "Nombre": "Dje. FFCC Galisteo", "Estado": "Finalizado", "Datos": null, "C Cuenca": "Comite Castellanos Zona Norte", "Tipo": null, "Region": null, "Cuenca": null, "Obra": null, "Código": null, "Localidad": "Galisteo", "Direccion": null, "Resp.": null, "Dpto": "Castellanos", "Long (Km)": 8.34 }, "geometry": { "type": "MultiLineString", "coordinates": [ [ [ -61.38779, -31.047485999998326 ], [ -61.3761, -31.049415999998335 ], [ -61.376015, -31.050044999998349 ], [ -61.368085, -31.051422999998351 ], [ -61.367567, -31.050838999998344 ], [ -61.319524, -31.058938999998343 ], [ -61.302997, -31.061760999998288 ] ] ] } },
{ "type": "Feature", "properties": { "Nombre": "Canal Interdist. Ataliva-Galisteo", "Estado": "Finalizado", "Datos": null, "C Cuenca": "Comite Castellanos Zona Norte", "Tipo": null, "Region": null, "Cuenca": null, "Obra": null, "Código": null, "Localidad": "Humberto I", "Direccion": null, "Resp.": null, "Dpto": "Castellanos", "Long (Km)": 9.95 }, "geometry": { "type": "MultiLineString", "coordinates": [ [ [ -61.380997, -31.015680999998391 ], [ -61.376545, -30.996108999998455 ], [ -61.37086, -30.971069999998498 ], [ -61.364023, -30.940709999998568 ], [ -61.361352, -30.927587999998583 ] ] ] } },
{ "type": "Feature", "properties": { "Nombre": "Canal Secundario Bigand", "Estado": "Finalizado", "Datos": null, "C Cuenca": "Comite Castellanos Zona Sur", "Tipo": null, "Region": null, "Cuenca": null, "Obra": null, "Código": null, "Localidad": "Fidela, Ramona", "Direccion": null, "Resp.": null, "Dpto": "Castellanos", "Long (Km)": 20.13 }, "geometry": { "type": "MultiLineString", "coordinates": [ [ [ -61.890396, -31.084608199998275 ], [ -61.869952900000087, -31.08811429999826 ], [ -61.869418100000082, -31.088172899998249 ], [ -61.86868980000007, -31.088304399998286 ], [ -61.867673, -31.088493799998265 ], [ -61.865498, -31.088858999998269 ], [ -61.861104, -31.089664999998273 ], [ -61.856173, -31.090533999998268 ], [ -61.85116, -31.091447999998262 ], [ -61.847729, -31.092058999998262 ], [ -61.837821, -31.093810999998237 ], [ -61.830976, -31.094997999998242 ], [ -61.826518, -31.095780999998226 ], [ -61.824073, -31.09623199999826 ], [ -61.81326, -31.098143999998246 ], [ -61.810853, -31.098533999998253 ], [ -61.808656, -31.098939999998262 ], [ -61.806617, -31.09928899999823 ], [ -61.803577, -31.099831999998248 ], [ -61.802073, -31.100088999998245 ], [ -61.800965, -31.100295999998238 ], [ -61.798776, -31.100680999998239 ], [ -61.797579, -31.10085699999826 ], [ -61.7973, -31.099793999998248 ], [ -61.796787, -31.097635999998264 ], [ -61.796247, -31.095410999998265 ], [ -61.795653, -31.092862999998253 ], [ -61.795399, -31.091787999998264 ], [ -61.79519, -31.091810999998234 ], [ -61.793756, -31.092069999998273 ], [ -61.788675, -31.092979999998231 ], [ -61.786046, -31.093453999998236 ], [ -61.783624, -31.093878999998282 ], [ -61.781879, -31.094128999998262 ], [ -61.78005, -31.094492999998263 ], [ -61.779413, -31.094591999998265 ], [ -61.77676, -31.09503799999824 ], [ -61.775234, -31.095329999998238 ], [ -61.774204, -31.095487999998252 ], [ -61.770941, -31.09606099999824 ], [ -61.770456, -31.096142999998253 ], [ -61.768772, -31.096440999998254 ], [ -61.768311, -31.09482999999825 ], [ -61.76781, -31.092724999998275 ], [ -61.767457, -31.091230999998277 ], [ -61.767054, -31.089542999998255 ], [ -61.766686, -31.087951999998264 ], [ -61.766513, -31.087191999998268 ], [ -61.766025, -31.085217999998267 ], [ -61.765743, -31.083997999998282 ], [ -61.765184, -31.081548999998287 ], [ -61.764852, -31.080157999998296 ], [ -61.764565, -31.078943999998273 ], [ -61.764357, -31.078075999998283 ], [ -61.764282, -31.078001999998271 ], [ -61.763734, -31.078105999998293 ], [ -61.760828, -31.078612999998295 ], [ -61.758719, -31.078966999998315 ], [ -61.757124, -31.079262999998289 ], [ -61.754682, -31.07968699999828 ], [ -61.750841000000108, -31.080332999998287 ], [ -61.743992, -31.081548999998269 ], [ -61.73759, -31.082673999998288 ], [ -61.727749, -31.084214999998281 ], [ -61.713031, -31.080400999998282 ], [ -61.710139, -31.080735999998311 ], [ -61.709261, -31.080527999998303 ] ] ] } },
{ "type": "Feature", "properties": { "Nombre": "Defensa Urbana Ataliva", "Estado": "Finalizado", "Datos": "Limpieza canal perimetral", "C Cuenca": "Comite Castellanos Zona Norte", "Tipo": null, "Region": null, "Cuenca": null, "Obra": null, "Código": null, "Localidad": "Ataliva", "Direccion": null, "Resp.": null, "Dpto": "Castellanos", "Long (Km)": 5.06 }, "geometry": { "type": "MultiLineString", "coordinates": [ [ [ -61.423248, -31.008858999998424 ], [ -61.440436, -31.005921999998421 ], [ -61.435568, -30.984449999998475 ], [ -61.425759, -30.986222999998454 ] ] ] } },
{ "type": "Feature", "properties": { "Nombre": "Cl. Terc. Sapino", "Estado": "Finalizado", "Datos": null, "C Cuenca": "Comite Castellanos Zona Sur", "Tipo": null, "Region": null, "Cuenca": null, "Obra": null, "Código": null, "Localidad": "Bigand", "Direccion": null, "Resp.": null, "Dpto": "Castellanos", "Long (Km)": 4.02 }, "geometry": { "type": "MultiLineString", "coordinates": [ [ [ -61.727807, -31.084298999998257 ], [ -61.72885, -31.084746999998288 ], [ -61.72934, -31.084983999998276 ], [ -61.730962, -31.085543999998265 ], [ -61.732772, -31.086139999998274 ], [ -61.734291, -31.086621999998279 ], [ -61.735001, -31.086850999998255 ], [ -61.735795, -31.087077999998261 ], [ -61.736525, -31.08729999999828 ], [ -61.737106, -31.08748099999827 ], [ -61.73777, -31.087669999998255 ], [ -61.738315000000121, -31.08783099999826 ], [ -61.73883, -31.08799199999828 ], [ -61.739196, -31.088096999998257 ], [ -61.739645, -31.088224999998292 ], [ -61.740207, -31.088394999998258 ], [ -61.740639, -31.088522999998283 ], [ -61.74115, -31.088674999998272 ], [ -61.741599, -31.08880199999826 ], [ -61.742067, -31.088962999998252 ], [ -61.742365, -31.089060999998264 ], [ -61.742637, -31.089129999998256 ], [ -61.742927, -31.089234999998247 ], [ -61.743195, -31.089323999998268 ], [ -61.743488, -31.089451999998303 ], [ -61.743726, -31.089552999998251 ], [ -61.74422, -31.089788999998262 ], [ -61.744833, -31.090070999998272 ], [ -61.745632, -31.09044399999825 ], [ -61.746183, -31.090682999998272 ], [ -61.746398, -31.090801999998266 ], [ -61.746699, -31.090918999998252 ], [ -61.747075, -31.091063999998241 ], [ -61.747551, -31.091246999998251 ], [ -61.748209, -31.091478999998266 ], [ -61.748599, -31.091614999998281 ], [ -61.748948, -31.091720999998248 ], [ -61.749207, -31.091862999998281 ], [ -61.75163, -31.091901999998271 ], [ -61.753557000000107, -31.091785999998269 ], [ -61.75735, -31.092314999998244 ], [ -61.757365, -31.092327999998265 ], [ -61.75744, -31.092327999998265 ], [ -61.763852, -31.093526999998257 ], [ -61.767676, -31.094890999998256 ] ] ] } },
{ "type": "Feature", "properties": { "Nombre": "Canal Casablanca T. Rural", "Estado": "Finalizado", "Datos": "Limpieza canal exitente", "C Cuenca": "Comite Castellanos Zona Sur", "Tipo": null, "Region": null, "Cuenca": null, "Obra": null, "Código": null, "Localidad": "Aldao", "Direccion": null, "Resp.": null, "Dpto": "Castellanos", "Long (Km)": 9.15 }, "geometry": { "type": "MultiLineString", "coordinates": [ [ [ -61.735268, -30.976778999998459 ], [ -61.733499, -30.9682269999985 ], [ -61.790087, -30.958281999998512 ], [ -61.810319, -30.954268999998519 ], [ -61.816855, -30.951702999998499 ] ] ] } },
{ "type": "Feature", "properties": { "Nombre": "Canal Androetto - Bonetti", "Estado": "Finalizado", "Datos": null, "C Cuenca": "Comite Castellanos Zona Sur", "Tipo": null, "Region": null, "Cuenca": null, "Obra": null, "Código": null, "Localidad": "Bigand", "Direccion": null, "Resp.": null, "Dpto": "Castellanos", "Long (Km)": 3.31 }, "geometry": { "type": "MultiLineString", "coordinates": [ [ [ -61.710668, -31.087118999998271 ], [ -61.679711, -31.092818999998226 ], [ -61.680216, -31.095347999998257 ] ] ] } },
{ "type": "Feature", "properties": { "Nombre": "Cl. Werlen-Peirone-Gauchat", "Estado": "Finalizado", "Datos": null, "C Cuenca": "Comite Castellanos Zona Sur", "Tipo": null, "Region": null, "Cuenca": null, "Obra": null, "Código": null, "Localidad": "Colonia Bigand", "Direccion": null, "Resp.": null, "Dpto": "Castellanos", "Long (Km)": 3.38 }, "geometry": { "type": "MultiLineString", "coordinates": [ [ [ -61.699822, -31.04176799999836 ], [ -61.684841, -31.037463999998373 ], [ -61.676001, -31.035420999998365 ], [ -61.671843, -31.034696999998353 ], [ -61.67004, -31.034024999998373 ], [ -61.665841, -31.034625999998383 ] ] ] } },
{ "type": "Feature", "properties": { "Nombre": "Cl. Terc. Tablitas", "Estado": "Finalizado", "Datos": null, "C Cuenca": "Comite Castellanos Zona Norte", "Tipo": null, "Region": null, "Cuenca": null, "Obra": null, "Código": null, "Localidad": "Galisteo", "Direccion": null, "Resp.": null, "Dpto": "Castellanos", "Long (Km)": 4.58 }, "geometry": { "type": "MultiLineString", "coordinates": [ [ [ -61.297915300000085, -31.049458099998347 ], [ -61.303108, -31.04886989999833 ], [ -61.30937370000008, -31.047546299998352 ], [ -61.312892700000113, -31.046884399998341 ], [ -61.314180200000074, -31.046516799998333 ], [ -61.320102500000075, -31.046369699998365 ], [ -61.325123600000055, -31.047509499998334 ], [ -61.32885720000008, -31.048575699998342 ], [ -61.329981500000081, -31.048841899998358 ], [ -61.331762500000075, -31.049319799998347 ], [ -61.334702200000081, -31.04976099999832 ], [ -61.335345900000071, -31.049797799998316 ], [ -61.335775100000063, -31.049613999998336 ], [ -61.336225700000071, -31.049264699998353 ], [ -61.33684790000008, -31.049099199998349 ], [ -61.338006700000093, -31.049246299998362 ], [ -61.339980800000085, -31.050018399998329 ], [ -61.341118, -31.05033089999835 ], [ -61.341783200000073, -31.050441199998357 ], [ -61.344433200000083, -31.050744499998352 ] ] ] } },
{ "type": "Feature", "properties": { "Nombre": "Canal Ppal Vila Cululu - Loma San Antonio", "Estado": "Finalizado", "Datos": null, "C Cuenca": "Comite Castellanos Zona Sur", "Tipo": null, "Region": null, "Cuenca": null, "Obra": null, "Código": null, "Localidad": "San Antonio", "Direccion": null, "Resp.": null, "Dpto": "Castellanos", "Long (Km)": 3.77 }, "geometry": { "type": "MultiLineString", "coordinates": [ [ [ -61.776732, -31.188834999998072 ], [ -61.777796, -31.193297999998073 ], [ -61.778969, -31.198169999998054 ], [ -61.779424, -31.199910999998039 ], [ -61.77953, -31.200239999998072 ], [ -61.779525, -31.200514999998042 ], [ -61.779461, -31.200778999998047 ], [ -61.779332, -31.20100299999806 ], [ -61.779216, -31.201160999998049 ], [ -61.778878, -31.201401999998048 ], [ -61.777666, -31.201968999998044 ], [ -61.776454, -31.202533999998028 ], [ -61.77557800000011, -31.202968999998042 ], [ -61.774986, -31.203251999998066 ], [ -61.77457, -31.203453999998025 ], [ -61.774391, -31.20360899999806 ], [ -61.774206, -31.203793999998034 ], [ -61.774059, -31.203986999998062 ], [ -61.773993, -31.204187999998041 ], [ -61.773939, -31.20443199999805 ], [ -61.773964, -31.204860999998051 ], [ -61.777464300000076, -31.219692499998018 ] ] ] } },
{ "type": "Feature", "properties": { "Nombre": "Canal Sabena", "Estado": "Finalizado", "Datos": null, "C Cuenca": "Comite Castellanos Zona Sur", "Tipo": null, "Region": null, "Cuenca": null, "Obra": null, "Código": null, "Localidad": "Bigand", "Direccion": null, "Resp.": null, "Dpto": "Castellanos", "Long (Km)": 2.56 }, "geometry": { "type": "MultiLineString", "coordinates": [ [ [ -61.70927, -31.080459999998258 ], [ -61.701236, -31.081408999998306 ], [ -61.698686000000102, -31.081164999998297 ], [ -61.695841, -31.080670999998283 ], [ -61.694762, -31.080338999998261 ], [ -61.689566, -31.080186999998304 ], [ -61.682741200000073, -31.079307299998302 ] ] ] } },
{ "type": "Feature", "properties": { "Nombre": "Cl. RP280s - Casablanca", "Estado": "En Ejecucion", "Datos": null, "C Cuenca": "Comite Castellanos Zona Sur", "Tipo": null, "Region": null, "Cuenca": null, "Obra": null, "Código": null, "Localidad": "Aldao", "Direccion": null, "Resp.": null, "Dpto": "Castellanos", "Long (Km)": 8.2 }, "geometry": { "type": "MultiLineString", "coordinates": [ [ [ -61.735315, -30.976854999998466 ], [ -61.722311, -30.979897999998496 ], [ -61.710097, -30.981214999998461 ], [ -61.708596, -30.981397999998475 ], [ -61.694537, -30.984106999998446 ], [ -61.688609, -30.985295999998467 ], [ -61.681776, -30.986629999998467 ], [ -61.66855, -30.989438999998455 ], [ -61.665505000000117, -30.989998999998473 ], [ -61.663337, -30.990364999998452 ], [ -61.66057, -30.990760699998447 ], [ -61.657496, -30.990999999998468 ], [ -61.655497000000103, -30.99063799999843 ], [ -61.653607, -30.989757999998446 ], [ -61.65218427070608, -30.988532155812642 ] ] ] } },
{ "type": "Feature", "properties": { "Nombre": "Cl. RP280s - Casablanca", "Estado": "En Ejecucion", "Datos": null, "C Cuenca": "Comite Castellanos Zona Sur", "Tipo": null, "Region": null, "Cuenca": null, "Obra": null, "Código": null, "Localidad": "Sunchales", "Direccion": null, "Resp.": null, "Dpto": "Castellanos", "Long (Km)": 0.69 }, "geometry": { "type": "MultiLineString", "coordinates": [ [ [ -61.65218427070608, -30.988532155812642 ], [ -61.651179, -30.98766599999848 ], [ -61.647535051990268, -30.98382405481366 ] ] ] } },
{ "type": "Feature", "properties": { "Nombre": "Drenaje N°2 San Antonio", "Estado": "Finalizado", "Datos": "Adecuación de las alcantarillas Progr Km 1+000 y Km 2+000 y construcción de cabezales de mampostería. Se retocó la limpieza de los 2 primeros Km.", "C Cuenca": "Comite Castellanos Zona Sur", "Tipo": null, "Region": null, "Cuenca": null, "Obra": null, "Código": null, "Localidad": "San Antonio", "Direccion": null, "Resp.": null, "Dpto": "Castellanos", "Long (Km)": 6.5 }, "geometry": { "type": "MultiLineString", "coordinates": [ [ [ -61.781761, -31.237900999997962 ], [ -61.732288, -31.246358999997966 ], [ -61.727571, -31.247104999997976 ], [ -61.727375, -31.246996999997958 ], [ -61.727333, -31.246774999997967 ], [ -61.727277, -31.246516999997972 ], [ -61.72706, -31.246426999997968 ], [ -61.725088, -31.246850999997957 ], [ -61.724968, -31.246796999997986 ], [ -61.724815, -31.246376999997953 ], [ -61.7245, -31.245374999997949 ], [ -61.722077, -31.245791999997962 ], [ -61.72195, -31.245736999997956 ], [ -61.721859, -31.245598999997963 ], [ -61.719866, -31.245681999997984 ], [ -61.719677, -31.245674999997945 ], [ -61.719427, -31.244651999997991 ], [ -61.717636, -31.244078999997964 ] ] ] } },
{ "type": "Feature", "properties": { "Nombre": "Canal Ppal Vila Cululu - Loma San Antonio", "Estado": "Finalizado", "Datos": null, "C Cuenca": "Comite Castellanos Zona Sur", "Tipo": null, "Region": null, "Cuenca": null, "Obra": null, "Código": null, "Localidad": "San Antonio", "Direccion": null, "Resp.": null, "Dpto": "Castellanos", "Long (Km)": 3.77 }, "geometry": { "type": "MultiLineString", "coordinates": [ [ [ -61.776732, -31.188834999998072 ], [ -61.777796, -31.193297999998073 ], [ -61.778969, -31.198169999998054 ], [ -61.779424, -31.199910999998039 ], [ -61.77953, -31.200239999998072 ], [ -61.779525, -31.200514999998042 ], [ -61.779461, -31.200778999998047 ], [ -61.779332, -31.20100299999806 ], [ -61.779216, -31.201160999998049 ], [ -61.778878, -31.201401999998048 ], [ -61.777666, -31.201968999998044 ], [ -61.776454, -31.202533999998028 ], [ -61.77557800000011, -31.202968999998042 ], [ -61.774986, -31.203251999998066 ], [ -61.77457, -31.203453999998025 ], [ -61.774391, -31.20360899999806 ], [ -61.774206, -31.203793999998034 ], [ -61.774059, -31.203986999998062 ], [ -61.773993, -31.204187999998041 ], [ -61.773939, -31.20443199999805 ], [ -61.773964, -31.204860999998051 ], [ -61.777464300000076, -31.219692499998018 ] ] ] } },
{ "type": "Feature", "properties": { "Nombre": "Canal Terciario Dje. Gramaglia - Bajo de Vila", "Estado": "Finalizado", "Datos": "limpieza de canal y adecuación de alcantarillas. construcción de cabezales.", "C Cuenca": "Comite Castellanos Zona Sur", "Tipo": null, "Region": null, "Cuenca": null, "Obra": null, "Código": null, "Localidad": "Vila", "Direccion": null, "Resp.": null, "Dpto": "Castellanos", "Long (Km)": 3.23 }, "geometry": { "type": "MultiLineString", "coordinates": [ [ [ -61.776188, -31.186323999998098 ], [ -61.776177, -31.186299999998084 ], [ -61.776287, -31.18632299999808 ], [ -61.776435, -31.186342999998072 ], [ -61.776603, -31.186371999998066 ], [ -61.7768, -31.186382999998077 ], [ -61.777059, -31.186400999998064 ], [ -61.777342, -31.186413999998077 ], [ -61.777965000000108, -31.186448999998088 ], [ -61.779062, -31.186514999998082 ], [ -61.779651, -31.18655299999806 ], [ -61.780129, -31.186569999998085 ], [ -61.780578, -31.186604999998082 ], [ -61.781126, -31.186647999998087 ], [ -61.781303, -31.186671999998104 ], [ -61.781504, -31.18670399999808 ], [ -61.781712, -31.186758999998062 ], [ -61.781923, -31.186819999998061 ], [ -61.782542, -31.187026999998071 ], [ -61.782969, -31.187187999998073 ], [ -61.783139, -31.187260999998081 ], [ -61.783245, -31.187289999998068 ], [ -61.783405, -31.187321999998062 ], [ -61.783565, -31.187350999998056 ], [ -61.783747, -31.187368999998075 ], [ -61.783928, -31.187388999998067 ], [ -61.784163, -31.18741199999808 ], [ -61.784364, -31.187423999998078 ], [ -61.7845340000001, -31.187417999998072 ], [ -61.784667, -31.187417999998065 ], [ -61.784891, -31.187405999998077 ], [ -61.785317000000106, -31.187391999998098 ], [ -61.785691, -31.187370999998077 ], [ -61.786103, -31.187350999998067 ], [ -61.786557, -31.187317999998072 ], [ -61.786868, -31.187311999998059 ], [ -61.787212, -31.187311999998059 ], [ -61.787475, -31.187308999998081 ], [ -61.787713, -31.187308999998095 ], [ -61.788054000000102, -31.187296999998065 ], [ -61.788362, -31.187317999998079 ], [ -61.788607, -31.187320999998121 ], [ -61.78874, -31.187320999998082 ], [ -61.788914, -31.187308999998095 ], [ -61.78918, -31.187284999998081 ], [ -61.789401, -31.187284999998056 ], [ -61.789728, -31.187241999998069 ], [ -61.790404, -31.187177999998063 ], [ -61.790652, -31.188368999998087 ], [ -61.804022, -31.186059999998058 ], [ -61.804965, -31.189714999998063 ] ] ] } },
{ "type": "Feature", "properties": { "Nombre": "Canal ROSSI -PERETTI", "Estado": "En Ejecucion", "Datos": "PARADO", "C Cuenca": "Comite Castellanos Zona Sur", "Tipo": null, "Region": null, "Cuenca": null, "Obra": null, "Código": null, "Localidad": "Bauer y Sigel", "Direccion": null, "Resp.": null, "Dpto": "Castellanos", "Long (Km)": 7.29 }, "geometry": { "type": "MultiLineString", "coordinates": [ [ [ -61.928987000000106, -31.242627999997964 ], [ -61.933002, -31.241906999997962 ], [ -61.933613, -31.241937999997958 ], [ -61.934344, -31.242013999997962 ], [ -61.934737, -31.242069999997959 ], [ -61.935064, -31.242204999997959 ], [ -61.935331, -31.24228899999796 ], [ -61.935604, -31.242332999997956 ], [ -61.93601, -31.242358999997968 ], [ -61.936547, -31.24238299999795 ], [ -61.937048, -31.242444999997979 ], [ -61.937672, -31.242485999997964 ], [ -61.938346, -31.242536999997967 ], [ -61.939097, -31.242590999997944 ], [ -61.93978, -31.242646999997987 ], [ -61.94057, -31.242696999997957 ], [ -61.941572, -31.242770999997969 ], [ -61.942448, -31.242825999997951 ], [ -61.942969, -31.24285599999795 ], [ -61.943152, -31.242813999997963 ], [ -61.943424, -31.242799999997953 ], [ -61.943663, -31.242818999997951 ], [ -61.943976, -31.242864999997948 ], [ -61.945575, -31.243176999997971 ], [ -61.947922, -31.243787999997984 ], [ -61.94949, -31.244178999997992 ], [ -61.950679, -31.244410999997942 ], [ -61.951763, -31.244523999997963 ], [ -61.953367, -31.24465399999794 ], [ -61.954738, -31.244750999997954 ], [ -61.955995, -31.24481299999799 ], [ -61.957139, -31.244860999997965 ], [ -61.957449, -31.244875999997948 ], [ -61.957644, -31.24499799999796 ], [ -61.957987, -31.245141999997962 ], [ -61.958716, -31.245307999997976 ], [ -61.959475, -31.245440999997967 ], [ -61.960296, -31.24552099999794 ], [ -61.961344, -31.245578999997992 ], [ -61.96174, -31.245551999997943 ], [ -61.961944, -31.245588999997942 ], [ -61.962146, -31.245688999997956 ], [ -61.962402, -31.245749999997969 ], [ -61.963761, -31.24597599999796 ], [ -61.964539, -31.246122999997962 ], [ -61.964893, -31.246150999997962 ], [ -61.96528, -31.24621799999796 ], [ -61.965939, -31.246285999997976 ], [ -61.968708, -31.24630099999796 ], [ -61.970754, -31.24630299999798 ], [ -61.973036, -31.246319999997997 ], [ -61.975197, -31.246294999997968 ], [ -61.976412, -31.246293999997963 ], [ -61.976603, -31.246316999997941 ], [ -61.978849, -31.246293999997942 ], [ -61.981120000000104, -31.246258999997952 ], [ -61.985049, -31.246164999997973 ], [ -61.985789, -31.246159999997943 ], [ -61.987582, -31.246015999997965 ], [ -61.988948, -31.245913999997942 ], [ -61.990914, -31.24576599999796 ], [ -61.99253, -31.245626999997992 ], [ -61.994233, -31.245320999997958 ], [ -61.995838, -31.245010999997973 ], [ -61.996931, -31.244799999998001 ], [ -61.997959, -31.244624999997942 ], [ -61.999275, -31.24441699999797 ], [ -62.000756, -31.244052999997962 ], [ -62.001891, -31.243692999997965 ], [ -62.003012, -31.243345999997974 ], [ -62.00323, -31.243291999997961 ], [ -62.003597, -31.24330999999799 ], [ -62.004001, -31.243337999997973 ], [ -62.004394, -31.243348999997941 ] ] ] } },
{ "type": "Feature", "properties": { "Nombre": "Dje Pairone - Bertolaccini", "Estado": "Finalizado", "Datos": "Drenaje/Cuneta Peirone-Bertolaccini\ndescripción: limpieza drenaje (cuneteo) con Euromach.\nArreglo de alcantarillas y cabezales (tubo de 0,80m)", "C Cuenca": "Comite Castellanos Zona Sur", "Tipo": null, "Region": null, "Cuenca": null, "Obra": null, "Código": null, "Localidad": "Castellanos", "Direccion": null, "Resp.": null, "Dpto": "Castellanos", "Long (Km)": 1.59 }, "geometry": { "type": "MultiLineString", "coordinates": [ [ [ -61.735233, -31.188790999998044 ], [ -61.738431, -31.202906999998053 ] ] ] } },
{ "type": "Feature", "properties": { "Nombre": "Canal Terciario Cello", "Estado": "Finalizado", "Datos": "Convenio préstamo de equipo volante con comuna de Cello. Finalizó equipo del Comité de Cuenca Castellanos Sur", "C Cuenca": "Comite Castellanos Zona Sur", "Tipo": null, "Region": null, "Cuenca": null, "Obra": null, "Código": null, "Localidad": "Santa Clara de Saguier", "Direccion": null, "Resp.": null, "Dpto": "Castellanos", "Long (Km)": 3.9 }, "geometry": { "type": "MultiLineString", "coordinates": [ [ [ -61.889104, -31.337471999997788 ], [ -61.889095, -31.337471999997767 ], [ -61.889018, -31.337560999997763 ], [ -61.889634, -31.340182999997786 ], [ -61.890198, -31.3426359999978 ], [ -61.891053, -31.346320999997776 ], [ -61.891629, -31.34876899999777 ], [ -61.892736, -31.353334999997756 ], [ -61.893614, -31.357008999997767 ], [ -61.894626, -31.361269999997745 ], [ -61.894677, -31.361360999997725 ], [ -61.895535, -31.361709999997736 ], [ -61.89559, -31.36175599999774 ], [ -61.895566, -31.361854999997711 ], [ -61.895515, -31.361925999997744 ], [ -61.895198, -31.36179999999775 ], [ -61.894863, -31.361667999997728 ], [ -61.894736, -31.36166299999773 ], [ -61.894713, -31.361745999997719 ], [ -61.89512, -31.363411999997744 ], [ -61.896814, -31.370409999997715 ] ] ] } },
{ "type": "Feature", "properties": { "Nombre": "Canal Castellanos Centro", "Estado": "Finalizado", "Datos": "Adecuación de alcantarillas y limpieza de canal", "C Cuenca": "Comite Castellanos Zona Sur", "Tipo": null, "Region": null, "Cuenca": null, "Obra": null, "Código": null, "Localidad": "Castellanos", "Direccion": null, "Resp.": null, "Dpto": "Castellanos", "Long (Km)": 7.5 }, "geometry": { "type": "MultiLineString", "coordinates": [ [ [ -61.696561000000109, -31.163485999998112 ], [ -61.697592, -31.163327999998117 ], [ -61.697764, -31.163315999998133 ], [ -61.697907, -31.163316999998131 ], [ -61.698072, -31.163365999998103 ], [ -61.69877, -31.163477999998126 ], [ -61.699085, -31.163526999998094 ], [ -61.699862, -31.163607999998103 ], [ -61.700137, -31.163648999998131 ], [ -61.700458, -31.163712999998136 ], [ -61.700862, -31.163791999998114 ], [ -61.701121, -31.163866999998142 ], [ -61.701318, -31.163918999998145 ], [ -61.701483, -31.163994999998113 ], [ -61.701867, -31.164188999998093 ], [ -61.702186, -31.164321999998101 ], [ -61.702302, -31.164367999998145 ], [ -61.702586, -31.164455999998122 ], [ -61.703427, -31.164625999998101 ], [ -61.704226, -31.164791999998105 ], [ -61.704377, -31.164817999998125 ], [ -61.704541, -31.164847999998102 ], [ -61.704645, -31.164914999998114 ], [ -61.704817, -31.165017999998121 ], [ -61.704989, -31.165106999998102 ], [ -61.707377, -31.16467599999811 ], [ -61.708457, -31.164510999998111 ], [ -61.709313, -31.164947999998116 ], [ -61.709596, -31.165082999998123 ], [ -61.709748, -31.165123999998119 ], [ -61.709888, -31.165128999998121 ], [ -61.709910000000107, -31.165128999998121 ], [ -61.71011, -31.165083999998132 ], [ -61.710715, -31.164989999998117 ], [ -61.711279, -31.164895999998112 ], [ -61.712526, -31.164683999998122 ], [ -61.713761, -31.164482999998128 ], [ -61.714156, -31.164511999998108 ], [ -61.71494, -31.164576999998133 ], [ -61.715267, -31.164573999998112 ], [ -61.71542, -31.164555999998118 ], [ -61.718162, -31.164409999998121 ], [ -61.718383, -31.164418999998137 ], [ -61.719482, -31.164361999998121 ], [ -61.720835, -31.164259999998126 ], [ -61.72209, -31.164154999998104 ], [ -61.723529, -31.164053999998107 ], [ -61.724726, -31.163969999998148 ], [ -61.726353, -31.163812999998093 ], [ -61.726739, -31.163779999998141 ], [ -61.72835, -31.163638999998124 ], [ -61.728892, -31.163607999998142 ], [ -61.729015, -31.163573999998121 ], [ -61.7292, -31.163563999998114 ], [ -61.729774, -31.163546999998118 ], [ -61.731079, -31.163505999998108 ], [ -61.731948, -31.16349399999811 ], [ -61.732136, -31.163497999998153 ], [ -61.732372, -31.16351299999813 ], [ -61.733102, -31.163688999998126 ], [ -61.734599, -31.164017999998116 ], [ -61.736222, -31.164354999998132 ], [ -61.736694, -31.164276999998123 ], [ -61.738332, -31.163986999998102 ], [ -61.739298, -31.163825999998121 ], [ -61.739515, -31.163775999998087 ], [ -61.73981, -31.163833999998108 ], [ -61.740067, -31.163883999998127 ], [ -61.740936, -31.163977999998142 ], [ -61.742179, -31.164096999998115 ], [ -61.742533, -31.16411299999811 ], [ -61.742819, -31.16415599999814 ], [ -61.742935, -31.164174999998131 ], [ -61.743043, -31.164256999998138 ], [ -61.743395, -31.16565799999811 ], [ -61.746198, -31.165203999998131 ], [ -61.75045, -31.166290999998115 ], [ -61.750502, -31.166667999998122 ], [ -61.752758, -31.166223999998124 ], [ -61.753302, -31.166844999998098 ], [ -61.754184, -31.167088999998104 ], [ -61.75574, -31.167532999998116 ], [ -61.757607, -31.16744399999812 ], [ -61.759214, -31.167377999998127 ], [ -61.761185, -31.167155999998126 ], [ -61.763791, -31.167037999998119 ], [ -61.767033, -31.166719999998119 ], [ -61.768238, -31.167393999998104 ], [ -61.771388, -31.166838999998099 ] ] ] } },
{ "type": "Feature", "properties": { "Nombre": "Canal Terciario Dje. Bessone", "Estado": "Finalizado", "Datos": null, "C Cuenca": "Comite Castellanos Zona Sur", "Tipo": null, "Region": null, "Cuenca": null, "Obra": null, "Código": null, "Localidad": "Coronel Fraga", "Direccion": null, "Resp.": null, "Dpto": "Castellanos", "Long (Km)": 0.96 }, "geometry": { "type": "MultiLineString", "coordinates": [ [ [ -61.869262, -31.167422999998099 ], [ -61.873968, -31.166605999998108 ], [ -61.874054, -31.166594999998122 ], [ -61.874161, -31.166670999998104 ], [ -61.874292, -31.166684999998115 ], [ -61.877679, -31.16608499999812 ], [ -61.879065, -31.165831999998101 ] ] ] } },
{ "type": "Feature", "properties": { "Nombre": "Canal Castellanos Sur", "Estado": "Finalizado", "Datos": "Limpieza canal y adecuación de 4 alcantarillas", "C Cuenca": "Comite Castellanos Zona Sur", "Tipo": null, "Region": null, "Cuenca": null, "Obra": null, "Código": null, "Localidad": "Castellanos", "Direccion": null, "Resp.": null, "Dpto": "Castellanos", "Long (Km)": 7.02 }, "geometry": { "type": "MultiLineString", "coordinates": [ [ [ -61.703648, -31.194018999998061 ], [ -61.70581, -31.193639999998062 ], [ -61.708811, -31.193141999998055 ], [ -61.710476, -31.192857999998068 ], [ -61.714785, -31.192045999998065 ], [ -61.716981, -31.191717999998065 ], [ -61.721305, -31.190966999998061 ], [ -61.728165, -31.189781999998083 ], [ -61.730393, -31.189375999998067 ], [ -61.734899, -31.188657999998064 ], [ -61.738214, -31.188047999998069 ], [ -61.741427, -31.187479999998075 ], [ -61.74326, -31.187150999998092 ], [ -61.744845, -31.18687399999806 ], [ -61.74572, -31.186710999998056 ], [ -61.748266, -31.18627199999807 ], [ -61.751355, -31.185721999998115 ], [ -61.753283, -31.185387999998074 ], [ -61.754999, -31.18509599999809 ], [ -61.757201, -31.18470599999808 ], [ -61.758943, -31.184388999998117 ], [ -61.759788, -31.184247999998096 ], [ -61.760281, -31.18414999999807 ], [ -61.760977, -31.18402599999807 ], [ -61.761437, -31.183948999998051 ], [ -61.761627, -31.183926999998086 ], [ -61.761856, -31.184007999998055 ], [ -61.762202, -31.184121999998098 ], [ -61.762537, -31.184229999998088 ], [ -61.762899, -31.184337999998075 ], [ -61.763219, -31.184445999998101 ], [ -61.763779, -31.184591999998069 ], [ -61.763979, -31.184657999998056 ], [ -61.764126, -31.18470299999808 ], [ -61.764295, -31.184735999998054 ], [ -61.764699, -31.184819999998098 ], [ -61.764857, -31.184832999998072 ], [ -61.764998, -31.184848999998092 ], [ -61.765205, -31.184859999998064 ], [ -61.76543, -31.184864999998059 ], [ -61.765841, -31.184900999998074 ], [ -61.766179, -31.184917999998085 ], [ -61.766795, -31.184971999998083 ], [ -61.767081, -31.184978999998084 ], [ -61.767343, -31.184996999998098 ], [ -61.76783, -31.185035999998099 ], [ -61.768364, -31.185082999998063 ], [ -61.768811, -31.18510099999806 ], [ -61.769059, -31.18511899999806 ], [ -61.769417, -31.185139999998071 ], [ -61.770161, -31.185181999998072 ], [ -61.770498, -31.185208999998071 ], [ -61.770861, -31.185222999998089 ], [ -61.771204, -31.185253999998096 ], [ -61.771598, -31.185283999998095 ], [ -61.771988, -31.185319999998065 ], [ -61.772242, -31.185348999998066 ], [ -61.772687, -31.185386999998077 ], [ -61.773464, -31.185442999998074 ], [ -61.774056, -31.185494999998085 ], [ -61.774843, -31.185565999998058 ], [ -61.775536, -31.185637999998068 ], [ -61.77562, -31.185621999998069 ], [ -61.775772, -31.185473999998084 ] ] ] } },
{ "type": "Feature", "properties": { "Nombre": "Canal Secundario Bauer y Sigel", "Estado": "En Ejecucion", "Datos": null, "C Cuenca": "Comite Castellanos Zona Sur", "Tipo": null, "Region": null, "Cuenca": null, "Obra": null, "Código": null, "Localidad": "Vila, Coronel Fraga, Bauer y Sigel", "Direccion": null, "Resp.": null, "Dpto": "Castellanos", "Long (Km)": 25.55 }, "geometry": { "type": "MultiLineString", "coordinates": [ [ [ -61.775349, -31.210000999998044 ], [ -61.77552, -31.21025399999802 ], [ -61.915201, -31.185190999998085 ], [ -61.940648, -31.290420999997881 ] ] ] } },
{ "type": "Feature", "properties": { "Nombre": "Canal Los Ángeles", "Estado": "Finalizado", "Datos": null, "C Cuenca": "Comité de Canales Ppales N°3 y 4", "Tipo": null, "Region": null, "Cuenca": null, "Obra": null, "Código": null, "Localidad": "La Rubia", "Direccion": null, "Resp.": null, "Dpto": "San Cristobal", "Long (Km)": 8.73 }, "geometry": { "type": "MultiLineString", "coordinates": [ [ [ -61.776158600000073, -30.102185100000206 ], [ -61.761395800000088, -30.034367100000313 ], [ -61.772157190212987, -30.031705261483935 ] ] ] } },
{ "type": "Feature", "properties": { "Nombre": "Canal Los Ángeles", "Estado": "Finalizado", "Datos": null, "C Cuenca": "Comité de Canales Ppales N°3 y 4", "Tipo": null, "Region": null, "Cuenca": null, "Obra": null, "Código": null, "Localidad": "Hersilia", "Direccion": null, "Resp.": null, "Dpto": "San Cristobal", "Long (Km)": 0.01 }, "geometry": { "type": "MultiLineString", "coordinates": [ [ [ -61.772157190212987, -30.031705261483935 ], [ -61.772210400000077, -30.031692100000317 ] ] ] } },
{ "type": "Feature", "properties": { "Nombre": "Desagüe urbano Villa Trinidad", "Estado": "Finalizado", "Datos": null, "C Cuenca": "Comité de Canales Ppales N°3 y 4", "Tipo": null, "Region": null, "Cuenca": null, "Obra": null, "Código": null, "Localidad": "Villa Trinidad", "Direccion": null, "Resp.": null, "Dpto": "San Cristobal", "Long (Km)": 0.14 }, "geometry": { "type": "MultiLineString", "coordinates": [ [ [ -61.86718220000008, -30.225102 ], [ -61.866877080721395, -30.223891877652946 ] ] ] } },
{ "type": "Feature", "properties": { "Nombre": "Desagüe urbano Villa Trinidad", "Estado": "Finalizado", "Datos": null, "C Cuenca": "Comité de Canales Ppales N°3 y 4", "Tipo": null, "Region": null, "Cuenca": null, "Obra": null, "Código": null, "Localidad": "Villa Trinidad", "Direccion": null, "Resp.": null, "Dpto": "San Cristobal", "Long (Km)": 4.76 }, "geometry": { "type": "MultiLineString", "coordinates": [ [ [ -61.866877080721395, -30.223891877652946 ], [ -61.86383480000007, -30.211826 ], [ -61.861689, -30.209675 ], [ -61.859800800000073, -30.209081599999969 ], [ -61.857397500000069, -30.208784899999984 ], [ -61.830446700000074, -30.213680299999943 ] ] ] } },
{ "type": "Feature", "properties": { "Nombre": "Canal Intercomunal Hersilia-Ceres", "Estado": "Finalizado", "Datos": null, "C Cuenca": "Comité de Canales Ppales N°3 y 4", "Tipo": null, "Region": null, "Cuenca": null, "Obra": null, "Código": null, "Localidad": "Hersilia", "Direccion": null, "Resp.": null, "Dpto": "San Cristobal", "Long (Km)": 20.64 }, "geometry": { "type": "MultiLineString", "coordinates": [ [ [ -61.884801200000105, -29.947605800000474 ], [ -61.77515250000009, -29.90687950000056 ], [ -61.757969700000068, -29.825901100000738 ] ] ] } },
{ "type": "Feature", "properties": { "Nombre": "Battistón canal Terciario", "Estado": "Finalizado", "Datos": null, "C Cuenca": "Comité de Canales Ppales N°3 y 4", "Tipo": null, "Region": null, "Cuenca": null, "Obra": null, "Código": null, "Localidad": "La Rubia", "Direccion": null, "Resp.": null, "Dpto": "San Cristobal", "Long (Km)": 1.07 }, "geometry": { "type": "MultiLineString", "coordinates": [ [ [ -61.767157400000087, -30.123427900000131 ], [ -61.765140300000091, -30.113924800000152 ] ] ] } },
{ "type": "Feature", "properties": { "Nombre": "Canal Davicino", "Estado": "Finalizado", "Datos": null, "C Cuenca": "Comité de Canales Ppales N°3 y 4", "Tipo": null, "Region": null, "Cuenca": null, "Obra": null, "Código": null, "Localidad": "Ceres", "Direccion": null, "Resp.": null, "Dpto": "San Cristobal", "Long (Km)": 4.99 }, "geometry": { "type": "MultiLineString", "coordinates": [ [ [ -61.851855300000082, -29.935448800000501 ], [ -61.854001100000076, -29.890513300000606 ] ] ] } },
{ "type": "Feature", "properties": { "Nombre": "Canal Camusso", "Estado": "Finalizado", "Datos": null, "C Cuenca": "Comité de Canales Ppales N°3 y 4", "Tipo": null, "Region": null, "Cuenca": null, "Obra": null, "Código": null, "Localidad": "Hersilia", "Direccion": null, "Resp.": null, "Dpto": "San Cristobal", "Long (Km)": 2.54 }, "geometry": { "type": "MultiLineString", "coordinates": [ [ [ -61.897659600000075, -30.0427892000003 ], [ -61.875086100000075, -30.054676400000275 ] ] ] } },
{ "type": "Feature", "properties": { "Nombre": "Principal Montefiore", "Estado": "Finalizado", "Datos": null, "C Cuenca": "Comité de Montefiore", "Tipo": null, "Region": null, "Cuenca": null, "Obra": null, "Código": null, "Localidad": "Montefiore", "Direccion": null, "Resp.": null, "Dpto": "9 de Julio", "Long (Km)": 0.08 }, "geometry": { "type": "MultiLineString", "coordinates": [ [ [ -61.904552400000078, -29.535899100001281 ], [ -61.90468880953469, -29.536642049415082 ] ] ] } },
{ "type": "Feature", "properties": { "Nombre": "Principal Montefiore", "Estado": "Finalizado", "Datos": null, "C Cuenca": "Comite Montefiore", "Tipo": null, "Region": null, "Cuenca": null, "Obra": null, "Código": null, "Localidad": "Montefiore", "Direccion": null, "Resp.": null, "Dpto": "9 de Julio", "Long (Km)": 28.3 }, "geometry": { "type": "MultiLineString", "coordinates": [ [ [ -61.90468880953469, -29.536642049415082 ], [ -61.942141, -29.740624000000892 ], [ -61.906991, -29.778507000000804 ] ] ] } },
{ "type": "Feature", "properties": { "Nombre": "San Carlos prolongación Secundario", "Estado": "Finalizado", "Datos": null, "C Cuenca": "Comité de Canales Ppales N°3 y 4", "Tipo": null, "Region": null, "Cuenca": null, "Obra": null, "Código": null, "Localidad": "Arrufo", "Direccion": null, "Resp.": null, "Dpto": "San Cristobal", "Long (Km)": 8.04 }, "geometry": { "type": "MultiLineString", "coordinates": [ [ [ -61.753414700000071, -30.1888821 ], [ -61.764401, -30.1941494 ], [ -61.767319300000089, -30.196820099999989 ], [ -61.77264080000009, -30.1973394 ], [ -61.778648900000093, -30.2003066 ], [ -61.79375510000007, -30.201790300000013 ], [ -61.805428100000057, -30.2053508 ], [ -61.821220900000064, -30.209504699999968 ], [ -61.830446700000074, -30.213680299999943 ] ] ] } },
{ "type": "Feature", "properties": { "Nombre": "San Carlos prolongación Secundario", "Estado": "Finalizado", "Datos": null, "C Cuenca": "Comité de Canales Ppales N°3 y 4", "Tipo": null, "Region": null, "Cuenca": null, "Obra": null, "Código": null, "Localidad": "Villa Trinidad", "Direccion": null, "Resp.": null, "Dpto": "San Cristobal", "Long (Km)": 3.7 }, "geometry": { "type": "MultiLineString", "coordinates": [ [ [ -61.830446700000074, -30.213680299999943 ], [ -61.837013800000072, -30.216625099999984 ], [ -61.848171800000088, -30.218998499999955 ], [ -61.866877080721395, -30.223891877652946 ] ] ] } },
{ "type": "Feature", "properties": { "Nombre": "San Carlos prolongación Secundario", "Estado": "Finalizado", "Datos": null, "C Cuenca": "Comité de Canales Ppales N°3 y 4", "Tipo": null, "Region": null, "Cuenca": null, "Obra": null, "Código": null, "Localidad": "Villa Trinidad", "Direccion": null, "Resp.": null, "Dpto": "San Cristobal", "Long (Km)": 0.0 }, "geometry": { "type": "MultiLineString", "coordinates": [ [ [ -61.866877080721395, -30.223891877652946 ], [ -61.866882900000085, -30.223893399999923 ] ] ] } },
{ "type": "Feature", "properties": { "Nombre": "Canal Ruta 91", "Estado": "Finalizado", "Datos": null, "C Cuenca": "Comité de Canales Ppales N°3 y 4", "Tipo": null, "Region": null, "Cuenca": null, "Obra": null, "Código": null, "Localidad": "Hersilia", "Direccion": null, "Resp.": null, "Dpto": "San Cristobal", "Long (Km)": 11.46 }, "geometry": { "type": "MultiLineString", "coordinates": [ [ [ -61.837177500000081, -29.99333040000041 ], [ -61.831770100000071, -29.991472000000424 ], [ -61.77387730000008, -29.907062600000568 ] ] ] } },
{ "type": "Feature", "properties": { "Nombre": "San Carlos prolongación Secundario", "Estado": "Finalizado", "Datos": null, "C Cuenca": "Comité de Canales Ppales N°3 y 4", "Tipo": null, "Region": null, "Cuenca": null, "Obra": null, "Código": null, "Localidad": "Arrufo", "Direccion": null, "Resp.": null, "Dpto": "San Cristobal", "Long (Km)": 14.38 }, "geometry": { "type": "MultiLineString", "coordinates": [ [ [ -61.752308200000087, -30.1882463 ], [ -61.738403600000083, -30.1837948 ], [ -61.728361400000075, -30.182533500000023 ], [ -61.719606700000071, -30.179788300000038 ], [ -61.714542700000088, -30.177265500000058 ], [ -61.698664, -30.172665100000046 ], [ -61.670511500000082, -30.157007300000078 ], [ -61.650255500000064, -30.14928880000009 ], [ -61.640556600000082, -30.143573700000101 ], [ -61.622145900000071, -30.128616500000142 ] ] ] } },
{ "type": "Feature", "properties": { "Nombre": "Canal Intercomunal Ceres- Hersilia ", "Estado": "Finalizado", "Datos": null, "C Cuenca": "Comité de Canales Ppales N°3 y 4", "Tipo": null, "Region": null, "Cuenca": null, "Obra": null, "Código": null, "Localidad": "Ceres", "Direccion": null, "Resp.": null, "Dpto": "San Cristobal", "Long (Km)": 11.66 }, "geometry": { "type": "MultiLineString", "coordinates": [ [ [ -61.92952240000006, -29.881569800000602 ], [ -61.808865600000075, -29.877458500000635 ] ] ] } },
{ "type": "Feature", "properties": { "Nombre": "Canal del Cementerio", "Estado": "Finalizado", "Datos": null, "C Cuenca": "Comité de Canales Ppales N°3 y 4", "Tipo": null, "Region": null, "Cuenca": null, "Obra": null, "Código": null, "Localidad": "Ceres", "Direccion": null, "Resp.": null, "Dpto": "San Cristobal", "Long (Km)": 10.01 }, "geometry": { "type": "MultiLineString", "coordinates": [ [ [ -61.911914, -29.857861600000664 ], [ -61.911613600000109, -29.858029000000652 ], [ -61.808445100000078, -29.854437400000673 ] ] ] } },
{ "type": "Feature", "properties": { "Nombre": "La Victoria Canal Terciario", "Estado": "Finalizado", "Datos": null, "C Cuenca": "Comité de Canales Ppales N°3 y 4", "Tipo": null, "Region": null, "Cuenca": null, "Obra": null, "Código": null, "Localidad": "Ceres", "Direccion": null, "Resp.": null, "Dpto": "San Cristobal", "Long (Km)": 22.4 }, "geometry": { "type": "MultiLineString", "coordinates": [ [ [ -61.878513500000068, -29.902844700000561 ], [ -61.877998500000082, -29.914525400000532 ], [ -61.914219100000082, -29.915567000000557 ], [ -61.915849900000069, -29.91660850000056 ], [ -61.927073600000092, -29.955462700000457 ], [ -62.01661590000009, -30.019950600000339 ], [ -62.028331800000068, -30.01998780000034 ], [ -62.028503400000083, -30.025635700000308 ] ] ] } },
{ "type": "Feature", "properties": { "Nombre": "Clausen Canal Secundario", "Estado": "Finalizado", "Datos": null, "C Cuenca": "Comité de Canales Ppales N°3 y 4", "Tipo": null, "Region": null, "Cuenca": null, "Obra": null, "Código": null, "Localidad": "Hersilia", "Direccion": null, "Resp.": null, "Dpto": "San Cristobal", "Long (Km)": 7.35 }, "geometry": { "type": "MultiLineString", "coordinates": [ [ [ -61.648118, -29.934808200000518 ], [ -61.723007500000072, -29.922764700000528 ] ] ] } },
{ "type": "Feature", "properties": { "Nombre": "Nro 4 Canal Principal", "Estado": "Finalizado", "Datos": null, "C Cuenca": "Comite Oeste Principal N°3 y N°4", "Tipo": null, "Region": null, "Cuenca": null, "Obra": null, "Código": null, "Localidad": "Eseban Ramis", "Direccion": null, "Resp.": null, "Dpto": "9 de Julio", "Long (Km)": 11.72 }, "geometry": { "type": "MultiLineString", "coordinates": [ [ [ -61.480571700000084, -29.73281200000088 ], [ -61.499111100000086, -29.748313300000873 ], [ -61.515590600000081, -29.759267000000854 ], [ -61.535932500000087, -29.77536010000081 ], [ -61.536277500000089, -29.777270700000837 ], [ -61.539109900000085, -29.778462700000805 ], [ -61.552585300000061, -29.788370300000778 ], [ -61.553272, -29.789413200000809 ], [ -61.566578800000073, -29.796997800000764 ], [ -61.569777, -29.802490000000784 ] ] ] } },
{ "type": "Feature", "properties": { "Nombre": "Nro 4 Canal Principal", "Estado": "Finalizado", "Datos": null, "C Cuenca": "Comité de Canales Ppales N°3 y 4", "Tipo": null, "Region": null, "Cuenca": null, "Obra": null, "Código": null, "Localidad": "Ambrosetti", "Direccion": null, "Resp.": null, "Dpto": "San Cristobal", "Long (Km)": 37.57 }, "geometry": { "type": "MultiLineString", "coordinates": [ [ [ -61.569777, -29.802490000000784 ], [ -61.57971090000008, -29.811446500000727 ], [ -61.58413120000008, -29.815393500000724 ], [ -61.594774200000082, -29.817627500000714 ], [ -61.595718400000081, -29.819414700000731 ], [ -61.595975800000069, -29.821239100000724 ], [ -61.596190400000062, -29.822318900000713 ], [ -61.59692, -29.823547500000753 ], [ -61.596962900000065, -29.824552800000706 ], [ -61.618678100000068, -29.92528710000051 ], [ -61.619107200000087, -29.926700400000552 ], [ -61.631896, -29.9369652000005 ], [ -61.632926, -29.937783400000477 ], [ -61.634900100000095, -29.937114000000491 ], [ -61.648118, -29.934808200000518 ], [ -61.672751400000088, -29.934808200000518 ], [ -61.674811300000094, -29.935923900000489 ], [ -61.686226800000092, -29.988645000000389 ], [ -61.71704, -30.000315700000382 ], [ -61.729828800000092, -30.017819200000318 ], [ -61.730129200000071, -30.018413700000352 ], [ -61.731373800000085, -30.021460700000347 ], [ -61.73188870000007, -30.022092400000346 ], [ -61.733605400000087, -30.022352500000334 ], [ -61.746651600000092, -30.020606100000315 ], [ -61.753046, -30.02313280000034 ], [ -61.753303500000072, -30.02383880000032 ], [ -61.753561, -30.024656200000322 ], [ -61.772157190212987, -30.031705261483935 ] ] ] } },
{ "type": "Feature", "properties": { "Nombre": "Nro 4 Canal Principal", "Estado": "Finalizado", "Datos": null, "C Cuenca": "Comité de Canales Ppales N°3 y 4", "Tipo": null, "Region": null, "Cuenca": null, "Obra": null, "Código": null, "Localidad": "Hersilia", "Direccion": null, "Resp.": null, "Dpto": "San Cristobal", "Long (Km)": 5.71 }, "geometry": { "type": "MultiLineString", "coordinates": [ [ [ -61.772157190212987, -30.031705261483935 ], [ -61.778065600000069, -30.033944900000304 ], [ -61.780109900000078, -30.033775300000304 ], [ -61.78083950000007, -30.034128300000319 ], [ -61.78416540000007, -30.039719600000304 ], [ -61.784852, -30.040276900000304 ], [ -61.78648280000008, -30.040351200000298 ], [ -61.818795900000083, -30.033414800000308 ], [ -61.825061600000069, -30.035718300000301 ] ] ] } },
{ "type": "Feature", "properties": { "Nombre": "Defensa ciudad Ceres", "Estado": "Finalizado", "Datos": null, "C Cuenca": "Comite Oeste Principal N°3 y N°4", "Tipo": null, "Region": null, "Cuenca": null, "Obra": null, "Código": null, "Localidad": "Ceres", "Direccion": null, "Resp.": null, "Dpto": "San Cristobal", "Long (Km)": 7.96 }, "geometry": { "type": "MultiLineString", "coordinates": [ [ [ -61.957744900000094, -29.870700100000622 ], [ -61.95774490000008, -29.870942000000639 ], [ -61.964439700000085, -29.871146700000654 ], [ -61.96347590000007, -29.894023700000584 ], [ -61.93802710000007, -29.899641500000559 ], [ -61.936310500000083, -29.893726000000594 ], [ -61.926201200000079, -29.904462700000575 ] ] ] } },
{ "type": "Feature", "properties": { "Nombre": "Charabón", "Estado": "Finalizado", "Datos": null, "C Cuenca": "Comite Montefiore", "Tipo": null, "Region": null, "Cuenca": null, "Obra": null, "Código": null, "Localidad": "Montefiore", "Direccion": null, "Resp.": null, "Dpto": "9 de Julio", "Long (Km)": 7.25 }, "geometry": { "type": "MultiLineString", "coordinates": [ [ [ -61.965768, -29.512307000001307 ], [ -61.955237900000093, -29.527522900001291 ], [ -61.945968200000095, -29.533497400001306 ], [ -61.918159, -29.535439000001279 ], [ -61.918159, -29.536783200001263 ], [ -61.90468880953469, -29.536642049415082 ] ] ] } },
{ "type": "Feature", "properties": { "Nombre": "Charabón", "Estado": "Finalizado", "Datos": null, "C Cuenca": "Comite Montefiore", "Tipo": null, "Region": null, "Cuenca": null, "Obra": null, "Código": null, "Localidad": "Montefiore", "Direccion": null, "Resp.": null, "Dpto": "9 de Julio", "Long (Km)": 0.08 }, "geometry": { "type": "MultiLineString", "coordinates": [ [ [ -61.90468880953469, -29.536642049415082 ], [ -61.903911100000094, -29.536633900001267 ] ] ] } },
{ "type": "Feature", "properties": { "Nombre": "Bolatti Canal Principal", "Estado": "Finalizado", "Datos": null, "C Cuenca": "Comité de Canales Ppales N°3 y 4", "Tipo": null, "Region": null, "Cuenca": null, "Obra": null, "Código": null, "Localidad": "Ambrosetti", "Direccion": null, "Resp.": null, "Dpto": "San Cristobal", "Long (Km)": 31.26 }, "geometry": { "type": "MultiLineString", "coordinates": [ [ [ -61.392065100000082, -30.018637100000355 ], [ -61.392268, -30.022729000000322 ], [ -61.394125100000075, -30.024730900000328 ], [ -61.397987400000041, -30.025622700000334 ], [ -61.405823800000078, -30.024373700000325 ], [ -61.443074300000092, -30.018577100000329 ], [ -61.490882, -30.010104500000345 ], [ -61.500838300000105, -30.014489500000352 ], [ -61.501267500000075, -30.015530000000343 ], [ -61.510108, -30.019394600000368 ], [ -61.510537200000101, -30.021103800000358 ], [ -61.515601200000084, -30.026417300000332 ], [ -61.520085900000076, -30.031098800000319 ], [ -61.520879800000088, -30.031098800000336 ], [ -61.521051500000091, -30.031841900000323 ], [ -61.534526900000081, -30.043451800000302 ], [ -61.534569800000071, -30.044752000000287 ], [ -61.535471, -30.04493770000029 ], [ -61.564610500000072, -30.060167600000241 ], [ -61.570618700000075, -30.061356200000255 ], [ -61.574910200000083, -30.063287600000248 ], [ -61.59454950000007, -30.076975900000257 ], [ -61.597467800000075, -30.078164300000214 ], [ -61.600386, -30.07994680000024 ], [ -61.60605080000007, -30.084551500000224 ], [ -61.610857400000079, -30.087076600000216 ], [ -61.616007200000091, -30.089898700000191 ], [ -61.62098540000008, -30.091384000000211 ], [ -61.64227140000007, -30.103413800000169 ], [ -61.654042200000085, -30.110813000000185 ], [ -61.658419600000087, -30.113560100000171 ], [ -61.661509500000072, -30.115267800000169 ], [ -61.664170200000079, -30.118831500000159 ] ] ] } },
{ "type": "Feature", "properties": { "Nombre": "Nro 3. Tramo tres. Canal Principal", "Estado": "Finalizado", "Datos": null, "C Cuenca": "Comité de Canales Ppales N°3 y 4", "Tipo": null, "Region": null, "Cuenca": null, "Obra": null, "Código": null, "Localidad": "Portugalete", "Direccion": null, "Resp.": null, "Dpto": "San Cristobal", "Long (Km)": 44.58 }, "geometry": { "type": "MultiLineString", "coordinates": [ [ [ -61.361952300000077, -30.088675700000227 ], [ -61.366930500000088, -30.087933000000216 ], [ -61.387529900000068, -30.103824600000205 ], [ -61.42465160000009, -30.112994500000159 ], [ -61.427226600000083, -30.119379500000139 ], [ -61.434093, -30.127842700000105 ], [ -61.441474500000098, -30.133336000000114 ], [ -61.451087500000085, -30.141352700000123 ], [ -61.458383100000084, -30.157680900000063 ], [ -61.458769300000093, -30.158868300000066 ], [ -61.460400100000093, -30.158868300000059 ], [ -61.462803400000077, -30.157309900000072 ], [ -61.534755900000079, -30.14481370000011 ], [ -61.593981400000054, -30.134566900000131 ], [ -61.647024800000082, -30.122763500000122 ], [ -61.665724600000068, -30.131948700000134 ], [ -61.691731300000072, -30.144344800000098 ], [ -61.693533700000081, -30.143899400000123 ], [ -61.734045800000075, -30.158594600000082 ], [ -61.770266300000074, -30.151618400000078 ] ] ] } },
{ "type": "Feature", "properties": { "Nombre": "Canal Alessi", "Estado": "Finalizado", "Datos": null, "C Cuenca": "Comite Arroyo Quiñones", "Tipo": null, "Region": null, "Cuenca": null, "Obra": null, "Código": null, "Localidad": "Lopez", "Direccion": null, "Resp.": null, "Dpto": "San Jerónimo", "Long (Km)": 1.65 }, "geometry": { "type": "MultiLineString", "coordinates": [ [ [ -61.29708550000008, -31.888451699996729 ], [ -61.303479900000077, -31.889562999996688 ], [ -61.308737, -31.890510399996728 ], [ -61.311805500000069, -31.891330299996692 ], [ -61.314101500000064, -31.89127559999671 ] ] ] } },
{ "type": "Feature", "properties": { "Nombre": "Canal Arroyo Quiñones", "Estado": "Finalizado", "Datos": null, "C Cuenca": "Comite Cañada Quiñones - Romero Corralito", "Tipo": null, "Region": null, "Cuenca": null, "Obra": null, "Código": null, "Localidad": "Santa Clara de Buena Vista", "Direccion": null, "Resp.": null, "Dpto": "Las Colonias", "Long (Km)": 11.42 }, "geometry": { "type": "MultiLineString", "coordinates": [ [ [ -61.269557900000081, -31.780340199996953 ], [ -61.269879800000069, -31.780020899996938 ], [ -61.269751100000072, -31.779245699996938 ], [ -61.26943990000008, -31.777950599996945 ], [ -61.269193200000082, -31.776792299996949 ], [ -61.268946400000075, -31.775743399996951 ], [ -61.268367, -31.773444999996926 ], [ -61.267605300000092, -31.769978899996964 ], [ -61.266907900000071, -31.766877599996967 ], [ -61.26594230000007, -31.762453499996969 ], [ -61.264740700000068, -31.757609599996986 ], [ -61.268034400000069, -31.75569379999698 ], [ -61.270748800000085, -31.753860099996995 ], [ -61.271886100000081, -31.752920499996989 ], [ -61.272883900000103, -31.752528199996984 ], [ -61.274031900000082, -31.752081199996962 ], [ -61.275405100000093, -31.751761799996999 ], [ -61.277583100000051, -31.751333099997002 ], [ -61.281306, -31.750165299996979 ], [ -61.281810300000068, -31.750010199997011 ], [ -61.282196500000062, -31.749900699996992 ], [ -61.282732900000077, -31.749645299996988 ], [ -61.283494700000077, -31.749070499996996 ], [ -61.287571600000078, -31.747720199996984 ], [ -61.288247600000098, -31.747610699996986 ], [ -61.288408500000095, -31.74746479999698 ], [ -61.288762600000069, -31.746780499996994 ], [ -61.289073700000074, -31.746670999996986 ], [ -61.289352600000072, -31.746534199997001 ], [ -61.289717400000072, -31.746333399996988 ], [ -61.29005, -31.746004999997012 ], [ -61.290393300000076, -31.746014099997002 ], [ -61.290833200000073, -31.745776899997008 ], [ -61.292410400000087, -31.744754999997024 ], [ -61.294459600000067, -31.743614499997012 ], [ -61.295736300000073, -31.743495899996997 ], [ -61.296401500000073, -31.743359099997022 ], [ -61.296852100000088, -31.743349999996983 ], [ -61.298279, -31.742921099997009 ], [ -61.29960940000008, -31.742346299996989 ], [ -61.301465500000063, -31.741616399997014 ], [ -61.302098500000092, -31.741360899996998 ], [ -61.30258130000005, -31.741014199997004 ], [ -61.30326790000008, -31.740795199996992 ], [ -61.304019, -31.740265999997035 ], [ -61.30547810000008, -31.739627299997 ], [ -61.306336400000085, -31.739116299997018 ], [ -61.307130300000075, -31.738997699997007 ], [ -61.307580900000069, -31.738970399997012 ], [ -61.308353400000087, -31.73879699999701 ], [ -61.308728900000084, -31.738550599997037 ], [ -61.309168800000066, -31.738669299997007 ], [ -61.309984200000059, -31.73856889999702 ], [ -61.310424100000063, -31.73856889999702 ], [ -61.311250200000082, -31.738322499996997 ], [ -61.31186170000008, -31.738468499997001 ], [ -61.312773700000072, -31.738422899997008 ], [ -61.31422210000008, -31.738952099997036 ], [ -61.314833600000078, -31.739116299997022 ], [ -61.315359300000075, -31.739043399997019 ], [ -61.315713400000078, -31.738979499997026 ], [ -61.316131800000079, -31.739098099997015 ], [ -61.316421500000075, -31.73929879999702 ], [ -61.316539500000083, -31.73949039999701 ], [ -61.316968700000082, -31.739371799997002 ], [ -61.317483600000074, -31.739061599997029 ], [ -61.317934300000069, -31.739098099997015 ], [ -61.31838490000009, -31.73907979999704 ], [ -61.319447, -31.739453899997013 ], [ -61.319715200000076, -31.739645599997022 ], [ -61.320133700000106, -31.739590799997021 ], [ -61.32093830000008, -31.739700299997022 ], [ -61.321582100000057, -31.739891899997016 ], [ -61.322086300000073, -31.739827999997015 ], [ -61.322440400000062, -31.740119999997017 ], [ -61.32273, -31.740229499997042 ], [ -61.323363, -31.740028799997013 ], [ -61.324178400000051, -31.740046999997016 ], [ -61.324682700000075, -31.740256899997014 ], [ -61.324918700000069, -31.740238599996999 ], [ -61.325347900000068, -31.739983199996999 ], [ -61.325948700000069, -31.74001969999701 ], [ -61.326613900000062, -31.740256899997 ], [ -61.32698940000008, -31.740183899997 ], [ -61.32724690000007, -31.740430199997004 ], [ -61.327697500000085, -31.740512399997005 ], [ -61.328019400000073, -31.74048499999703 ], [ -61.328545100000071, -31.740129099997038 ], [ -61.328824, -31.740010499997023 ], [ -61.32953210000008, -31.740110899996996 ], [ -61.330862500000087, -31.740083499997038 ], [ -61.331720800000078, -31.740147399996999 ], [ -61.332407500000066, -31.740083499997031 ], [ -61.332836600000086, -31.73987369999702 ], [ -61.333351600000086, -31.739992299997006 ], [ -61.333630500000069, -31.74001969999701 ], [ -61.334156300000082, -31.739590799997018 ], [ -61.334370800000059, -31.739426599997003 ], [ -61.335679800000072, -31.739964899997016 ], [ -61.336205500000062, -31.740192999997053 ], [ -61.336677500000079, -31.740302499997032 ], [ -61.337364200000067, -31.740256899997007 ], [ -61.338136700000071, -31.740293399997025 ], [ -61.338651600000063, -31.740256899997032 ], [ -61.338898400000076, -31.740302499997007 ], [ -61.339091500000073, -31.740238599996996 ], [ -61.339928400000076, -31.740275099997003 ], [ -61.340593600000084, -31.740275099997 ], [ -61.340958300000082, -31.740320799997001 ], [ -61.341537700000067, -31.740311599996996 ], [ -61.341999, -31.740348099997021 ], [ -61.342385300000075, -31.740338999997011 ], [ -61.34285730000007, -31.740475899997001 ], [ -61.343275800000072, -31.740421099997011 ], [ -61.343672700000077, -31.740621899997027 ], [ -61.344080400000081, -31.740822599996999 ], [ -61.344595400000081, -31.740895599997021 ], [ -61.345035300000077, -31.740822599997013 ], [ -61.345389300000079, -31.740685699997009 ], [ -61.345679, -31.740713099997013 ], [ -61.346215500000064, -31.74087729999701 ], [ -61.346698300000078, -31.740986799997007 ], [ -61.347159600000062, -31.740786099997003 ], [ -61.347975, -31.740567099996991 ], [ -61.348294200000069, -31.740616699996998 ], [ -61.348439, -31.740662299996998 ], [ -61.34873410000008, -31.740475299996998 ], [ -61.348900400000069, -31.740383999997 ] ] ] } },
{ "type": "Feature", "properties": { "Nombre": "Canal Arroyo Quiñones 2", "Estado": "Finalizado", "Datos": null, "C Cuenca": "Comite Cañada Quiñones - Romero Corralito", "Tipo": null, "Region": null, "Cuenca": null, "Obra": null, "Código": null, "Localidad": "San Mariano", "Direccion": null, "Resp.": null, "Dpto": "Las Colonias", "Long (Km)": 12.2 }, "geometry": { "type": "MultiLineString", "coordinates": [ [ [ -61.348900400000069, -31.740383999997 ], [ -61.35026490000007, -31.739192699997016 ], [ -61.351209100000069, -31.738535699997012 ], [ -61.351917200000081, -31.738207199997024 ], [ -61.353354800000076, -31.737294799997002 ], [ -61.354146600000071, -31.73684959999704 ], [ -61.354291400000065, -31.736648899997014 ], [ -61.354715200000079, -31.73649379999701 ], [ -61.355348200000059, -31.736133299997011 ], [ -61.355627200000072, -31.736010099997035 ], [ -61.355820300000083, -31.735791199997028 ], [ -61.356131400000059, -31.735708999997026 ], [ -61.356614200000067, -31.735444399997011 ], [ -61.357064800000074, -31.735156999997017 ], [ -61.35773, -31.734997299997001 ], [ -61.358513200000068, -31.734855899997001 ], [ -61.361415400000062, -31.734363099997033 ], [ -61.362536500000083, -31.734226299997026 ], [ -61.362976400000065, -31.734267299997029 ], [ -61.363260700000076, -31.734244499997011 ], [ -61.363400200000079, -31.734048299997028 ], [ -61.363255400000078, -31.733500799997007 ], [ -61.363121300000081, -31.73311299999704 ], [ -61.36372740000008, -31.73207279999701 ], [ -61.363974200000072, -31.731447699997041 ], [ -61.3642210000001, -31.731123799997011 ], [ -61.364499900000084, -31.730430199997013 ], [ -61.364870100000068, -31.729791499997017 ], [ -61.365106100000084, -31.729526799997025 ], [ -61.365224100000077, -31.729052299997036 ], [ -61.365481600000095, -31.728815099997036 ], [ -61.365706900000063, -31.728294899997035 ], [ -61.366329200000081, -31.727929899997044 ], [ -61.366565200000075, -31.727729099997045 ], [ -61.366758300000072, -31.727665299997039 ], [ -61.367294800000082, -31.727108599997059 ], [ -61.36749860000009, -31.726761799997028 ], [ -61.367391300000079, -31.726424199997055 ], [ -61.36817450000008, -31.724644699997022 ], [ -61.368281800000091, -31.724224899997051 ], [ -61.368861200000069, -31.723768599997062 ], [ -61.369483500000079, -31.72306589999706 ], [ -61.369944800000063, -31.72255479999707 ], [ -61.370127200000077, -31.722417999997042 ], [ -61.370234500000073, -31.721678699997039 ], [ -61.370223800000076, -31.721322799997065 ], [ -61.370395400000092, -31.720364599997062 ], [ -61.370470500000074, -31.718694499997039 ], [ -61.37059930000008, -31.718402399997068 ], [ -61.370309600000077, -31.717818299997056 ], [ -61.370492, -31.717234199997073 ], [ -61.371554100000075, -31.715846999997051 ], [ -61.372079800000087, -31.715043899997053 ], [ -61.372208600000079, -31.714623999997055 ], [ -61.372240800000071, -31.713674799997062 ], [ -61.372423200000071, -31.712944699997053 ], [ -61.372487500000062, -31.712424399997083 ], [ -61.372466100000075, -31.712150599997049 ], [ -61.372852300000076, -31.710964099997067 ], [ -61.373195600000074, -31.709668099997089 ], [ -61.373667700000084, -31.708663999997075 ], [ -61.373753500000085, -31.708371999997041 ], [ -61.37429, -31.707924699997061 ], [ -61.374526, -31.707568799997052 ], [ -61.374751300000064, -31.707167099997076 ], [ -61.374837200000059, -31.706646899997079 ], [ -61.374719100000057, -31.705332499997109 ], [ -61.374869300000071, -31.704866999997076 ], [ -61.374751300000078, -31.704310199997089 ], [ -61.375008800000074, -31.703516099997081 ], [ -61.374987400000087, -31.703160099997092 ], [ -61.375083900000092, -31.702566799997069 ], [ -61.375298500000071, -31.702210799997101 ], [ -61.375373600000088, -31.701973499997091 ], [ -61.375126800000096, -31.701416599997099 ], [ -61.374890800000067, -31.698860699997066 ], [ -61.374665500000077, -31.697290699997076 ], [ -61.374526, -31.69698029999709 ], [ -61.37542720000009, -31.696715599997091 ], [ -61.376307, -31.696523899997143 ], [ -61.376671800000075, -31.696259099997125 ], [ -61.377154600000082, -31.695492299997106 ], [ -61.378120200000076, -31.694451699997114 ], [ -61.378957, -31.693538799997096 ], [ -61.379118, -31.693301399997114 ], [ -61.379482700000075, -31.693127999997095 ], [ -61.379847500000054, -31.692543699997113 ], [ -61.379890400000079, -31.692205999997107 ], [ -61.380319600000085, -31.691922999997097 ], [ -61.380394700000075, -31.6912291999971 ], [ -61.381059900000054, -31.690224899997094 ], [ -61.381843100000054, -31.689275499997105 ], [ -61.382744300000091, -31.688389999997103 ], [ -61.383699200000066, -31.687586599997115 ], [ -61.383945900000079, -31.687312699997129 ], [ -61.385490900000072, -31.686436299997123 ], [ -61.387110900000074, -31.685815499997105 ], [ -61.388398400000078, -31.68552329999714 ], [ -61.389213800000064, -31.685148999997121 ], [ -61.389911200000064, -31.68496639999713 ], [ -61.391134300000076, -31.684518999997152 ], [ -61.39162780000008, -31.684318199997083 ], [ -61.392475400000066, -31.684025999997115 ], [ -61.394116900000071, -31.683368699997164 ], [ -61.395576, -31.682903099997109 ], [ -61.396530900000059, -31.68270219999712 ], [ -61.396906400000084, -31.682747899997135 ], [ -61.399180900000069, -31.682245699997122 ], [ -61.400586400000066, -31.682044799997112 ], [ -61.401820200000074, -31.681962699997133 ], [ -61.404202, -31.681862199997113 ], [ -61.405392900000066, -31.681524399997127 ], [ -61.405822, -31.681624899997114 ], [ -61.406208300000074, -31.681423999997119 ], [ -61.406948600000078, -31.681396599997136 ], [ -61.407785400000094, -31.681423999997119 ], [ -61.409791700000071, -31.681506199997148 ], [ -61.409941900000085, -31.68173439999709 ], [ -61.410081400000088, -31.681725299997126 ], [ -61.410360300000079, -31.681442299997123 ], [ -61.410564200000096, -31.68145139999713 ], [ -61.410725100000064, -31.681706999997139 ], [ -61.410939700000078, -31.681661399997132 ], [ -61.411068400000062, -31.681487899997126 ], [ -61.411358100000093, -31.681661399997125 ], [ -61.41168, -31.681999199997104 ], [ -61.412055500000086, -31.682081399997113 ], [ -61.412484600000056, -31.68200829999715 ], [ -61.412731400000077, -31.682063099997166 ], [ -61.413074700000074, -31.68191699999711 ], [ -61.413332200000085, -31.681935299997125 ], [ -61.413911600000077, -31.682172699997125 ], [ -61.414802100000074, -31.682263999997126 ], [ -61.416615200000081, -31.682775199997113 ], [ -61.41743060000006, -31.682948699997127 ], [ -61.418492800000095, -31.683167799997126 ], [ -61.419608600000075, -31.683423499997144 ], [ -61.420874600000083, -31.683596899997113 ], [ -61.421647100000065, -31.683624299997117 ], [ -61.423331500000074, -31.683542199997131 ], [ -61.424018100000076, -31.683523899997123 ], [ -61.424619, -31.683505599997144 ], [ -61.424844300000082, -31.683432599997133 ], [ -61.42530560000008, -31.68354219999712 ], [ -61.425788400000073, -31.683469099997119 ], [ -61.426131700000091, -31.683405199997132 ], [ -61.426571600000074, -31.68347819999714 ], [ -61.427891200000083, -31.683332199997118 ], [ -61.428867600000068, -31.683231699997119 ], [ -61.429758100000079, -31.683195199997154 ], [ -61.430197900000103, -31.683240899997106 ], [ -61.430552, -31.683249999997127 ] ] ] } },
{ "type": "Feature", "properties": { "Nombre": "Canal Trail", "Estado": "Finalizado", "Datos": null, "C Cuenca": "Comite Cañada Quiñones", "Tipo": null, "Region": null, "Cuenca": null, "Obra": null, "Código": null, "Localidad": "Santa Clara de Buena Vista", "Direccion": null, "Resp.": null, "Dpto": "Las Colonias", "Long (Km)": 1.03 }, "geometry": { "type": "MultiLineString", "coordinates": [ [ [ -61.459739500000069, -31.845427799996795 ], [ -61.460662200000058, -31.849401399996804 ], [ -61.460876800000065, -31.849711299996798 ], [ -61.46637, -31.850987099996804 ] ] ] } },
{ "type": "Feature", "properties": { "Nombre": "Canal Terciario Los Arboles", "Estado": "Finalizado", "Datos": null, "C Cuenca": "Comite Arroyo Quiñones", "Tipo": null, "Region": null, "Cuenca": null, "Obra": null, "Código": null, "Localidad": "San Mariano", "Direccion": null, "Resp.": null, "Dpto": "Las Colonias", "Long (Km)": 1.16 }, "geometry": { "type": "MultiLineString", "coordinates": [ [ [ -61.499979300000078, -31.700224199997077 ], [ -61.499882700000079, -31.699731299997111 ], [ -61.503412500000074, -31.696107299997113 ], [ -61.503648500000104, -31.69578779999711 ], [ -61.503755800000079, -31.695532199997093 ], [ -61.503552, -31.694765399997102 ], [ -61.502693700000052, -31.6910133999971 ] ] ] } },
{ "type": "Feature", "properties": { "Nombre": "Canal Terciario Los Arboles 2", "Estado": "Finalizado", "Datos": null, "C Cuenca": "Comite Arroyo Quiñones", "Tipo": null, "Region": null, "Cuenca": null, "Obra": null, "Código": null, "Localidad": "San Mariano", "Direccion": null, "Resp.": null, "Dpto": "Las Colonias", "Long (Km)": 0.51 }, "geometry": { "type": "MultiLineString", "coordinates": [ [ [ -61.503412500000074, -31.696107299997113 ], [ -61.503761200000085, -31.696112299997083 ], [ -61.504909200000057, -31.695920599997105 ], [ -61.50648630000007, -31.695664999997103 ], [ -61.50803130000007, -31.695400199997092 ], [ -61.508685800000066, -31.695290699997098 ] ] ] } },
{ "type": "Feature", "properties": { "Nombre": "Canal Terciario Aragno", "Estado": "Finalizado", "Datos": null, "C Cuenca": "Comite Cañada Quiñones - Romero Corralito", "Tipo": null, "Region": null, "Cuenca": null, "Obra": null, "Código": null, "Localidad": "Santa Clara de Buena Vista", "Direccion": null, "Resp.": null, "Dpto": "Las Colonias", "Long (Km)": 1.0 }, "geometry": { "type": "MultiLineString", "coordinates": [ [ [ -61.288187700000087, -31.782987099996937 ], [ -61.288413, -31.783324499996905 ], [ -61.288348600000077, -31.783698499996934 ], [ -61.28850960000009, -31.784236499996911 ], [ -61.288831400000078, -31.785805199996901 ], [ -61.289239100000081, -31.787884399996898 ], [ -61.289625400000062, -31.789945399996906 ], [ -61.289979400000064, -31.791833099996929 ] ] ] } },
{ "type": "Feature", "properties": { "Nombre": "Canal Terciario Carupe", "Estado": "Finalizado", "Datos": null, "C Cuenca": "Comite Arroyo Quiñones", "Tipo": null, "Region": null, "Cuenca": null, "Obra": null, "Código": null, "Localidad": "Santa Clara de Buena Vista", "Direccion": null, "Resp.": null, "Dpto": "Las Colonias", "Long (Km)": 1.23 }, "geometry": { "type": "MultiLineString", "coordinates": [ [ [ -61.44639410000007, -31.847155799996802 ], [ -61.445063800000071, -31.842234299996822 ], [ -61.451973100000068, -31.840958299996814 ] ] ] } },
{ "type": "Feature", "properties": { "Nombre": "Canal Trail", "Estado": "En Ejecucion", "Datos": "Limpieza", "C Cuenca": "Comite Cañada Quiñones", "Tipo": null, "Region": null, "Cuenca": null, "Obra": null, "Código": null, "Localidad": "San Martin de las Escobas", "Direccion": null, "Resp.": null, "Dpto": "San Martin", "Long (Km)": 7.02 }, "geometry": { "type": "MultiLineString", "coordinates": [ [ [ -61.46637, -31.850987099996804 ], [ -61.467342500000079, -31.851243499996798 ], [ -61.468190100000072, -31.851489499996795 ], [ -61.468898200000055, -31.851644499996798 ], [ -61.46937030000008, -31.851781199996818 ], [ -61.469745800000076, -31.851854099996796 ], [ -61.470335900000073, -31.852008999996784 ], [ -61.471172700000068, -31.852127499996836 ], [ -61.472181200000072, -31.852282399996778 ], [ -61.47365110000009, -31.852482899996794 ], [ -61.474402100000077, -31.852528499996794 ], [ -61.474927800000103, -31.852655999996809 ], [ -61.475163900000055, -31.852665099996798 ], [ -61.475389200000102, -31.852519299996821 ], [ -61.476419100000079, -31.853357699996799 ], [ -61.476741, -31.853722299996786 ], [ -61.477416900000058, -31.854278199996795 ], [ -61.479605600000056, -31.856401499996792 ], [ -61.479841600000078, -31.856592799996765 ], [ -61.480099100000089, -31.856647499996772 ], [ -61.480206400000071, -31.856756899996782 ], [ -61.480270800000064, -31.856948199996797 ], [ -61.480421, -31.857093999996788 ], [ -61.486128700000073, -31.858479199996776 ], [ -61.486332600000082, -31.858333399996791 ], [ -61.486515, -31.858269599996792 ], [ -61.486697400000061, -31.8584791999968 ], [ -61.486547100000074, -31.858952999996777 ], [ -61.486343300000094, -31.859281099996764 ], [ -61.486042900000072, -31.859754899996773 ], [ -61.487201600000084, -31.861796099996784 ], [ -61.48730890000008, -31.862014799996778 ], [ -61.487502, -31.86212409999677 ], [ -61.487577100000088, -31.862351899996774 ], [ -61.487426900000074, -31.862506799996758 ], [ -61.487523500000073, -31.862670899996782 ], [ -61.488102800000078, -31.862698199996768 ], [ -61.488328100000054, -31.86269819999676 ], [ -61.488585600000071, -31.862552399996797 ], [ -61.490259300000076, -31.863973899996775 ], [ -61.495741800000076, -31.868502499996758 ], [ -61.49614950000008, -31.86893979999677 ], [ -61.496482, -31.869194899996764 ], [ -61.496975600000077, -31.869532099996775 ], [ -61.497136500000082, -31.86978719999675 ], [ -61.497361800000071, -31.869869199996771 ], [ -61.497823200000056, -31.870242799996767 ], [ -61.497887500000076, -31.870434099996746 ], [ -61.498230800000073, -31.870506999996785 ], [ -61.498488300000062, -31.870853199996766 ], [ -61.498810200000086, -31.871153899996774 ], [ -61.499014100000075, -31.871381699996771 ], [ -61.499572, -31.871691499996768 ], [ -61.499732900000069, -31.871973899996778 ], [ -61.500215700000076, -31.872292799996771 ], [ -61.500719900000078, -31.872575199996739 ], [ -61.501277800000075, -31.87293059999676 ], [ -61.501589, -31.873112799996743 ], [ -61.501814300000035, -31.873313299996759 ], [ -61.502061, -31.873550099996791 ], [ -61.502737, -31.873950999996762 ], [ -61.50305880000009, -31.87427899999679 ], [ -61.50337, -31.874342799996779 ], [ -61.50364890000008, -31.874561499996759 ], [ -61.503766900000095, -31.874789199996776 ], [ -61.50386350000008, -31.874889499996726 ], [ -61.504078100000072, -31.874871199996747 ], [ -61.504367700000067, -31.875080799996738 ], [ -61.504796900000095, -31.875390599996749 ], [ -61.505311900000081, -31.875636599996746 ], [ -61.505869800000049, -31.875909899996763 ], [ -61.506685200000071, -31.876392799996754 ], [ -61.507275300000089, -31.876720699996735 ], [ -61.507854600000066, -31.876966699996736 ], [ -61.508251600000087, -31.877194499996744 ], [ -61.508637800000095, -31.877486099996744 ], [ -61.509324500000076, -31.877877799996742 ], [ -61.510054, -31.878223999996745 ], [ -61.510665600000074, -31.878497299996742 ], [ -61.510966, -31.878706899996754 ], [ -61.511416600000089, -31.878816199996734 ], [ -61.512049600000061, -31.878770699996739 ], [ -61.512532400000069, -31.878980199996764 ], [ -61.513261900000082, -31.87922619999674 ], [ -61.513594500000096, -31.879444799996747 ], [ -61.513787700000066, -31.879626999996731 ], [ -61.514034400000078, -31.879781899996786 ], [ -61.51432410000006, -31.879727299996734 ], [ -61.514560100000082, -31.879781899996736 ], [ -61.514699600000071, -31.879882099996745 ], [ -61.515847600000079, -31.880191899996742 ], [ -61.516266, -31.880292099996751 ], [ -61.516512800000072, -31.880410499996746 ], [ -61.517188700000062, -31.880538099996759 ], [ -61.517478400000073, -31.880738499996756 ], [ -61.517768100000069, -31.880884299996765 ], [ -61.517939700000085, -31.881029999996745 ], [ -61.518240100000064, -31.880975399996743 ], [ -61.519195, -31.881458199996747 ], [ -61.519688500000079, -31.881685999996769 ], [ -61.521351500000065, -31.882360099996735 ], [ -61.522810600000085, -31.883006999996731 ], [ -61.523786900000083, -31.88341689999676 ] ] ] } },
{ "type": "Feature", "properties": { "Nombre": "Canal Trail", "Estado": "En Ejecucion", "Datos": "Limpieza", "C Cuenca": "Comite Cañada Quiñones", "Tipo": null, "Region": null, "Cuenca": null, "Obra": null, "Código": null, "Localidad": "San Martin de las Escobas", "Direccion": null, "Resp.": null, "Dpto": "San Martin", "Long (Km)": 0.09 }, "geometry": { "type": "MultiLineString", "coordinates": [ [ [ -61.523786900000083, -31.88341689999676 ], [ -61.52460230000009, -31.883744899996721 ], [ -61.524679817946904, -31.883754292983667 ] ] ] } },
{ "type": "Feature", "properties": { "Nombre": "Canal Trail", "Estado": "En Ejecucion", "Datos": "Limpieza", "C Cuenca": "Comite Cañada Quiñones", "Tipo": null, "Region": null, "Cuenca": null, "Obra": null, "Código": null, "Localidad": "San Martin de las Escobas", "Direccion": null, "Resp.": null, "Dpto": "San Martin", "Long (Km)": 0.07 }, "geometry": { "type": "MultiLineString", "coordinates": [ [ [ -61.524679817946904, -31.883754292983667 ], [ -61.524977800000087, -31.883790399996755 ], [ -61.52523530000007, -31.883899799996744 ], [ -61.525300965687386, -31.883988996398649 ] ] ] } },
{ "type": "Feature", "properties": { "Nombre": "Canal Trail", "Estado": "En Ejecucion", "Datos": "Limpieza", "C Cuenca": "Comite Cañada Quiñones", "Tipo": null, "Region": null, "Cuenca": null, "Obra": null, "Código": null, "Localidad": "San Martin de las Escobas", "Direccion": null, "Resp.": null, "Dpto": "San Martin", "Long (Km)": 0.01 }, "geometry": { "type": "MultiLineString", "coordinates": [ [ [ -61.525300965687386, -31.883988996398649 ], [ -61.52536657208357, -31.88407811226304 ] ] ] } },
{ "type": "Feature", "properties": { "Nombre": "Canal Trail", "Estado": "En Ejecucion", "Datos": "Limpieza", "C Cuenca": "Comite Cañada Quiñones", "Tipo": null, "Region": null, "Cuenca": null, "Obra": null, "Código": null, "Localidad": "San Martin de las Escobas", "Direccion": null, "Resp.": null, "Dpto": "San Martin", "Long (Km)": 0.04 }, "geometry": { "type": "MultiLineString", "coordinates": [ [ [ -61.52536657208357, -31.88407811226304 ], [ -61.525449900000076, -31.884191299996733 ], [ -61.525669549826354, -31.884204931368163 ] ] ] } },
{ "type": "Feature", "properties": { "Nombre": "Canal Trail", "Estado": "En Ejecucion", "Datos": "Limpieza", "C Cuenca": "Comite Cañada Quiñones", "Tipo": null, "Region": null, "Cuenca": null, "Obra": null, "Código": null, "Localidad": "San Martin de las Escobas", "Direccion": null, "Resp.": null, "Dpto": "San Martin", "Long (Km)": 0.25 }, "geometry": { "type": "MultiLineString", "coordinates": [ [ [ -61.525669549826354, -31.884204931368163 ], [ -61.52588980000008, -31.884218599996736 ], [ -61.526351100000078, -31.884409899996715 ], [ -61.526833900000078, -31.884692299996722 ], [ -61.525669549826354, -31.884204931368163 ] ] ] } },
{ "type": "Feature", "properties": { "Nombre": "Canal Trail", "Estado": "En Ejecucion", "Datos": "Limpieza", "C Cuenca": "Comite Cañada Quiñones", "Tipo": null, "Region": null, "Cuenca": null, "Obra": null, "Código": null, "Localidad": "San Martin de las Escobas", "Direccion": null, "Resp.": null, "Dpto": "San Martin", "Long (Km)": 0.03 }, "geometry": { "type": "MultiLineString", "coordinates": [ [ [ -61.525669549826354, -31.884204931368163 ], [ -61.52536657208357, -31.88407811226304 ] ] ] } },
{ "type": "Feature", "properties": { "Nombre": "Canal Trail", "Estado": "En Ejecucion", "Datos": "Limpieza", "C Cuenca": "Comite Cañada Quiñones", "Tipo": null, "Region": null, "Cuenca": null, "Obra": null, "Código": null, "Localidad": "San Martin de las Escobas", "Direccion": null, "Resp.": null, "Dpto": "San Martin", "Long (Km)": 0.17 }, "geometry": { "type": "MultiLineString", "coordinates": [ [ [ -61.52536657208357, -31.88407811226304 ], [ -61.523786900000083, -31.88341689999676 ] ] ] } },
{ "type": "Feature", "properties": { "Nombre": "Canal Trail", "Estado": "En Ejecucion", "Datos": "Limpieza", "C Cuenca": "Comite Cañada Quiñones", "Tipo": null, "Region": null, "Cuenca": null, "Obra": null, "Código": null, "Localidad": "San Martin de las Escobas", "Direccion": null, "Resp.": null, "Dpto": "San Martin", "Long (Km)": 0.09 }, "geometry": { "type": "MultiLineString", "coordinates": [ [ [ -61.523786900000083, -31.88341689999676 ], [ -61.524679817946904, -31.883754292983667 ] ] ] } },
{ "type": "Feature", "properties": { "Nombre": "Canal Trail", "Estado": "En Ejecucion", "Datos": "Limpieza", "C Cuenca": "Comite Cañada Quiñones", "Tipo": null, "Region": null, "Cuenca": null, "Obra": null, "Código": null, "Localidad": "San Martin de las Escobas", "Direccion": null, "Resp.": null, "Dpto": "San Martin", "Long (Km)": 0.06 }, "geometry": { "type": "MultiLineString", "coordinates": [ [ [ -61.524679817946904, -31.883754292983667 ], [ -61.525300965687386, -31.883988996398649 ] ] ] } },
{ "type": "Feature", "properties": { "Nombre": "Canal Trail", "Estado": "En Ejecucion", "Datos": "Limpieza", "C Cuenca": "Comite Cañada Quiñones", "Tipo": null, "Region": null, "Cuenca": null, "Obra": null, "Código": null, "Localidad": "San Martin de las Escobas", "Direccion": null, "Resp.": null, "Dpto": "San Martin", "Long (Km)": 1.12 }, "geometry": { "type": "MultiLineString", "coordinates": [ [ [ -61.525300965687386, -31.883988996398649 ], [ -61.528078500000099, -31.885038499996718 ], [ -61.528432500000086, -31.885093199996771 ], [ -61.528829500000064, -31.885211599996737 ], [ -61.529290800000091, -31.885366499996717 ], [ -61.52965560000009, -31.885402899996741 ], [ -61.530471, -31.885630699996739 ], [ -61.530964500000074, -31.885776399996736 ], [ -61.531425900000094, -31.885840199996728 ], [ -61.531919400000085, -31.886013299996737 ], [ -61.532488, -31.886313899996733 ], [ -61.533636, -31.887006199996708 ], [ -61.533979300000091, -31.88712469999675 ], [ -61.534944900000063, -31.887197599996721 ], [ -61.535535, -31.887334199996719 ], [ -61.536307500000085, -31.887379699996771 ] ] ] } },
{ "type": "Feature", "properties": { "Nombre": "Canal Terciario Carupe", "Estado": "Finalizado", "Datos": null, "C Cuenca": "Comite Arroyo Quiñones", "Tipo": null, "Region": null, "Cuenca": null, "Obra": null, "Código": null, "Localidad": "Santa Clara de Buena Vista", "Direccion": null, "Resp.": null, "Dpto": "Las Colonias", "Long (Km)": 5.15 }, "geometry": { "type": "MultiLineString", "coordinates": [ [ [ -61.451973100000068, -31.840958299996814 ], [ -61.464976500000077, -31.838843799996837 ], [ -61.471778600000079, -31.837622399996821 ], [ -61.498836700000076, -31.832827999996816 ], [ -61.500124100000072, -31.838059899996839 ], [ -61.499888100000078, -31.838242199996866 ] ] ] } },
{ "type": "Feature", "properties": { "Nombre": "Canal Trail 2", "Estado": "Finalizado", "Datos": "Limpieza", "C Cuenca": "Comite Cañada Quiñones", "Tipo": null, "Region": null, "Cuenca": null, "Obra": null, "Código": null, "Localidad": "San Martin de las Escobas", "Direccion": null, "Resp.": null, "Dpto": "San Martin", "Long (Km)": 2.79 }, "geometry": { "type": "MultiLineString", "coordinates": [ [ [ -61.536307500000085, -31.887379699996771 ], [ -61.53683, -31.88755829999673 ], [ -61.537259200000101, -31.887521899996738 ], [ -61.537774200000072, -31.887594699996733 ], [ -61.538289200000072, -31.88772229999671 ], [ -61.538653900000064, -31.887685799996731 ], [ -61.539061600000053, -31.887795199996749 ], [ -61.539512200000075, -31.887886199996739 ], [ -61.539919900000093, -31.887977299996727 ], [ -61.540434900000093, -31.888013799996731 ], [ -61.540713900000064, -31.888068399996737 ], [ -61.541057200000068, -31.888123099996736 ], [ -61.541464900000086, -31.888177799996726 ], [ -61.541958400000077, -31.888214199996732 ], [ -61.542409, -31.888341699996747 ], [ -61.54279530000008, -31.888396399996736 ], [ -61.543267300000075, -31.888396399996729 ], [ -61.543610700000087, -31.888469299996746 ], [ -61.544018300000069, -31.88857859999672 ], [ -61.544361700000081, -31.888760799996714 ], [ -61.544941, -31.888815399996712 ], [ -61.545327300000075, -31.888870099996726 ], [ -61.5458852000001, -31.889015799996738 ], [ -61.546443100000083, -31.889088699996723 ], [ -61.546872200000081, -31.88927089999672 ], [ -61.547322800000082, -31.88927089999672 ], [ -61.547752, -31.889361999996716 ], [ -61.548095300000078, -31.88943489999674 ], [ -61.548331300000072, -31.889507799996736 ], [ -61.548782, -31.889471299996739 ], [ -61.549039400000098, -31.889544199996724 ], [ -61.549404200000083, -31.889872099996744 ], [ -61.549790500000064, -31.890181899996726 ], [ -61.550241100000072, -31.890291199996753 ], [ -61.550734600000077, -31.890272999996743 ], [ -61.551249600000062, -31.890236499996732 ], [ -61.551528500000067, -31.890382299996727 ], [ -61.551828900000061, -31.890564499996763 ], [ -61.552408300000074, -31.890855999996731 ], [ -61.552816, -31.891001699996725 ], [ -61.553073500000082, -31.891147499996702 ], [ -61.553331, -31.891147499996727 ], [ -61.553524100000061, -31.891438999996733 ], [ -61.553931800000079, -31.891475399996732 ], [ -61.554253700000075, -31.89132959999672 ], [ -61.554318, -31.891092799996745 ], [ -61.554639900000076, -31.891092799996745 ], [ -61.55500470000009, -31.891238499996732 ], [ -61.555369500000062, -31.891293199996724 ], [ -61.555669900000083, -31.891329599996723 ], [ -61.555884400000075, -31.891238499996732 ], [ -61.556099, -31.891366099996731 ], [ -61.556313600000088, -31.891384299996727 ], [ -61.556549600000068, -31.891529999996731 ], [ -61.556871500000071, -31.891602899996709 ], [ -61.557171900000078, -31.891602899996737 ], [ -61.557429400000068, -31.891693999996736 ], [ -61.557772700000093, -31.891821499996738 ], [ -61.558094600000068, -31.891876199996727 ], [ -61.558459400000068, -31.891985499996732 ], [ -61.558802700000079, -31.89200369999671 ], [ -61.559274800000061, -31.892131299996748 ], [ -61.559789700000081, -31.892222399996729 ], [ -61.560197400000085, -31.892368099996716 ], [ -61.560648, -31.892422799996716 ], [ -61.561034300000074, -31.892623199996731 ], [ -61.561334700000081, -31.892750699996707 ], [ -61.561678, -31.892750699996711 ], [ -61.562257400000071, -31.892768899996714 ], [ -61.562750900000076, -31.892841799996731 ], [ -61.563115700000075, -31.892896399996722 ], [ -61.563373200000072, -31.892896399996737 ], [ -61.56375940000008, -31.893096799996709 ] ] ] } },
{ "type": "Feature", "properties": { "Nombre": "Limpieza canal Alessi", "Estado": "En Ejecucion", "Datos": null, "C Cuenca": "Comite Arroyo Quiñones", "Tipo": null, "Region": null, "Cuenca": null, "Obra": null, "Código": null, "Localidad": "Lopez", "Direccion": null, "Resp.": null, "Dpto": "San Jerónimo", "Long (Km)": 0.28 }, "geometry": { "type": "MultiLineString", "coordinates": [ [ [ -61.22274520000007, -31.873991799996752 ], [ -61.22310990000004, -31.873827799996764 ], [ -61.223367400000079, -31.873882399996749 ], [ -61.223732200000079, -31.874082899996761 ], [ -61.224011200000064, -31.874283299996748 ], [ -61.224268700000074, -31.87442909999675 ], [ -61.224569100000068, -31.874501999996752 ], [ -61.224762200000093, -31.874629599996741 ], [ -61.22493380000008, -31.87481179999677 ], [ -61.225191300000084, -31.874975799996729 ] ] ] } },
{ "type": "Feature", "properties": { "Nombre": "Limpieza Canal Intercomunal", "Estado": "Finalizado", "Datos": null, "C Cuenca": "Comite Carrizales", "Tipo": null, "Region": null, "Cuenca": null, "Obra": null, "Código": null, "Localidad": "Colonia Belgrano", "Direccion": null, "Resp.": null, "Dpto": "San Jerónimo", "Long (Km)": 0.01 }, "geometry": { "type": "MultiLineString", "coordinates": [ [ [ -61.356776294729976, -31.902052525704001 ], [ -61.356747300000066, -31.901934599996707 ] ] ] } },
{ "type": "Feature", "properties": { "Nombre": "Limpieza Canal El Chirú", "Estado": "En Ejecucion", "Datos": null, "C Cuenca": "Comite Cañada Quiñones", "Tipo": null, "Region": null, "Cuenca": null, "Obra": null, "Código": null, "Localidad": "San Martin de las Escobas", "Direccion": null, "Resp.": null, "Dpto": "San Martin", "Long (Km)": 0.6 }, "geometry": { "type": "MultiLineString", "coordinates": [ [ [ -61.564051600000077, -31.893159999996712 ], [ -61.569790600000069, -31.89533399999673 ], [ -61.56986215389778, -31.895363390131617 ] ] ] } },
{ "type": "Feature", "properties": { "Nombre": "Límpieza canal Tron", "Estado": "Finalizado", "Datos": null, "C Cuenca": "Comite Cañada Quiñones - Romero Corralito", "Tipo": null, "Region": null, "Cuenca": null, "Obra": null, "Código": null, "Localidad": "San Mariano", "Direccion": null, "Resp.": null, "Dpto": "Las Colonias", "Long (Km)": 5.22 }, "geometry": { "type": "MultiLineString", "coordinates": [ [ [ -61.421970800000068, -31.750332799996986 ], [ -61.41973920000008, -31.750040899996975 ], [ -61.417808, -31.750150299997014 ], [ -61.416177200000106, -31.750296299996975 ], [ -61.414203100000073, -31.750478799996991 ], [ -61.412400600000083, -31.750551799996988 ], [ -61.41107030000007, -31.75055179999698 ], [ -61.406177900000074, -31.751062699997004 ], [ -61.40291640000008, -31.75142759999698 ], [ -61.400255600000072, -31.751573599996988 ], [ -61.398496100000081, -31.751646599996981 ], [ -61.396994, -31.751427599996994 ], [ -61.395749500000058, -31.751391099996976 ], [ -61.391844200000087, -31.752011499996982 ], [ -61.389355100000081, -31.752595399996981 ], [ -61.385879, -31.752814299997009 ], [ -61.381930700000069, -31.752777799996991 ], [ -61.379055400000084, -31.752777799997009 ], [ -61.37828290000008, -31.752887299996996 ], [ -61.374892600000095, -31.75317919999701 ], [ -61.373304800000078, -31.752887299996971 ], [ -61.37111610000008, -31.752814299997002 ], [ -61.367296600000067, -31.752157399996978 ] ] ] } },
{ "type": "Feature", "properties": { "Nombre": "Límpieza canal Estancia El Sol", "Estado": "Finalizado", "Datos": null, "C Cuenca": "Comite Cañada Quiñones - Romero Corralito", "Tipo": null, "Region": null, "Cuenca": null, "Obra": null, "Código": null, "Localidad": "Santa Clara de Buena Vista", "Direccion": null, "Resp.": null, "Dpto": "Las Colonias", "Long (Km)": 2.22 }, "geometry": { "type": "MultiLineString", "coordinates": [ [ [ -61.224795800000074, -31.772153899996944 ], [ -61.220461300000053, -31.752486699997 ] ] ] } },
{ "type": "Feature", "properties": { "Nombre": "Limpieza canal Alessi", "Estado": "Finalizado", "Datos": null, "C Cuenca": "Comite Arroyo Quiñones", "Tipo": null, "Region": null, "Cuenca": null, "Obra": null, "Código": null, "Localidad": "Lopez", "Direccion": null, "Resp.": null, "Dpto": "San Jerónimo", "Long (Km)": 3.73 }, "geometry": { "type": "MultiLineString", "coordinates": [ [ [ -61.225191300000084, -31.874975799996729 ], [ -61.225512800000068, -31.875016199996754 ], [ -61.225770200000085, -31.874970599996754 ], [ -61.22594190000008, -31.874961499996758 ], [ -61.226102800000071, -31.874970599996754 ], [ -61.226285200000071, -31.87489779999677 ], [ -61.226381800000084, -31.874751999996764 ], [ -61.226446200000062, -31.874597099996759 ], [ -61.226574900000081, -31.874524199996749 ], [ -61.226703700000073, -31.874587999996731 ], [ -61.226864600000077, -31.874651799996752 ], [ -61.227036200000079, -31.874651799996759 ], [ -61.227218600000064, -31.87451509999676 ], [ -61.229772100000069, -31.875089099996778 ], [ -61.230169100000062, -31.875216599996772 ], [ -61.231306300000078, -31.875763299996766 ], [ -61.232229, -31.876155099996755 ], [ -61.232808400000081, -31.876419299996734 ], [ -61.233044400000075, -31.876519499996743 ], [ -61.233226800000061, -31.876492199996754 ], [ -61.233430600000098, -31.876537699996788 ], [ -61.233655900000073, -31.87661969999677 ], [ -61.233881200000084, -31.876701699996776 ], [ -61.234288900000088, -31.876747299996751 ], [ -61.234718100000087, -31.877020599996747 ], [ -61.234825400000084, -31.877084399996775 ], [ -61.234900500000087, -31.877302999996747 ], [ -61.235082900000094, -31.877485199996769 ], [ -61.235190200000055, -31.877576299996772 ], [ -61.235705100000068, -31.877712999996742 ], [ -61.236209400000071, -31.877840499996754 ], [ -61.237625600000079, -31.877676599996761 ], [ -61.238870200000065, -31.877157199996745 ], [ -61.240983700000072, -31.876829299996768 ], [ -61.241498700000072, -31.878624099996745 ], [ -61.241831300000079, -31.880045299996723 ], [ -61.245092900000095, -31.881430099996749 ], [ -61.246037, -31.881830899996768 ], [ -61.249556100000078, -31.88276929999676 ], [ -61.249835, -31.882760199996749 ], [ -61.252731800000078, -31.883315899996759 ], [ -61.253171700000074, -31.883361399996719 ], [ -61.255285300000082, -31.883561899996746 ], [ -61.257162800000074, -31.883744099996726 ], [ -61.257313, -31.883871599996738 ], [ -61.259169100000086, -31.884008299996722 ] ] ] } },
{ "type": "Feature", "properties": { "Nombre": "Tossi", "Estado": "Finalizado", "Datos": null, "C Cuenca": "Comite Saladillo Amargo", "Tipo": null, "Region": null, "Cuenca": null, "Obra": null, "Código": null, "Localidad": "Juan de Garay", "Direccion": null, "Resp.": null, "Dpto": "9 de Julio", "Long (Km)": 9.25 }, "geometry": { "type": "MultiLineString", "coordinates": [ [ [ -61.659835400000084, -29.683695800001011 ], [ -61.648849, -29.666469300001019 ], [ -61.64146760000007, -29.649612800001083 ], [ -61.639064300000079, -29.647524200001076 ], [ -61.627734700000076, -29.646330600001068 ], [ -61.619838300000076, -29.640362900001083 ], [ -61.609366900000076, -29.62529260000111 ], [ -61.60250050000009, -29.624994200001105 ] ] ] } },
{ "type": "Feature", "properties": { "Nombre": "San Pedro", "Estado": "Finalizado", "Datos": null, "C Cuenca": "Comite Rio Saladillo Tramo Superior", "Tipo": null, "Region": null, "Cuenca": null, "Obra": null, "Código": null, "Localidad": "Logrono", "Direccion": null, "Resp.": null, "Dpto": "9 de Julio", "Long (Km)": 9.73 }, "geometry": { "type": "MultiLineString", "coordinates": [ [ [ -61.702183800000078, -29.50192650000135 ], [ -61.702645200000077, -29.501730400001332 ], [ -61.802467700000079, -29.503350000001348 ] ] ] } },
{ "type": "Feature", "properties": { "Nombre": "Limpieza Zona Oeste - San Jorge", "Estado": "Finalizado", "Datos": "Limpieza", "C Cuenca": "Comite Carrizales", "Tipo": null, "Region": null, "Cuenca": null, "Obra": null, "Código": null, "Localidad": "San Jorge", "Direccion": null, "Resp.": null, "Dpto": "San Martin", "Long (Km)": 4.96 }, "geometry": { "type": "MultiLineString", "coordinates": [ [ [ -61.968386453362136, -31.938501886005156 ], [ -61.917067745890229, -31.947892680413684 ] ] ] } },
{ "type": "Feature", "properties": { "Nombre": "Canal por Cte", "Estado": "Finalizado", "Datos": "Limpieza Canal ejecutado por Cte en emergencia hidrica", "C Cuenca": "Arroyo las Turbias", "Tipo": "Canal", "Region": null, "Cuenca": null, "Obra": null, "Código": "EE-2025-00022779-APPSF-PE", "Localidad": "Maria Susana", "Direccion": null, "Resp.": null, "Dpto": "San Martin", "Long (Km)": null }, "geometry": { "type": "MultiLineString", "coordinates": [ [ [ -61.896217092912813, -32.26763254203982 ], [ -61.896086915623869, -32.267672596590231 ], [ -61.895809871650037, -32.267689285986265 ], [ -61.895185688239039, -32.267705975382299 ], [ -61.894955374574046, -32.267729340536697 ], [ -61.894745088184266, -32.267712651140712 ], [ -61.894407962384754, -32.267682610227851 ], [ -61.894271109337417, -32.267655907194239 ], [ -61.893947335054705, -32.267642555677419 ], [ -61.89322969102605, -32.267615852643807 ], [ -61.892805780367262, -32.267562446576541 ], [ -61.892747367481199, -32.267505702630089 ], [ -61.892560446245838, -32.267447289744034 ], [ -61.892395221225286, -32.267403062844586 ], [ -61.892074784821766, -32.267317946924912 ], [ -61.891913732150229, -32.267277057904643 ], [ -61.891690094243621, -32.267223651837412 ], [ -61.891606647263544, -32.26718192834737 ], [ -61.89146228398802, -32.267155225313729 ], [ -61.891395526403947, -32.267155225313765 ], [ -61.890825583530017, -32.267065937045039 ], [ -61.890085408816752, -32.266929083997738 ], [ -61.889668173916355, -32.266840630198871 ], [ -61.889618940198105, -32.266833954440472 ], [ -61.889546341325449, -32.266818933984013 ], [ -61.889450377298367, -32.266795568829586 ], [ -61.889335220465867, -32.266757183218765 ], [ -61.889217560223948, -32.26670544609113 ], [ -61.888963881404514, -32.266575268802235 ], [ -61.888871255256632, -32.266519359325542 ], [ -61.88876444312212, -32.266531876372561 ], [ -61.888631762423813, -32.266534379781959 ], [ -61.888496578316072, -32.266534379781938 ], [ -61.888372242315768, -32.266506842278552 ], [ -61.885348958227546, -32.265638159215904 ], [ -61.885176222978792, -32.265548036477441 ], [ -61.884863296803509, -32.265430376235535 ], [ -61.884616293742482, -32.265447065631527 ], [ -61.884426869097709, -32.265448734571159 ], [ -61.884034668291335, -32.265448734571109 ], [ -61.883680853095811, -32.265422866007306 ], [ -61.88328447994045, -32.265411183430103 ], [ -61.882925657926123, -32.265426203886491 ], [ -61.882702020019522, -32.26542620388652 ], [ -61.882527537599614, -32.265424326329409 ], [ -61.882412798001987, -32.265434757201945 ], [ -61.88227135537074, -32.265451029363042 ], [ -61.882205849491385, -32.265449777658361 ], [ -61.88214284702142, -32.265440181255677 ], [ -61.882094447772978, -32.265405133524034 ], [ -61.882073168793063, -32.26534713787288 ], [ -61.882047717464125, -32.265254094490111 ] ] ] } }
]
}
