{
"type": "FeatureCollection",
"name": "Canales maquinas volantes",
"crs": { "type": "name", "properties": { "name": "urn:ogc:def:crs:OGC:1.3:CRS84" } },
"features": [
{ "type": "Feature", "properties": { "Nombre": "Limpieza canal Felcaro", "Estado": "Finalizado", "Datos": null, "Localidad": "Irigoyen", "Tipo": null, "Region": null, "Cuenca": "11- Arroyo Colastiné", "Obra": "Maquina Volante en Irigoyen", "Código": null, "C Cuenca": null, "Direccion": null, "Resp.": null, "Dpto": "San Jerónimo", "Long (Km)": 4.1 }, "geometry": { "type": "MultiLineString", "coordinates": [ [ [ -61.06239702955537, -32.122902512383298, 0.0 ], [ -61.104543565203933, -32.114089892148961, 0.0 ] ] ] } },
{ "type": "Feature", "properties": { "Nombre": "Limpieza Canal Principal San Eugenio (Constanzo)", "Estado": "Finalizado", "Datos": null, "Localidad": "Arocena", "Tipo": null, "Region": null, "Cuenca": "11- Arroyo Colastiné", "Obra": "Maquina Volante en Arocena", "Código": "EE-2025-00026944-APPSF-PE", "C Cuenca": null, "Direccion": null, "Resp.": null, "Dpto": "San Jerónimo", "Long (Km)": 2.77 }, "geometry": { "type": "MultiLineString", "coordinates": [ [ [ -61.057626601607318, -31.996162495646271, 0.0 ], [ -61.059176277443761, -31.996410123031154, 0.0 ], [ -61.060017319021497, -31.996590027633204, 0.0 ], [ -61.060877569685317, -31.996552369891251, 0.0 ], [ -61.061180760978239, -31.996743276673332, 0.0 ], [ -61.061905512437768, -31.998394473842431, 0.0 ], [ -61.062829801297859, -32.000257439998194, 0.0 ], [ -61.063549627774577, -32.00195499120683, 0.0 ], [ -61.064138978972395, -32.003184069948084, 0.0 ], [ -61.067086937734864, -32.008381312326698, 0.0 ], [ -61.069602593735894, -32.012231202467646, 0.0 ], [ -61.073041994277212, -32.015936167803638, 0.0 ] ] ] } },
{ "type": "Feature", "properties": { "Nombre": "Limpieza Canal Principal San Eugenio (Salas)", "Estado": "Finalizado", "Datos": "Limpieza  de Protocolo, Confeccion de Banquinas y Perfilado Talud Sur-Este del Canal Principal", "Localidad": "Arocena", "Tipo": null, "Region": null, "Cuenca": "11- Arroyo Colastiné", "Obra": "Maquina Volante en Arocena", "Código": "EE-2025-00026944-APPSF-PE", "C Cuenca": null, "Direccion": null, "Resp.": null, "Dpto": "San Jerónimo", "Long (Km)": 3.8 }, "geometry": { "type": "MultiLineString", "coordinates": [ [ [ -61.046999160405264, -31.998010085077834, 0.0 ], [ -61.04782701597216, -31.997936176473051, 0.0 ], [ -61.048638834098867, -31.997881201617076, 0.0 ], [ -61.049272384058554, -31.997854757196695, 0.0 ], [ -61.049770559896032, -31.997807053309341, 0.0 ], [ -61.050203774185078, -31.99768089854533, 0.0 ], [ -61.051386126243429, -31.997439252707068, 0.0 ], [ -61.052205035222173, -31.997294472600533, 0.0 ], [ -61.052620448813627, -31.997365989105543, 0.0 ], [ -61.053116257532004, -31.997409344205192, 0.0 ], [ -61.053464882447571, -31.997407091385956, 0.0 ], [ -61.055107069790452, -31.996687122759525, 0.0 ], [ -61.056187272168415, -31.996427110542971, 0.0 ], [ -61.057929516934657, -31.996518815244354, 0.0 ], [ -61.059490578302686, -31.996645278945024, 0.0 ], [ -61.060534675736832, -31.996787407467114, 0.0 ], [ -61.060745010561007, -31.996761086072532, 0.0 ], [ -61.060964578337177, -31.996832947683853, 0.0 ], [ -61.061051080623649, -31.997018884649972, 0.0 ], [ -61.062777591175937, -32.000878456936128, 0.0 ], [ -61.063833648922511, -32.003300795627545, 0.0 ], [ -61.065532390580188, -32.006132803042831, 0.0 ], [ -61.068439707305288, -32.010941770345696, 0.0 ], [ -61.069540358027275, -32.012504346128502, 0.0 ], [ -61.072925253111585, -32.01624333331668, 0.0 ] ] ] } },
{ "type": "Feature", "properties": { "Nombre": "Limpieza Canal Secundario N2 \"El Milagrito\"", "Estado": "Finalizado", "Datos": null, "Localidad": "Alcorta", "Tipo": null, "Region": null, "Cuenca": "20- Arroyo Pavon", "Obra": "Maquina Volante en Alcorta", "Código": null, "C Cuenca": null, "Direccion": null, "Resp.": null, "Dpto": "Constitución", "Long (Km)": 5.21 }, "geometry": { "type": "MultiLineString", "coordinates": [ [ [ -61.272872636047111, -33.636066519625686, 0.0 ], [ -61.264680141143778, -33.62794452314872, 0.0 ], [ -61.264821359164742, -33.627051339925281, 0.0 ], [ -61.280643349185745, -33.606259360232407, 0.0 ], [ -61.280776829769572, -33.605468149430521, 0.0 ], [ -61.274543064849794, -33.601854909108361, 0.0 ], [ -61.270831305994101, -33.599849981358332, 0.0 ] ] ] } },
{ "type": "Feature", "properties": { "Nombre": "4700m", "Estado": "Finalizado", "Datos": null, "Localidad": "Maria Teresa", "Tipo": null, "Region": null, "Cuenca": "23- Las Encadenadas - Salado Brazo Norte", "Obra": "Maquina Volante en Maria Teresa", "Código": null, "C Cuenca": null, "Direccion": null, "Resp.": null, "Dpto": "General Lopez", "Long (Km)": 4.72 }, "geometry": { "type": "MultiLineString", "coordinates": [ [ [ -61.820670146285181, -33.961077333385347, 0.0 ], [ -61.821211473883871, -33.960985344197802, 0.0 ], [ -61.821545918124293, -33.960989295044186, 0.0 ], [ -61.822376821495318, -33.961223137265733, 0.0 ], [ -61.823023354781348, -33.961549687419584, 0.0 ], [ -61.831793821125267, -33.96620448558167, 0.0 ], [ -61.863982712282585, -33.983351500471706, 0.0 ] ] ] } },
{ "type": "Feature", "properties": { "Nombre": "Canal desagüe Norte", "Estado": "En Ejecucion", "Datos": null, "Localidad": "Villa Saralegui", "Tipo": null, "Region": null, "Cuenca": "8- Rio Salado", "Obra": "Maquina Volante en Villa Saralegui", "Código": null, "C Cuenca": null, "Direccion": null, "Resp.": null, "Dpto": "San Cristobal", "Long (Km)": 2.87 }, "geometry": { "type": "MultiLineString", "coordinates": [ [ [ -60.727037946538545, -30.515310296305024, 0.0 ], [ -60.727517869125883, -30.519231748469181, 0.0 ], [ -60.743076898424356, -30.5365053606684, 0.0 ] ] ] } },
{ "type": "Feature", "properties": { "Nombre": "Canales Perimetrales Sur", "Estado": "En Ejecucion", "Datos": null, "Localidad": "Saladero Cabal", "Tipo": "Canal", "Region": null, "Cuenca": "5- Rio Parana", "Obra": "Maquina Volante en Saladero Cabal", "Código": "EE-2026-00003397-APPSF-PE", "C Cuenca": null, "Direccion": null, "Resp.": null, "Dpto": "Garay", "Long (Km)": 0.85 }, "geometry": { "type": "MultiLineString", "coordinates": [ [ [ -60.041316580976989, -30.882027888948087, 0.0 ], [ -60.042323203520795, -30.883328884022056, 0.0 ], [ -60.036265978662229, -30.88639747574015, 0.0 ] ] ] } },
{ "type": "Feature", "properties": { "Nombre": "Limpieza canal Defensa Sur", "Estado": "En Ejecucion", "Datos": null, "Localidad": "Saladero Cabal", "Tipo": "Canal", "Region": null, "Cuenca": "5- Rio Parana", "Obra": "Maquina Volante en Saladero Cabal", "Código": "EE-2026-00003397-APPSF-PE", "C Cuenca": null, "Direccion": null, "Resp.": null, "Dpto": "Garay", "Long (Km)": 0.67 }, "geometry": { "type": "MultiLineString", "coordinates": [ [ [ -60.036408118261342, -30.886645673040924, 0.0 ], [ -60.0424165506954, -30.883576758435588, 0.0 ] ] ] } },
{ "type": "Feature", "properties": { "Nombre": "Limpieza canal Felcaro", "Estado": "En Ejecucion", "Datos": "Limpieza de Protocolo", "Localidad": "Irigoyen", "Tipo": null, "Region": null, "Cuenca": "11- Arroyo Colastiné", "Obra": "Maquina Volante en Irigoyen", "Código": null, "C Cuenca": null, "Direccion": null, "Resp.": null, "Dpto": "San Jerónimo", "Long (Km)": 4.99 }, "geometry": { "type": "MultiLineString", "coordinates": [ [ [ -61.104616920692514, -32.114216727390968, 0.0 ], [ -61.0532468851681, -32.124767008594056, 0.0 ] ] ] } },
{ "type": "Feature", "properties": { "Nombre": "Limpieza Canales Urbanos", "Estado": "Finalizado", "Datos": "Limpieza de 7000 m de canales - variado ancho y profundidad -", "Localidad": "Helvecia", "Tipo": "Canal", "Region": null, "Cuenca": "10- Los Saladillos", "Obra": "Maquina Volante en Helvecia", "Código": null, "C Cuenca": null, "Direccion": null, "Resp.": null, "Dpto": "Garay", "Long (Km)": 4.5 }, "geometry": { "type": "MultiLineString", "coordinates": [ [ [ -60.142205831277089, -31.083355963362607, 0.0 ], [ -60.096007657577147, -31.091520856108115, 0.0 ] ] ] } },
{ "type": "Feature", "properties": { "Nombre": "Limpieza Canales Urbanos", "Estado": "Finalizado", "Datos": "Limpieza de 7000 m de canales - variado ancho y profundidad -", "Localidad": "Helvecia", "Tipo": "Canal", "Region": null, "Cuenca": "5- Rio Parana", "Obra": "Maquina Volante en Helvecia", "Código": "01907-0022849-4", "C Cuenca": null, "Direccion": null, "Resp.": null, "Dpto": "Garay", "Long (Km)": 1.09 }, "geometry": { "type": "MultiLineString", "coordinates": [ [ [ -60.095841309285603, -31.097550176700061, 0.0 ], [ -60.100389110694792, -31.096721882968833, 0.0 ], [ -60.099181644093044, -31.090970702739664, 0.0 ] ] ] } },
{ "type": "Feature", "properties": { "Nombre": "Limpieza Canales Urbanos", "Estado": "Finalizado", "Datos": "Limpieza de 7000 m de canales - variado ancho y profundidad -", "Localidad": "Helvecia", "Tipo": "Canal", "Region": null, "Cuenca": "5- Rio Parana", "Obra": "Maquina Volante en Helvecia", "Código": "01907-0022849-4", "C Cuenca": null, "Direccion": null, "Resp.": null, "Dpto": "Garay", "Long (Km)": 0.83 }, "geometry": { "type": "MultiLineString", "coordinates": [ [ [ -60.100524315884144, -31.096797125442251, 0.0 ], [ -60.101806013494311, -31.102480136642814, 0.0 ], [ -60.101882543289143, -31.102548901510303, 0.0 ], [ -60.103734486213732, -31.102211613582956, 0.0 ] ] ] } },
{ "type": "Feature", "properties": { "Nombre": "Limpieza Canales Urbanos", "Estado": "Finalizado", "Datos": "Limpieza de 7000 m de canales - variado ancho y profundidad -", "Localidad": "Helvecia", "Tipo": "Canal", "Region": null, "Cuenca": "5- Rio Parana", "Obra": "Maquina Volante en Helvecia", "Código": "01907-0022849-4", "C Cuenca": null, "Direccion": null, "Resp.": null, "Dpto": "Garay", "Long (Km)": 0.53 }, "geometry": { "type": "MultiLineString", "coordinates": [ [ [ -60.106685725529466, -31.107735633210453, 0.0 ], [ -60.106736738051566, -31.109830280879702, 0.0 ], [ -60.106181647295742, -31.110916551799853, 0.0 ], [ -60.105148235388093, -31.111067272380438, 0.0 ], [ -60.104783317537198, -31.111587800389035, 0.0 ] ] ] } },
{ "type": "Feature", "properties": { "Nombre": "Limpieza canal Sec. 3", "Estado": "Finalizado", "Datos": null, "Localidad": "Cañada del Ucle", "Tipo": null, "Region": null, "Cuenca": "20- Arroyo Pavon", "Obra": "Maquina Volante en Cañada del Ucle", "Código": null, "C Cuenca": null, "Direccion": null, "Resp.": null, "Dpto": "General Lopez", "Long (Km)": 9.59 }, "geometry": { "type": "MultiLineString", "coordinates": [ [ [ -61.576945290718093, -33.495763370919413, 0.0 ], [ -61.577409353773284, -33.495338044745225, 0.0 ], [ -61.577959249621962, -33.494731488180719, 0.0 ], [ -61.579359368895751, -33.492934363283055, 0.0 ], [ -61.580803605466478, -33.491028251891059, 0.0 ], [ -61.582382590324933, -33.488957293008603, 0.0 ], [ -61.583275342543864, -33.487844413472317, 0.0 ], [ -61.58399904987926, -33.486880387026822, 0.0 ], [ -61.585405764552597, -33.485067991930023, 0.0 ], [ -61.587166830394658, -33.482762049260913, 0.0 ], [ -61.589276402404145, -33.480076019614131, 0.0 ], [ -61.591446374608395, -33.477303006072219, 0.0 ], [ -61.59208433375057, -33.476501744418051, 0.0 ], [ -61.592809556086372, -33.475505813074157, 0.0 ], [ -61.594451853039779, -33.473318538998001, 0.0 ], [ -61.596281911274424, -33.470995964830593, 0.0 ], [ -61.598237195298971, -33.468443433275638, 0.0 ], [ -61.599306514103127, -33.467041715055238, 0.0 ], [ -61.599470388189538, -33.466764052270413, 0.0 ], [ -61.599618599178015, -33.466470149586179, 0.0 ], [ -61.599740578569445, -33.466176164201613, 0.0 ], [ -61.599822174765634, -33.465868313517191, 0.0 ], [ -61.59988410826395, -33.465567744432214, 0.0 ], [ -61.599956404861473, -33.465245948048342, 0.0 ], [ -61.599954287467135, -33.464932433963185, 0.0 ], [ -61.599950373873213, -33.464611835878308, 0.0 ], [ -61.599903976785413, -33.464214553596605, 0.0 ], [ -61.599837221098539, -33.46389459991093, 0.0 ], [ -61.59971776441833, -33.463533336726606, 0.0 ], [ -61.599555400942535, -33.463193379040717, 0.0 ], [ -61.599342220474071, -33.462763890058469, 0.0 ], [ -61.598792829252041, -33.461843069495309, 0.0 ], [ -61.59795179387234, -33.460383425254193, 0.0 ], [ -61.597049452801635, -33.458800245918155, 0.0 ], [ -61.595740072288443, -33.456551462908649, 0.0 ], [ -61.594986700995541, -33.455278625059719, 0.0 ], [ -61.594824104019352, -33.454964345172648, 0.0 ], [ -61.594664007143656, -33.454605168487689, 0.0 ], [ -61.594577502059046, -33.454282443401937, 0.0 ], [ -61.594467277477989, -33.453909400118249, 0.0 ], [ -61.594426652890633, -33.453447449839672, 0.0 ], [ -61.594421223101442, -33.452866237167171, 0.0 ], [ -61.594443643742238, -33.450391533284801, 0.0 ], [ -61.59447690716609, -33.448815212359975, 0.0 ], [ -61.594506303997385, -33.446837495454183, 0.0 ], [ -61.594523167325448, -33.445126943235493, 0.0 ], [ -61.594550158261001, -33.442919841740512, 0.0 ], [ -61.594567766975878, -33.441957318186411, 0.0 ], [ -61.59454154028537, -33.441582616803878, 0.0 ], [ -61.59452091569657, -33.441077256627594, 0.0 ], [ -61.594461155810457, -33.440666325246355, 0.0 ], [ -61.594275651745235, -33.439872736281714, 0.0 ], [ -61.593928268214476, -33.438148297759234, 0.0 ], [ -61.593639906872482, -33.43668944172493, 0.0 ], [ -61.593250774349244, -33.434804234609629, 0.0 ], [ -61.592781759443028, -33.432460321315084, 0.0 ], [ -61.592445317110077, -33.430792494790104, 0.0 ], [ -61.592385290624229, -33.430369935809409, 0.0 ], [ -61.592352199834743, -33.4299806136275, 0.0 ], [ -61.592327214948526, -33.429352725156996, 0.0 ], [ -61.592357939272873, -33.427762759232834, 0.0 ], [ -61.592324565958627, -33.42307113465516, 0.0 ], [ -61.592366991779834, -33.42158415782626, 0.0 ], [ -61.592376271409812, -33.419808979110655, 0.0 ], [ -61.592366743526412, -33.418921619752645, 0.0 ], [ -61.592366913948304, -33.417667265612252, 0.0 ], [ -61.592344585456587, -33.417336111127703, 0.0 ], [ -61.592262090472644, -33.416948762945054, 0.0 ], [ -61.592143296091827, -33.416616617359374, 0.0 ], [ -61.591968737918741, -33.416200559376989, 0.0 ] ] ] } },
{ "type": "Feature", "properties": { "Nombre": "Limpieza de Canales del Distrito", "Estado": "Finalizado", "Datos": null, "Localidad": "Lanteri", "Tipo": null, "Region": null, "Cuenca": "2- Arroyo El Rey", "Obra": "Maquina Volante en Lanteri", "Código": null, "C Cuenca": null, "Direccion": null, "Resp.": null, "Dpto": "General Obligado", "Long (Km)": 1.01 }, "geometry": { "type": "MultiLineString", "coordinates": [ [ [ -59.748599985633874, -28.848304143367645, 0.0 ], [ -59.738357619863635, -28.849364015920155, 0.0 ] ] ] } },
{ "type": "Feature", "properties": { "Nombre": "Limpieza de Canales del Distrito", "Estado": "Finalizado", "Datos": null, "Localidad": "Lanteri", "Tipo": null, "Region": null, "Cuenca": "2- Arroyo El Rey", "Obra": "Maquina Volante en Lanteri", "Código": null, "C Cuenca": null, "Direccion": null, "Resp.": null, "Dpto": "General Obligado", "Long (Km)": 0.95 }, "geometry": { "type": "MultiLineString", "coordinates": [ [ [ -59.624318812609339, -28.846916417783039, 0.0 ], [ -59.623098314319449, -28.838414200324465, 0.0 ] ] ] } },
{ "type": "Feature", "properties": { "Nombre": "Limpieza de Canales del Distrito", "Estado": "Finalizado", "Datos": null, "Localidad": "Lanteri", "Tipo": null, "Region": null, "Cuenca": "2- Arroyo El Rey", "Obra": "Maquina Volante en Lanteri", "Código": null, "C Cuenca": null, "Direccion": null, "Resp.": null, "Dpto": "General Obligado", "Long (Km)": 1.28 }, "geometry": { "type": "MultiLineString", "coordinates": [ [ [ -59.629145621419418, -28.844863183026021, 0.0 ], [ -59.628522619646034, -28.845783535026055, 0.0 ], [ -59.627005279713607, -28.846080314050692, 0.0 ], [ -59.626221953420142, -28.846447337048126, 0.0 ], [ -59.624261278509174, -28.846955377686754, 0.0 ], [ -59.623629867193223, -28.847828251717843, 0.0 ], [ -59.622545016179743, -28.848825247948941, 0.0 ], [ -59.619985545174181, -28.85231608329287, 0.0 ] ] ] } },
{ "type": "Feature", "properties": { "Nombre": "Limpieza de Canales del Distrito", "Estado": "Finalizado", "Datos": null, "Localidad": "Lanteri", "Tipo": null, "Region": null, "Cuenca": "2- Arroyo El Rey", "Obra": "Maquina Volante en Lanteri", "Código": null, "C Cuenca": null, "Direccion": null, "Resp.": null, "Dpto": "General Obligado", "Long (Km)": 0.96 }, "geometry": { "type": "MultiLineString", "coordinates": [ [ [ -59.726677759225169, -28.791636224731331, 0.0 ], [ -59.717006235269373, -28.793132407887839, 0.0 ] ] ] } },
{ "type": "Feature", "properties": { "Nombre": "Limpieza canal Ppal San Eugenio", "Estado": "Finalizado", "Datos": "Confeccion de Banquinas y Perfilado Talud Sur-Este del Canal Principal", "Localidad": "Arocena", "Tipo": null, "Region": null, "Cuenca": "11- Arroyo Colastiné", "Obra": "Maquina Volante en Arocena", "Código": "EE-2025-00026944-APPSF-PE", "C Cuenca": null, "Direccion": null, "Resp.": null, "Dpto": "San Jerónimo", "Long (Km)": 5.32 }, "geometry": { "type": "MultiLineString", "coordinates": [ [ [ -61.047772592473457, -31.997439313288059, 0.0 ], [ -61.048306300574097, -31.997666232306493, 0.0 ], [ -61.048662295915129, -31.997666554081011, 0.0 ], [ -61.050819466483077, -31.997658896777509, 0.0 ], [ -61.052247832396027, -31.99746890875117, 0.0 ], [ -61.053901466427767, -31.997470329902495, 0.0 ], [ -61.055481012520815, -31.996579226314864, 0.0 ], [ -61.060667308780204, -31.996774682846922, 0.0 ], [ -61.063667709309037, -32.002577957080753, 0.0 ], [ -61.069296512542948, -32.012208340839429, 0.0 ], [ -61.075782125565048, -32.019489863187374, 0.0 ], [ -61.077404983297036, -32.021240572146958, 0.0 ], [ -61.077712223764095, -32.021352457741962, 0.0 ], [ -61.077931584565583, -32.021538734816836, 0.0 ], [ -61.078107108466277, -32.021650530752737, 0.0 ], [ -61.078326539547149, -32.021762356482782, 0.0 ], [ -61.078458226162411, -32.021799671096566, 0.0 ], [ -61.078721532116646, -32.021948751690125, 0.0 ], [ -61.078897025315818, -32.02209777313869, 0.0 ], [ -61.079072587169236, -32.022172342825257, 0.0 ], [ -61.079291989243217, -32.022321393909678, 0.0 ], [ -61.079423611089553, -32.022433160003075, 0.0 ], [ -61.079555300631355, -32.022470474117178, 0.0 ], [ -61.079818613735043, -32.022619554215332, 0.0 ], [ -61.079994179221728, -32.022694123496677, 0.0 ], [ -61.080213586669132, -32.022843174411889, 0.0 ], [ -61.080432996238535, -32.02299222513377, 0.0 ], [ -61.08056465557479, -32.023066765086305, 0.0 ], [ -61.080696315367362, -32.023141305027195, 0.0 ], [ -61.080915760069182, -32.02325312968361, 0.0 ], [ -61.081135239352022, -32.023327727684126, 0.0 ], [ -61.081354718899263, -32.023402325532494, 0.0 ], [ -61.08157423257326, -32.023439696545964, 0.0 ], [ -61.081662018400323, -32.023476981082815, 0.0 ], [ -61.08192544215526, -32.023514381086585, 0.0 ], [ -61.082101048108285, -32.02355172271831, 0.0 ], [ -61.082320499736248, -32.023663546651015, 0.0 ], [ -61.082496075167548, -32.023738114939889, 0.0 ], [ -61.082583862811056, -32.023775398847661, 0.0 ], [ -61.082847228307443, -32.02388725138605, 0.0 ], [ -61.083022806030627, -32.023961819549548, 0.0 ], [ -61.083154536251591, -32.023961905382215, 0.0 ], [ -61.083461878158602, -32.023999331920393, 0.0 ], [ -61.08368139971401, -32.024036701523357, 0.0 ], [ -61.083900953302837, -32.024036843712516, 0.0 ], [ -61.084120508979808, -32.024036985609968, 0.0 ], [ -61.084340063911377, -32.024037127213838, 0.0 ], [ -61.084735264246042, -32.024037381363215, 0.0 ], [ -61.084954791929214, -32.024074749542137, 0.0 ], [ -61.085174349646508, -32.02407489007512, 0.0 ], [ -61.085393908095455, -32.024075030316119, 0.0 ], [ -61.085613406719787, -32.02414962489452, 0.0 ], [ -61.085788995577587, -32.02422419145276, 0.0 ], [ -61.085964583894118, -32.024298758005465, 0.0 ], [ -61.086008466453961, -32.024336013150851, 0.0 ] ] ] } },
{ "type": "Feature", "properties": { "Nombre": "Limpieza canal de aduccion", "Estado": "Finalizado", "Datos": null, "Localidad": "Melincue", "Tipo": null, "Region": null, "Cuenca": "22- Laguna Melincué22- Laguna Melincué", "Obra": "Maquina Volante en Melincue", "Código": null, "C Cuenca": null, "Direccion": null, "Resp.": null, "Dpto": "General Lopez", "Long (Km)": 7.63 }, "geometry": { "type": "MultiLineString", "coordinates": [ [ [ -61.455892574577341, -33.650761121366941, 0.0 ], [ -61.455914891081228, -33.649967449206599, 0.0 ], [ -61.456414385649808, -33.649318828828704, 0.0 ], [ -61.456990161127564, -33.648962407770405, 0.0 ], [ -61.458140381359811, -33.647873645074363, 0.0 ], [ -61.45819011620668, -33.647748219025118, 0.0 ], [ -61.458290025548543, -33.647622671557954, 0.0 ], [ -61.458340054025427, -33.647580781891818, 0.0 ], [ -61.458389935139088, -33.647497124032661, 0.0 ], [ -61.458464756917891, -33.647371636986023, 0.0 ], [ -61.458564666225904, -33.647246089352279, 0.0 ], [ -61.458614547131184, -33.647162431442226, 0.0 ], [ -61.45868944210649, -33.64705782860797, 0.0 ], [ -61.458764410507698, -33.646974109659055, 0.0 ], [ -61.458864392925172, -33.646869445821324, 0.0 ], [ -61.458914200474673, -33.646764903731686, 0.0 ], [ -61.45898909514051, -33.646660300559269, 0.0 ], [ -61.459063989734716, -33.646555697447049, 0.0 ], [ -61.459113870259081, -33.646472039305195, 0.0 ], [ -61.459163677200834, -33.646367496966676, 0.0 ], [ -61.459213410967877, -33.646242070679968, 0.0 ], [ -61.459263070756599, -33.646095760264785, 0.0 ], [ -61.459312878000816, -33.645991217887747, 0.0 ], [ -61.459362684807708, -33.645886675469505, 0.0 ], [ -61.459387478100531, -33.645803078186205, 0.0 ], [ -61.459387257513185, -33.645740426045805, 0.0 ], [ -61.459411830269453, -33.645594176611965, 0.0 ], [ -61.45943647576653, -33.645468811212183, 0.0 ], [ -61.459461342597123, -33.645406097912606, 0.0 ], [ -61.459460828158193, -33.645259909594571, 0.0 ], [ -61.45946068119995, -33.645218141503427, 0.0 ], [ -61.459460093475123, -33.645051069125451, 0.0 ], [ -61.459556478591793, -33.643923084212233, 0.0 ], [ -61.459556111971537, -33.64381866357769, 0.0 ], [ -61.459555818724887, -33.643735127137774, 0.0 ], [ -61.459428479959819, -33.643192446297434, 0.0 ], [ -61.456156212738293, -33.632986067793247, 0.0 ], [ -61.461591856573335, -33.62203131424819, 0.0 ], [ -61.461278484338273, -33.61833120586774, 0.0 ], [ -61.462502307442605, -33.616252644962728, 0.0 ], [ -61.468235050022479, -33.611527133008245, 0.0 ], [ -61.470632708686182, -33.606828647963745, 0.0 ], [ -61.472106955253736, -33.597314549184013, 0.0 ], [ -61.478210027636116, -33.588332477007789, 0.0 ] ] ] } },
{ "type": "Feature", "properties": { "Nombre": "Limpieza canal rural", "Estado": "Finalizado", "Datos": null, "Localidad": "Las Toscas", "Tipo": null, "Region": null, "Cuenca": "5- Rio Parana", "Obra": "Maquina Volante en Las Toscas", "Código": null, "C Cuenca": null, "Direccion": null, "Resp.": null, "Dpto": "General Obligado", "Long (Km)": 2.62 }, "geometry": { "type": "MultiLineString", "coordinates": [ [ [ -59.293743470515473, -28.308792193292277, 0.0 ], [ -59.293757078011268, -28.309125027433584, 0.0 ], [ -59.293662792162422, -28.30983826962466, 0.0 ], [ -59.293453625052251, -28.310188985356177, 0.0 ], [ -59.293446874121841, -28.310188986999911, 0.0 ], [ -59.293305164659138, -28.310379212138169, 0.0 ], [ -59.293190462121586, -28.310581317444907, 0.0 ], [ -59.292994742045579, -28.310765611754537, 0.0 ], [ -59.292932026675096, -28.310806646405158, 0.0 ], [ -59.292964939999884, -28.310893496766106, 0.0 ], [ -59.29284167115452, -28.311072068334063, 0.0 ], [ -59.292633451374364, -28.31127237482535, 0.0 ], [ -59.292433443121013, -28.31144372666099, 0.0 ], [ -59.291933166441247, -28.311915063153403, 0.0 ], [ -59.291504855979163, -28.312322516706665, 0.0 ], [ -59.291399199026209, -28.312403006321002, 0.0 ], [ -59.291116509970941, -28.312677156975415, 0.0 ], [ -59.290759170577104, -28.313024840651849, 0.0 ], [ -59.290722562228375, -28.31311825719218, 0.0 ], [ -59.290650607609741, -28.313252955861788, 0.0 ], [ -59.290641638172637, -28.313355950501904, 0.0 ], [ -59.290646171167097, -28.313470825912752, 0.0 ], [ -59.290371855358117, -28.314045270277827, 0.0 ], [ -59.29013351730061, -28.314576135873047, 0.0 ], [ -59.289934242879198, -28.315044463809723, 0.0 ], [ -59.289682378497801, -28.315460449367251, 0.0 ], [ -59.289466021383468, -28.31584117013055, 0.0 ], [ -59.289381433282827, -28.31594136623232, 0.0 ], [ -59.28925018655022, -28.31613661276841, 0.0 ], [ -59.289081012683383, -28.316349847741169, 0.0 ], [ -59.289078097028899, -28.316357554350901, 0.0 ], [ -59.288929334941955, -28.316527117624219, 0.0 ], [ -59.288763069982949, -28.316714665310659, 0.0 ], [ -59.288108156553648, -28.317469629315987, 0.0 ], [ -59.288177575093172, -28.317615476574741, 0.0 ], [ -59.288239506026017, -28.317748279841851, 0.0 ], [ -59.288158292066015, -28.317840246163122, 0.0 ], [ -59.288208599616873, -28.31790494107355, 0.0 ], [ -59.288216370783118, -28.318034350030398, 0.0 ], [ -59.288173838843882, -28.31811609190305, 0.0 ], [ -59.288123559066896, -28.318156968854954, 0.0 ], [ -59.288119769069375, -28.318456658020768, 0.0 ], [ -59.288053338626597, -28.31919694236273, 0.0 ], [ -59.288021205839648, -28.319480472890127, 0.0 ], [ -59.287908563431955, -28.319799460995732, 0.0 ], [ -59.28775563684664, -28.320026312501231, 0.0 ], [ -59.287538326108987, -28.320380764402561, 0.0 ], [ -59.287449797710295, -28.320550898527397, 0.0 ], [ -59.287321098274298, -28.321082539715601, 0.0 ], [ -59.287272876428979, -28.321451138215998, 0.0 ], [ -59.286987642924942, -28.322317035729856, 0.0 ], [ -59.287053116966888, -28.322597683840133, 0.0 ], [ -59.28697147116177, -28.323000698140753, 0.0 ], [ -59.286718172736613, -28.32350449359296, 0.0 ], [ -59.286456640802108, -28.323792398601856, 0.0 ], [ -59.286195081552059, -28.323979554041703, 0.0 ], [ -59.286162428773252, -28.324173862430705, 0.0 ], [ -59.286162430552835, -28.324181058805042, 0.0 ], [ -59.286252388340579, -28.32430338004206, 0.0 ], [ -59.286375073876989, -28.32453364036644, 0.0 ], [ -59.28643236625436, -28.324799894998534, 0.0 ], [ -59.286326147873133, -28.325044592423804, 0.0 ], [ -59.286203544822207, -28.325152562066933, 0.0 ], [ -59.286179062338576, -28.32533247658732, 0.0 ], [ -59.286113708039132, -28.32553398853182, 0.0 ], [ -59.286244546341024, -28.325670694609705, 0.0 ], [ -59.286399931606347, -28.325893752603637, 0.0 ], [ -59.286375460722574, -28.326124042975184, 0.0 ], [ -59.286416375460234, -28.326282356510522, 0.0 ], [ -59.286473646135256, -28.32646225618641, 0.0 ], [ -59.286473728280392, -28.326807686911661, 0.0 ], [ -59.286334494173474, -28.327127043333821, 0.0 ], [ -59.286256727492834, -28.327298285271045, 0.0 ], [ -59.286153042066722, -28.327543730675337, 0.0 ], [ -59.286114190169592, -28.327760625987633, 0.0 ], [ -59.286094806826384, -28.328046008709542, 0.0 ], [ -59.286062445034169, -28.328291441257274, 0.0 ], [ -59.286107906543251, -28.328593934940816, 0.0 ], [ -59.286017146198155, -28.328673859256703, 0.0 ], [ -59.286010666097624, -28.328690983406741, 0.0 ], [ -59.28599770424983, -28.32871952403498, 0.0 ], [ -59.285952352094235, -28.32887934617175, 0.0 ], [ -59.28598480814906, -28.329027738071819, 0.0 ], [ -59.285790328321227, -28.329238959366904, 0.0 ], [ -59.285427243043699, -28.329404553764459, 0.0 ], [ -59.285291082779793, -28.329455949870397, 0.0 ], [ -59.285083606833467, -28.329570144999771, 0.0 ] ] ] } },
{ "type": "Feature", "properties": { "Nombre": "Limpieza canal rural", "Estado": "Finalizado", "Datos": null, "Localidad": "Las Toscas", "Tipo": null, "Region": null, "Cuenca": "5- Rio Parana", "Obra": "Maquina Volante en Las Toscas", "Código": null, "C Cuenca": null, "Direccion": null, "Resp.": null, "Dpto": "General Obligado", "Long (Km)": 0.35 }, "geometry": { "type": "MultiLineString", "coordinates": [ [ [ -59.256291162125763, -28.359706095338851, 0.0 ], [ -59.256123754108714, -28.359706090720014, 0.0 ], [ -59.252755057385698, -28.359696632942278, 0.0 ], [ -59.252687942004364, -28.359672467713885, 0.0 ] ] ] } },
{ "type": "Feature", "properties": { "Nombre": "Limpieza canal perimetral", "Estado": "Finalizado", "Datos": null, "Localidad": "Las Toscas", "Tipo": null, "Region": null, "Cuenca": "5- Rio Parana", "Obra": "Maquina Volante en Las Toscas", "Código": null, "C Cuenca": null, "Direccion": null, "Resp.": null, "Dpto": "General Obligado", "Long (Km)": 0.83 }, "geometry": { "type": "MultiLineString", "coordinates": [ [ [ -59.252648077190713, -28.362966153080837, 0.0 ], [ -59.252676433900312, -28.360442289364432, 0.0 ], [ -59.252696771525358, -28.358391238584904, 0.0 ], [ -59.252702412665712, -28.356840767278126, 0.0 ], [ -59.25271460946599, -28.355432144183261, 0.0 ] ] ] } },
{ "type": "Feature", "properties": { "Nombre": "Limpieza del A° Constitucion", "Estado": "Finalizado", "Datos": "Canales Maquinas Volantes", "Localidad": "Empalme Villa Constitucion", "Tipo": null, "Region": null, "Cuenca": "20- Arroyo Pavon", "Obra": "Maquina Volante en Empalme Villa Constitucion", "Código": null, "C Cuenca": null, "Direccion": null, "Resp.": null, "Dpto": "Constitución", "Long (Km)": 4.25 }, "geometry": { "type": "MultiLineString", "coordinates": [ [ [ -60.363924106054796, -33.242652796759565, 0.0 ], [ -60.3633705608325, -33.243198302987395, 0.0 ], [ -60.363624998603832, -33.243699765026619, 0.0 ], [ -60.365652585034908, -33.245624517940385, 0.0 ], [ -60.367332636906831, -33.246966440928787, 0.0 ], [ -60.368247404504864, -33.250517608207254, 0.0 ], [ -60.370658415571647, -33.254164963206179, 0.0 ], [ -60.373026202696202, -33.259610458614489, 0.0 ], [ -60.377391570460148, -33.264232173960266, 0.0 ], [ -60.384614994730903, -33.271467680757965, 0.0 ], [ -60.38625972306226, -33.274754494066499, 0.0 ] ] ] } },
{ "type": "Feature", "properties": { "Nombre": "Limpieza canal Ppal Ricardone", "Estado": "Finalizado", "Datos": null, "Localidad": "Ricardone", "Tipo": null, "Region": null, "Cuenca": "16- Arroyo Ludueña", "Obra": "Maquina Volante en Ricardone", "Código": null, "C Cuenca": null, "Direccion": null, "Resp.": null, "Dpto": "San Lorenzo", "Long (Km)": 6.72 }, "geometry": { "type": "MultiLineString", "coordinates": [ [ [ -60.754044500496853, -32.824011121705098, 0.0 ], [ -60.748230870830184, -32.820798920576507, 0.0 ], [ -60.76660803530573, -32.796925843224493, 0.0 ], [ -60.77918890569525, -32.780551384506424, 0.0 ], [ -60.78338533517686, -32.774788867046674, 0.0 ] ] ] } },
{ "type": "Feature", "properties": { "Nombre": "Limpieza desagüe RP14", "Estado": "Finalizado", "Datos": null, "Localidad": "Soldini", "Tipo": null, "Region": null, "Cuenca": "17- Arroyo Saladillo", "Obra": "Maquina Volante en Soldini", "Código": null, "C Cuenca": null, "Direccion": null, "Resp.": null, "Dpto": "Rosario", "Long (Km)": 4.22 }, "geometry": { "type": "MultiLineString", "coordinates": [ [ [ -60.773399533003015, -33.068889314015024, 0.0 ], [ -60.762907746107054, -33.047099489437514, 0.0 ], [ -60.760227347504532, -33.039079408393263, 0.0 ], [ -60.759769380411235, -33.036800063185773, 0.0 ], [ -60.759310706424074, -33.034677754722736, 0.0 ], [ -60.758943922544624, -33.032948443951362, 0.0 ] ] ] } },
{ "type": "Feature", "properties": { "Nombre": "Limpieza Canal de Descarga", "Estado": "Finalizado", "Datos": null, "Localidad": "Soldini", "Tipo": null, "Region": null, "Cuenca": "5- Rio Parana", "Obra": "Maquina Volante en Soldini", "Código": null, "C Cuenca": null, "Direccion": null, "Resp.": null, "Dpto": "Rosario", "Long (Km)": 2.71 }, "geometry": { "type": "MultiLineString", "coordinates": [ [ [ -60.750170623400443, -33.00870825629692, 0.0 ], [ -60.721173645206022, -33.0076978816546, 0.0 ] ] ] } },
{ "type": "Feature", "properties": { "Nombre": "Reacondicionamiento Defensa Este", "Estado": "Finalizado", "Datos": null, "Localidad": "A° Leyes", "Tipo": null, "Region": null, "Cuenca": "5- Rio Parana", "Obra": "Maquina Volante en A° Leyes", "Código": null, "C Cuenca": null, "Direccion": null, "Resp.": null, "Dpto": "La Capital", "Long (Km)": 1.13 }, "geometry": { "type": "MultiLineString", "coordinates": [ [ [ -60.530706897239035, -31.588953491499353, 0.0 ], [ -60.530604352473738, -31.588865118712935, 0.0 ], [ -60.530433445527159, -31.588717830654936, 0.0 ], [ -60.530296720355956, -31.588600000230091, 0.0 ], [ -60.53015979516497, -31.588511456375961, 0.0 ], [ -60.530022469077352, -31.58848148564509, 0.0 ], [ -60.529851163634468, -31.588392770554162, 0.0 ], [ -60.529714039105151, -31.588333513040123, 0.0 ], [ -60.529576714094617, -31.588303541976405, 0.0 ], [ -60.52940520934024, -31.588244113077774, 0.0 ], [ -60.52926788499574, -31.588214141748924, 0.0 ], [ -60.529096381142956, -31.588154712559916, 0.0 ], [ -60.528959258528289, -31.588095454500543, 0.0 ], [ -60.528787755612392, -31.588036025019225, 0.0 ], [ -60.528616252635096, -31.587976595370016, 0.0 ], [ -60.528444750702164, -31.58791716554083, 0.0 ], [ -60.528307629692932, -31.58785790699395, 0.0 ], [ -60.528136128640504, -31.587798476864108, 0.0 ], [ -60.527964828930614, -31.587709760153931, 0.0 ], [ -60.527827911138026, -31.587621214845083, 0.0 ], [ -60.527690791675667, -31.587561955840897, 0.0 ], [ -60.527519493456197, -31.587473238706597, 0.0 ], [ -60.527382375289505, -31.587413979406371, 0.0 ], [ -60.527245660257933, -31.587296147313026, 0.0 ], [ -60.527109147472807, -31.587149028742513, 0.0 ], [ -60.527006813861497, -31.587031368229624, 0.0 ], [ -60.526972837363722, -31.586972623735569, 0.0 ], [ -60.526871109783279, -31.586767104030692, 0.0 ], [ -60.526769382803494, -31.586561584307876, 0.0 ], [ -60.526701632363128, -31.586414808798168, 0.0 ], [ -60.526633680246547, -31.586297319764903, 0.0 ], [ -60.526565930332083, -31.586150544297915, 0.0 ], [ -60.526497978958155, -31.586033054971374, 0.0 ], [ -60.526464205099643, -31.585945023973313, 0.0 ], [ -60.526396051739191, -31.585856821118078, 0.0 ], [ -60.526294125272699, -31.585680587111188, 0.0 ], [ -60.526191997141453, -31.58553363920235, 0.0 ], [ -60.526055692198518, -31.585357232966491, 0.0 ], [ -60.525987539814743, -31.58526902975661, 0.0 ], [ -60.525885615019277, -31.585092794923437, 0.0 ], [ -60.525783488385102, -31.584945846389129, 0.0 ], [ -60.5257495134978, -31.584887101389981, 0.0 ], [ -60.525681564422932, -31.584769611318269, 0.0 ], [ -60.525579033842334, -31.584681235849661, 0.0 ], [ -60.525408757133135, -31.584446082768267, 0.0 ], [ -60.52527265777303, -31.584240388391017, 0.0 ], [ -60.525136356827105, -31.584063979746912, 0.0 ], [ -60.525068206409081, -31.583975775637658, 0.0 ], [ -60.524965879895568, -31.583858112394473, 0.0 ], [ -60.524897527233882, -31.583799194258155, 0.0 ], [ -60.524761227634137, -31.58362278500811, 0.0 ], [ -60.524693077878965, -31.583534580409061, 0.0 ], [ -60.524590549650171, -31.583446203076431, 0.0 ], [ -60.524419669586493, -31.583298907293386, 0.0 ], [ -60.524283371370906, -31.583122496783428, 0.0 ], [ -60.524146870851588, -31.582975372567251, 0.0 ], [ -60.524044343652001, -31.582886994661767, 0.0 ], [ -60.523839695288196, -31.582651664040398, 0.0 ], [ -60.523737371497255, -31.58253399803721, 0.0 ], [ -60.523566696940243, -31.582357412791342, 0.0 ], [ -60.523464576599167, -31.582210459227216, 0.0 ], [ -60.523430401273451, -31.582180999614891, 0.0 ], [ -60.523328687081325, -31.581975471269388, 0.0 ], [ -60.523295120744351, -31.581858149711074, 0.0 ], [ -60.52326135142939, -31.581770115076381, 0.0 ], [ -60.523159434904365, -31.581593873434706, 0.0 ] ] ] } },
{ "type": "Feature", "properties": { "Nombre": "Limpieza Canal Regulador Las Lagrimas", "Estado": "Finalizado", "Datos": null, "Localidad": "San Eduardo", "Tipo": null, "Region": null, "Cuenca": "23- Las Encadenadas - Salado Brazo Norte", "Obra": "Maquina Volante en San Eduardo", "Código": null, "C Cuenca": null, "Direccion": null, "Resp.": null, "Dpto": "General Lopez", "Long (Km)": 1.99 }, "geometry": { "type": "MultiLineString", "coordinates": [ [ [ -62.067236691777808, -33.840129986175214, 0.0 ], [ -62.054220356720428, -33.825837236847086, 0.0 ] ] ] } },
{ "type": "Feature", "properties": { "Nombre": "Limpieza Bajo Richi", "Estado": "Finalizado", "Datos": null, "Localidad": "San Clara de Saguier", "Tipo": null, "Region": null, "Cuenca": "8- Rio Salado", "Obra": "Maquina Volante en San Clara de Saguier", "Código": null, "C Cuenca": null, "Direccion": null, "Resp.": null, "Dpto": "Castellanos", "Long (Km)": 10.21 }, "geometry": { "type": "MultiLineString", "coordinates": [ [ [ -61.808352860221937, -31.294232693224892, 0.0 ], [ -61.813743897880329, -31.317063930748674, 0.0 ], [ -61.81388838889103, -31.317310849899258, 0.0 ], [ -61.814213515427156, -31.317526910251587, 0.0 ], [ -61.828763372488361, -31.321486889352219, 0.0 ], [ -61.836639619929088, -31.322782428868301, 0.0 ], [ -61.837578939488729, -31.322566265057763, 0.0 ], [ -61.843613658522443, -31.325158241410175, 0.0 ], [ -61.858170616434279, -31.326841651286948, 0.0 ], [ -61.864074549636548, -31.327533567120977, 0.0 ], [ -61.873229475678976, -31.330722276074344, 0.0 ], [ -61.880024795906188, -31.334841604851341, 0.0 ], [ -61.883682432613469, -31.335975804577071, 0.0 ], [ -61.889113632124513, -31.337487729877463, 0.0 ] ] ] } },
{ "type": "Feature", "properties": { "Nombre": "Limpieza Canal Paralelo FFCC", "Estado": "Finalizado", "Datos": null, "Localidad": "San Jeronimo Sud", "Tipo": null, "Region": null, "Cuenca": "15- Arroyo San Lorenzo", "Obra": "Maquina Volante en San Jeronimo Sud", "Código": null, "C Cuenca": null, "Direccion": null, "Resp.": null, "Dpto": "San Lorenzo", "Long (Km)": 2.37 }, "geometry": { "type": "MultiLineString", "coordinates": [ [ [ -61.016408739966103, -32.880250125803229, 0.0 ], [ -60.99161981974941, -32.884548435098118, 0.0 ] ] ] } },
{ "type": "Feature", "properties": { "Nombre": "Limpieza canal Vila (loma de San Antonio)", "Estado": "Finalizado", "Datos": null, "Localidad": "Castellanos", "Tipo": null, "Region": null, "Cuenca": "8- Rio Salado", "Obra": "Maquina Volante en Castellanos", "Código": null, "C Cuenca": null, "Direccion": null, "Resp.": null, "Dpto": "Castellanos", "Long (Km)": 4.02 }, "geometry": { "type": "MultiLineString", "coordinates": [ [ [ -61.775999231926335, -31.186388791174281, 0.0 ], [ -61.779217170844063, -31.199770905303563, 0.0 ], [ -61.779286265604085, -31.200113813929097, 0.0 ], [ -61.77928737467721, -31.200285426844012, 0.0 ], [ -61.779289962714984, -31.20068585576967, 0.0 ], [ -61.779224564231519, -31.200914988843959, 0.0 ], [ -61.77902504019066, -31.201087551381619, 0.0 ], [ -61.778758637527652, -31.201260429579641, 0.0 ], [ -61.778558743052223, -31.201375786730495, 0.0 ], [ -61.778358478976322, -31.201433939559031, 0.0 ], [ -61.774558942216224, -31.2033968307036, 0.0 ], [ -61.774159137733136, -31.203627529203423, 0.0 ], [ -61.773959601640648, -31.203800081542486, 0.0 ], [ -61.773694285782852, -31.204144558117079, 0.0 ], [ -61.773628873193992, -31.204373686217917, 0.0 ], [ -61.773563460242308, -31.204602814286815, 0.0 ], [ -61.773631806463484, -31.204831315217234, 0.0 ], [ -61.773699786277653, -31.205002612445121, 0.0 ], [ -61.777270614453045, -31.219402154266927, 0.0 ] ] ] } },
{ "type": "Feature", "properties": { "Nombre": "Limpieza Canal Terciario Cello", "Estado": "Finalizado", "Datos": "Canales Maquinas Volantes", "Localidad": "San Clara de Saguier", "Tipo": null, "Region": null, "Cuenca": "8- Rio Salado", "Obra": "Maquina Volante en San Clara de Saguier", "Código": null, "C Cuenca": null, "Direccion": null, "Resp.": null, "Dpto": "Castellanos", "Long (Km)": 3.9 }, "geometry": { "type": "MultiLineString", "coordinates": [ [ [ -61.889137586012225, -31.337458841430049, 0.0 ], [ -61.889018061801764, -31.337585383803962, 0.0 ], [ -61.894618203423882, -31.361251550576814, 0.0 ], [ -61.894679100055484, -31.361358616915954, 0.0 ], [ -61.895508999344109, -31.361698943253952, 0.0 ], [ -61.895590898496373, -31.361745563834752, 0.0 ], [ -61.89556906335136, -31.361862118789773, 0.0 ], [ -61.895503517993085, -31.361916778218884, 0.0 ], [ -61.894853791558774, -31.361651045875224, 0.0 ], [ -61.894744595886053, -31.361665033584497, 0.0 ], [ -61.89471183926797, -31.361762938701013, 0.0 ], [ -61.896813281376637, -31.370410306970225, 0.0 ] ] ] } },
{ "type": "Feature", "properties": { "Nombre": "Limpieza Canal Interno Urbano", "Estado": "Finalizado", "Datos": null, "Localidad": "Pueblo Esther", "Tipo": null, "Region": null, "Cuenca": "5- Rio Parana", "Obra": "Maquina Volante en Pueblo Esther", "Código": null, "C Cuenca": null, "Direccion": null, "Resp.": null, "Dpto": "Rosario", "Long (Km)": 2.68 }, "geometry": { "type": "MultiLineString", "coordinates": [ [ [ -60.562397493246131, -33.072456476432976, 0.0 ], [ -60.562800430695461, -33.073020848362404, 0.0 ], [ -60.563050325742218, -33.073533897272945, 0.0 ], [ -60.563467832357055, -33.074251460200777, 0.0 ], [ -60.563441950013697, -33.074311076505793, 0.0 ], [ -60.564613472648908, -33.076505233737095, 0.0 ], [ -60.565181635452397, -33.076711232115542, 0.0 ], [ -60.567769241970254, -33.079303542695641, 0.0 ], [ -60.57126768956028, -33.082238534687733, 0.0 ], [ -60.571843915055091, -33.082594342596657, 0.0 ], [ -60.573415260682246, -33.08528378573326, 0.0 ], [ -60.573344481206526, -33.085444727480848, 0.0 ], [ -60.573314087335817, -33.086571345521783, 0.0 ], [ -60.572658759595512, -33.090355468808774, 0.0 ], [ -60.572132788779349, -33.093252463176526, 0.0 ] ] ] } },
{ "type": "Feature", "properties": { "Nombre": "Limpieza Canal de la media Legua", "Estado": "Finalizado", "Datos": null, "Localidad": "San Jeronimo Sud", "Tipo": null, "Region": null, "Cuenca": "15- Arroyo San Lorenzo", "Obra": "Maquina Volante en San Jeronimo Sud", "Código": null, "C Cuenca": null, "Direccion": null, "Resp.": null, "Dpto": "San Lorenzo", "Long (Km)": 4.69 }, "geometry": { "type": "MultiLineString", "coordinates": [ [ [ -61.0294581853897, -32.853711458188265, 0.0 ], [ -60.991330632105743, -32.860572315814302, 0.0 ], [ -60.980407217715509, -32.862541876242361, 0.0 ] ] ] } },
{ "type": "Feature", "properties": { "Nombre": "Limpieza Canal El Vivero", "Estado": "Finalizado", "Datos": null, "Localidad": "San Jeronimo Sud", "Tipo": null, "Region": null, "Cuenca": "15- Arroyo San Lorenzo", "Obra": "Maquina Volante en San Jeronimo Sud", "Código": null, "C Cuenca": null, "Direccion": null, "Resp.": null, "Dpto": "San Lorenzo", "Long (Km)": 7.89 }, "geometry": { "type": "MultiLineString", "coordinates": [ [ [ -61.069178900358821, -32.876118138384932, 0.0 ], [ -61.067901988372178, -32.870841735002898, 0.0 ], [ -61.063633584473862, -32.853795089683928, 0.0 ], [ -61.056450533875896, -32.825116629520018, 0.0 ], [ -61.056890103294478, -32.824759785926155, 0.0 ], [ -61.057541982628337, -32.824555769328143, 0.0 ], [ -61.069137070387583, -32.809549602008715, 0.0 ] ] ] } },
{ "type": "Feature", "properties": { "Nombre": "Restauracion de camino comunal", "Estado": "Finalizado", "Datos": "Canales Maquinas Volantes", "Localidad": "Cepeda", "Tipo": null, "Region": null, "Cuenca": "20- Arroyo Pavon", "Obra": "Maquina Volante en Cepeda", "Código": null, "C Cuenca": null, "Direccion": null, "Resp.": null, "Dpto": "Constitución", "Long (Km)": 14.15 }, "geometry": { "type": "MultiLineString", "coordinates": [ [ [ -60.772543150520463, -33.434976759970226, 0.0 ], [ -60.707950597753623, -33.418749986266178, 0.0 ], [ -60.675959359970129, -33.41125813858703, 0.0 ], [ -60.633701173588996, -33.400670473806372, 0.0 ], [ -60.629374844163166, -33.39962009786494, 0.0 ], [ -60.628778150177276, -33.399157380182025, 0.0 ], [ -60.626753434113326, -33.398676586325259, 0.0 ] ] ] } },
{ "type": "Feature", "properties": { "Nombre": "Limpieza canal de la via", "Estado": "Finalizado", "Datos": null, "Localidad": "Berna", "Tipo": null, "Region": null, "Cuenca": "6- Arroyo MAlabrigo", "Obra": "Maquina Volante en Berna", "Código": null, "C Cuenca": null, "Direccion": null, "Resp.": null, "Dpto": "General Obligado", "Long (Km)": 1.45 }, "geometry": { "type": "MultiLineString", "coordinates": [ [ [ -59.838436193084, -29.273365881318981, 0.0 ], [ -59.833931337710048, -29.271042280286498, 0.0 ], [ -59.830006707831572, -29.269071271996687, 0.0 ], [ -59.827729902863872, -29.267896119561076, 0.0 ], [ -59.825564709524421, -29.266809669640722, 0.0 ] ] ] } },
{ "type": "Feature", "properties": { "Nombre": "Limpieza canal de la via", "Estado": "Finalizado", "Datos": null, "Localidad": "Berna", "Tipo": null, "Region": null, "Cuenca": "6- Arroyo Malabrigo", "Obra": "Maquina Volante en Berna", "Código": null, "C Cuenca": null, "Direccion": null, "Resp.": null, "Dpto": "General Obligado", "Long (Km)": 0.65 }, "geometry": { "type": "MultiLineString", "coordinates": [ [ [ -59.850279657035109, -29.279402964269543, 0.0 ], [ -59.85608715549489, -29.282245617356129, 0.0 ] ] ] } },
{ "type": "Feature", "properties": { "Nombre": "Limpieza parcial de colector RP36", "Estado": "Finalizado", "Datos": null, "Localidad": "Vera", "Tipo": null, "Region": null, "Cuenca": "10- Los Saladillos", "Obra": "Maquina Volante en Vera", "Código": null, "C Cuenca": null, "Direccion": null, "Resp.": null, "Dpto": "Vera", "Long (Km)": 2.09 }, "geometry": { "type": "MultiLineString", "coordinates": [ [ [ -60.172441353810456, -29.454354162921735, 0.0 ], [ -60.168432573685365, -29.454729773950739, 0.0 ], [ -60.162640534894301, -29.455279112488562, 0.0 ], [ -60.153382217292069, -29.456248856514456, 0.0 ], [ -60.151646207071593, -29.456501847012365, 0.0 ], [ -60.151146611866842, -29.456726872743076, 0.0 ] ] ] } },
{ "type": "Feature", "properties": { "Nombre": "Limpieza de canales de desgüe urbano", "Estado": "Finalizado", "Datos": null, "Localidad": "Juan B Molina", "Tipo": null, "Region": null, "Cuenca": "21- Arroyo del Medio", "Obra": "Maquina Volante en Juan B Molina", "Código": null, "C Cuenca": null, "Direccion": null, "Resp.": null, "Dpto": "Constitución", "Long (Km)": 1.9 }, "geometry": { "type": "MultiLineString", "coordinates": [ [ [ -60.504565447835759, -33.495807599902903, 0.0 ], [ -60.501965402438536, -33.493369438025866, 0.0 ], [ -60.5018962, -33.493372410396169, 0.0 ], [ -60.501826565246915, -33.493413535578739, 0.0 ], [ -60.49107189785456, -33.501480421168232, 0.0 ], [ -60.490988931611007, -33.501523640925377, 0.0 ], [ -60.49095002359514, -33.501614425294356, 0.0 ], [ -60.490867062252583, -33.501638189691654, 0.0 ], [ -60.489809175161056, -33.502433502584772, 0.0 ], [ -60.489593967058447, -33.502586943412226, 0.0 ] ] ] } },
{ "type": "Feature", "properties": { "Nombre": "Limpieza de canales de desgüe urbano", "Estado": "Finalizado", "Datos": null, "Localidad": "Juan B Molina", "Tipo": null, "Region": null, "Cuenca": "20- Arroyo PAvón", "Obra": "Maquina Volante en Juan B Molina", "Código": null, "C Cuenca": null, "Direccion": null, "Resp.": null, "Dpto": "Constitución", "Long (Km)": 2.57 }, "geometry": { "type": "MultiLineString", "coordinates": [ [ [ -60.517591058080725, -33.494764138546621, 0.0 ], [ -60.51508693298036, -33.496601088715444, 0.0 ], [ -60.509835501334983, -33.500526527138078, 0.0 ], [ -60.510213675900516, -33.500890969781892, 0.0 ], [ -60.510237495654074, -33.500936656366456, 0.0 ], [ -60.510225584182479, -33.500980355944826, 0.0 ], [ -60.510170795015405, -33.501032000178412, 0.0 ], [ -60.508335597820881, -33.502409822182308, 0.0 ], [ -60.507770911240357, -33.502817595175003, 0.0 ], [ -60.507155797239349, -33.503292628079826, 0.0 ], [ -60.506646557219803, -33.503662562995025, 0.0 ], [ -60.506058643693699, -33.504185357288996, 0.0 ], [ -60.505513489382423, -33.504666608893125, 0.0 ], [ -60.505142414083004, -33.505002720046342, 0.0 ], [ -60.505137832605627, -33.505010359134381, 0.0 ], [ -60.504359031287258, -33.505598544864128, 0.0 ], [ -60.503708486007021, -33.506114165644874, 0.0 ], [ -60.501043528450268, -33.508095266963849, 0.0 ], [ -60.49799199648988, -33.510404744687868, 0.0 ] ] ] } },
{ "type": "Feature", "properties": { "Nombre": "Limpieza canal rural", "Estado": "Finalizado", "Datos": null, "Localidad": "Hardy", "Tipo": null, "Region": null, "Cuenca": "4- Rio Tapenaga", "Obra": "Maquina Volante en Hardy", "Código": null, "C Cuenca": null, "Direccion": null, "Resp.": null, "Dpto": "General Obligado", "Long (Km)": 1.5 }, "geometry": { "type": "MultiLineString", "coordinates": [ [ [ -59.251527913146916, -28.145137032887668, 0.0 ], [ -59.250959053972373, -28.141675291251335, 0.0 ], [ -59.250122322919061, -28.136710070516081, 0.0 ], [ -59.255770046199558, -28.135968589318416, 0.0 ] ] ] } },
{ "type": "Feature", "properties": { "Nombre": "Limpieza de canales de Desagüe Urbano", "Estado": "Finalizado", "Datos": null, "Localidad": "Hughes", "Tipo": null, "Region": null, "Cuenca": "25- Rio Arrecifes", "Obra": "Maquina Volante en Hughes", "Código": null, "C Cuenca": null, "Direccion": null, "Resp.": null, "Dpto": "General Lopez", "Long (Km)": 4.36 }, "geometry": { "type": "MultiLineString", "coordinates": [ [ [ -61.329535803426793, -33.808207451592992, 0.0 ], [ -61.329619724239215, -33.808375989283782, 0.0 ], [ -61.330340142277464, -33.808300465352737, 0.0 ], [ -61.330848640556454, -33.811322647869446, 0.0 ], [ -61.332803508513457, -33.812374594560687, 0.0 ], [ -61.322254444972366, -33.825971863503675, 0.0 ], [ -61.339768933845562, -33.835340628442488, 0.0 ] ] ] } },
{ "type": "Feature", "properties": { "Nombre": "Limpieza Canal RP14", "Estado": "Finalizado", "Datos": null, "Localidad": "Bombal", "Tipo": null, "Region": null, "Cuenca": "17- Arroyo Saladillo", "Obra": "Maquina Volante en Bombal", "Código": null, "C Cuenca": null, "Direccion": null, "Resp.": null, "Dpto": "Constitución", "Long (Km)": 4.49 }, "geometry": { "type": "MultiLineString", "coordinates": [ [ [ -61.276431744102908, -33.429651878222344, 0.0 ], [ -61.277947918544932, -33.430489481584303, 0.0 ], [ -61.279588000326967, -33.431384848639397, 0.0 ], [ -61.281782506725136, -33.432584253856156, 0.0 ], [ -61.283808251737774, -33.433686229160934, 0.0 ], [ -61.285783009422502, -33.434746023654085, 0.0 ], [ -61.288324323587283, -33.436098668770079, 0.0 ], [ -61.289851176646337, -33.436982416670951, 0.0 ], [ -61.291098856915852, -33.437699176042678, 0.0 ], [ -61.293807178822135, -33.439174924463693, 0.0 ], [ -61.295292443502369, -33.439938367293962, 0.0 ], [ -61.296795195578468, -33.440786559800571, 0.0 ], [ -61.298471436038156, -33.441704747240244, 0.0 ], [ -61.300038501143881, -33.442568448470844, 0.0 ], [ -61.301750836879521, -33.443486189408077, 0.0 ], [ -61.302209424562584, -33.443711088658823, 0.0 ], [ -61.304591903351806, -33.445004922074048, 0.0 ], [ -61.307090882562917, -33.446427683737156, 0.0 ], [ -61.309429893955382, -33.447686605984764, 0.0 ], [ -61.311204973243299, -33.44866038281711, 0.0 ], [ -61.313183833164459, -33.449760576494498, 0.0 ], [ -61.315431943928452, -33.450985680608788, 0.0 ], [ -61.316470170557345, -33.451560923800479, 0.0 ], [ -61.316646275905036, -33.451685129732844, 0.0 ], [ -61.316657399578801, -33.451759472007332, 0.0 ], [ -61.316638108029629, -33.451859976296596, 0.0 ] ] ] } },
{ "type": "Feature", "properties": { "Nombre": "Limpieza Canal RP14", "Estado": "Finalizado", "Datos": null, "Localidad": "Bombal", "Tipo": null, "Region": null, "Cuenca": "17- Arroyo Saladillo", "Obra": "Maquina Volante en Bombal", "Código": null, "C Cuenca": null, "Direccion": null, "Resp.": null, "Dpto": "Constitución", "Long (Km)": 3.17 }, "geometry": { "type": "MultiLineString", "coordinates": [ [ [ -61.247978169919989, -33.414031538188382, 0.0 ], [ -61.250483139431914, -33.415418974619499, 0.0 ], [ -61.253375973223456, -33.417003758149683, 0.0 ], [ -61.255570993777589, -33.41822875850243, 0.0 ], [ -61.257675252463855, -33.419391228073692, 0.0 ], [ -61.259796401348765, -33.420490786191515, 0.0 ], [ -61.261891815493257, -33.421463797656799, 0.0 ], [ -61.262931136998553, -33.421977632950664, 0.0 ], [ -61.264007578144067, -33.422617896496867, 0.0 ], [ -61.264831954614998, -33.423122225704638, 0.0 ], [ -61.265631776545931, -33.423620258015603, 0.0 ], [ -61.266560553178088, -33.424191748399892, 0.0 ], [ -61.267685043900556, -33.424840811411585, 0.0 ], [ -61.268731685356293, -33.425403447022312, 0.0 ], [ -61.269862022574948, -33.42603377084842, 0.0 ], [ -61.271076103393725, -33.426671485410616, 0.0 ], [ -61.272366861331363, -33.427397509203161, 0.0 ], [ -61.274201470453754, -33.428393523584525, 0.0 ], [ -61.276438197128591, -33.429654437114237, 0.0 ] ] ] } },
{ "type": "Feature", "properties": { "Nombre": "Limpieza de canales de desagüe urbano", "Estado": "Finalizado", "Datos": null, "Localidad": "Godoy", "Tipo": null, "Region": null, "Cuenca": "20- Arroyo Pavon", "Obra": "Maquina Volante en Godoy", "Código": null, "C Cuenca": null, "Direccion": null, "Resp.": null, "Dpto": "Constitución", "Long (Km)": 0.64 }, "geometry": { "type": "MultiLineString", "coordinates": [ [ [ -60.507834187200778, -33.362720117318204, 0.0 ], [ -60.506893435915835, -33.363437631192149, 0.0 ], [ -60.506166191869283, -33.363987591635166, 0.0 ], [ -60.507814900867807, -33.364861553543406, 0.0 ], [ -60.508869534327516, -33.365182908475298, 0.0 ], [ -60.508766646304174, -33.365409216430031, 0.0 ], [ -60.507797712979709, -33.366141151589368, 0.0 ] ] ] } },
{ "type": "Feature", "properties": { "Nombre": "Limpieza de canales de desagüe urbano", "Estado": "Finalizado", "Datos": null, "Localidad": "Godoy", "Tipo": null, "Region": null, "Cuenca": "20- Arroyo Pavon", "Obra": "Maquina Volante en Godoy", "Código": null, "C Cuenca": null, "Direccion": null, "Resp.": null, "Dpto": "Constitución", "Long (Km)": 0.71 }, "geometry": { "type": "MultiLineString", "coordinates": [ [ [ -60.501230273118431, -33.371025112882656, 0.0 ], [ -60.495568897125402, -33.375337592959731, 0.0 ] ] ] } },
{ "type": "Feature", "properties": { "Nombre": "Limpieza de canales de desagüe urbano", "Estado": "Finalizado", "Datos": null, "Localidad": "Godoy", "Tipo": null, "Region": null, "Cuenca": "20- Arroyo Pavon", "Obra": "Maquina Volante en Godoy", "Código": null, "C Cuenca": null, "Direccion": null, "Resp.": null, "Dpto": "Constitución", "Long (Km)": 0.33 }, "geometry": { "type": "MultiLineString", "coordinates": [ [ [ -60.516948706228099, -33.365166019972982, 0.0 ], [ -60.514995474989128, -33.366582713785455, 0.0 ], [ -60.514777687835597, -33.366604164522563, 0.0 ], [ -60.51408154395714, -33.366417443018612, 0.0 ] ] ] } },
{ "type": "Feature", "properties": { "Nombre": "Limpieza canal de descarga urbano", "Estado": "Finalizado", "Datos": "Canales Maquinas Volantes", "Localidad": "El Rabon", "Tipo": null, "Region": null, "Cuenca": "5- Rio Parana", "Obra": "Maquina Volante en El Rabon", "Código": null, "C Cuenca": null, "Direccion": null, "Resp.": null, "Dpto": "General Obligado", "Long (Km)": 1.31 }, "geometry": { "type": "MultiLineString", "coordinates": [ [ [ -59.249487378656013, -28.220731902596437, 0.0 ], [ -59.262825685617749, -28.220932505347232, 0.0 ] ] ] } },
{ "type": "Feature", "properties": { "Nombre": "Limpeiza canales de descarga Urbanos", "Estado": "Finalizado", "Datos": null, "Localidad": "Sancti Spiritu", "Tipo": null, "Region": null, "Cuenca": "24- Lagunas Endorreicas", "Obra": "Maquina Volante en Sancti Spiritu", "Código": null, "C Cuenca": null, "Direccion": null, "Resp.": null, "Dpto": "General Lopez", "Long (Km)": 2.3 }, "geometry": { "type": "MultiLineString", "coordinates": [ [ [ -62.22028783731934, -34.014456777041715, 0.0 ], [ -62.221579629893654, -34.019504961251599, 0.0 ], [ -62.23513744201049, -34.008719242566229, 0.0 ] ] ] } },
{ "type": "Feature", "properties": { "Nombre": "Limpeiza canales de descarga Urbanos", "Estado": "Finalizado", "Datos": null, "Localidad": "Sancti Spiritu", "Tipo": null, "Region": null, "Cuenca": "24- Lagunas Endorreicas", "Obra": "Maquina Volante en Sancti Spiritu", "Código": null, "C Cuenca": null, "Direccion": null, "Resp.": null, "Dpto": "General Lopez", "Long (Km)": 2.25 }, "geometry": { "type": "MultiLineString", "coordinates": [ [ [ -62.244900106754727, -34.02038621714474, 0.0 ], [ -62.249949500753537, -34.040231810855666, 0.0 ] ] ] } },
{ "type": "Feature", "properties": { "Nombre": "Limpieza de canales de desagüe rurales", "Estado": "Finalizado", "Datos": null, "Localidad": "Cayasta", "Tipo": null, "Region": null, "Cuenca": "10- Los Saladillos", "Obra": "Maquina Volante en Cayasta", "Código": null, "C Cuenca": null, "Direccion": null, "Resp.": null, "Dpto": "Garay", "Long (Km)": 6.1 }, "geometry": { "type": "MultiLineString", "coordinates": [ [ [ -60.223642537053379, -31.20012600149693, 0.0 ], [ -60.223542974009739, -31.20014873939866, 0.0 ], [ -60.210267069472799, -31.20259093382295, 0.0 ], [ -60.210534929901655, -31.203860831313982, 0.0 ], [ -60.203957056046747, -31.205063336936767, 0.0 ], [ -60.198574183337762, -31.205962236173029, 0.0 ], [ -60.193254190358957, -31.206958673530721, 0.0 ], [ -60.190359849307718, -31.207522299995105, 0.0 ], [ -60.187575187820912, -31.207992265997547, 0.0 ], [ -60.18554115847472, -31.208346704359453, 0.0 ], [ -60.183532537287967, -31.208700224453693, 0.0 ], [ -60.182456897022064, -31.208867872263461, 0.0 ], [ -60.181169670349135, -31.209042715508001, 0.0 ], [ -60.179873208582684, -31.209361948696426, 0.0 ], [ -60.1771228661799, -31.209894395584438, 0.0 ], [ -60.173105234087743, -31.210573762380083, 0.0 ], [ -60.172330072402247, -31.21070315025101, 0.0 ], [ -60.171284734509037, -31.210941389325157, 0.0 ], [ -60.170508693116382, -31.211023678072436, 0.0 ], [ -60.169976658435111, -31.211103403367094, 0.0 ], [ -60.16922472744244, -31.211262949436641, 0.0 ], [ -60.168224165154761, -31.211467329727324, 0.0 ], [ -60.166884390376246, -31.211680064827998, 0.0 ], [ -60.164737746009813, -31.212037268808256, 0.0 ], [ -60.162773721316555, -31.212368829461955, 0.0 ] ] ] } },
{ "type": "Feature", "properties": { "Nombre": "Limpieza de canales de desagüe rurales", "Estado": "Finalizado", "Datos": null, "Localidad": "Cayasta", "Tipo": null, "Region": null, "Cuenca": "10- Los Saladillos", "Obra": "Maquina Volante en Cayasta", "Código": null, "C Cuenca": null, "Direccion": null, "Resp.": null, "Dpto": "Garay", "Long (Km)": 3.28 }, "geometry": { "type": "MultiLineString", "coordinates": [ [ [ -60.196918015070636, -31.18892926724936, 0.0 ], [ -60.163179995651596, -31.19467360825799, 0.0 ] ] ] } },
{ "type": "Feature", "properties": { "Nombre": "Limpieza de canales de desagüe rurales", "Estado": "Finalizado", "Datos": null, "Localidad": "Cayasta", "Tipo": null, "Region": null, "Cuenca": "10- Los Saladillos", "Obra": "Maquina Volante en Cayasta", "Código": null, "C Cuenca": null, "Direccion": null, "Resp.": null, "Dpto": "Garay", "Long (Km)": 1.25 }, "geometry": { "type": "MultiLineString", "coordinates": [ [ [ -60.204965824644802, -31.200270415353444, 0.0 ], [ -60.20293896764408, -31.200629002167712, 0.0 ], [ -60.197474365398435, -31.201598606913699, 0.0 ], [ -60.192128320472285, -31.202471648350873, 0.0 ] ] ] } },
{ "type": "Feature", "properties": { "Nombre": "Limpieza de Canales del Distrito", "Estado": "Finalizado", "Datos": null, "Localidad": "Avellaneda", "Tipo": null, "Region": null, "Cuenca": "2- Arroyo El Rey", "Obra": "Maquina Volante en Avellaneda", "Código": null, "C Cuenca": null, "Direccion": null, "Resp.": null, "Dpto": "General Obligado", "Long (Km)": 2.27 }, "geometry": { "type": "MultiLineString", "coordinates": [ [ [ -59.632779136541707, -28.992477600572457, 0.0 ], [ -59.609675882800438, -28.995113220586738, 0.0 ] ] ] } },
{ "type": "Feature", "properties": { "Nombre": "Limpieza de Canales del Distrito", "Estado": "Finalizado", "Datos": null, "Localidad": "Avellaneda", "Tipo": null, "Region": null, "Cuenca": "2- Arroyo El Rey", "Obra": "Maquina Volante en Avellaneda", "Código": null, "C Cuenca": null, "Direccion": null, "Resp.": null, "Dpto": "General Obligado", "Long (Km)": 2.97 }, "geometry": { "type": "MultiLineString", "coordinates": [ [ [ -59.656791283286104, -29.067671303566907, 0.0 ], [ -59.62650302029504, -29.071099984960355, 0.0 ] ] ] } },
{ "type": "Feature", "properties": { "Nombre": "Limpieza de Canales del Distrito", "Estado": "Finalizado", "Datos": null, "Localidad": "Avellaneda", "Tipo": null, "Region": null, "Cuenca": "2- Arroyo El Rey", "Obra": "Maquina Volante en Avellaneda", "Código": null, "C Cuenca": null, "Direccion": null, "Resp.": null, "Dpto": "General Obligado", "Long (Km)": 1.66 }, "geometry": { "type": "MultiLineString", "coordinates": [ [ [ -59.711084336716567, -28.971966945233941, 0.0 ], [ -59.6941446113577, -28.973898445675115, 0.0 ] ] ] } },
{ "type": "Feature", "properties": { "Nombre": "Limpieza de Canales del Distrito", "Estado": "Finalizado", "Datos": null, "Localidad": "Avellaneda", "Tipo": null, "Region": null, "Cuenca": "5- Rio Parana", "Obra": "Maquina Volante en Avellaneda", "Código": null, "C Cuenca": null, "Direccion": null, "Resp.": null, "Dpto": "General Obligado", "Long (Km)": 0.43 }, "geometry": { "type": "MultiLineString", "coordinates": [ [ [ -59.571514026307312, -29.032651504878203, 0.0 ], [ -59.567090129911733, -29.033142070848822, 0.0 ] ] ] } },
{ "type": "Feature", "properties": { "Nombre": "Limpieza canal Santa Irene", "Estado": "Finalizado", "Datos": "Canales Maquinas Volantes", "Localidad": "Centeno", "Tipo": null, "Region": null, "Cuenca": "13- Cañada Carrizales", "Obra": "Maquina Volante en Centeno", "Código": null, "C Cuenca": null, "Direccion": null, "Resp.": null, "Dpto": "San Jerónimo", "Long (Km)": 3.14 }, "geometry": { "type": "MultiLineString", "coordinates": [ [ [ -61.372800848998288, -32.275169918809134, 0.0 ], [ -61.376807075102001, -32.277336489753921, 0.0 ], [ -61.379719458686502, -32.279108164542293, 0.0 ], [ -61.383278097986754, -32.281056618898361, 0.0 ], [ -61.384939653796216, -32.281957633274963, 0.0 ], [ -61.386302128203319, -32.283801653043902, 0.0 ], [ -61.389098166822379, -32.285230188455564, 0.0 ], [ -61.390795522882549, -32.286790337475345, 0.0 ], [ -61.391526095194145, -32.287093409893785, 0.0 ], [ -61.393245331882248, -32.287492408391678, 0.0 ], [ -61.396220214857507, -32.286827793823193, 0.0 ], [ -61.40027161303162, -32.289051628125542, 0.0 ] ] ] } },
{ "type": "Feature", "properties": { "Nombre": "Limpieza de canales de descarga urbana", "Estado": "Finalizado", "Datos": null, "Localidad": "Firmat", "Tipo": null, "Region": null, "Cuenca": "17- Arroyo Saladillo", "Obra": "Maquina Volante en Firmat", "Código": null, "C Cuenca": null, "Direccion": null, "Resp.": null, "Dpto": "General Lopez", "Long (Km)": 1.32 }, "geometry": { "type": "MultiLineString", "coordinates": [ [ [ -61.48551630711092, -33.469286485946029, 0.0 ], [ -61.486040072581972, -33.475872400463587, 0.0 ], [ -61.486125537254217, -33.476756530350826, 0.0 ], [ -61.486251834453277, -33.478745891136811, 0.0 ], [ -61.486404402611718, -33.481198892314318, 0.0 ] ] ] } },
{ "type": "Feature", "properties": { "Nombre": "Limpieza Canal de Descarga", "Estado": "Finalizado", "Datos": null, "Localidad": "Guadalupe norte", "Tipo": null, "Region": null, "Cuenca": "5- Rio Parana", "Obra": "Maquina Volante en Guadalupe norte", "Código": null, "C Cuenca": null, "Direccion": null, "Resp.": null, "Dpto": "General Obligado", "Long (Km)": 6.98 }, "geometry": { "type": "MultiLineString", "coordinates": [ [ [ -59.555423653564105, -28.956628601224434, 0.0 ], [ -59.484432562941777, -28.964704427909922, 0.0 ] ] ] } },
{ "type": "Feature", "properties": { "Nombre": "Limpieza Canal Ppal Montefiore", "Estado": "Finalizado", "Datos": null, "Localidad": "Montefiore", "Tipo": null, "Region": null, "Cuenca": "8- Rio Salado", "Obra": "Maquina Volante en Montefiore", "Código": null, "C Cuenca": null, "Direccion": null, "Resp.": null, "Dpto": "9 de Julio", "Long (Km)": 8.64 }, "geometry": { "type": "MultiLineString", "coordinates": [ [ [ -61.953323736464633, -29.528419588293037, 0.0 ], [ -61.945528608577298, -29.533698269948026, 0.0 ], [ -61.945196864644679, -29.533701749640816, 0.0 ], [ -61.944864551120482, -29.533663993247281, 0.0 ], [ -61.929615537457821, -29.534647562902084, 0.0 ], [ -61.917874431842755, -29.535758115205429, 0.0 ], [ -61.917518515730208, -29.536396960495974, 0.0 ], [ -61.904328812810206, -29.53602357182449, 0.0 ], [ -61.91056803816808, -29.56835899825294, 0.0 ] ] ] } },
{ "type": "Feature", "properties": { "Nombre": "Ampliacion canal La Legua", "Estado": "Finalizado", "Datos": null, "Localidad": "Pujato", "Tipo": null, "Region": null, "Cuenca": "16- Arroyo Ludueña", "Obra": "Maquina Volante en Pujato", "Código": null, "C Cuenca": null, "Direccion": null, "Resp.": null, "Dpto": "San Lorenzo", "Long (Km)": 2.0 }, "geometry": { "type": "MultiLineString", "coordinates": [ [ [ -60.987465659416209, -33.002611747398021, 0.0 ], [ -60.968155729063405, -32.994921838022186, 0.0 ] ] ] } },
{ "type": "Feature", "properties": { "Nombre": "Limpieza canal Avonto (Las Palmas)", "Estado": "Finalizado", "Datos": null, "Localidad": "Santa margarita", "Tipo": null, "Region": null, "Cuenca": "1 - Bajos Submeridionales", "Obra": "Maquina Volante en Santa margarita", "Código": null, "C Cuenca": null, "Direccion": null, "Resp.": null, "Dpto": "9 de Julio", "Long (Km)": 7.93 }, "geometry": { "type": "MultiLineString", "coordinates": [ [ [ -61.534055796710419, -28.269689405848524, 0.0 ], [ -61.455141354400894, -28.285090572206105, 0.0 ] ] ] } },
{ "type": "Feature", "properties": { "Nombre": "Limpieza de canales urbabnos", "Estado": "Finalizado", "Datos": null, "Localidad": "Melincue", "Tipo": null, "Region": null, "Cuenca": "22- Laguna Melincué", "Obra": "Maquina Volante en Melincue", "Código": null, "C Cuenca": null, "Direccion": null, "Resp.": null, "Dpto": "General Lopez", "Long (Km)": 0.19 }, "geometry": { "type": "MultiLineString", "coordinates": [ [ [ -61.453057199635715, -33.663545283046645, 0.0 ], [ -61.452982574353385, -33.663613033191915, 0.0 ], [ -61.452287174059435, -33.66451638004007, 0.0 ], [ -61.451958122751215, -33.664937001948758, 0.0 ] ] ] } },
{ "type": "Feature", "properties": { "Nombre": "Limpieza de canales urbabnos", "Estado": "Finalizado", "Datos": null, "Localidad": "Melincue", "Tipo": null, "Region": null, "Cuenca": "22- Laguna Melincué", "Obra": "Maquina Volante en Melincue", "Código": null, "C Cuenca": null, "Direccion": null, "Resp.": null, "Dpto": "General Lopez", "Long (Km)": 0.19 }, "geometry": { "type": "MultiLineString", "coordinates": [ [ [ -61.453135210851613, -33.663567871214603, 0.0 ], [ -61.452124332866418, -33.66487772551973, 0.0 ], [ -61.452036133489628, -33.664984998326958, 0.0 ] ] ] } },
{ "type": "Feature", "properties": { "Nombre": "Limpieza de canales urbabnos", "Estado": "Finalizado", "Datos": null, "Localidad": "Melincue", "Tipo": null, "Region": null, "Cuenca": "22- Laguna Melincué", "Obra": "Maquina Volante en Melincue", "Código": null, "C Cuenca": null, "Direccion": null, "Resp.": null, "Dpto": "General Lopez", "Long (Km)": 0.11 }, "geometry": { "type": "MultiLineString", "coordinates": [ [ [ -61.455887199544122, -33.665050698559526, 0.0 ], [ -61.455232785837538, -33.665904034126463, 0.0 ] ] ] } },
{ "type": "Feature", "properties": { "Nombre": "Limpieza de canales urbabnos", "Estado": "Finalizado", "Datos": null, "Localidad": "Melincue", "Tipo": null, "Region": null, "Cuenca": "22- Laguna Melincué", "Obra": "Maquina Volante en Melincue", "Código": null, "C Cuenca": null, "Direccion": null, "Resp.": null, "Dpto": "General Lopez", "Long (Km)": 0.29 }, "geometry": { "type": "MultiLineString", "coordinates": [ [ [ -61.454941885981889, -33.664529537021664, 0.0 ], [ -61.454133224666137, -33.665673334247913, 0.0 ], [ -61.45372859309952, -33.666214738250581, 0.0 ], [ -61.453534659311856, -33.6664410354662, 0.0 ], [ -61.453408180356227, -33.666581374595715, 0.0 ], [ -61.453247975097277, -33.666721712413789, 0.0 ] ] ] } },
{ "type": "Feature", "properties": { "Nombre": "Limpieza de canales urbabnos", "Estado": "Finalizado", "Datos": null, "Localidad": "Melincue", "Tipo": null, "Region": null, "Cuenca": "22- Laguna Melincué", "Obra": "Maquina Volante en Melincue", "Código": null, "C Cuenca": null, "Direccion": null, "Resp.": null, "Dpto": "General Lopez", "Long (Km)": 0.16 }, "geometry": { "type": "MultiLineString", "coordinates": [ [ [ -61.453984843654375, -33.664019014734968, 0.0 ], [ -61.453059657154341, -33.665219760998681, 0.0 ] ] ] } },
{ "type": "Feature", "properties": { "Nombre": "Limpieza de canales urbabnos", "Estado": "Finalizado", "Datos": null, "Localidad": "Melincue", "Tipo": null, "Region": null, "Cuenca": "22- Laguna Melincué", "Obra": "Maquina Volante en Melincue", "Código": null, "C Cuenca": null, "Direccion": null, "Resp.": null, "Dpto": "General Lopez", "Long (Km)": 0.4 }, "geometry": { "type": "MultiLineString", "coordinates": [ [ [ -61.449305963102013, -33.66148824549375, 0.0 ], [ -61.44699303104192, -33.664564469703087, 0.0 ] ] ] } },
{ "type": "Feature", "properties": { "Nombre": "Limpieza de canales urbabnos", "Estado": "Finalizado", "Datos": null, "Localidad": "Melincue", "Tipo": null, "Region": null, "Cuenca": "22- Laguna Melincué", "Obra": "Maquina Volante en Melincue", "Código": null, "C Cuenca": null, "Direccion": null, "Resp.": null, "Dpto": "General Lopez", "Long (Km)": 0.16 }, "geometry": { "type": "MultiLineString", "coordinates": [ [ [ -61.450332965772027, -33.662047085236622, 0.0 ], [ -61.449763228543894, -33.66298534423666, 0.0 ], [ -61.449687539020807, -33.663001916468524, 0.0 ], [ -61.449500285095802, -33.663240622247066, 0.0 ] ] ] } },
{ "type": "Feature", "properties": { "Nombre": "Limpieza de canales urbabnos", "Estado": "Finalizado", "Datos": null, "Localidad": "Melincue", "Tipo": null, "Region": null, "Cuenca": "22- Laguna Melincué", "Obra": "Maquina Volante en Melincue", "Código": null, "C Cuenca": null, "Direccion": null, "Resp.": null, "Dpto": "General Lopez", "Long (Km)": 0.17 }, "geometry": { "type": "MultiLineString", "coordinates": [ [ [ -61.450237365100456, -33.662010607324255, 0.0 ], [ -61.449444521193129, -33.663180938237346, 0.0 ], [ -61.449317025314812, -33.663366599798223, 0.0 ] ] ] } },
{ "type": "Feature", "properties": { "Nombre": "Limpieza de canales urbabnos", "Estado": "Finalizado", "Datos": null, "Localidad": "Melincue", "Tipo": null, "Region": null, "Cuenca": "22- Laguna Melincué", "Obra": "Maquina Volante en Melincue", "Código": null, "C Cuenca": null, "Direccion": null, "Resp.": null, "Dpto": "General Lopez", "Long (Km)": 0.2 }, "geometry": { "type": "MultiLineString", "coordinates": [ [ [ -61.451277009004421, -33.662557740665626, 0.0 ], [ -61.450129608148536, -33.664033082844085, 0.0 ] ] ] } },
{ "type": "Feature", "properties": { "Nombre": "Limpieza de canales urbabnos", "Estado": "Finalizado", "Datos": null, "Localidad": "Melincue", "Tipo": null, "Region": null, "Cuenca": "22- Laguna Melincué", "Obra": "Maquina Volante en Melincue", "Código": null, "C Cuenca": null, "Direccion": null, "Resp.": null, "Dpto": "General Lopez", "Long (Km)": 0.12 }, "geometry": { "type": "MultiLineString", "coordinates": [ [ [ -61.456820656848485, -33.665573629454272, 0.0 ], [ -61.456110332655939, -33.666448849546143, 0.0 ] ] ] } },
{ "type": "Feature", "properties": { "Nombre": "Limpieza de canales urbabnos", "Estado": "Finalizado", "Datos": null, "Localidad": "Melincue", "Tipo": null, "Region": null, "Cuenca": "22- Laguna Melincué", "Obra": "Maquina Volante en Melincue", "Código": null, "C Cuenca": null, "Direccion": null, "Resp.": null, "Dpto": "General Lopez", "Long (Km)": 0.19 }, "geometry": { "type": "MultiLineString", "coordinates": [ [ [ -61.451177426403525, -33.662501370475702, 0.0 ], [ -61.450022057874776, -33.663966764602542, 0.0 ] ] ] } },
{ "type": "Feature", "properties": { "Nombre": "Limpieza de canales urbabnos", "Estado": "Finalizado", "Datos": null, "Localidad": "Melincue", "Tipo": null, "Region": null, "Cuenca": "22- Laguna Melincué", "Obra": "Maquina Volante en Melincue", "Código": null, "C Cuenca": null, "Direccion": null, "Resp.": null, "Dpto": "General Lopez", "Long (Km)": 0.19 }, "geometry": { "type": "MultiLineString", "coordinates": [ [ [ -61.452166766116576, -33.663031042176229, 0.0 ], [ -61.452020900787666, -33.663242764124917, 0.0 ], [ -61.451702032668834, -33.663663383003545, 0.0 ], [ -61.45107784949775, -33.664484862960947, 0.0 ] ] ] } },
{ "type": "Feature", "properties": { "Nombre": "Limpieza de canales urbabnos", "Estado": "Finalizado", "Datos": null, "Localidad": "Melincue", "Tipo": null, "Region": null, "Cuenca": "22- Laguna Melincué", "Obra": "Maquina Volante en Melincue", "Código": null, "C Cuenca": null, "Direccion": null, "Resp.": null, "Dpto": "General Lopez", "Long (Km)": 0.16 }, "geometry": { "type": "MultiLineString", "coordinates": [ [ [ -61.45410873877843, -33.66408089183254, 0.0 ], [ -61.453235872433034, -33.665189978260834, 0.0 ], [ -61.453150512983235, -33.665283929352533, 0.0 ] ] ] } },
{ "type": "Feature", "properties": { "Nombre": "Limpieza Canal de desagüe sur", "Estado": "Finalizado", "Datos": "Canales Maquinas Volantes", "Localidad": "El Toba", "Tipo": null, "Region": null, "Cuenca": "10- Los Saladillos", "Obra": "Maquina Volante en El Toba", "Código": null, "C Cuenca": null, "Direccion": null, "Resp.": null, "Dpto": "Vera", "Long (Km)": 1.15 }, "geometry": { "type": "MultiLineString", "coordinates": [ [ [ -60.172984195213061, -29.269020426584845, 0.0 ], [ -60.173131257152043, -29.269005151391891, 0.0 ], [ -60.173388971637152, -29.269612234376414, 0.0 ], [ -60.17518580930485, -29.279080578273611, 0.0 ] ] ] } },
{ "type": "Feature", "properties": { "Nombre": "Limpieza de canales de defensa perimetrales", "Estado": "Finalizado", "Datos": null, "Localidad": "Cañada Rica", "Tipo": null, "Region": null, "Cuenca": "20- Arroyo Pavon", "Obra": "Maquina Volante en Cañada Rica", "Código": null, "C Cuenca": null, "Direccion": null, "Resp.": null, "Dpto": "Constitución", "Long (Km)": 2.26 }, "geometry": { "type": "MultiLineString", "coordinates": [ [ [ -60.620016687221209, -33.50658721642867, 0.0 ], [ -60.619592127759937, -33.509050828258367, 0.0 ], [ -60.61913917654914, -33.511380618184525, 0.0 ], [ -60.618991035284338, -33.51222483171501, 0.0 ], [ -60.618921958319753, -33.51234216962181, 0.0 ], [ -60.618822176904111, -33.512457375432632, 0.0 ], [ -60.617847312003299, -33.512361418628736, 0.0 ], [ -60.617757760192355, -33.51239555566908, 0.0 ], [ -60.617696355482408, -33.512459558369301, 0.0 ], [ -60.61766565500011, -33.51252569314277, 0.0 ], [ -60.61763240078038, -33.51268142832366, 0.0 ], [ -60.617522412613532, -33.513342768396598, 0.0 ], [ -60.617297016530138, -33.514552279086054, 0.0 ], [ -60.617221521490841, -33.515023006034191, 0.0 ], [ -60.616980960504577, -33.516354547901862, 0.0 ], [ -60.616800189798695, -33.517365127586942, 0.0 ], [ -60.616359862857777, -33.519782463906644, 0.0 ], [ -60.616262774159715, -33.520337011407392, 0.0 ], [ -60.616118197664157, -33.520446426172199, 0.0 ], [ -60.615541201509522, -33.520360284520692, 0.0 ], [ -60.61553258979562, -33.5203638744754, 0.0 ], [ -60.614667089615956, -33.520238245313415, 0.0 ], [ -60.614115919542336, -33.520166453825603, 0.0 ], [ -60.612228357024684, -33.519922124562711, 0.0 ], [ -60.611517870352834, -33.519818010122677, 0.0 ], [ -60.609901177885867, -33.519553904025997, 0.0 ] ] ] } },
{ "type": "Feature", "properties": { "Nombre": "Limpieza de canales de defensa perimetrales", "Estado": "Finalizado", "Datos": null, "Localidad": "Cañada Rica", "Tipo": null, "Region": null, "Cuenca": "20- Arroyo Pavon", "Obra": "Maquina Volante en Cañada Rica", "Código": null, "C Cuenca": null, "Direccion": null, "Resp.": null, "Dpto": "Constitución", "Long (Km)": 1.12 }, "geometry": { "type": "MultiLineString", "coordinates": [ [ [ -60.611269641992301, -33.509456406952509, 0.0 ], [ -60.610720870614969, -33.512382726930049, 0.0 ], [ -60.610124621787961, -33.51573032403558, 0.0 ], [ -60.609438625285698, -33.519393095682503, 0.0 ] ] ] } },
{ "type": "Feature", "properties": { "Nombre": "Limpieza de canales de defensa perimetrales", "Estado": "Finalizado", "Datos": null, "Localidad": "Cañada Rica", "Tipo": null, "Region": null, "Cuenca": "20- Arroyo Pavon", "Obra": "Maquina Volante en Cañada Rica", "Código": null, "C Cuenca": null, "Direccion": null, "Resp.": null, "Dpto": "Constitución", "Long (Km)": 0.48 }, "geometry": { "type": "MultiLineString", "coordinates": [ [ [ -60.610568544757328, -33.509670453352896, 0.0 ], [ -60.610088686317901, -33.512297658484648, 0.0 ], [ -60.61005548415379, -33.512340111859011, 0.0 ], [ -60.610004906886694, -33.512340110713446, 0.0 ], [ -60.609884083852847, -33.512328394120338, 0.0 ], [ -60.608136370860386, -33.512108120592053, 0.0 ] ] ] } },
{ "type": "Feature", "properties": { "Nombre": "Limpieza de canales de defensa perimetrales", "Estado": "Finalizado", "Datos": null, "Localidad": "Cañada Rica", "Tipo": null, "Region": null, "Cuenca": "20- Arroyo Pavon", "Obra": "Maquina Volante en Cañada Rica", "Código": null, "C Cuenca": null, "Direccion": null, "Resp.": null, "Dpto": "Constitución", "Long (Km)": 0.62 }, "geometry": { "type": "MultiLineString", "coordinates": [ [ [ -60.615968130283882, -33.513143771524859, 0.0 ], [ -60.612368629190847, -33.512679328857139, 0.0 ], [ -60.611205125676818, -33.51252159087786, 0.0 ], [ -60.611131569507997, -33.512443748188694, 0.0 ], [ -60.611086304417313, -33.512387135411146, 0.0 ], [ -60.611111770332236, -33.512212581537447, 0.0 ], [ -60.611176848206874, -33.511842243499174, 0.0 ], [ -60.611358232350035, -33.510996740128412, 0.0 ] ] ] } },
{ "type": "Feature", "properties": { "Nombre": "Limpieza de canales de defensa perimetrales", "Estado": "Finalizado", "Datos": null, "Localidad": "Cañada Rica", "Tipo": null, "Region": null, "Cuenca": "20- Arroyo Pavon", "Obra": "Maquina Volante en Cañada Rica", "Código": null, "C Cuenca": null, "Direccion": null, "Resp.": null, "Dpto": "Constitución", "Long (Km)": 1.19 }, "geometry": { "type": "MultiLineString", "coordinates": [ [ [ -60.610743967718982, -33.509607129956073, 0.0 ], [ -60.610521973583545, -33.510823294620018, 0.0 ], [ -60.610200859551092, -33.512519706520827, 0.0 ], [ -60.609580259577754, -33.512432822397493, 0.0 ], [ -60.609525898825197, -33.512470590085648, 0.0 ], [ -60.609489657511944, -33.512515912090542, 0.0 ], [ -60.609476065167435, -33.51258011927824, 0.0 ], [ -60.609093915211872, -33.514755430922499, 0.0 ], [ -60.608833719236706, -33.516102700929522, 0.0 ], [ -60.608629206653809, -33.517227136319356, 0.0 ], [ -60.608568207803685, -33.517586001522773, 0.0 ], [ -60.608284249369717, -33.519173375481365, 0.0 ], [ -60.608295008117317, -33.519221224502729, 0.0 ], [ -60.608377509907982, -33.519242161160953, 0.0 ], [ -60.608764912187311, -33.519290022603471, 0.0 ] ] ] } },
{ "type": "Feature", "properties": { "Nombre": "Limpieza Canal Colector 12 en Vera y Pintado", "Estado": "Finalizado", "Datos": null, "Localidad": "Vera y Pintado", "Tipo": null, "Region": null, "Cuenca": "10- Los Saladillos", "Obra": "Maquina Volante en Vera y Pintado", "Código": null, "C Cuenca": null, "Direccion": null, "Resp.": null, "Dpto": "San Justo", "Long (Km)": 2.04 }, "geometry": { "type": "MultiLineString", "coordinates": [ [ [ -60.331187046241574, -30.118472909220515, 0.0 ], [ -60.331093240751017, -30.118517978410804, 0.0 ], [ -60.330592890689061, -30.119275219927307, 0.0 ], [ -60.33013422635198, -30.119996399613662, 0.0 ], [ -60.329175195412063, -30.121312539479888, 0.0 ], [ -60.328601838643621, -30.122123862863941, 0.0 ], [ -60.327694854001159, -30.123412979968311, 0.0 ], [ -60.325164498884163, -30.126869026407032, 0.0 ], [ -60.324261441614858, -30.128215232853915, 0.0 ], [ -60.32341026251607, -30.129372973522148, 0.0 ], [ -60.322653814393959, -30.130550477236678, 0.0 ], [ -60.321188185695227, -30.132684037165614, 0.0 ], [ -60.3201680706674, -30.134149038571277, 0.0 ] ] ] } },
{ "type": "Feature", "properties": { "Nombre": "Limpieza Canal Colector 12 en Vera y Pintado", "Estado": "Finalizado", "Datos": null, "Localidad": "Vera y Pintado", "Tipo": null, "Region": null, "Cuenca": "10- Los Saladillos", "Obra": "Maquina Volante en Vera y Pintado", "Código": null, "C Cuenca": null, "Direccion": null, "Resp.": null, "Dpto": "San Justo", "Long (Km)": 0.38 }, "geometry": { "type": "MultiLineString", "coordinates": [ [ [ -60.320067686766521, -30.134283750969839, 0.0 ], [ -60.318022759378223, -30.137189797647238, 0.0 ] ] ] } },
{ "type": "Feature", "properties": { "Nombre": "Limpieza Canal Colector 12 en Vera y Pintado", "Estado": "Finalizado", "Datos": null, "Localidad": "Vera y Pintado", "Tipo": null, "Region": null, "Cuenca": "10- Los Saladillos", "Obra": "Maquina Volante en Vera y Pintado", "Código": null, "C Cuenca": null, "Direccion": null, "Resp.": null, "Dpto": "San Justo", "Long (Km)": 0.68 }, "geometry": { "type": "MultiLineString", "coordinates": [ [ [ -60.315956551841161, -30.140096100517944, 0.0 ], [ -60.315933535463479, -30.140175644846153, 0.0 ], [ -60.313506440464046, -30.143645510330398, 0.0 ], [ -60.313264891224364, -30.143904002284319, 0.0 ], [ -60.312850862484304, -30.144142573215721, 0.0 ], [ -60.312333369094837, -30.144281684269256, 0.0 ], [ -60.3114478969405, -30.144430664253559, 0.0 ] ] ] } },
{ "type": "Feature", "properties": { "Nombre": "Limpieza de canal receptor EBN", "Estado": "Finalizado", "Datos": null, "Localidad": "Diego de Alvear", "Tipo": null, "Region": null, "Cuenca": "26- La Picasa", "Obra": "Maquina Volante en Diego de Alvear", "Código": null, "C Cuenca": null, "Direccion": null, "Resp.": null, "Dpto": "General Lopez", "Long (Km)": 0.45 }, "geometry": { "type": "MultiLineString", "coordinates": [ [ [ -62.134169736648786, -34.261181736285998, 0.0 ], [ -62.13831767376054, -34.260275349889291, 0.0 ], [ -62.138845927244013, -34.260503208155484, 0.0 ] ] ] } },
{ "type": "Feature", "properties": { "Nombre": "Limpieza canal de defensa", "Estado": "Finalizado", "Datos": null, "Localidad": "Pedro Gomez Cello", "Tipo": null, "Region": null, "Cuenca": "8- Rio Salado", "Obra": "Maquina Volante en Pedro Gomez Cello", "Código": null, "C Cuenca": null, "Direccion": null, "Resp.": null, "Dpto": "San Justo", "Long (Km)": 0.72 }, "geometry": { "type": "MultiLineString", "coordinates": [ [ [ -60.317526438514562, -30.042074225190905, 0.0 ], [ -60.31644167479481, -30.03560288309092, 0.0 ] ] ] } },
{ "type": "Feature", "properties": { "Nombre": "Limpieza canal este norte", "Estado": "Finalizado", "Datos": null, "Localidad": "Rufino", "Tipo": null, "Region": null, "Cuenca": "La Picasa", "Obra": "Maquina Volante en Rufino", "Código": null, "C Cuenca": null, "Direccion": null, "Resp.": null, "Dpto": "General Lopez", "Long (Km)": 2.44 }, "geometry": { "type": "MultiLineString", "coordinates": [ [ [ -62.686606217567643, -34.264160647377864, 0.0 ], [ -62.68675144083916, -34.264160676506734, 0.0 ], [ -62.687314155985696, -34.264235798255747, 0.0 ], [ -62.687949500709301, -34.264235920645824, 0.0 ], [ -62.688639303846053, -34.264221047802252, 0.0 ], [ -62.689220192241564, -34.264191149607804, 0.0 ], [ -62.696190939688051, -34.262887029572752, 0.0 ], [ -62.696408780650316, -34.262812045295746, 0.0 ], [ -62.696499569664155, -34.262662035131818, 0.0 ], [ -62.696281890779574, -34.261866897485305, 0.0 ], [ -62.696281918947697, -34.261716875852436, 0.0 ], [ -62.696445309810635, -34.261596877514577, 0.0 ], [ -62.696717599270102, -34.261551902039805, 0.0 ], [ -62.697026193126348, -34.261506929521936, 0.0 ], [ -62.700004643104322, -34.260920931474779, 0.0 ], [ -62.697561035866983, -34.251833295352803, 0.0 ] ] ] } },
{ "type": "Feature", "properties": { "Nombre": "Limpieza de canales de descarga urbanos", "Estado": "Finalizado", "Datos": null, "Localidad": "Beravebu", "Tipo": null, "Region": null, "Cuenca": "14- Rio Carcaraña", "Obra": "Maquina Volante en Beravebu", "Código": null, "C Cuenca": null, "Direccion": null, "Resp.": null, "Dpto": "Caseros", "Long (Km)": 1.71 }, "geometry": { "type": "MultiLineString", "coordinates": [ [ [ -61.856290634419409, -33.339399516042249, 0.0 ], [ -61.838271662295668, -33.342454036374505, 0.0 ] ] ] } },
{ "type": "Feature", "properties": { "Nombre": "Limpieza de canales de descarga urbanos", "Estado": "Finalizado", "Datos": null, "Localidad": "Beravebu", "Tipo": null, "Region": null, "Cuenca": "14- Rio Carcaraña", "Obra": "Maquina Volante en Beravebu", "Código": null, "C Cuenca": null, "Direccion": null, "Resp.": null, "Dpto": "Caseros", "Long (Km)": 2.56 }, "geometry": { "type": "MultiLineString", "coordinates": [ [ [ -61.866463324014127, -33.33647769181988, 0.0 ], [ -61.865707047286591, -33.333447928777787, 0.0 ], [ -61.865652064407783, -33.333265678835033, 0.0 ], [ -61.865637880897189, -33.333135254350303, 0.0 ], [ -61.865692824852388, -33.333031386732522, 0.0 ], [ -61.866036762882395, -33.331978143508159, 0.0 ], [ -61.866048872135906, -33.331843251480755, 0.0 ], [ -61.866020353323627, -33.331680240994736, 0.0 ], [ -61.865981198285034, -33.331561113733478, 0.0 ], [ -61.864489457663645, -33.325455476714943, 0.0 ], [ -61.864474427434985, -33.325305718664424, 0.0 ], [ -61.864477538813503, -33.325136330277488, 0.0 ], [ -61.864608193971058, -33.325057773054048, 0.0 ], [ -61.864798208587118, -33.325007636738917, 0.0 ], [ -61.877878848231326, -33.322671765306701, 0.0 ] ] ] } },
{ "type": "Feature", "properties": { "Nombre": "Limpieza canal de descarga urbano", "Estado": "Finalizado", "Datos": "Canales Maquinas Volantes", "Localidad": "Diego de Alvear", "Tipo": null, "Region": null, "Cuenca": "27- Laguna El Chañar - Salado", "Obra": "Maquina Volante en Diego de Alvear", "Código": null, "C Cuenca": null, "Direccion": null, "Resp.": null, "Dpto": "General Lopez", "Long (Km)": 1.71 }, "geometry": { "type": "MultiLineString", "coordinates": [ [ [ -62.101222671357057, -34.379012762373982, 0.0 ], [ -62.101590349514773, -34.380265852533846, 0.0 ], [ -62.10168096431056, -34.380406690895235, 0.0 ], [ -62.101778497790008, -34.380479740923619, 0.0 ], [ -62.101850299265429, -34.380528151004164, 0.0 ], [ -62.101980493025323, -34.380550292438784, 0.0 ], [ -62.102133074384206, -34.380548956170273, 0.0 ], [ -62.106085805461497, -34.379779002527819, 0.0 ], [ -62.11245736043783, -34.378568437513614, 0.0 ], [ -62.117265459668765, -34.377622028691626, 0.0 ], [ -62.118051187341187, -34.377472754641794, 0.0 ] ] ] } },
{ "type": "Feature", "properties": { "Nombre": "Limpieza Canales Av 51 y 57", "Estado": "Finalizado", "Datos": null, "Localidad": "Villa Cañas", "Tipo": null, "Region": null, "Cuenca": "23- Las Encadenadas - Salado Brazo Norte", "Obra": "Maquina Volante en Villa Cañas", "Código": null, "C Cuenca": null, "Direccion": null, "Resp.": null, "Dpto": "General Lopez", "Long (Km)": 0.91 }, "geometry": { "type": "MultiLineString", "coordinates": [ [ [ -61.614814223401787, -34.010120999273546, 0.0 ], [ -61.609260135475353, -34.016857218626697, 0.0 ] ] ] } },
{ "type": "Feature", "properties": { "Nombre": "Limpieza canal de descarga Noreste", "Estado": "Finalizado", "Datos": null, "Localidad": "Montes de Oca", "Tipo": null, "Region": null, "Cuenca": "13- Cañada Carrizales", "Obra": "Maquina Volante en Montes de Oca", "Código": null, "C Cuenca": null, "Direccion": null, "Resp.": null, "Dpto": null, "Long (Km)": 7.82 }, "geometry": { "type": "MultiLineString", "coordinates": [ [ [ -61.763415226655376, -32.562552169135415, 0.0 ], [ -61.763720803534383, -32.562497678971908, 0.0 ], [ -61.764567414346104, -32.562338137888531, 0.0 ], [ -61.764856229223504, -32.563360190764875, 0.0 ], [ -61.764460394262045, -32.563437313753816, 0.0 ], [ -61.763439057739483, -32.562917314448498, 0.0 ], [ -61.763374676974585, -32.562565727905422, 0.0 ], [ -61.760554896462494, -32.563075647693637, 0.0 ], [ -61.757198414240726, -32.55059022470256, 0.0 ], [ -61.743757121369597, -32.553159021891517, 0.0 ], [ -61.740730342086273, -32.541750040370637, 0.0 ], [ -61.727375384805647, -32.544239974023519, 0.0 ], [ -61.727179548263386, -32.544279527262887, 0.0 ], [ -61.727115475836605, -32.544096260201798, 0.0 ], [ -61.720501639628822, -32.539892953084014, 0.0 ], [ -61.718878499280095, -32.538407912519496, 0.0 ], [ -61.715137045816157, -32.53684653471602, 0.0 ], [ -61.713712627766675, -32.535877894501759, 0.0 ], [ -61.711307931250779, -32.535604580577441, 0.0 ] ] ] } },
{ "type": "Feature", "properties": { "Nombre": "Construccion terraplen defensa urbano", "Estado": "Finalizado", "Datos": null, "Localidad": "Villa Amelia", "Tipo": null, "Region": null, "Cuenca": "19- Arroyo Seco", "Obra": "Maquina Volante en Villa Amelia", "Código": null, "C Cuenca": null, "Direccion": null, "Resp.": null, "Dpto": "Rosario", "Long (Km)": 2.99 }, "geometry": { "type": "MultiLineString", "coordinates": [ [ [ -60.667310276619304, -33.209858787101979, 0.0 ], [ -60.669732751695904, -33.206673523473256, 0.0 ], [ -60.672319229766785, -33.195036091475117, 0.0 ], [ -60.673645359423034, -33.183740471935586, 0.0 ] ] ] } },
{ "type": "Feature", "properties": { "Nombre": "Limpieza canal rural", "Estado": "Finalizado", "Datos": null, "Localidad": "Arroyo Ceibal", "Tipo": null, "Region": null, "Cuenca": "3- Arroyo Los Amores", "Obra": "Maquina Volante en Arroyo Ceibal", "Código": null, "C Cuenca": null, "Direccion": null, "Resp.": null, "Dpto": "General Obligado", "Long (Km)": 1.99 }, "geometry": { "type": "MultiLineString", "coordinates": [ [ [ -59.52951149253969, -28.656562630593907, 0.0 ], [ -59.549667268731326, -28.654343711148442, 0.0 ] ] ] } },
{ "type": "Feature", "properties": { "Nombre": "Limp. Arroyo Ludueña", "Estado": "Finalizado", "Datos": null, "Localidad": "Rosario", "Tipo": null, "Region": null, "Cuenca": "16- Arroyo Ludueña", "Obra": "Maquina Volante en Rosario", "Código": null, "C Cuenca": null, "Direccion": null, "Resp.": null, "Dpto": "Rosario", "Long (Km)": 1.2 }, "geometry": { "type": "MultiLineString", "coordinates": [ [ [ -60.747655558341336, -32.91176756856391, 0.0 ], [ -60.748763835211577, -32.912641809576094, 0.0 ], [ -60.749137184262622, -32.913561703337997, 0.0 ], [ -60.749466625393651, -32.914302440319048, 0.0 ], [ -60.749950678267567, -32.91484544535885, 0.0 ], [ -60.750735963015387, -32.915208800978021, 0.0 ], [ -60.751130520343253, -32.915597083512786, 0.0 ], [ -60.751402349381067, -32.916185726064022, 0.0 ], [ -60.751767982858631, -32.917198741844622, 0.0 ], [ -60.751925729789903, -32.917845179319116, 0.0 ], [ -60.752169453534513, -32.918186230994394, 0.0 ], [ -60.75246628735826, -32.918558740405672, 0.0 ], [ -60.753169446146316, -32.918740891684926, 0.0 ], [ -60.754922109947366, -32.919114978729532, 0.0 ], [ -60.755498990016534, -32.919095954419319, 0.0 ] ] ] } },
{ "type": "Feature", "properties": { "Nombre": "Limpieza canal RP 293", "Estado": "Finalizado", "Datos": null, "Localidad": "Santa Margarita", "Tipo": null, "Region": null, "Cuenca": "1 - Bajos Submeridionales", "Obra": "Maquina Volante en Santa Margarita", "Código": null, "C Cuenca": null, "Direccion": null, "Resp.": null, "Dpto": "9 de Julio", "Long (Km)": 38.42 }, "geometry": { "type": "MultiLineString", "coordinates": [ [ [ -61.463657873055162, -28.330276262026725, 0.0 ], [ -61.313029849916504, -28.359136511007925, 0.0 ], [ -61.311837788895204, -28.353840577277705, 0.0 ], [ -61.261379340504611, -28.361651747476849, 0.0 ], [ -61.210913420154931, -28.369631018230052, 0.0 ], [ -61.210622321721644, -28.368121209799995, 0.0 ], [ -61.160003498001302, -28.375957549250533, 0.0 ], [ -61.157333087146512, -28.376652982115328, 0.0 ], [ -61.110700996925253, -28.383923369081575, 0.0 ], [ -61.110516333588365, -28.383922813942807, 0.0 ], [ -61.085092841241512, -28.38780306661031, 0.0 ] ] ] } },
{ "type": "Feature", "properties": { "Nombre": "Limpieza de canales varios", "Estado": "Finalizado", "Datos": null, "Localidad": "Los Laureles", "Tipo": null, "Region": null, "Cuenca": "6 Arroyo Malabrigo", "Obra": "Maquina Volante en Los Laureles", "Código": null, "C Cuenca": null, "Direccion": null, "Resp.": null, "Dpto": "General Obligado", "Long (Km)": 1.61 }, "geometry": { "type": "MultiLineString", "coordinates": [ [ [ -59.752791209813232, -29.365265287545778, 0.0 ], [ -59.76916787721774, -29.362789733309338, 0.0 ] ] ] } },
{ "type": "Feature", "properties": { "Nombre": "Limpieza de canales varios", "Estado": "Finalizado", "Datos": null, "Localidad": "Los Laureles", "Tipo": null, "Region": null, "Cuenca": "5- Rio Parana", "Obra": "Maquina Volante en Los Laureles", "Código": null, "C Cuenca": null, "Direccion": null, "Resp.": null, "Dpto": "General Obligado", "Long (Km)": 2.2 }, "geometry": { "type": "MultiLineString", "coordinates": [ [ [ -59.72409971310681, -29.346871964406017, 0.0 ], [ -59.701786646327463, -29.350328832319224, 0.0 ] ] ] } },
{ "type": "Feature", "properties": { "Nombre": "Limpieza Canal La Escuela", "Estado": "Finalizado", "Datos": null, "Localidad": "Gato Colorado", "Tipo": null, "Region": null, "Cuenca": "1 - Bajos Submeridionales", "Obra": "Maquina Volante en Gato Colorado", "Código": null, "C Cuenca": null, "Direccion": null, "Resp.": null, "Dpto": "9 de Julio", "Long (Km)": 18.22 }, "geometry": { "type": "MultiLineString", "coordinates": [ [ [ -60.998863084959346, -28.041296446102958, 0.0 ], [ -61.184160305221241, -28.04137932574903, 0.0 ] ] ] } },
{ "type": "Feature", "properties": { "Nombre": "Limpieza Canal Godeken", "Estado": "Finalizado", "Datos": null, "Localidad": "La Chispa", "Tipo": null, "Region": null, "Cuenca": "14- Rio Carcaraña", "Obra": "Maquina Volante en La Chispa", "Código": null, "C Cuenca": null, "Direccion": null, "Resp.": null, "Dpto": "General Lopez", "Long (Km)": 3.47 }, "geometry": { "type": "MultiLineString", "coordinates": [ [ [ -61.936817124953429, -33.47678043990139, 0.0 ], [ -61.936906103641526, -33.476886890297479, 0.0 ], [ -61.937094498618357, -33.476995913894697, 0.0 ], [ -61.937381092377571, -33.47747411417572, 0.0 ], [ -61.937974759193843, -33.478415970738673, 0.0 ], [ -61.938679273993607, -33.479585540192282, 0.0 ], [ -61.938947673655285, -33.480040150974197, 0.0 ], [ -61.939134235328922, -33.48033989456237, 0.0 ], [ -61.939326397604752, -33.480481714358106, 0.0 ], [ -61.939755490252082, -33.48072581075202, 0.0 ], [ -61.939902129233829, -33.480826187349095, 0.0 ], [ -61.939977963623441, -33.480928973145211, 0.0 ], [ -61.940019353916441, -33.481058400239611, 0.0 ], [ -61.940018924713407, -33.481230704831468, 0.0 ], [ -61.939989343512266, -33.481478476119371, 0.0 ], [ -61.93939008396417, -33.482341690871024, 0.0 ], [ -61.938976946299888, -33.482937748237617, 0.0 ], [ -61.938606453532273, -33.483453061708595, 0.0 ], [ -61.938517582139013, -33.483635296298843, 0.0 ], [ -61.938507805037958, -33.483755885793045, 0.0 ], [ -61.938526011534016, -33.483861890788255, 0.0 ], [ -61.938712317803819, -33.484373558566446, 0.0 ], [ -61.939045797150513, -33.48525340732904, 0.0 ], [ -61.939314341506915, -33.485998731097254, 0.0 ], [ -61.939649313153112, -33.486895220459111, 0.0 ], [ -61.940150439472809, -33.488226954602517, 0.0 ], [ -61.940614927400524, -33.489342963355647, 0.0 ], [ -61.940680671690316, -33.489498040049163, 0.0 ], [ -61.940820214571467, -33.489674470242562, 0.0 ], [ -61.941110926733487, -33.489967112032424, 0.0 ], [ -61.941732823853584, -33.490521909014078, 0.0 ], [ -61.942564610246386, -33.49128097258869, 0.0 ], [ -61.94336001524421, -33.491988432365325, 0.0 ], [ -61.944128054045564, -33.492670076542844, 0.0 ], [ -61.944579348887828, -33.493058093930195, 0.0 ], [ -61.944705041671234, -33.493193409425409, 0.0 ], [ -61.944770168560041, -33.493408921416062, 0.0 ], [ -61.944917000730833, -33.494116028284495, 0.0 ], [ -61.945118274490895, -33.49507507954177, 0.0 ], [ -61.945252918264842, -33.495682265814779, 0.0 ], [ -61.944849921493088, -33.496631771464827, 0.0 ], [ -61.944230871738689, -33.497966408593975, 0.0 ], [ -61.943703189176006, -33.499190040229514, 0.0 ], [ -61.94317807421421, -33.500347655868211, 0.0 ], [ -61.942690653851066, -33.501346843014851, 0.0 ], [ -61.942284546979671, -33.502296549864873, 0.0 ], [ -61.94196496980264, -33.50301670212685, 0.0 ], [ -61.941913562206189, -33.503142145720261, 0.0 ], [ -61.941930192402488, -33.503242527115731, 0.0 ], [ -61.941987944793404, -33.503385184009709, 0.0 ], [ -61.942517425516797, -33.504333886971601, 0.0 ], [ -61.942641648998666, -33.50456295746239, 0.0 ] ] ] } },
{ "type": "Feature", "properties": { "Nombre": "Limpieza Canal La Graciela", "Estado": "Finalizado", "Datos": null, "Localidad": "Gato Colorado", "Tipo": null, "Region": null, "Cuenca": "1 - Bajos Submeridionales", "Obra": "Maquina Volante en Gato Colorado", "Código": null, "C Cuenca": null, "Direccion": null, "Resp.": null, "Dpto": "9 de Julio", "Long (Km)": 25.99 }, "geometry": { "type": "MultiLineString", "coordinates": [ [ [ -61.104059106574965, -28.089681205306714, 0.0 ], [ -61.102419251771821, -28.246569144742356, 0.0 ], [ -61.083393311102853, -28.246715034565206, 0.0 ], [ -61.094756300425445, -28.3066670470003, 0.0 ] ] ] } },
{ "type": "Feature", "properties": { "Nombre": "Limpieza Sec. Bolatti en RP38", "Estado": "Finalizado", "Datos": null, "Localidad": "Ambrosetti", "Tipo": null, "Region": null, "Cuenca": "8- Rio Salado", "Obra": "Maquina Volante en Ambrosetti", "Código": null, "C Cuenca": null, "Direccion": null, "Resp.": null, "Dpto": "San Cristobal", "Long (Km)": 3.06 }, "geometry": { "type": "MultiLineString", "coordinates": [ [ [ -61.421825419723547, -30.016347873930549, 0.0 ], [ -61.42193062981638, -30.016438597703679, 0.0 ], [ -61.42214090415159, -30.016559437120254, 0.0 ], [ -61.422386175792134, -30.016680213253167, 0.0 ], [ -61.422631520289833, -30.016831292184797, 0.0 ], [ -61.422841868301461, -30.016982432991597, 0.0 ], [ -61.422982222030228, -30.017133698425479, 0.0 ], [ -61.423087432648309, -30.017224420026857, 0.0 ], [ -61.423192643341466, -30.017315141068529, 0.0 ], [ -61.423262930306706, -30.017436228674036, 0.0 ], [ -61.423368287566461, -30.017587555797768, 0.0 ], [ -61.423438501519009, -30.017678339598014, 0.0 ], [ -61.423508715535355, -30.017769123273883, 0.0 ], [ -61.423614146394101, -30.017950753001994, 0.0 ], [ -61.423754501320431, -30.01810201593597, 0.0 ], [ -61.42382464237452, -30.018162495805907, 0.0 ], [ -61.423894930050167, -30.018283582083413, 0.0 ], [ -61.424035358932919, -30.018465147429119, 0.0 ], [ -61.424105646744145, -30.018586232939096, 0.0 ], [ -61.424175934802314, -30.018707318302628, 0.0 ], [ -61.424281220232459, -30.018828340371059, 0.0 ], [ -61.424351508395148, -30.018949425428993, 0.0 ], [ -61.424386872726785, -30.019100876642774, 0.0 ], [ -61.424457161243538, -30.019221961442753, 0.0 ], [ -61.424562520684233, -30.019373285728033, 0.0 ], [ -61.424668027224371, -30.019585215288465, 0.0 ], [ -61.424738316083499, -30.019706299791977, 0.0 ], [ -61.424878894325445, -30.019948468119846, 0.0 ], [ -61.424949257212944, -30.020099855083863, 0.0 ], [ -61.425054544381496, -30.020220875387832, 0.0 ], [ -61.425124760478489, -30.020311656426149, 0.0 ], [ -61.42526511940811, -30.020462915650761, 0.0 ], [ -61.425370333667637, -30.020553632801111, 0.0 ], [ -61.425580394273119, -30.020583553150995, 0.0 ], [ -61.425755457087462, -30.020613537041783, 0.0 ], [ -61.425825452754403, -30.020613409402955, 0.0 ], [ -61.426105509195764, -30.020643201172081, 0.0 ], [ -61.426245574403879, -30.02067324817693, 0.0 ], [ -61.426350567949719, -30.020673056288214, 0.0 ], [ -61.426630550729456, -30.020672544150912, 0.0 ], [ -61.426805539996465, -30.020672223744395, 0.0 ], [ -61.426980529286638, -30.020671903091184, 0.0 ], [ -61.427120446635136, -30.020641343667755, 0.0 ], [ -61.450573128889559, -30.016890406374358, 0.0 ] ] ] } },
{ "type": "Feature", "properties": { "Nombre": "Alteo Camino Comunal", "Estado": "Finalizado", "Datos": null, "Localidad": "Pedro Gomez Cello", "Tipo": null, "Region": null, "Cuenca": "8- Rio Salado8- Rio Salado", "Obra": "Maquina Volante en Pedro Gomez Cello", "Código": null, "C Cuenca": null, "Direccion": null, "Resp.": null, "Dpto": "San Justo", "Long (Km)": 6.1 }, "geometry": { "type": "MultiLineString", "coordinates": [ [ [ -60.379517456161587, -30.037864223357275, 0.0 ], [ -60.337479439605495, -30.032734044270391, 0.0 ], [ -60.316986964200765, -30.035566229822759, 0.0 ] ] ] } },
{ "type": "Feature", "properties": { "Nombre": "Reconstitucion de Talud del rio Carcaraña", "Estado": "Finalizado", "Datos": null, "Localidad": "Carcaraña", "Tipo": null, "Region": null, "Cuenca": "14- Rio Carcaraña", "Obra": "Maquina Volante en Carcaraña", "Código": null, "C Cuenca": null, "Direccion": null, "Resp.": null, "Dpto": "San Lorenzo", "Long (Km)": 1.27 }, "geometry": { "type": "MultiLineString", "coordinates": [ [ [ -61.178895050974205, -32.862505879313751, 0.0 ], [ -61.179028849123249, -32.862618198859145, 0.0 ], [ -61.179173792738624, -32.862720295657432, 0.0 ], [ -61.179328778696501, -32.862811392653846, 0.0 ], [ -61.179492627429902, -32.862890796510328, 0.0 ], [ -61.179664091906766, -32.862957902883494, 0.0 ], [ -61.179841867122057, -32.863012201024866, 0.0 ], [ -61.180024600031324, -32.863053277668975, 0.0 ], [ -61.180210899850152, -32.863080820179185, 0.0 ], [ -61.180399348641394, -32.863094618927775, 0.0 ], [ -61.180588512108969, -32.863094568891412, 0.0 ], [ -61.180776950516183, -32.863080670450969, 0.0 ], [ -61.180963229646011, -32.863053029388453, 0.0 ], [ -61.18114593171876, -32.863011856081741, 0.0 ], [ -61.181323666184809, -32.862957463903101, 0.0 ], [ -61.181495080309823, -32.862890266833816, 0.0 ], [ -61.181658869472201, -32.862810776312571, 0.0 ], [ -61.181813787093205, -32.86271959734237, 0.0 ], [ -61.181958654126127, -32.862617423885155, 0.0 ], [ -61.182092368030084, -32.86250503357914, 0.0 ], [ -61.182213911161533, -32.862383281819604, 0.0 ], [ -61.182322358519315, -32.862253095247418, 0.0 ], [ -61.182416884783819, -32.862115464695989, 0.0 ], [ -61.182496770597325, -32.861971437648918, 0.0 ], [ -61.182561408037444, -32.861822110267525, 0.0 ], [ -61.18261030524198, -32.861668619047151, 0.0 ], [ -61.182643090150179, -32.861512132167171, 0.0 ], [ -61.182659513332204, -32.861353840599968, 0.0 ], [ -61.182659449884817, -32.861194949046286, 0.0 ], [ -61.182642900379179, -32.861036666766807, 0.0 ], [ -61.182609990854147, -32.860880198378815, 0.0 ], [ -61.182560971853981, -32.860726734688427, 0.0 ], [ -61.182496216519496, -32.860577443628443, 0.0 ], [ -61.182416217745441, -32.860433461370135, 0.0 ], [ -61.182321584427577, -32.860295883676912, 0.0 ], [ -61.182213036826759, -32.860165757566008, 0.0 ], [ -61.182091401085891, -32.860044073340717, 0.0 ], [ -61.181957602941736, -32.859931757055008, 0.0 ], [ -61.181812660678851, -32.859829663466485, 0.0 ], [ -61.181657677380052, -32.859738569532396, 0.0 ], [ -61.18149383253148, -32.859659168497807, 0.0 ], [ -61.181322373047124, -32.859592064620358, 0.0 ], [ -61.181144603780375, -32.85953776857265, 0.0 ], [ -61.180961877594939, -32.859496693556579, 0.0 ], [ -61.180775585070855, -32.859469152159299, 0.0 ], [ -61.180587143923702, -32.859455353974745, 0.0 ], [ -61.180397988217322, -32.859455404009033, 0.0 ], [ -61.180209557452471, -32.859469301881425, 0.0 ], [ -61.180023285614062, -32.859496941827153, 0.0 ], [ -61.179840590260262, -32.859538113502275, 0.0 ], [ -61.179662861736482, -32.859592503584075, 0.0 ], [ -61.179491452596437, -32.859659698155021, 0.0 ], [ -61.179327667310467, -32.85973918585232, 0.0 ], [ -61.179172752339312, -32.859830361758732, 0.0 ], [ -61.179027886649266, -32.859932532005516, 0.0 ], [ -61.178894172740442, -32.860044919051866, 0.0 ], [ -61.178772628256432, -32.860166667601696, 0.0 ], [ -61.178664178239629, -32.860296851111478, 0.0 ], [ -61.178569648090267, -32.860434478841064, 0.0 ], [ -61.178489757284233, -32.860578503392354, 0.0 ], [ -61.178425113895614, -32.860727828680098, 0.0 ], [ -61.178376209967332, -32.860881318272426, 0.0 ], [ -61.178343417764317, -32.861037804039476, 0.0 ], [ -61.178326986938174, -32.8611960950427, 0.0 ], [ -61.178327042624417, -32.861354986598421, 0.0 ], [ -61.178343584487642, -32.861513269445908, 0.0 ], [ -61.178376486721291, -32.861669738950702, 0.0 ], [ -61.178425499002508, -32.861823204272667, 0.0 ], [ -61.178490248394787, -32.861972497429448, 0.0 ], [ -61.178570242183795, -32.86211648218616, 0.0 ], [ -61.178664871625315, -32.862254062703329, 0.0 ], [ -61.178773416576256, -32.862384191878029, 0.0 ], [ -61.178895050974205, -32.862505879313751, 0.0 ] ] ] } },
{ "type": "Feature", "properties": { "Nombre": "Limpieza canal RP28", "Estado": "Finalizado", "Datos": null, "Localidad": "Montes de Oca", "Tipo": null, "Region": null, "Cuenca": "13- Cañada Carrizales", "Obra": "Maquina Volante en Montes de Oca", "Código": null, "C Cuenca": null, "Direccion": null, "Resp.": null, "Dpto": null, "Long (Km)": 0.45 }, "geometry": { "type": "MultiLineString", "coordinates": [ [ [ -61.776841689450784, -32.570904050555818, 0.0 ], [ -61.780850094178767, -32.570159902758029, 0.0 ], [ -61.781005944519023, -32.57075602027426, 0.0 ] ] ] } },
{ "type": "Feature", "properties": { "Nombre": "Limpieza canal RP22s", "Estado": "Finalizado", "Datos": "Canales Maquinas Volantes", "Localidad": "Cnel Dominguez", "Tipo": null, "Region": null, "Cuenca": "18- Arroyo Frias", "Obra": "Maquina Volante en Cnel Dominguez", "Código": null, "C Cuenca": null, "Direccion": null, "Resp.": null, "Dpto": "Rosario", "Long (Km)": 3.1 }, "geometry": { "type": "MultiLineString", "coordinates": [ [ [ -60.719105763848361, -33.187183594888381, 0.0 ], [ -60.714808370989495, -33.214886721946883, 0.0 ] ] ] } },
{ "type": "Feature", "properties": { "Nombre": "Canal El Manolo", "Estado": "Finalizado", "Datos": null, "Localidad": "Villa ocampo", "Tipo": null, "Region": null, "Cuenca": "5- Rio Parana", "Obra": "Maquina Volante en Villa ocampo", "Código": null, "C Cuenca": null, "Direccion": null, "Resp.": null, "Dpto": "General Obligado", "Long (Km)": 4.79 }, "geometry": { "type": "MultiLineString", "coordinates": [ [ [ -59.345115122794546, -28.474498606374208, 0.0 ], [ -59.339944264045265, -28.474296753615008, 0.0 ], [ -59.33984927385152, -28.475873791617921, 0.0 ], [ -59.324389469949971, -28.476012094091548, 0.0 ], [ -59.318531034287659, -28.47814956851682, 0.0 ], [ -59.314432970837913, -28.484126027011147, 0.0 ], [ -59.310710160245108, -28.486324335388488, 0.0 ], [ -59.310484399804253, -28.486621276937313, 0.0 ], [ -59.310177370328127, -28.486609940307108, 0.0 ], [ -59.309904956996931, -28.486946779320462, 0.0 ], [ -59.310004947812438, -28.487424017540373, 0.0 ], [ -59.309407020575932, -28.487765180725003, 0.0 ], [ -59.309220688900069, -28.487736998172618, 0.0 ], [ -59.308601963785513, -28.488093500025826, 0.0 ], [ -59.308368483730256, -28.48808412436756, 0.0 ], [ -59.308317002268296, -28.488271474188565, 0.0 ], [ -59.307847810821663, -28.488573437785455, 0.0 ], [ -59.307197205464604, -28.488675789626857, 0.0 ], [ -59.306938149093391, -28.489062385589897, 0.0 ], [ -59.306289279905997, -28.489452050129099, 0.0 ], [ -59.305551913463859, -28.48975266661699, 0.0 ], [ -59.305210013174509, -28.489945467314907, 0.0 ], [ -59.305187352001603, -28.490127836277246, 0.0 ] ] ] } },
{ "type": "Feature", "properties": { "Nombre": "Limpieza Canal RP9s", "Estado": "Finalizado", "Datos": null, "Localidad": "Carreras", "Tipo": null, "Region": null, "Cuenca": "20- Arroyo Pavon", "Obra": "Maquina Volante en Carreras", "Código": null, "C Cuenca": null, "Direccion": null, "Resp.": null, "Dpto": "Constitución", "Long (Km)": 1.12 }, "geometry": { "type": "MultiLineString", "coordinates": [ [ [ -61.299269647259813, -33.601951469538662, 0.0 ], [ -61.301568993198828, -33.599038347467918, 0.0 ], [ -61.305812883433447, -33.593486604242976, 0.0 ] ] ] } },
{ "type": "Feature", "properties": { "Nombre": "Limpieza Canal Norte", "Estado": "Finalizado", "Datos": null, "Localidad": "Maria Teresa", "Tipo": null, "Region": null, "Cuenca": "23- Las Encadenadas - Salado Brazo Norte", "Obra": "Maquina Volante en Maria Teresa", "Código": null, "C Cuenca": null, "Direccion": null, "Resp.": null, "Dpto": "General Lopez", "Long (Km)": 7.82 }, "geometry": { "type": "MultiLineString", "coordinates": [ [ [ -61.898010949383334, -34.001128480871728, 0.0 ], [ -61.826330314247684, -33.963642533667404, 0.0 ] ] ] } },
{ "type": "Feature", "properties": { "Nombre": "Limpieza canal de descarga urbano", "Estado": "Finalizado", "Datos": null, "Localidad": "Carmen", "Tipo": null, "Region": null, "Cuenca": "20- Arroyo Pavon", "Obra": "Maquina Volante en Carmen", "Código": null, "C Cuenca": null, "Direccion": null, "Resp.": null, "Dpto": "General Lopez", "Long (Km)": 6.68 }, "geometry": { "type": "MultiLineString", "coordinates": [ [ [ -61.857574790782806, -33.646716828025667, 0.0 ], [ -61.829872397243072, -33.682068022095251, 0.0 ], [ -61.814342116568334, -33.67370353529649, 0.0 ], [ -61.812626363681403, -33.67579159821441, 0.0 ] ] ] } },
{ "type": "Feature", "properties": { "Nombre": "Limp canal 12 de Octubre", "Estado": "Finalizado", "Datos": "Canales Maquinas Volantes", "Localidad": "El Trebol", "Tipo": null, "Region": null, "Cuenca": "13- Cañada Carrizales", "Obra": "Maquina Volante en El Trebol", "Código": null, "C Cuenca": null, "Direccion": null, "Resp.": null, "Dpto": "San Martin", "Long (Km)": 7.28 }, "geometry": { "type": "MultiLineString", "coordinates": [ [ [ -61.642759518953092, -32.188092332848363, 0.0 ], [ -61.707316606402976, -32.176230676805318, 0.0 ], [ -61.708175990337615, -32.176052572162355, 0.0 ], [ -61.717290375437827, -32.180110776751725, 0.0 ] ] ] } },
{ "type": "Feature", "properties": { "Nombre": "Canal Los Ceibos", "Estado": "Finalizado", "Datos": "Limpieza desague urbano - ENERO 2026", "Localidad": "Rincon", "Tipo": "Canal", "Region": null, "Cuenca": "10- Los Saladillos", "Obra": "Maquina Volante en Rincon", "Código": "EE-2025-00039862-APPSF-PE", "C Cuenca": null, "Direccion": null, "Resp.": null, "Dpto": "La Capital", "Long (Km)": 0.93 }, "geometry": { "type": "MultiLineString", "coordinates": [ [ [ -60.576014367310272, -31.604206079267108, 0.0 ], [ -60.578900898282036, -31.603448647163702, 0.0 ], [ -60.585184421865804, -31.601206606285619, 0.0 ] ] ] } },
{ "type": "Feature", "properties": { "Nombre": "Canal San Martin", "Estado": "Finalizado", "Datos": "Limpieza desague urbano", "Localidad": "Rincon", "Tipo": "Canal", "Region": null, "Cuenca": "10- Los Saladillos", "Obra": "Maquina Volante en Rincon", "Código": "EE-2025-00039862-APPSF-PE", "C Cuenca": null, "Direccion": null, "Resp.": null, "Dpto": "La Capital", "Long (Km)": 0.46 }, "geometry": { "type": "MultiLineString", "coordinates": [ [ [ -60.578376711686104, -31.603476238760994, 0.0 ], [ -60.577200864428647, -31.599440145376189, 0.0 ] ] ] } },
{ "type": "Feature", "properties": { "Nombre": "Canal Luis Leon de los Santos", "Estado": "Finalizado", "Datos": "Limpieza de desague - ENERO 2026", "Localidad": "Rincon", "Tipo": "Canal", "Region": null, "Cuenca": "10- Los Saladillos", "Obra": "Maquina Volante en Rincon", "Código": "EE-2025-00039862-APPSF-PE", "C Cuenca": null, "Direccion": null, "Resp.": null, "Dpto": "La Capital", "Long (Km)": 0.33 }, "geometry": { "type": "MultiLineString", "coordinates": [ [ [ -60.577976142998075, -31.602183711718705, 0.0 ], [ -60.581392167878711, -31.601473632287505, 0.0 ] ] ] } },
{ "type": "Feature", "properties": { "Nombre": "Limpieza Canal Norte", "Estado": "Finalizado", "Datos": "4700 m de limpieza", "Localidad": "Maria Teresa", "Tipo": null, "Region": null, "Cuenca": "23- Las Encadenadas - Salado Brazo Norte", "Obra": "Maquina Volante en Maria Teresa", "Código": null, "C Cuenca": null, "Direccion": null, "Resp.": null, "Dpto": "General Lopez", "Long (Km)": 4.72 }, "geometry": { "type": "MultiLineString", "coordinates": [ [ [ -61.820670146285181, -33.961077333385347, 0.0 ], [ -61.821211473883871, -33.960985344197802, 0.0 ], [ -61.821545918124293, -33.960989295044186, 0.0 ], [ -61.822376821495318, -33.961223137265733, 0.0 ], [ -61.823023354781348, -33.961549687419584, 0.0 ], [ -61.831793821125267, -33.96620448558167, 0.0 ], [ -61.863982712282585, -33.983351500471706, 0.0 ] ] ] } },
{ "type": "Feature", "properties": { "Nombre": "Limpieza tramo canal Regulador Las Lágrimas", "Estado": "Finalizado", "Datos": null, "Localidad": "San Eduardo", "Tipo": null, "Region": null, "Cuenca": "24- Lagunas Endorreicas", "Obra": "Maquina Volante en San Eduardo", "Código": null, "C Cuenca": null, "Direccion": null, "Resp.": null, "Dpto": "General Lopez", "Long (Km)": 1.74 }, "geometry": { "type": "MultiLineString", "coordinates": [ [ [ -62.0816805770054, -33.85547509438166, 0.0 ], [ -62.084067089998101, -33.85249774172911, 0.0 ], [ -62.087196795060592, -33.854056466476933, 0.0 ], [ -62.088416099941298, -33.852621428053773, 0.0 ], [ -62.094419959864709, -33.85583616063343, 0.0 ], [ -62.094965589805362, -33.857074991703421, 0.0 ] ] ] } },
{ "type": "Feature", "properties": { "Nombre": "Limpieza Canal de la Vía", "Estado": "Finalizado", "Datos": null, "Localidad": "Venado Tuerto", "Tipo": null, "Region": null, "Cuenca": "24- Lagunas Endorreicas", "Obra": "Maquina Volante en Venado Tuerto", "Código": null, "C Cuenca": null, "Direccion": null, "Resp.": null, "Dpto": "General Lopez", "Long (Km)": 8.96 }, "geometry": { "type": "MultiLineString", "coordinates": [ [ [ -62.048627764182712, -33.782404822240927, 0.0 ], [ -62.140009613081531, -33.7559103527133, 0.0 ] ] ] } },
{ "type": "Feature", "properties": { "Nombre": "Limpieza tramo Drenaje 2", "Estado": "Finalizado", "Datos": null, "Localidad": "Venado Tuerto", "Tipo": null, "Region": null, "Cuenca": "24- Lagunas Endorreicas", "Obra": "Maquina Volante en Venado Tuerto", "Código": null, "C Cuenca": null, "Direccion": null, "Resp.": null, "Dpto": "General Lopez", "Long (Km)": 6.74 }, "geometry": { "type": "MultiLineString", "coordinates": [ [ [ -62.061032958225546, -33.719452512788173, 0.0 ], [ -62.063867295252329, -33.721585172838033, 0.0 ], [ -62.065799552983435, -33.723630377847684, 0.0 ], [ -62.07645820689244, -33.731951810324716, 0.0 ], [ -62.080413266899384, -33.735359171756755, 0.0 ], [ -62.081724602364311, -33.737024219241292, 0.0 ], [ -62.082918245547248, -33.738296023940592, 0.0 ], [ -62.084683597048688, -33.739680602532232, 0.0 ], [ -62.085417440930918, -33.741932314594315, 0.0 ], [ -62.086305561319428, -33.742327870378617, 0.0 ], [ -62.086567129526863, -33.742885828065752, 0.0 ], [ -62.087727190054693, -33.743345347857037, 0.0 ], [ -62.088557095992662, -33.743573483341805, 0.0 ], [ -62.08875120296706, -33.744942455646942, 0.0 ], [ -62.089027366327436, -33.745497411713224, 0.0 ], [ -62.089831479585001, -33.745961255797141, 0.0 ], [ -62.09048537081263, -33.746600364947462, 0.0 ], [ -62.090820574235408, -33.747455935000204, 0.0 ], [ -62.091149278253326, -33.747970722677927, 0.0 ], [ -62.091656062027141, -33.748042739255567, 0.0 ], [ -62.092500447203918, -33.748870540299443, 0.0 ], [ -62.092691390241917, -33.749102704955959, 0.0 ], [ -62.09265261000219, -33.749241340858198, 0.0 ], [ -62.09252363188854, -33.749598198853377, 0.0 ], [ -62.094295378157703, -33.754684571174231, 0.0 ], [ -62.095307629233986, -33.75641122210417, 0.0 ], [ -62.098108709811022, -33.760111690106733, 0.0 ], [ -62.104717259738678, -33.765618795366173, 0.0 ] ] ] } },
{ "type": "Feature", "properties": { "Nombre": "Limpieza de Canales Urbanos", "Estado": "Finalizado", "Datos": "Limpieza Malvinas Este, Zanjo acc Norte el paso, Malvinas Oeste", "Localidad": "Santo Tome", "Tipo": null, "Region": null, "Cuenca": "8- Rio Salado", "Obra": "Maquina Volante en Santo Tome", "Código": null, "C Cuenca": null, "Direccion": null, "Resp.": null, "Dpto": "La Capital", "Long (Km)": 1.39 }, "geometry": { "type": "MultiLineString", "coordinates": [ [ [ -60.774990908125787, -31.661062190371265, 0.0 ], [ -60.777007944952977, -31.661847512086762, 0.0 ], [ -60.778181794254046, -31.662393104015432, 0.0 ], [ -60.780016967105013, -31.663566953316497, 0.0 ], [ -60.781256948761055, -31.664856534238787, 0.0 ], [ -60.782133202464664, -31.666162648249845, 0.0 ], [ -60.784241171279952, -31.6701057899161, 0.0 ] ] ] } },
{ "type": "Feature", "properties": { "Nombre": "Drenaje Colonia Mascias", "Estado": "Sin Ejecutar", "Datos": null, "Localidad": "Colonia Mascias", "Tipo": "Canal", "Region": null, "Cuenca": "5- Rio Parana", "Obra": "Maquina Volante en Colonia Mascias", "Código": "EE-2026-00012433-APPSF-PE", "C Cuenca": null, "Direccion": null, "Resp.": null, "Dpto": null, "Long (Km)": null }, "geometry": { "type": "MultiLineString", "coordinates": [ [ [ -60.026564708794098, -30.870477594421775, 0.0 ], [ -60.032561860350235, -30.869923355296923, 0.0 ] ] ] } },
{ "type": "Feature", "properties": { "Nombre": "Canal Urbano", "Estado": "Ejecutado", "Datos": null, "Localidad": "Colonia Mascias", "Tipo": "Canal", "Region": null, "Cuenca": "10- Los Saladillos", "Obra": "Maquina Volante en Colonia Mascias", "Código": "EE-2026-00012433-APPSF-PE", "C Cuenca": null, "Direccion": null, "Resp.": null, "Dpto": null, "Long (Km)": null }, "geometry": { "type": "MultiLineString", "coordinates": [ [ [ -59.99773006304185, -30.808274911101158, 0.0 ], [ -60.006100494953166, -30.807564348120579, 0.0 ], [ -60.006146681546888, -30.807889430684206, 0.0 ], [ -60.025845263776198, -30.806144998566865, 0.0 ] ] ] } },
{ "type": "Feature", "properties": { "Nombre": "Canal Urbano Sur", "Estado": "Ejecutado", "Datos": null, "Localidad": "Colonia Mascias", "Tipo": "Canal", "Region": null, "Cuenca": "5- Rio Parana", "Obra": "Maquina Volante en Colonia Mascias", "Código": "EE-2026-00012433-APPSF-PE", "C Cuenca": null, "Direccion": null, "Resp.": null, "Dpto": null, "Long (Km)": null }, "geometry": { "type": "MultiLineString", "coordinates": [ [ [ -60.007418589282139, -30.81679633764584, 0.0 ], [ -60.007972828406999, -30.819439631933584, 0.0 ], [ -60.007049096532242, -30.819169618000977, 0.0 ], [ -60.004974252628934, -30.816242098520981, 0.0 ], [ -60.004462647282907, -30.815787338213415, 0.0 ], [ -60.003133894509226, -30.814661095889168, 0.0 ], [ -60.001852216532939, -30.813597027825747, 0.0 ], [ -60.001798924309398, -30.813351883597463, 0.0 ], [ -60.000820123803642, -30.812895346882399, 0.0 ], [ -59.999519793549155, -30.812264722237146, 0.0 ], [ -59.998313612889618, -30.811737129224063, 0.0 ] ] ] } },
{ "type": "Feature", "properties": { "Nombre": "Canal Rural Sur", "Estado": "Sin Ejecutar", "Datos": null, "Localidad": "Colonia Mascias", "Tipo": "Canal", "Region": null, "Cuenca": "10- Los Saladillos", "Obra": "Maquina Volante en Colonia Mascias", "Código": "EE-2026-00012433-APPSF-PE", "C Cuenca": null, "Direccion": null, "Resp.": null, "Dpto": null, "Long (Km)": null }, "geometry": { "type": "MultiLineString", "coordinates": [ [ [ -60.015393770535574, -30.844419473516261, 0.0 ], [ -60.017347818732176, -30.843360734675205, 0.0 ], [ -60.031523550194969, -30.842266467685107, 0.0 ] ] ] } },
{ "type": "Feature", "properties": { "Nombre": "Canal Rural Sur", "Estado": "Ejecutado", "Datos": null, "Localidad": "Colonia Mascias", "Tipo": null, "Region": null, "Cuenca": "10- Los Saladillos", "Obra": "Maquina Volante en Colonia Mascias", "Código": "EE-2026-00012433-APPSF-PE", "C Cuenca": null, "Direccion": null, "Resp.": null, "Dpto": null, "Long (Km)": null }, "geometry": { "type": "MultiLineString", "coordinates": [ [ [ -60.031523550194969, -30.842266467685107, 0.0 ], [ -60.056784064154911, -30.840305313858668, 0.0 ] ] ] } },
{ "type": "Feature", "properties": { "Nombre": "Canal Ppal San Eugenio", "Estado": "En Ejecucion", "Datos": "Tramo Superior", "Localidad": "San Eugenio", "Tipo": "Canal", "Region": null, "Cuenca": "11- Arroyo Colastiné", "Obra": "Maquina Volante en San Eugenio", "Código": "EE-2025-00026944-APPSF-PE", "C Cuenca": null, "Direccion": null, "Resp.": null, "Dpto": null, "Long (Km)": null }, "geometry": { "type": "MultiLineString", "coordinates": [ [ [ -61.098483604958517, -32.034449036517941, 0.0 ], [ -61.114840764771721, -32.068286045653629, 0.0 ], [ -61.116062933098327, -32.069309256345669, 0.0 ], [ -61.119521006270546, -32.07623487686314, 0.0 ], [ -61.119568377135899, -32.076860172286054, 0.0 ], [ -61.119577851308989, -32.07777916707429, 0.0 ], [ -61.134052019223567, -32.107228449804786, 0.0 ] ] ] } },
{ "type": "Feature", "properties": { "Nombre": "Canal Desague Este", "Estado": "Finalizado", "Datos": "Limpieza desague urbano - ENERO 2026", "Localidad": "Rincon", "Tipo": "Canal", "Region": null, "Cuenca": "10- Los Saladillos", "Obra": "Maquina Volante en Rincon", "Código": "EE-2025-00039862-APPSF-PE", "C Cuenca": null, "Direccion": null, "Resp.": null, "Dpto": "La Capital", "Long (Km)": null }, "geometry": { "type": "MultiLineString", "coordinates": [ [ [ -60.574590498209226, -31.603538109431437, 0.0 ], [ -60.574283413322533, -31.603024076034121, 0.0 ], [ -60.573976328435847, -31.602650233563406, 0.0 ], [ -60.573488998072214, -31.601989333481203, 0.0 ], [ -60.572814746473185, -31.601194918230881, 0.0 ] ] ] } },
{ "type": "Feature", "properties": { "Nombre": "Canal zona urbana", "Estado": "Finalizado", "Datos": null, "Localidad": "Ceres", "Tipo": "Canal", "Region": null, "Cuenca": null, "Obra": null, "Código": "EE-2026-00005770-APPSF-PE", "C Cuenca": null, "Direccion": null, "Resp.": null, "Dpto": null, "Long (Km)": null }, "geometry": { "type": "MultiLineString", "coordinates": [ [ [ -61.944189092819592, -29.869236157333408, 0.0 ], [ -61.943207756333877, -29.87032430595367, 0.0 ] ] ] } },
{ "type": "Feature", "properties": { "Nombre": "Canal zona urbana", "Estado": "Finalizado", "Datos": null, "Localidad": "Ceres", "Tipo": "Canal", "Region": null, "Cuenca": null, "Obra": "Maquina Volante", "Código": "EE-2026-00005770-APPSF-PE", "C Cuenca": null, "Direccion": null, "Resp.": null, "Dpto": null, "Long (Km)": null }, "geometry": { "type": "MultiLineString", "coordinates": [ [ [ -61.943534868495767, -29.871298966680918, 0.0 ], [ -61.941725737967708, -29.865090511363181, 0.0 ] ] ] } },
{ "type": "Feature", "properties": { "Nombre": "Canal zona urbana", "Estado": "Finalizado", "Datos": null, "Localidad": "Ceres", "Tipo": "Canal", "Region": null, "Cuenca": null, "Obra": "Maquina Volante", "Código": "EE-2026-00005770-APPSF-PE", "C Cuenca": null, "Direccion": null, "Resp.": null, "Dpto": null, "Long (Km)": null }, "geometry": { "type": "MultiLineString", "coordinates": [ [ [ -61.923514269035671, -29.881459470975109, 0.0 ], [ -61.932366324682235, -29.88176655586178, 0.0 ], [ -61.931631991257547, -29.883422143946536, 0.0 ], [ -61.939349167975088, -29.888749399154651, 0.0 ] ] ] } },
{ "type": "Feature", "properties": { "Nombre": "Canal zona urbana", "Estado": "Finalizado", "Datos": null, "Localidad": "Ceres", "Tipo": "Canal", "Region": null, "Cuenca": null, "Obra": "Maquina Volante", "Código": "EE-2026-00005770-APPSF-PE", "C Cuenca": null, "Direccion": null, "Resp.": null, "Dpto": null, "Long (Km)": null }, "geometry": { "type": "MultiLineString", "coordinates": [ [ [ -61.935730906918948, -29.893288914870844, 0.0 ], [ -61.939375871008714, -29.88925675679349, 0.0 ] ] ] } },
{ "type": "Feature", "properties": { "Nombre": "Canal zona urbana", "Estado": "Finalizado", "Datos": null, "Localidad": "Ceres", "Tipo": "Canal", "Region": null, "Cuenca": null, "Obra": "Maquina Volante", "Código": "EE-2026-00005770-APPSF-PE", "C Cuenca": null, "Direccion": null, "Resp.": null, "Dpto": null, "Long (Km)": null }, "geometry": { "type": "MultiLineString", "coordinates": [ [ [ -61.936278319108247, -29.893529242173447, 0.0 ], [ -61.939455980109585, -29.890114591748723, 0.0 ], [ -61.939749713479472, -29.889807506862009, 0.0 ], [ -61.940103528674982, -29.889607234109832, 0.0 ], [ -61.940497398420931, -29.889513773492141, 0.0 ], [ -61.940724374206773, -29.889507097733695, 0.0 ] ] ] } },
{ "type": "Feature", "properties": { "Nombre": "Canal zona urbana", "Estado": "Finalizado", "Datos": null, "Localidad": "Ceres", "Tipo": "Canal", "Region": null, "Cuenca": null, "Obra": "Maquina Volante", "Código": "EE-2026-00005770-APPSF-PE", "C Cuenca": null, "Direccion": null, "Resp.": null, "Dpto": null, "Long (Km)": null }, "geometry": { "type": "MultiLineString", "coordinates": [ [ [ -61.946438823402438, -29.893565958844693, 0.0 ], [ -61.948975611596794, -29.890788843347714, 0.0 ] ] ] } },
{ "type": "Feature", "properties": { "Nombre": "Canal zona urbana", "Estado": "Finalizado", "Datos": null, "Localidad": "Ceres", "Tipo": "Canal", "Region": null, "Cuenca": null, "Obra": "Maquina Volante", "Código": "EE-2026-00005770-APPSF-PE", "C Cuenca": null, "Direccion": null, "Resp.": null, "Dpto": null, "Long (Km)": null }, "geometry": { "type": "MultiLineString", "coordinates": [ [ [ -61.949756675330292, -29.893138710306733, 0.0 ], [ -61.950687943627933, -29.896509968301817, 0.0 ], [ -61.940974715146979, -29.889760776553153, 0.0 ] ] ] } },
{ "type": "Feature", "properties": { "Nombre": "Canal zona urbana", "Estado": "Finalizado", "Datos": null, "Localidad": "Ceres", "Tipo": "Canal", "Region": null, "Cuenca": null, "Obra": "Maquina Volante", "Código": "EE-2026-00005770-APPSF-PE", "C Cuenca": null, "Direccion": null, "Resp.": null, "Dpto": null, "Long (Km)": null }, "geometry": { "type": "MultiLineString", "coordinates": [ [ [ -61.953157974238252, -29.894120046792381, 0.0 ], [ -61.951025069427459, -29.896409831925698, 0.0 ] ] ] } },
{ "type": "Feature", "properties": { "Nombre": "Zanja Lateral a las vias del FFCC", "Estado": "Finalizado", "Datos": "Limpieza", "Localidad": "Firmat", "Tipo": "Canal", "Region": null, "Cuenca": "17- Arroyo Saladillo", "Obra": "Maquina Volante en Firmat", "Código": "EE-2026-00013291-APPSF-PE", "C Cuenca": null, "Direccion": null, "Resp.": null, "Dpto": null, "Long (Km)": null }, "geometry": { "type": "MultiLineString", "coordinates": [ [ [ -61.481338735244222, -33.420222258140264, 0.0 ], [ -61.482940917261821, -33.439835636337911, 0.0 ] ] ] } },
{ "type": "Feature", "properties": { "Nombre": "Canal Pata de Palo", "Estado": "Finalizado", "Datos": "Limpieza", "Localidad": "Firmat", "Tipo": "Canal", "Region": null, "Cuenca": "17- Arroyo Saladillo", "Obra": "Maquina Volante en Firmat", "Código": "EE-2026-00013291-APPSF-PE", "C Cuenca": null, "Direccion": null, "Resp.": null, "Dpto": null, "Long (Km)": null }, "geometry": { "type": "MultiLineString", "coordinates": [ [ [ -61.4813387352443, -33.420222258140534, 0.0 ], [ -61.392791475744815, -33.37204998548161, 0.0 ] ] ] } },
{ "type": "Feature", "properties": { "Nombre": "Canal Villa Eloisa", "Estado": "Finalizado", "Datos": null, "Localidad": "Villa Eloisa", "Tipo": "Canal", "Region": null, "Cuenca": null, "Obra": "Maquina Volante", "Código": null, "C Cuenca": null, "Direccion": null, "Resp.": null, "Dpto": null, "Long (Km)": null }, "geometry": { "type": "MultiLineString", "coordinates": [ [ [ -61.556584546119446, -32.967629203356445, 0.0 ], [ -61.552510664552052, -32.959135969724187, 0.0 ] ] ] } },
{ "type": "Feature", "properties": { "Nombre": "Las Toscas", "Estado": "Finalizado", "Datos": null, "Localidad": "Las Toscas", "Tipo": null, "Region": null, "Cuenca": "5- Rio Parana", "Obra": "Maquina Volante en Las Toscas", "Código": null, "C Cuenca": null, "Direccion": null, "Resp.": null, "Dpto": "General Obligado", "Long (Km)": null }, "geometry": { "type": "MultiLineString", "coordinates": [ [ [ -59.264003938969644, -28.308350381352469, 0.0 ], [ -59.255298750008009, -28.308216866184367, 0.0 ] ] ] } },
{ "type": "Feature", "properties": { "Nombre": "Las Toscas", "Estado": "Finalizado", "Datos": null, "Localidad": "Las Toscas", "Tipo": null, "Region": null, "Cuenca": "5- Rio Parana", "Obra": "Maquina Volante en Las Toscas", "Código": null, "C Cuenca": null, "Direccion": null, "Resp.": null, "Dpto": "General Obligado", "Long (Km)": null }, "geometry": { "type": "MultiLineString", "coordinates": [ [ [ -59.263897126835154, -28.317643037053891, 0.0 ], [ -59.253776677091373, -28.317456115818494, 0.0 ] ] ] } },
{ "type": "Feature", "properties": { "Nombre": "Las Toscas", "Estado": "Finalizado", "Datos": null, "Localidad": "Las Toscas", "Tipo": null, "Region": null, "Cuenca": "5- Rio Parana", "Obra": "Maquina Volante en Las Toscas", "Código": null, "C Cuenca": null, "Direccion": null, "Resp.": null, "Dpto": "General Obligado", "Long (Km)": null }, "geometry": { "type": "MultiLineString", "coordinates": [ [ [ -59.284939117331405, -28.34546759809081, 0.0 ], [ -59.274631746352235, -28.345360785956291, 0.0 ] ] ] } },
{ "type": "Feature", "properties": { "Nombre": "Canal Desagues Urbanos", "Estado": "Finalizado", "Datos": "Limpieza de canal desagues urbanos", "Localidad": "Alvarez", "Tipo": "Canal", "Region": null, "Cuenca": null, "Obra": null, "Código": "EE-2026-00001524-APPSF-PE", "C Cuenca": null, "Direccion": null, "Resp.": null, "Dpto": null, "Long (Km)": null }, "geometry": { "type": "MultiLineString", "coordinates": [ [ [ -60.795131052840546, -33.126604392797276, 0.0 ], [ -60.794459026494295, -33.126003574540697, 0.0 ], [ -60.793746945597647, -33.125353800722515, 0.0 ], [ -60.792879097004835, -33.124583863252994, 0.0 ], [ -60.791824327176656, -33.123627004548133, 0.0 ], [ -60.791156751336047, -33.12298168123553, 0.0 ], [ -60.790159838080754, -33.122118283148318, 0.0 ], [ -60.789287538982329, -33.121321642645206, 0.0 ], [ -60.788800208618696, -33.120872141579198, 0.0 ], [ -60.788219417637364, -33.120344756665105, 0.0 ], [ -60.787665329689617, -33.119850750543058, 0.0 ], [ -60.787536265027136, -33.119708334363729, 0.0 ], [ -60.787413876123004, -33.119581494954005, 0.0 ], [ -60.78735379429736, -33.119396798971408, 0.0 ] ] ] } }
]
}
