{
"type": "FeatureCollection",
"name": "Cuencas",
"crs": { "type": "name", "properties": { "name": "urn:ogc:def:crs:OGC:1.3:CRS84" } },
"features": [
{ "type": "Feature", "properties": { "N_CCA": 15, "Area": 532.46, "Perim": 127.666, "Cuenca": "15- Arroyo San Lorenzo" }, "geometry": { "type": "MultiPolygon", "coordinates": [ [ [ [ -60.903486886, -32.902554501 ], [ -60.902648382700001, -32.904575061899997 ], [ -60.902020050099999, -32.907109937900003 ], [ -60.902749480799997, -32.909458415099998 ], [ -60.903478578399998, -32.910979090399998 ], [ -60.9042590914, -32.912606938300002 ], [ -60.904711165800002, -32.914821067200002 ], [ -60.9068569995, -32.916312769100003 ], [ -60.9099930677, -32.917174037700001 ], [ -60.9131207123, -32.917209199600002 ], [ -60.915129764600003, -32.917078564400001 ], [ -60.917130232, -32.9169877044 ], [ -60.920076099100001, -32.916853846400002 ], [ -60.924650741500002, -32.917240379299997 ], [ -60.929025296799999, -32.918207942 ], [ -60.932976175299999, -32.919729238099997 ], [ -60.933860014799997, -32.9199968414 ], [ -60.938234207900003, -32.921321114599998 ], [ -60.942929012800001, -32.922742236 ], [ -60.947633009599997, -32.923237397299999 ], [ -60.9524466047, -32.922210094500002 ], [ -60.957590719, -32.920720101800001 ], [ -60.961077678400002, -32.9210290368 ], [ -60.963592603, -32.921757808899997 ], [ -60.966605406600003, -32.922782220400002 ], [ -60.970893924800002, -32.925216264 ], [ -60.974866153900003, -32.929102007399997 ], [ -60.976209059399999, -32.932104341699997 ], [ -60.9783511113, -32.9354024111 ], [ -60.981758779099998, -32.938200296799998 ], [ -60.985148067700003, -32.940793185799997 ], [ -60.989758207599998, -32.943617701599997 ], [ -60.993086957300001, -32.945894856599999 ], [ -60.994933152500003, -32.947437541299998 ], [ -60.996074169, -32.948353594799997 ], [ -60.998251316599998, -32.950590786 ], [ -61.000394478499999, -32.953674247800002 ], [ -61.002049540800002, -32.955712316800003 ], [ -61.004490886100001, -32.958292416900001 ], [ -61.006957993, -32.961905248800001 ], [ -61.008427134400002, -32.963612664800003 ], [ -61.010432825300001, -32.965687468699997 ], [ -61.014762015800002, -32.970165385900003 ], [ -61.019092505400003, -32.9746440308 ], [ -61.022144655600002, -32.976942715200003 ], [ -61.025710065799998, -32.979495277700003 ], [ -61.029472302099997, -32.980826214499999 ], [ -61.0333171706, -32.981993839499999 ], [ -61.034053162200003, -32.982080006899999 ], [ -61.037715694699997, -32.982547243399999 ], [ -61.039140277800001, -32.982485895799996 ], [ -61.042714963900004, -32.982349911100002 ], [ -61.046791878599997, -32.981850791900001 ], [ -61.050717084600002, -32.981416298399999 ], [ -61.053701428700002, -32.981085866699999 ], [ -61.054588503799998, -32.980985657700003 ], [ -61.057822607, -32.979429422 ], [ -61.061179602300001, -32.979005538599999 ], [ -61.062065568900003, -32.979247984899999 ], [ -61.063645174900003, -32.979880800300002 ], [ -61.065330887499996, -32.980920828400002 ], [ -61.066591288600002, -32.981700867299999 ], [ -61.069445133, -32.983640272800002 ], [ -61.0717746117, -32.984642781399998 ], [ -61.075836567, -32.985839138400003 ], [ -61.080250043699998, -32.98611735 ], [ -61.0831675389, -32.986830150400003 ], [ -61.085794093099999, -32.987669030200003 ], [ -61.088736182700003, -32.988205147899997 ], [ -61.0913699026, -32.9887225302 ], [ -61.094685796, -32.989495225900001 ], [ -61.096932778800003, -32.990376645700003 ], [ -61.101134064299998, -32.9929334423 ], [ -61.104302764, -32.994919598300001 ], [ -61.105926016300003, -32.995935636900001 ], [ -61.106465295100001, -32.996537132599997 ], [ -61.117604848600003, -32.9998845553 ], [ -61.128682956299997, -33.001372771 ], [ -61.134334327600001, -32.9980254062 ], [ -61.146045739, -32.995521265 ], [ -61.147991237799999, -32.995165321100004 ], [ -61.149907268299998, -32.992268983899997 ], [ -61.155190901600001, -32.984280953499997 ], [ -61.156040886200003, -32.981100402800003 ], [ -61.156890813099999, -32.977919846 ], [ -61.156290566499997, -32.974064203899999 ], [ -61.1527817801, -32.972088813799999 ], [ -61.1485559678, -32.971355509200002 ], [ -61.144497593799997, -32.969384935100003 ], [ -61.142467466299998, -32.968322386799997 ], [ -61.138026935399999, -32.965119500100002 ], [ -61.131748059, -32.961469779 ], [ -61.127296488, -32.957339904900003 ], [ -61.124861188499999, -32.953191732599997 ], [ -61.124837946200003, -32.949287588799997 ], [ -61.124964469299996, -32.9448074138 ], [ -61.125399892899999, -32.941218196500003 ], [ -61.130544709399999, -32.936880112499999 ], [ -61.133440825500003, -32.935327094500003 ], [ -61.139129714600003, -32.934059722500002 ], [ -61.143953229200001, -32.9319714194 ], [ -61.147965541200001, -32.924858198599999 ], [ -61.148868571800001, -32.922569767 ], [ -61.148628186099998, -32.918404685299997 ], [ -61.148922036099997, -32.912269125100003 ], [ -61.144481362900002, -32.9077196247 ], [ -61.141792948199999, -32.901690010499998 ], [ -61.139980250500003, -32.8984828257 ], [ -61.138722863300003, -32.894955982399999 ], [ -61.137180970300001, -32.891038730799998 ], [ -61.134786760300003, -32.8860854144 ], [ -61.130821623400003, -32.882190095 ], [ -61.123889946, -32.879579335599999 ], [ -61.119568544899998, -32.876944838199996 ], [ -61.115072810199997, -32.875255248199998 ], [ -61.110583111, -32.8740371942 ], [ -61.1057304586, -32.873608443199998 ], [ -61.101389937100002, -32.871558284800003 ], [ -61.097081193500003, -32.869866400299998 ], [ -61.093524027800001, -32.868639535500002 ], [ -61.0908258471, -32.865422502199998 ], [ -61.089144450699997, -32.861129694600002 ], [ -61.0891002527, -32.857513298100002 ], [ -61.0892635704, -32.855624867 ], [ -61.089267514200003, -32.852305101 ], [ -61.089038847399998, -32.848847552700001 ], [ -61.088583476399997, -32.845723941099997 ], [ -61.085813158500002, -32.844157869199996 ], [ -61.083517437200001, -32.842937382 ], [ -61.0808443528, -32.842960499199997 ], [ -61.077471329799998, -32.8434647833 ], [ -61.072899167400003, -32.8433433788 ], [ -61.069337727300002, -32.841644090099997 ], [ -61.065215487700002, -32.839792219800003 ], [ -61.062397829200002, -32.837929142900002 ], [ -61.0596842438, -32.835376127799996 ], [ -61.058434579500002, -32.832087250500003 ], [ -61.056866259700001, -32.8251273857 ], [ -61.053309861099997, -32.825683432600002 ], [ -61.046416659400002, -32.825955327199999 ], [ -61.045088487800001, -32.823922132 ], [ -61.045055343599998, -32.821091854899997 ], [ -61.047073375799997, -32.8184016907 ], [ -61.046101325599999, -32.814950245399999 ], [ -61.043695800599998, -32.812304462199997 ], [ -61.038644992099997, -32.8084462335 ], [ -61.031684630400001, -32.805903616400002 ], [ -61.024317289700001, -32.801413814 ], [ -61.018472033199998, -32.795286094200002 ], [ -61.013397467399997, -32.789151844599999 ], [ -61.002442959699998, -32.77519345 ], [ -60.998147612099999, -32.769702352 ], [ -60.995003680300002, -32.7638769311 ], [ -60.995323424, -32.758023964499998 ], [ -60.994107618, -32.752508193499999 ], [ -60.985424463599998, -32.739148137199997 ], [ -60.981139056099998, -32.734306372699997 ], [ -60.975315368099999, -32.729476421900003 ], [ -60.970632232100002, -32.723337255700002 ], [ -60.964054538600003, -32.7198127132 ], [ -60.955176510900003, -32.716955406700002 ], [ -60.947463212700001, -32.7150637608 ], [ -60.93821855, -32.713833157499998 ], [ -60.924996621200002, -32.713235069 ], [ -60.912228767400002, -32.713646028399999 ], [ -60.912227948199998, -32.7136278097 ], [ -60.911922518899999, -32.713630031299999 ], [ -60.911922781800001, -32.713655861200003 ], [ -60.898845526300001, -32.713750283 ], [ -60.890245743599998, -32.714127719399997 ], [ -60.878415871500003, -32.717444571100003 ], [ -60.870901956200001, -32.719171489499999 ], [ -60.8627186087, -32.716929322 ], [ -60.8592349953, -32.714678020800001 ], [ -60.853791280300001, -32.708539600899996 ], [ -60.8483606295, -32.7037009668 ], [ -60.839487690600002, -32.700835379600001 ], [ -60.828322934299997, -32.699609477 ], [ -60.816763403, -32.703122444 ], [ -60.807747221100001, -32.702093801399997 ], [ -60.797428502199999, -32.699261044700002 ], [ -60.790550813099998, -32.697492847299998 ], [ -60.782380480800001, -32.695007640299998 ], [ -60.770348046, -32.692183332299997 ], [ -60.753157887299999, -32.689837387799997 ], [ -60.743355862100003, -32.695244981 ], [ -60.741340934100002, -32.697991258099997 ], [ -60.7394710389, -32.700539682900001 ], [ -60.737194202399998, -32.705900770299998 ], [ -60.735960431599999, -32.709829655299998 ], [ -60.732609167699998, -32.712879650600001 ], [ -60.730097365799999, -32.7153898774 ], [ -60.724863760799998, -32.7205896655 ], [ -60.7291002885, -32.722525918400002 ], [ -60.733978893900002, -32.7255278202 ], [ -60.737804048800001, -32.728713966599997 ], [ -60.744390965299999, -32.734022686 ], [ -60.7486555208, -32.740726819899997 ], [ -60.750820349900003, -32.746088584600002 ], [ -60.753133595800001, -32.750732785899999 ], [ -60.755946273500001, -32.755145909699998 ], [ -60.759200812899998, -32.757080670699999 ], [ -60.7641884146, -32.758121939900001 ], [ -60.765648252600002, -32.757732754800003 ], [ -60.767397525699998, -32.757677251600001 ], [ -60.768670772299998, -32.757759053400001 ], [ -60.769518320099998, -32.757664246 ], [ -60.771584161600003, -32.757427528800001 ], [ -60.773648829300001, -32.757056376400001 ], [ -60.774908550100001, -32.7570048332 ], [ -60.7775180776, -32.7568980203 ], [ -60.781338594099999, -32.757232679 ], [ -60.786642109299997, -32.757378709100003 ], [ -60.790620149799999, -32.7575328844 ], [ -60.792792360599996, -32.757339949600002 ], [ -60.7948561348, -32.7568788488 ], [ -60.797657356899997, -32.75587539 ], [ -60.799893383200001, -32.755087548699997 ], [ -60.8018686327, -32.754487687199997 ], [ -60.8038301749, -32.754298949 ], [ -60.804995601400002, -32.754452958400002 ], [ -60.8060223138, -32.754637211 ], [ -60.808513255900003, -32.755355211299999 ], [ -60.809822603, -32.7560514412 ], [ -60.811589132800002, -32.757346614900001 ], [ -60.8127453723, -32.758396147200003 ], [ -60.813569002199998, -32.759168891 ], [ -60.8139375027, -32.759822917 ], [ -60.815148949099999, -32.760949694099999 ], [ -60.816340025499997, -32.7619989652 ], [ -60.817454002799998, -32.7629042696 ], [ -60.818720175400003, -32.763933224900001 ], [ -60.819732834, -32.765007036500002 ], [ -60.820550363800002, -32.765873910499998 ], [ -60.821089527, -32.766445604 ], [ -60.8223332771, -32.767538513300003 ], [ -60.823136201200001, -32.768553232499997 ], [ -60.823985890400003, -32.7696270211 ], [ -60.824650767199998, -32.770121796200002 ], [ -60.8258249728, -32.771200446199998 ], [ -60.826591726700002, -32.772188442100003 ], [ -60.828223286700002, -32.773107807199999 ], [ -60.829148041700002, -32.7735127543 ], [ -60.830147081200003, -32.774431032099997 ], [ -60.831958693799997, -32.775608139 ], [ -60.832629723799997, -32.776044130300001 ], [ -60.8342578452, -32.7770863119 ], [ -60.8354444048, -32.777845815 ], [ -60.837066805200003, -32.778510302800001 ], [ -60.838303897300001, -32.778854370099999 ], [ -60.839659883099998, -32.778904011599998 ], [ -60.840580611199996, -32.779149185800001 ], [ -60.842758152499997, -32.779728995299998 ], [ -60.8432710278, -32.779967959099999 ], [ -60.8444354174, -32.780121165700002 ], [ -60.846175983400002, -32.7807214121 ], [ -60.847328345800001, -32.781615505200001 ], [ -60.849058309299998, -32.783101560200002 ], [ -60.850001637, -32.784061464700002 ], [ -60.850706224900001, -32.784608582099999 ], [ -60.851714162599997, -32.785708650099998 ], [ -60.852771407600002, -32.786381406099999 ], [ -60.853979257900001, -32.7871499731 ], [ -60.8546107799, -32.787557102599997 ], [ -60.855582973, -32.787585154299997 ], [ -60.857111071699997, -32.787829907800003 ], [ -60.858791269800001, -32.788076078700001 ], [ -60.860166347099998, -32.788107215099998 ], [ -60.861882760900002, -32.788360838099997 ], [ -60.86310775, -32.788851657599999 ], [ -60.864122424199998, -32.789349886899998 ], [ -60.865366645800002, -32.789786265499998 ], [ -60.866486288300003, -32.790420775299999 ], [ -60.867382581500003, -32.7912217696 ], [ -60.869360449799998, -32.792657504600001 ], [ -60.870476004899999, -32.793648264700003 ], [ -60.870827358699998, -32.794483280900003 ], [ -60.8724005511, -32.79547084 ], [ -60.873224663899997, -32.795899930499999 ], [ -60.874333209900001, -32.796165980300003 ], [ -60.874943660299998, -32.796193926800001 ], [ -60.875964667700003, -32.796518036099997 ], [ -60.8770285724, -32.796855751300001 ], [ -60.877745384699999, -32.7971738309 ], [ -60.879039254799999, -32.798052885 ], [ -60.880343699500003, -32.798787602300003 ], [ -60.880614868099997, -32.798940332400001 ], [ -60.881229787099997, -32.799419155099997 ], [ -60.882586407399998, -32.800008891600001 ], [ -60.883614380499999, -32.8008025902 ], [ -60.884761471799997, -32.801745572900003 ], [ -60.885476917299997, -32.802413323700002 ], [ -60.8869364488, -32.803775512100003 ], [ -60.8877315971, -32.804719093499997 ], [ -60.888642759200003, -32.806050751100003 ], [ -60.890177012499997, -32.807648789799998 ], [ -60.890560053199998, -32.807621414 ], [ -60.8919331759, -32.809027421099998 ], [ -60.893334803400002, -32.8101768736 ], [ -60.894583612799998, -32.811486825400003 ], [ -60.895278493500001, -32.812322455699999 ], [ -60.896301786099997, -32.81338762 ], [ -60.897064180199997, -32.814106812 ], [ -60.898109342300003, -32.815635581400002 ], [ -60.899064641700001, -32.816759181800002 ], [ -60.899629463300002, -32.818305879 ], [ -60.901730001, -32.820653129900002 ], [ -60.9028831396, -32.822659348099997 ], [ -60.90503771, -32.825238038400002 ], [ -60.9066184713, -32.827081703799998 ], [ -60.908371239399997, -32.8289530857 ], [ -60.909221461, -32.829845478099998 ], [ -60.91121317, -32.831570152499999 ], [ -60.911821242599999, -32.832057320799997 ], [ -60.912713109499997, -32.833639381799998 ], [ -60.913832319599997, -32.835884456499997 ], [ -60.914528684099999, -32.838502596799998 ], [ -60.914880971499997, -32.839813255599999 ], [ -60.915706752200002, -32.842885348300001 ], [ -60.914991989800001, -32.8468471515 ], [ -60.914230866, -32.848429789100003 ], [ -60.913015811299999, -32.850526171200002 ], [ -60.911372122800003, -32.853844673600001 ], [ -60.9106747055, -32.857849800700002 ], [ -60.91011945, -32.8624981476 ], [ -60.911611042899999, -32.865451762500001 ], [ -60.911753209099999, -32.868100995799999 ], [ -60.911840747100001, -32.869732148499999 ], [ -60.912196865299997, -32.874027287 ], [ -60.912320299, -32.877019147 ], [ -60.912402495800002, -32.879011338300003 ], [ -60.9107366836, -32.882507861699999 ], [ -60.909047915499997, -32.886052272599997 ], [ -60.908383603399997, -32.887446458600003 ], [ -60.907894479699998, -32.888600709899997 ], [ -60.906689432199997, -32.891444290599999 ], [ -60.906314539199997, -32.893278604 ], [ -60.906115071899997, -32.894254547300001 ], [ -60.905518692900003, -32.896249908500003 ], [ -60.9042418553, -32.899547676600001 ], [ -60.903486886, -32.902554501 ] ] ] ] } },
{ "type": "Feature", "properties": { "N_CCA": 21, "Area": 1099.709, "Perim": 319.141, "Cuenca": "21- Arroyo del Medio" }, "geometry": { "type": "MultiPolygon", "coordinates": [ [ [ [ -60.537007089399999, -33.515530529899998 ], [ -60.529771799300001, -33.510786609 ], [ -60.518224764700001, -33.503950881599998 ], [ -60.511241254600002, -33.5006167222 ], [ -60.505845604199997, -33.4939124972 ], [ -60.498815772699999, -33.482281918200002 ], [ -60.495697943, -33.472890156799998 ], [ -60.484509098099998, -33.461711020599999 ], [ -60.478309922400001, -33.454111818100003 ], [ -60.472380746399999, -33.446735462299998 ], [ -60.465926851399999, -33.441154507299998 ], [ -60.459215643699999, -33.437367887500002 ], [ -60.455693463599999, -33.4363556781 ], [ -60.447103954500001, -33.431454208600002 ], [ -60.437438261300002, -33.4252106231 ], [ -60.433016447299998, -33.421876872600002 ], [ -60.422934662700001, -33.414274326499999 ], [ -60.411922178499999, -33.405342719 ], [ -60.405726055599999, -33.3961702378 ], [ -60.403417503900002, -33.389239224900003 ], [ -60.4027421081, -33.3872112488 ], [ -60.402702829600003, -33.378691096099999 ], [ -60.404661799099998, -33.375374457299998 ], [ -60.410684374600002, -33.369696232400003 ], [ -60.417326179299998, -33.360481138700003 ], [ -60.417543258400002, -33.359093042 ], [ -60.418082370900002, -33.355645539500003 ], [ -60.415913449100003, -33.349374688099999 ], [ -60.4126669638, -33.341313635500001 ], [ -60.405156459700002, -33.3359571 ], [ -60.396855117800001, -33.332844821499997 ], [ -60.391733914600003, -33.3296829043 ], [ -60.388545404699997, -33.3277140406 ], [ -60.387617615899998, -33.326576278300003 ], [ -60.383439191699999, -33.321451751600002 ], [ -60.379925604900002, -33.31249372 ], [ -60.373472310099999, -33.303320237 ], [ -60.368639585899999, -33.297953361799998 ], [ -60.360726662200001, -33.294044555600003 ], [ -60.355531474800003, -33.289575089400003 ], [ -60.352341193400001, -33.285239878900001 ], [ -60.3501485918, -33.279780669300003 ], [ -60.346117466700001, -33.273765984199997 ], [ -60.3427634496, -33.269991514399997 ], [ -60.340577271400001, -33.265933502199999 ], [ -60.336543683, -33.258937511799999 ], [ -60.333021084599999, -33.2544625297 ], [ -60.330262013400002, -33.248939726800003 ], [ -60.327984554399997, -33.246768250099997 ], [ -60.323460411399999, -33.242015347900001 ], [ -60.319110796300002, -33.239223785500002 ], [ -60.315430020299999, -33.236710649199999 ], [ -60.312920699400003, -33.236034417299997 ], [ -60.308196981899997, -33.237210323900001 ], [ -60.305395282, -33.239410707300003 ], [ -60.301035844300003, -33.2425710471 ], [ -60.297293779, -33.246262779200002 ], [ -60.286640716599997, -33.250010355100002 ], [ -60.285438988099997, -33.251087135799999 ], [ -60.280861260800002, -33.2540927712 ], [ -60.2672344036, -33.261106177499997 ], [ -60.256409705499998, -33.266156368200001 ], [ -60.256034434, -33.269554734400003 ], [ -60.252309360600002, -33.275156357599997 ], [ -60.252628774, -33.275593632300001 ], [ -60.253740587800003, -33.274995298100002 ], [ -60.2566570742, -33.273335084099998 ], [ -60.258884419799998, -33.271695623600003 ], [ -60.260761997499998, -33.2708889751 ], [ -60.262909508, -33.269732344499999 ], [ -60.2650031875, -33.2686818237 ], [ -60.266742936299998, -33.266638516500002 ], [ -60.2673307958, -33.265728767 ], [ -60.268441863200003, -33.264960074 ], [ -60.269781587799997, -33.2643895052 ], [ -60.272062755599997, -33.263265516099999 ], [ -60.2730037213, -33.263591829 ], [ -60.273425122399999, -33.264259916 ], [ -60.273196947899997, -33.265294321900001 ], [ -60.272346225299998, -33.266074659300003 ], [ -60.270696994, -33.265822827800001 ], [ -60.269943225799999, -33.265228395900003 ], [ -60.269224133400002, -33.2655295251 ], [ -60.268904138800004, -33.265911832299999 ], [ -60.269227375500002, -33.266586211400003 ], [ -60.269982420200002, -33.266848747600001 ], [ -60.270485568700003, -33.266953323300001 ], [ -60.270990676499999, -33.267691908700002 ], [ -60.2711821762, -33.2686425148 ], [ -60.270870841600001, -33.269594217 ], [ -60.270244246300003, -33.270229596199997 ], [ -60.269425956, -33.269849788599998 ], [ -60.2694242074, -33.269280352400003 ], [ -60.268731350400003, -33.268806340099999 ], [ -60.268165500599999, -33.268754727199997 ], [ -60.267412216099999, -33.269073357499998 ], [ -60.265968005, -33.2695519671 ], [ -60.265280595900002, -33.270874301699997 ], [ -60.265534417600001, -33.271666279400002 ], [ -60.2661649044, -33.272298946699998 ], [ -60.266167148599997, -33.273038626599998 ], [ -60.265854463300002, -33.273567641699998 ], [ -60.265541294400002, -33.273938153300001 ], [ -60.2658568652, -33.274360155700002 ], [ -60.266110061200003, -33.274940794700001 ], [ -60.265419894899999, -33.275364946800003 ], [ -60.265043698900001, -33.275682757 ], [ -60.264919908700001, -33.2763170558 ], [ -60.265361045100001, -33.2766859571 ], [ -60.266052504199997, -33.2766844792 ], [ -60.266806019599997, -33.276418691400004 ], [ -60.267370951799997, -33.276153304799998 ], [ -60.267873828, -33.276152222199997 ], [ -60.268189579500003, -33.2766270527 ], [ -60.268505981399997, -33.277313219299998 ], [ -60.268508407600002, -33.278105732599997 ], [ -60.268132695699997, -33.278582054700003 ], [ -60.2680090721, -33.279269170500001 ], [ -60.267633675, -33.279851159400003 ], [ -60.2668171097, -33.280064253 ], [ -60.265873854299997, -33.279960604800003 ], [ -60.264932356700001, -33.280438125899998 ], [ -60.264619637899997, -33.280967137499999 ], [ -60.264746958800004, -33.281495211900001 ], [ -60.265125896100002, -33.282075584300003 ], [ -60.265692790599999, -33.282444215699996 ], [ -60.267015348599998, -33.283233899800003 ], [ -60.267771498499997, -33.283813453 ], [ -60.268970309499998, -33.285237396699998 ], [ -60.269726327, -33.2857641035 ], [ -60.2699160648, -33.286133533200001 ], [ -60.270356620199998, -33.286291079199998 ], [ -60.270548155, -33.287241683300003 ], [ -60.270863471600002, -33.287558003500003 ], [ -60.271870173700002, -33.287819978100003 ], [ -60.274199093500002, -33.288713048399998 ], [ -60.274828937800002, -33.289081498599998 ], [ -60.275207477099997, -33.289503336700001 ], [ -60.27583783, -33.290030284 ], [ -60.2760911381, -33.290610900600001 ], [ -60.276157170200001, -33.291614608300002 ], [ -60.2763140088, -33.293661622099997 ], [ -60.277434233699999, -33.296547949100002 ], [ -60.277407208600003, -33.297168330700003 ], [ -60.277697907700002, -33.297593431 ], [ -60.2785817882, -33.298077972199998 ], [ -60.279117313900002, -33.2986438955 ], [ -60.279943099199997, -33.299019099500001 ], [ -60.2805382624, -33.299662422399997 ], [ -60.280093792700001, -33.301287168899997 ], [ -60.280722986400001, -33.3039677342 ], [ -60.281837022, -33.304899365200001 ], [ -60.281915005199998, -33.305753055099999 ], [ -60.283418704699997, -33.306183047200001 ], [ -60.283292626, -33.307472662899997 ], [ -60.283683548900001, -33.3080561162 ], [ -60.2843614035, -33.308707615899998 ], [ -60.284309459500001, -33.309675812400002 ], [ -60.283781278799999, -33.310977617600003 ], [ -60.283336016600003, -33.3122232403 ], [ -60.282889020500001, -33.3133348832 ], [ -60.2830812837, -33.313631048 ], [ -60.283270797, -33.313894787300001 ], [ -60.283711344899999, -33.313999450600001 ], [ -60.283964090200001, -33.314368712899999 ], [ -60.284663298399998, -33.315171818800003 ], [ -60.284597422399997, -33.315740953700001 ], [ -60.285165993299998, -33.316532163200002 ], [ -60.286552303900002, -33.317374320900001 ], [ -60.287247028800003, -33.318270898 ], [ -60.287939335899999, -33.318427798099997 ], [ -60.288256393300003, -33.319219575699996 ], [ -60.288950453, -33.319904807699999 ], [ -60.289142614500001, -33.320961044100002 ], [ -60.289901686199997, -33.322280129100001 ], [ -60.290974019, -33.323228636899998 ], [ -60.293240827299996, -33.324015818900001 ], [ -60.293809175699998, -33.324701319799999 ], [ -60.294312684700003, -33.324805796200003 ], [ -60.294817973900003, -33.325438607499997 ], [ -60.295888970100002, -33.325964402300002 ], [ -60.296707680899999, -33.326279454199998 ], [ -60.2979682848, -33.327068948499999 ], [ -60.299983306800002, -33.327750942 ], [ -60.301495185199997, -33.328434124899999 ], [ -60.3024415585, -33.329277169599997 ], [ -60.303134894199999, -33.329698152100001 ], [ -60.303576827599997, -33.330172579500001 ], [ -60.304081113499997, -33.330488350400003 ], [ -60.304334543700001, -33.331016070300002 ], [ -60.305153700200002, -33.331436733 ], [ -60.306036687599999, -33.3321214033 ], [ -60.306479573899999, -33.332859987799999 ], [ -60.3079919093, -33.333648676899998 ], [ -60.308748952599998, -33.334280805699997 ], [ -60.309757612699997, -33.334912302500001 ], [ -60.310199233799999, -33.335281038399998 ], [ -60.311021838099997, -33.336652665300001 ], [ -60.3125362201, -33.337969713500001 ], [ -60.313418384899997, -33.338390162400003 ], [ -60.314745448799997, -33.340077493300001 ], [ -60.315504501600003, -33.341237914300002 ], [ -60.316013283300002, -33.342768805 ], [ -60.316583079300003, -33.343771198399999 ], [ -60.319359507599998, -33.346088781699997 ], [ -60.319740054, -33.346933144799998 ], [ -60.320560982300002, -33.347776370600002 ], [ -60.322139974499997, -33.349462968399997 ], [ -60.323211233, -33.349935689600002 ], [ -60.3238425065, -33.3505152173 ], [ -60.323719027800003, -33.351149545399998 ], [ -60.322966022099997, -33.351679844499998 ], [ -60.322086595899997, -33.352051965500003 ], [ -60.321586588700001, -33.352951436600002 ], [ -60.321526976400001, -33.353849766099998 ], [ -60.322158461900003, -33.354482135200001 ], [ -60.322789761599999, -33.355061667699999 ], [ -60.323106143, -33.3555365271 ], [ -60.324050081899998, -33.355586901099997 ], [ -60.325085702400003, -33.355410153299999 ], [ -60.325919845900003, -33.356453765099999 ], [ -60.326070099600003, -33.357377961899999 ], [ -60.326764364, -33.357957308400003 ], [ -60.327208348299997, -33.3589071472 ], [ -60.3260142735, -33.359280124500003 ], [ -60.324816851800001, -33.358754925 ], [ -60.324251368900001, -33.3589677382 ], [ -60.324191192699999, -33.359707568099999 ], [ -60.324822740099997, -33.3603399227 ], [ -60.325390000100001, -33.360602606199997 ], [ -60.324951917500002, -33.361237758599998 ], [ -60.324702787100001, -33.361925249199999 ], [ -60.3248309843, -33.362558918799998 ], [ -60.324517947, -33.362982407300002 ], [ -60.324457770599999, -33.363722236900003 ], [ -60.325152664699999, -33.364460091200002 ], [ -60.325158363699998, -33.365992254200002 ], [ -60.325789373100001, -33.366466103400001 ], [ -60.326293357200001, -33.366623280900001 ], [ -60.326669915, -33.366358122199998 ], [ -60.326922401300003, -33.366568792400003 ], [ -60.327015700099999, -33.367761966700002 ], [ -60.325923495200001, -33.368684766699999 ], [ -60.325107819800003, -33.369320909700001 ], [ -60.323977418200002, -33.370237047800003 ], [ -60.323265469699997, -33.371907437099999 ], [ -60.322153048600001, -33.372718899299997 ], [ -60.321787712700001, -33.3731048374 ], [ -60.321897517700002, -33.373887517100002 ], [ -60.323039074500002, -33.3767379887 ], [ -60.323500502199998, -33.377091679 ], [ -60.325267310599997, -33.378355068700003 ], [ -60.325777469499997, -33.380150073199999 ], [ -60.326408585099998, -33.380623917500003 ], [ -60.326348216500001, -33.381310912899998 ], [ -60.3262880443, -33.382050741100002 ], [ -60.325848285600003, -33.382263230699998 ], [ -60.325281866700003, -33.382264716400002 ], [ -60.324968761699999, -33.382688205100003 ], [ -60.325034253, -33.38337487 ], [ -60.325603436100003, -33.384113048099998 ], [ -60.326172628899997, -33.384851223399998 ], [ -60.3268071412, -33.386223226399999 ], [ -60.3272488968, -33.386539063699999 ], [ -60.328139563400001, -33.3890727211 ], [ -60.329084464600001, -33.389281553300002 ], [ -60.329525845200003, -33.389491716199998 ], [ -60.329339414099998, -33.390126213099997 ], [ -60.329152171600001, -33.390549456400002 ], [ -60.329153963800003, -33.391024953100001 ], [ -60.329783580499999, -33.391076115099999 ], [ -60.3303500564, -33.391074608499999 ], [ -60.33079285, -33.391654597500001 ], [ -60.330732308899996, -33.392288760600003 ], [ -60.329980391299998, -33.393188931300003 ], [ -60.330173216399999, -33.394245087800002 ], [ -60.331121183599997, -33.395246397699999 ], [ -60.331816186, -33.395931376199997 ], [ -60.332134529800001, -33.396881526500003 ], [ -60.333267959799997, -33.396984154599998 ], [ -60.3345759543, -33.396268773899997 ], [ -60.334779473899999, -33.397191419800002 ], [ -60.334277927599999, -33.397721106100001 ], [ -60.334405844199999, -33.398249095700002 ], [ -60.3348484988, -33.3987762362 ], [ -60.334913878199998, -33.399410060699999 ], [ -60.334412927199999, -33.400098246 ], [ -60.334164572299997, -33.400997082899998 ], [ -60.334607644499997, -33.401629889699997 ], [ -60.334425678300001, -33.4034267153 ], [ -60.333987449699997, -33.404061896100004 ], [ -60.334053635899998, -33.404907051800002 ], [ -60.334057275600003, -33.4058580425 ], [ -60.333492924600002, -33.4064407276 ], [ -60.3340034215, -33.4082356881 ], [ -60.334383575300002, -33.408868664099998 ], [ -60.335204419699998, -33.409500449100001 ], [ -60.3357748771, -33.410502739599998 ], [ -60.335525491799999, -33.411137414 ], [ -60.335339079299999, -33.411771809299999 ], [ -60.335718851800003, -33.4122991152 ], [ -60.3369160552, -33.412560036400002 ], [ -60.337734498899998, -33.412557811100001 ], [ -60.3383021378, -33.412820431 ], [ -60.338809899799998, -33.413875711 ], [ -60.339130440200002, -33.4153541668 ], [ -60.339950762599997, -33.415827421 ], [ -60.340831164199997, -33.415560839100003 ], [ -60.341334839, -33.415559454399997 ], [ -60.341526819199998, -33.416351424799998 ], [ -60.342539156, -33.417616631599998 ], [ -60.344123388100002, -33.420201075199998 ], [ -60.344754894099999, -33.420674820599999 ], [ -60.3449477526, -33.421678115299997 ], [ -60.345264871600001, -33.422258398300002 ], [ -60.345832805800001, -33.4225738154 ], [ -60.346087807700002, -33.423365601900002 ], [ -60.346719557299998, -33.4238921695 ], [ -60.347729951200002, -33.424629005600003 ], [ -60.348485752499997, -33.424679717799997 ], [ -60.349811214299997, -33.425468484299998 ], [ -60.35019071, -33.425890078800002 ], [ -60.350820377399998, -33.425888299500002 ], [ -60.3514525995, -33.426520507500001 ], [ -60.352147371800001, -33.427046868399998 ], [ -60.352840015, -33.4270449001 ], [ -60.3536600929, -33.427412396500003 ], [ -60.3540400447, -33.427939643899997 ], [ -60.354733554399999, -33.428148994899999 ], [ -60.355236655500001, -33.427989055700003 ], [ -60.355993568099997, -33.428303884400002 ], [ -60.358076949900003, -33.429618715099998 ], [ -60.358771569300004, -33.430092205699999 ], [ -60.360030963600003, -33.430088556500003 ], [ -60.360787255799998, -33.430244858199998 ], [ -60.361231327399999, -33.431036061900002 ], [ -60.361737960600003, -33.431721413 ], [ -60.362558559, -33.432194514599999 ], [ -60.363062548599999, -33.432245873399999 ], [ -60.364133500900003, -33.4323484 ], [ -60.365145245599997, -33.433349253599999 ], [ -60.365840819699997, -33.434034033499998 ], [ -60.367291635599997, -33.434610909 ], [ -60.367922256600004, -33.434820372 ], [ -60.368869311300003, -33.435398722199999 ], [ -60.369881594, -33.436505200799999 ], [ -60.3706417776, -33.437559591499998 ], [ -60.3712099026, -33.437874890300002 ], [ -60.371650729400002, -33.43787357 ], [ -60.372157237899998, -33.438506047099999 ], [ -60.372791061800001, -33.4394551372 ], [ -60.373798683799997, -33.439452104300003 ], [ -60.374367513199999, -33.439925885199997 ], [ -60.376703587400002, -33.441292468299999 ], [ -60.377838559700002, -33.441606013300003 ], [ -60.3787829985, -33.441550299200003 ], [ -60.379412777, -33.441548374 ], [ -60.380045780499998, -33.442286097 ], [ -60.380490319300002, -33.443130060800002 ], [ -60.382003898599997, -33.443600903899998 ], [ -60.382570712400003, -33.443599156600001 ], [ -60.382888858299999, -33.444337835600003 ], [ -60.3837080614, -33.444440969299997 ], [ -60.384592111400003, -33.444966559800001 ], [ -60.384973960499998, -33.445863534300003 ], [ -60.386363288299997, -33.446704539599999 ], [ -60.387183221599997, -33.446966146599998 ], [ -60.387311298299998, -33.447441242499998 ], [ -60.388255558200001, -33.447332623800001 ], [ -60.389265157399997, -33.447752121599997 ], [ -60.389393718900003, -33.448332879500001 ], [ -60.390029189700002, -33.449598874199999 ], [ -60.391859752499997, -33.450491261099998 ], [ -60.392871311299999, -33.451333385600002 ], [ -60.393442230300003, -33.452229733400003 ], [ -60.394012922199998, -33.453073246300001 ], [ -60.394834374699997, -33.453651794099997 ], [ -60.394838445200001, -33.454549938900001 ], [ -60.395976535800003, -33.455497299699999 ], [ -60.397302170899998, -33.456127052299998 ], [ -60.397871719400001, -33.456706386500002 ], [ -60.398253757500001, -33.457603317100002 ], [ -60.399392409699999, -33.4586563095 ], [ -60.399963929499997, -33.459658289300002 ], [ -60.401290143399997, -33.460393662100003 ], [ -60.402239404699998, -33.461341575 ], [ -60.402934516199998, -33.461814812199997 ], [ -60.403817878300003, -33.462128934299997 ], [ -60.408020119100001, -33.465401870599997 ], [ -60.410078871700001, -33.4674635286 ], [ -60.410647278699997, -33.469489345100001 ], [ -60.4115046617, -33.470716103400001 ], [ -60.412151262199998, -33.472930897700003 ], [ -60.411711110399999, -33.474629801 ], [ -60.411115845899999, -33.475540588400001 ], [ -60.411536774600002, -33.478328557300003 ], [ -60.412459328, -33.479164608200001 ], [ -60.413391406400002, -33.480756429899998 ], [ -60.4133350448, -33.483500991299998 ], [ -60.413519296700002, -33.484552901599997 ], [ -60.414693480399997, -33.485227159700003 ], [ -60.415526902400003, -33.485514772599998 ], [ -60.416008637799997, -33.486644570599999 ], [ -60.417045547, -33.488660572199997 ], [ -60.417011636, -33.490924505 ], [ -60.416639670899997, -33.4924121277 ], [ -60.417628232699997, -33.493462585400003 ], [ -60.417798823699997, -33.494388129599997 ], [ -60.41740131, -33.495664686200001 ], [ -60.417813126699997, -33.496380156900003 ], [ -60.416560198500001, -33.497208523799998 ], [ -60.416354612299997, -33.497760630499997 ], [ -60.417221264600002, -33.4987576746 ], [ -60.419074223099997, -33.4998428022 ], [ -60.419354417500003, -33.500549606200003 ], [ -60.418392226199998, -33.501646493499997 ], [ -60.418627295100002, -33.5026550312 ], [ -60.419386868499998, -33.503339282699997 ], [ -60.420871677199997, -33.504081236600001 ], [ -60.421267846900001, -33.504929282100001 ], [ -60.421255073499999, -33.5049806528 ], [ -60.421107598699997, -33.505573745299998 ], [ -60.421296221799999, -33.507189563 ], [ -60.4209224198, -33.508088982399997 ], [ -60.421493492800003, -33.508879525 ], [ -60.421938266200002, -33.509617662700002 ], [ -60.4220084739, -33.511096726700004 ], [ -60.421317984, -33.511680231699998 ], [ -60.421384341600003, -33.512366825199997 ], [ -60.4218278504, -33.512840805899998 ], [ -60.422402557600002, -33.514370982300001 ], [ -60.422343634699999, -33.515216498699999 ], [ -60.421906265499999, -33.516010472300003 ], [ -60.42071097, -33.516490027400003 ], [ -60.420148536500001, -33.517495748199998 ], [ -60.420090356, -33.518499757299999 ], [ -60.420221596499999, -33.519555977899998 ], [ -60.420728426300002, -33.520082579300002 ], [ -60.421613214399997, -33.5205550604 ], [ -60.422056766700003, -33.521029039399998 ], [ -60.421306493400003, -33.522299565499999 ], [ -60.420554408400001, -33.523200268 ], [ -60.420623327199998, -33.5244151733 ], [ -60.421072783, -33.526104274399998 ], [ -60.421643721199999, -33.526841981799997 ], [ -60.422654405700001, -33.527261193900003 ], [ -60.423539020100002, -33.527680828900003 ], [ -60.423984940099999, -33.528630281 ], [ -60.423610303399997, -33.529371212199997 ], [ -60.422668285599997, -33.530114079900002 ], [ -60.421601705800001, -33.531174357 ], [ -60.421290337099997, -33.5319678977 ], [ -60.421549175400003, -33.5333406508 ], [ -60.421301868400001, -33.534345301400002 ], [ -60.421054555700003, -33.535349951500002 ], [ -60.4190462547, -33.537258701299997 ], [ -60.418987286099998, -33.538104213300002 ], [ -60.418866032799997, -33.539108432 ], [ -60.418176318699999, -33.539903243300003 ], [ -60.417548371199999, -33.5404336824 ], [ -60.417427352200001, -33.541490730600003 ], [ -60.417051082599997, -33.541914654499998 ], [ -60.416362343099998, -33.542920780199999 ], [ -60.4156097774, -33.5437686203 ], [ -60.4144763615, -33.5440894113 ], [ -60.413913932100002, -33.545147932399999 ], [ -60.4146115478, -33.54599091 ], [ -60.416007832600002, -33.547888177399997 ], [ -60.417081791299999, -33.54830722 ], [ -60.4176503021, -33.548516631399998 ], [ -60.4177830231, -33.549889814099998 ], [ -60.417095499200002, -33.551160098300002 ], [ -60.417290511899999, -33.5523745753 ], [ -60.4181745944, -33.552635752 ], [ -60.418620077600004, -33.553479557 ], [ -60.418244552700003, -33.554061928499998 ], [ -60.4183106674, -33.554695687900001 ], [ -60.4184416262, -33.5556990511 ], [ -60.418510036699999, -33.556808289300001 ], [ -60.418390027699999, -33.558076659699999 ], [ -60.419465912100002, -33.558865496800003 ], [ -60.420478496800001, -33.559601707600002 ], [ -60.421242178500002, -33.5610255709 ], [ -60.4221922531, -33.561867643500001 ], [ -60.423138996600002, -33.562022906499998 ], [ -60.423903001699998, -33.563499583199999 ], [ -60.425295112599997, -33.564445780500002 ], [ -60.427820900599997, -33.565071058299999 ], [ -60.430280774700002, -33.565115364 ], [ -60.431413090699998, -33.564530273499997 ], [ -60.433937074100001, -33.564785610199998 ], [ -60.435515068299999, -33.565044227199998 ], [ -60.436775076300002, -33.564775629 ], [ -60.437472273300003, -33.565459979800004 ], [ -60.438358684400001, -33.566143656599998 ], [ -60.4404444774, -33.567034392 ], [ -60.441393190200003, -33.567559329799998 ], [ -60.442092869299998, -33.5687191305 ], [ -60.442729766500001, -33.5699319832 ], [ -60.443741865900002, -33.570509507499999 ], [ -60.444186878799997, -33.571194723200001 ], [ -60.445766376400002, -33.571717361600001 ], [ -60.445773164800002, -33.5730381288 ], [ -60.446539829099997, -33.574937304599999 ], [ -60.447745327200003, -33.576306571799996 ], [ -60.448823703599999, -33.577465005699999 ], [ -60.448576046500001, -33.578364041 ], [ -60.4500292731, -33.5788342496 ], [ -60.452050485, -33.579355199399998 ], [ -60.452933013399999, -33.5792463095 ], [ -60.453629625300003, -33.579772073900003 ], [ -60.454263167800001, -33.580298065900003 ], [ -60.455589467800003, -33.580610179899999 ], [ -60.456668194800002, -33.58182133 ], [ -60.457302606600003, -33.582505797400003 ], [ -60.4576227445, -33.583402750200001 ], [ -60.458068771299999, -33.584246404600002 ], [ -60.457884831199998, -33.585250884300002 ], [ -60.458206381799997, -33.5864119875 ], [ -60.4585265439, -33.5873089372 ], [ -60.458469888, -33.588524271499999 ], [ -60.457592851, -33.589689810599999 ], [ -60.457342742599998, -33.590113387099997 ], [ -60.456905047, -33.590854644700002 ], [ -60.456846974199998, -33.591805825599998 ], [ -60.457701518100002, -33.592904262399998 ], [ -60.457533115099999, -33.59352962 ], [ -60.457562086400003, -33.594531071600002 ], [ -60.4574526496, -33.595131419799998 ], [ -60.457472689500001, -33.59556271 ], [ -60.457748238800001, -33.5957914213 ], [ -60.457706355100001, -33.596082458 ], [ -60.458046050699998, -33.596497690500001 ], [ -60.458225410600001, -33.596824268200002 ], [ -60.458227219699999, -33.597166377900002 ], [ -60.4580697898, -33.597628074299998 ], [ -60.457786993699997, -33.597896864200003 ], [ -60.457115745300001, -33.598598478600003 ], [ -60.456959562100003, -33.599298162799997 ], [ -60.456731067200003, -33.599760119800003 ], [ -60.456697343400002, -33.600102360599998 ], [ -60.456858942, -33.600429005700001 ], [ -60.456791102499999, -33.601039115600003 ], [ -60.456634363699997, -33.601634678899998 ], [ -60.456816866399997, -33.602556231400001 ], [ -60.457037761800002, -33.602967488799997 ], [ -60.456873610599999, -33.603210504899998 ], [ -60.456999059300003, -33.603418286100002 ], [ -60.4575239459, -33.604387049899998 ], [ -60.4588510934, -33.605421706500003 ], [ -60.459294846100001, -33.606023682100002 ], [ -60.459177361199998, -33.606527136700002 ], [ -60.458818858800001, -33.606897347100002 ], [ -60.4586622068, -33.607568619200002 ], [ -60.4595456459, -33.608001289900002 ], [ -60.460467184300001, -33.608064932300003 ], [ -60.460742669699997, -33.608645741 ], [ -60.460479665500003, -33.6104123036 ], [ -60.459245862400003, -33.61189241 ], [ -60.458895335100003, -33.613771644700002 ], [ -60.458498878299999, -33.614544408900002 ], [ -60.458261391400001, -33.615081841299997 ], [ -60.458545680900002, -33.6158185472 ], [ -60.4585487, -33.616388622800002 ], [ -60.458154357799998, -33.617563791899997 ], [ -60.458442561299996, -33.619038242199998 ], [ -60.458685387599999, -33.619506825 ], [ -60.458649594699999, -33.620311785600002 ], [ -60.459013308899998, -33.620914057100002 ], [ -60.4588169321, -33.621652544500002 ], [ -60.4578204552, -33.622595202500001 ], [ -60.457422531699997, -33.623099692 ], [ -60.457907525800003, -33.623902684400001 ], [ -60.4583121971, -33.624672478400001 ], [ -60.458313972600003, -33.625007816500002 ], [ -60.4579571652, -33.625713362 ], [ -60.457561178500001, -33.626586723700001 ], [ -60.457405546300002, -33.627459195299998 ], [ -60.4580119536, -33.628496519 ], [ -60.459749357200003, -33.631273430900002 ], [ -60.460955508700003, -33.632073767199998 ], [ -60.461638360499997, -33.632406564199997 ], [ -60.462284021, -33.633276047199999 ], [ -60.462687879299999, -33.6338781563 ], [ -60.463052038500003, -33.634547481399999 ], [ -60.463734198899999, -33.634746131599996 ], [ -60.465097988099998, -33.635042819399999 ], [ -60.465580739400004, -33.635409881199998 ], [ -60.4662616472, -33.635373781200002 ], [ -60.466781755699998, -33.635237681500001 ], [ -60.467865114200002, -33.635535396900003 ], [ -60.468165977300004, -33.635693659700003 ], [ -60.468072856500001, -33.637158022500003 ], [ -60.469360363600003, -33.637616911199999 ], [ -60.471115747699997, -33.636912561899997 ], [ -60.472522919900001, -33.637429125200001 ], [ -60.473647491599998, -33.637927838400003 ], [ -60.475327832700003, -33.637485443800003 ], [ -60.4765294113, -33.6374137504 ], [ -60.478815894, -33.637907933299999 ], [ -60.480863874199997, -33.638738345 ], [ -60.481871675199997, -33.639841055200002 ], [ -60.482674117599998, -33.640039131499996 ], [ -60.483318734599997, -33.640673765899997 ], [ -60.485285671699998, -33.641336795800001 ], [ -60.485846605, -33.641334593 ], [ -60.486407538199998, -33.641332387699997 ], [ -60.487371027199998, -33.641663937 ], [ -60.487854098299998, -33.642064443899997 ], [ -60.488856151900002, -33.642127554799998 ], [ -60.489298216800002, -33.642360546500001 ], [ -60.489942899500001, -33.642995145599997 ], [ -60.491186131399999, -33.643191418900003 ], [ -60.492706021499998, -33.642715891400002 ], [ -60.493507366700001, -33.642712695599997 ], [ -60.494628674300003, -33.642607612200003 ], [ -60.495029922, -33.642706609299999 ], [ -60.495353340500003, -33.643208328500002 ], [ -60.495875371099999, -33.643407441800001 ], [ -60.496519532, -33.643941405500001 ], [ -60.497160809599997, -33.643972362900001 ], [ -60.497924993700003, -33.644472302099999 ], [ -60.499527327700001, -33.644398770400002 ], [ -60.500809697599998, -33.644427117100001 ], [ -60.501411884, -33.644625882200003 ], [ -60.502144410600003, -33.645321753399998 ], [ -60.503010602700002, -33.645670629100003 ], [ -60.505159913200004, -33.645661830199998 ], [ -60.506612892299998, -33.645895531400001 ], [ -60.508206807900002, -33.645647883400002 ], [ -60.509618086400003, -33.646052090200001 ], [ -60.512498974, -33.644554423199999 ], [ -60.5133857963, -33.644624952299999 ], [ -60.5142319538, -33.644271462699997 ], [ -60.517198978800003, -33.6445944297 ], [ -60.518919084899998, -33.644117743 ], [ -60.519602251, -33.644450216400003 ], [ -60.520484753600002, -33.644614175699999 ], [ -60.521449821600001, -33.645180191500003 ], [ -60.522615042, -33.645711819399999 ], [ -60.522900387, -33.646515434400001 ], [ -60.523070397600002, -33.648124357900002 ], [ -60.523273180300002, -33.648525910399997 ], [ -60.524114645200001, -33.648522346100002 ], [ -60.5248741387, -33.648217316299998 ], [ -60.525353548, -33.647980540600003 ], [ -60.526195007299997, -33.647976962199998 ], [ -60.527200424100002, -33.648576294800002 ], [ -60.528363881099999, -33.648806067499997 ], [ -60.529642625, -33.648230514700003 ], [ -60.530924565699998, -33.648191466599997 ], [ -60.531527257800001, -33.648457150600002 ], [ -60.532568449700001, -33.648352067399998 ], [ -60.5336094321, -33.648213442100001 ], [ -60.5341683344, -33.647875686699997 ], [ -60.535050483299997, -33.6479724748 ], [ -60.535852495100002, -33.648069604 ], [ -60.536890762100001, -33.647495018400001 ], [ -60.5385713708, -33.647118832899999 ], [ -60.540253012, -33.646910291 ], [ -60.541095507800001, -33.6470742777 ], [ -60.5417374516, -33.647205603300002 ], [ -60.542817, -33.646831992400003 ], [ -60.543617323, -33.6466608052 ], [ -60.544538482199997, -33.646589683199998 ], [ -60.546221368300003, -33.646582259799999 ], [ -60.546743109399998, -33.646714090400003 ], [ -60.547622286600003, -33.646341323599998 ], [ -60.548463726900003, -33.646337593799998 ], [ -60.548946039699999, -33.6465701925 ], [ -60.550548786900002, -33.646563066 ], [ -60.551668356599997, -33.646189199799998 ], [ -60.552828842300002, -33.645949277200003 ], [ -60.553471653, -33.646214674600003 ], [ -60.5567576997, -33.646266989200001 ], [ -60.5581600967, -33.646260666099998 ], [ -60.558476746899998, -33.645655621499998 ], [ -60.559156822200002, -33.645484877 ], [ -60.560398723299997, -33.645445676100003 ], [ -60.561557431799997, -33.6449374066 ], [ -60.5622771269, -33.644699396699998 ], [ -60.562713944899997, -33.644093794699998 ], [ -60.563592151100003, -33.643586782500002 ], [ -60.564470128, -33.643046230899998 ], [ -60.565306931499997, -33.6423381906 ], [ -60.566025058500003, -33.641865427 ], [ -60.566542187800003, -33.641292978 ], [ -60.568221219900003, -33.6407151927 ], [ -60.569698576500002, -33.639937109199998 ], [ -60.570574266199998, -33.639061183300001 ], [ -60.570725898699997, -33.637752651100001 ], [ -60.570962080599998, -33.637114411500001 ], [ -60.572322708800002, -33.636873382300003 ], [ -60.573044749799998, -33.637004175 ], [ -60.573488789, -33.637505128900003 ], [ -60.574131153300002, -33.637703353 ], [ -60.575292574899997, -33.637630886700002 ], [ -60.576095201900003, -33.637828354900002 ], [ -60.577254833300003, -33.6374876052 ], [ -60.578292021599999, -33.636812075900004 ], [ -60.578930352299999, -33.636406679099998 ], [ -60.5795281324, -33.635934346600003 ], [ -60.5802492762, -33.635930964800004 ], [ -60.580771227699998, -33.636096185299998 ], [ -60.581409090699999, -33.635623709599997 ], [ -60.581604448500002, -33.634885039499999 ], [ -60.5825231894, -33.634478305099996 ], [ -60.583323316, -33.634306862499997 ], [ -60.583888720499999, -33.634974877200001 ], [ -60.584771014600001, -33.635104844700003 ], [ -60.585087664699998, -33.634533266299997 ], [ -60.585725492400002, -33.634060768700003 ], [ -60.586247669800002, -33.634259499099997 ], [ -60.587168884800001, -33.634221594300001 ], [ -60.587325721299997, -33.633717837200003 ], [ -60.587279741400003, -33.632846167499999 ], [ -60.586592548600002, -33.631944006799998 ], [ -60.586707049499999, -33.631105109499998 ], [ -60.5875069087, -33.630900107099997 ], [ -60.587990149, -33.6312666862 ], [ -60.588955272299998, -33.631798640200003 ], [ -60.589397091599999, -33.631964206 ], [ -60.589760160300003, -33.632331350699999 ], [ -60.590128592600003, -33.632142035100003 ], [ -60.590634339399998, -33.631882158400003 ], [ -60.591077618600004, -33.6316543776 ], [ -60.591797119900001, -33.6314161974 ], [ -60.592396663, -33.631212121899999 ], [ -60.5933546845, -33.6307045167 ], [ -60.593916229199998, -33.630802423600002 ], [ -60.594638250099997, -33.630933090500001 ], [ -60.595477687600003, -33.630660778100001 ], [ -60.596875427599997, -33.630016891 ], [ -60.599552648699998, -33.628998079900001 ], [ -60.600229485600003, -33.628391182100003 ], [ -60.600226927400001, -33.628022318799999 ], [ -60.601305744299999, -33.6276146684 ], [ -60.602065475800003, -33.6274097672 ], [ -60.602711564400003, -33.628144371499999 ], [ -60.603236782400003, -33.628778959400002 ], [ -60.603279647500003, -33.62918116 ], [ -60.6044988907, -33.6296231265 ], [ -60.604887448, -33.629944591399997 ], [ -60.605369582599998, -33.630143437 ], [ -60.605892014799998, -33.630375617399999 ], [ -60.606971068699998, -33.630001450599998 ], [ -60.607929696200003, -33.629594332400004 ], [ -60.6087294477, -33.629389193 ], [ -60.6094458102, -33.628714982299996 ], [ -60.610482638800001, -33.628039185900001 ], [ -60.610797436299997, -33.627232812400003 ], [ -60.6123559523, -33.6266885593 ], [ -60.6139592647, -33.626814746699999 ], [ -60.614876573399997, -33.626240109299999 ], [ -60.615592861700001, -33.6255658635 ], [ -60.6176742273, -33.625320747099998 ], [ -60.618281570100002, -33.6262231336 ], [ -60.618329055499999, -33.6272624538 ], [ -60.618215584600001, -33.628201976200003 ], [ -60.618739956600002, -33.628702365300001 ], [ -60.619623195300001, -33.628966216 ], [ -60.620181392299997, -33.628594542899997 ], [ -60.620213521899998, -33.627487756299999 ], [ -60.620485763399998, -33.626346231 ], [ -60.6215239211, -33.625871540600002 ], [ -60.622885912599997, -33.6258646884 ], [ -60.624448438400002, -33.625890343 ], [ -60.625606985700003, -33.625448544500003 ], [ -60.626802179599999, -33.624537072099997 ], [ -60.627798520100001, -33.623827802299999 ], [ -60.628477794699997, -33.623589613699998 ], [ -60.628873984199998, -33.622983985799998 ], [ -60.629551785899999, -33.622544594099999 ], [ -60.630467723300001, -33.621802178099998 ], [ -60.632020383399997, -33.620486423300001 ], [ -60.632053339499997, -33.619513765500002 ], [ -60.633772033, -33.619001938099998 ], [ -60.6346114738, -33.618762895099998 ], [ -60.634846149399998, -33.617990406099999 ], [ -60.636121498, -33.617111966499998 ], [ -60.637559505900001, -33.6165680167 ], [ -60.638035460700003, -33.615928414199999 ], [ -60.638595967299999, -33.6158919875 ], [ -60.639720695299999, -33.616322119199999 ], [ -60.640319025700002, -33.615983682100001 ], [ -60.6412323176, -33.614905859099999 ], [ -60.641985126800002, -33.613795328099997 ], [ -60.643502150400003, -33.613116763 ], [ -60.6440949566, -33.612040585599999 ], [ -60.644728798300001, -33.611098327900002 ], [ -60.645605682899998, -33.610523674200003 ], [ -60.647434505, -33.6087032728 ], [ -60.648387682200003, -33.607625188 ], [ -60.649065264100003, -33.607185690900003 ], [ -60.649983639600002, -33.606811993400001 ], [ -60.651135139600001, -33.606427722399999 ], [ -60.652549664299997, -33.607167338099998 ], [ -60.653149145199997, -33.606996503700003 ], [ -60.653504278500002, -33.606290411400003 ], [ -60.653979553, -33.605583682899997 ], [ -60.654778757300001, -33.605344716499999 ], [ -60.6556144527, -33.604636073599998 ], [ -60.656767977199998, -33.603590396800001 ], [ -60.657001907, -33.602750801100001 ], [ -60.657231253299997, -33.601307614500001 ], [ -60.6572251479, -33.600502827200003 ], [ -60.657743971199999, -33.600265330900001 ], [ -60.658865016699998, -33.600225831800003 ], [ -60.659653179400003, -33.598544924099997 ], [ -60.660122230299997, -33.597033385 ], [ -60.661109537900003, -33.595217268200003 ], [ -60.6637398616, -33.593560011400001 ], [ -60.664295583799998, -33.592919879699998 ], [ -60.665490436200002, -33.592075104599999 ], [ -60.666410642400002, -33.591969549399998 ], [ -60.666888056499999, -33.591564567100001 ], [ -60.668248203700003, -33.591389558 ], [ -60.669128358400002, -33.5912841556 ], [ -60.670805199500002, -33.590637927099998 ], [ -60.671602139699999, -33.590130591499999 ], [ -60.672840827599998, -33.589788520500001 ], [ -60.6739141256, -33.588776654500002 ], [ -60.675075053699999, -33.588736792200002 ], [ -60.676235457200001, -33.588629853599997 ], [ -60.6773126314, -33.588120949699999 ], [ -60.679828618400002, -33.587268798399997 ], [ -60.681749759500001, -33.587157626500002 ], [ -60.683505975099997, -33.586443721 ], [ -60.6842590559, -33.585467068299998 ], [ -60.686819716700001, -33.585218143399999 ], [ -60.687817239200001, -33.584776658899997 ], [ -60.689178566700001, -33.584769084800001 ], [ -60.690217445499997, -33.584495021400002 ], [ -60.692418780799997, -33.584382121200001 ], [ -60.693382332200002, -33.5847120289 ], [ -60.694746075799998, -33.585006187399998 ], [ -60.695705399300003, -33.584799592899998 ], [ -60.6969893431, -33.585127709299996 ], [ -60.698511640500001, -33.5852197281 ], [ -60.699390337600001, -33.584946492 ], [ -60.700631818399998, -33.5849730033 ], [ -60.703640460499997, -33.585660148700001 ], [ -60.705768004500001, -33.586318714800001 ], [ -60.706813135700003, -33.586815761 ], [ -60.7086168465, -33.587040183799999 ], [ -60.7098580838, -33.587033069599997 ], [ -60.710703595699997, -33.587598295799999 ], [ -60.710791375699998, -33.588536745699997 ], [ -60.711113351100003, -33.588736100299997 ], [ -60.711792941, -33.588598056599999 ], [ -60.7123491, -33.588058311 ], [ -60.714066691100001, -33.587545400300002 ], [ -60.715027653500002, -33.587539851199999 ], [ -60.715908285300003, -33.587501258499998 ], [ -60.716350388800002, -33.587699904300003 ], [ -60.717470957800003, -33.587626344 ], [ -60.718430252700003, -33.587419573799998 ], [ -60.719309184899998, -33.587179729299997 ], [ -60.720398901400003, -33.588212945599999 ], [ -60.720961697699998, -33.588477940200001 ], [ -60.721681309399997, -33.588339609199998 ], [ -60.722399241799998, -33.588000079499999 ], [ -60.723396889299998, -33.5875918427 ], [ -60.723954369, -33.587219708 ], [ -60.724634766400001, -33.587182191399997 ], [ -60.725274000900001, -33.587010776200003 ], [ -60.7273154652, -33.586931725900001 ], [ -60.7283604422, -33.587395055899997 ], [ -60.729999254, -33.587050058599999 ], [ -60.731118952099997, -33.586875777899998 ], [ -60.732200305600003, -33.586902918100002 ], [ -60.733681772200001, -33.586894143199999 ], [ -60.734518910299997, -33.586453234700002 ], [ -60.735081452700001, -33.586684632400001 ], [ -60.736205407200003, -33.5870132907 ], [ -60.7367659624, -33.587009954400003 ], [ -60.737607103199998, -33.587038488300003 ], [ -60.738249736900002, -33.587269394 ], [ -60.738850619099999, -33.587299341700003 ], [ -60.739933410200003, -33.5874940757 ], [ -60.741496111499998, -33.587618857300001 ], [ -60.742097858199998, -33.587749385899997 ], [ -60.743610061399998, -33.587038773499998 ], [ -60.7445002543, -33.587734955 ], [ -60.745543022600003, -33.587929880499999 ], [ -60.746467407899999, -33.588326715299999 ], [ -60.747508452300004, -33.588320430800003 ], [ -60.748383545199999, -33.587644461899998 ], [ -60.749101654100002, -33.587338311 ], [ -60.749543250599999, -33.587469772699997 ], [ -60.751144840199998, -33.587460061 ], [ -60.752025714200002, -33.587454710700001 ], [ -60.753023793899999, -33.587113301400002 ], [ -60.754027991400001, -33.587476059799997 ], [ -60.755072529099998, -33.587872097800002 ], [ -60.755631918200002, -33.587734547300002 ], [ -60.755747359600001, -33.587197299099998 ], [ -60.755384665699999, -33.5869312421 ], [ -60.755341411899998, -33.586562632700002 ], [ -60.7558601681, -33.586358261299999 ], [ -60.756977459700003, -33.585915532599998 ], [ -60.757775307499998, -33.585575309799999 ], [ -60.758370608900002, -33.584968051799997 ], [ -60.759170498099998, -33.584862545299998 ], [ -60.7601726356, -33.584990529 ], [ -60.761365544199997, -33.584044244600001 ], [ -60.761447976600003, -33.584312009 ], [ -60.762566390800004, -33.584003316500002 ], [ -60.763243789699999, -33.583630267 ], [ -60.7640000759, -33.583122590899997 ], [ -60.765320428700001, -33.583013830399999 ], [ -60.76571725, -33.582608968400002 ], [ -60.765950363899996, -33.581802711 ], [ -60.766630992499998, -33.581798496399998 ], [ -60.767832992400002, -33.581891646099997 ], [ -60.769387888399997, -33.581144242100002 ], [ -60.770346682099998, -33.580903539799998 ], [ -60.771265135699998, -33.580629547599997 ], [ -60.771862994700001, -33.580324014699997 ], [ -60.773703142599999, -33.580144921900001 ], [ -60.774341924, -33.579939723 ], [ -60.774537011699998, -33.579368425299997 ], [ -60.775296791899997, -33.579263066 ], [ -60.775940964500002, -33.5796614359 ], [ -60.778935220500003, -33.578703676 ], [ -60.780055307300003, -33.578596019199999 ], [ -60.781099549499999, -33.578958305900002 ], [ -60.782020366499999, -33.578952490600003 ], [ -60.782092875899998, -33.578113684500003 ], [ -60.782088036700003, -33.577577172399998 ], [ -60.783362487799998, -33.576831365799997 ], [ -60.784633276, -33.575683162300002 ], [ -60.78595075, -33.575272395600003 ], [ -60.786865441400003, -33.574595905099997 ], [ -60.787861707899999, -33.574086558200001 ], [ -60.788530381500003, -33.572774476799999 ], [ -60.789480480100003, -33.571594732599998 ], [ -60.790353545599999, -33.570750812299998 ], [ -60.7918713802, -33.570372237500003 ], [ -60.794536592299998, -33.5685107913 ], [ -60.795616210799999, -33.568369690600001 ], [ -60.796328755600001, -33.567493226300002 ], [ -60.796117833899999, -33.566320895399997 ], [ -60.797917003899997, -33.5660745729 ], [ -60.798753916400003, -33.565666767899998 ], [ -60.7985054074, -33.564762955100001 ], [ -60.799140308200002, -33.5641552469 ], [ -60.801052697499998, -33.563170401599997 ], [ -60.801564387399999, -33.562228139 ], [ -60.802323361299997, -33.562055552300002 ], [ -60.802667167400003, -33.560276024399997 ], [ -60.803822971, -33.559731981500001 ], [ -60.804065304700003, -33.559965145299998 ], [ -60.806047547699997, -33.557906646 ], [ -60.807203921899998, -33.557429636 ], [ -60.808274298900002, -33.5563160317 ], [ -60.8098662158, -33.555333143200002 ], [ -60.8106623173, -33.554858457400002 ], [ -60.810338054, -33.554424639 ], [ -60.809776154700003, -33.554260645799999 ], [ -60.808572314800003, -33.553933174699999 ], [ -60.807211508400002, -33.553942055 ], [ -60.807005153699997, -33.553272720899997 ], [ -60.807396965300001, -33.552364749 ], [ -60.807833160900003, -33.551925961899997 ], [ -60.808066741700003, -33.551220224 ], [ -60.808701789799997, -33.550645999899999 ], [ -60.809132968900002, -33.5496706972 ], [ -60.809405304099997, -33.548830567499998 ], [ -60.810276696499997, -33.547852382099997 ], [ -60.8109126453, -33.547378742799999 ], [ -60.811751511399997, -33.5472055758 ], [ -60.812061728800003, -33.546083906 ], [ -60.814092163799998, -33.545010449 ], [ -60.814881853400003, -33.543865098600001 ], [ -60.816242499300003, -33.543856136400002 ], [ -60.817484982099998, -33.544049143300001 ], [ -60.8183571836, -33.543171498100001 ], [ -60.8177112005, -33.5425721541 ], [ -60.817582620099998, -33.541667585299997 ], [ -60.817736691699999, -33.541029421899999 ], [ -60.8181321291, -33.540523799699997 ], [ -60.8192891542, -33.540147275700001 ], [ -60.820133950299997, -33.540611159199997 ], [ -60.821625066599999, -33.541707895599998 ], [ -60.822831006900003, -33.542269965300001 ], [ -60.8244838524, -33.543533261500002 ], [ -60.8257705121, -33.544161832500002 ], [ -60.827170858400002, -33.544118951400002 ], [ -60.827967720700002, -33.5437447519 ], [ -60.828398329400002, -33.542735853 ], [ -60.828952823599998, -33.542128530900001 ], [ -60.8293613321, -33.542997678100001 ], [ -60.829685965899998, -33.543464978599999 ], [ -60.8301306599, -33.543931473199997 ], [ -60.8310403873, -33.543713145399998 ], [ -60.831572945200001, -33.544089464800003 ], [ -60.832332983500002, -33.544050824099997 ], [ -60.8329732861, -33.544046518199998 ], [ -60.833418000599998, -33.544513000599999 ], [ -60.833938571099999, -33.544543029499998 ], [ -60.834455596799998, -33.544204206899998 ], [ -60.8347728468, -33.543900263 ], [ -60.836214736, -33.544024619799998 ], [ -60.836820190200001, -33.544557072099998 ], [ -60.837739658700002, -33.544450252700003 ], [ -60.8381385542, -33.544313417399998 ], [ -60.839339447500002, -33.544338816500002 ], [ -60.840063682599997, -33.544736311800001 ], [ -60.840668190899997, -33.545168149699997 ], [ -60.841308175400002, -33.545130268800001 ], [ -60.841832003199997, -33.545495581300003 ], [ -60.842156713100003, -33.545962847699997 ], [ -60.842676969099998, -33.545959307899999 ], [ -60.842952548600003, -33.545487957500001 ], [ -60.844036986200003, -33.545882976400001 ], [ -60.845118822, -33.546009732400002 ], [ -60.8456361382, -33.545704395400001 ], [ -60.846231201599998, -33.545163787600004 ], [ -60.847505599, -33.544517927299999 ], [ -60.848149833599997, -33.544915922500003 ], [ -60.848233803399999, -33.545317753799999 ], [ -60.849156871799998, -33.545579697599997 ], [ -60.850719601400002, -33.545770173400001 ], [ -60.851881553200002, -33.5453714418 ], [ -60.852362705899999, -33.5459936098 ], [ -60.853003019500001, -33.545989200100003 ], [ -60.8543243258, -33.546047157799997 ], [ -60.856246589400001, -33.546168014499997 ], [ -60.857768329499997, -33.546258082900003 ], [ -60.8587294648, -33.546318488200001 ], [ -60.859691265400002, -33.546445949099997 ], [ -60.860651738900003, -33.546439276400001 ], [ -60.861332739600002, -33.5465016084 ], [ -60.861855992400002, -33.546799771499998 ], [ -60.862258855599997, -33.5470652371 ], [ -60.8658309781, -33.548079828100001 ], [ -60.866433627299998, -33.548310348800001 ], [ -60.866913873500003, -33.548306987099998 ], [ -60.8672387278, -33.548774185100001 ], [ -60.868003480600002, -33.549204765200002 ], [ -60.868728555399997, -33.549669152600003 ], [ -60.8686542178, -33.550239748499997 ], [ -60.8698989134, -33.550633414399996 ], [ -60.870863131500002, -33.5509955072 ], [ -60.871507855799997, -33.5514269094 ], [ -60.872708512800003, -33.5514184516 ], [ -60.872633863200001, -33.551955518 ], [ -60.8741638447, -33.552095391400002 ], [ -60.875046685, -33.553078634899997 ], [ -60.875889190599999, -33.553273879400002 ], [ -60.876291787699998, -33.553505766599997 ], [ -60.876815472, -33.553837396 ], [ -60.877617626499998, -33.553999380800001 ], [ -60.878463540699997, -33.554529920699999 ], [ -60.879147672599998, -33.554893935199999 ], [ -60.879231796200003, -33.555295742399998 ], [ -60.880598723200002, -33.5558896334 ], [ -60.881124821500002, -33.556455962900003 ], [ -60.882127128699999, -33.556616493299998 ], [ -60.882453801, -33.557251305299999 ], [ -60.883016532200003, -33.557482028499997 ], [ -60.883666486599999, -33.558416333899999 ], [ -60.884551138399999, -33.558812419900001 ], [ -60.884916494499997, -33.559312813799998 ], [ -60.8851207262, -33.559713757799997 ], [ -60.886493586500002, -33.560877612100001 ], [ -60.887655715599998, -33.561003418699997 ], [ -60.888458298700002, -33.561198862799998 ], [ -60.889128952500002, -33.561751133100003 ], [ -60.889427178, -33.561996712499997 ], [ -60.889752548899999, -33.562497378800003 ], [ -60.890036520599999, -33.562864207300002 ], [ -60.890604476, -33.563597875799999 ], [ -60.891205574499999, -33.563660616699998 ], [ -60.892088244699998, -33.563855460299997 ], [ -60.892655184, -33.5644885118 ], [ -60.893062364899997, -33.565156247099999 ], [ -60.894064792899997, -33.565316678499997 ], [ -60.894590344699999, -33.565815885399999 ], [ -60.895153854900002, -33.566113613799999 ], [ -60.895537173299999, -33.5665484644 ], [ -60.895803659099997, -33.567014319899997 ], [ -60.895928248, -33.567449354799997 ], [ -60.896532495700001, -33.567813849099998 ], [ -60.896855849600001, -33.568113308800001 ], [ -60.897458371200003, -33.568310142900003 ], [ -60.897861789099998, -33.5686090194 ], [ -60.898224138499998, -33.568807591800002 ], [ -60.898269029799998, -33.569276736 ], [ -60.898712832599998, -33.569608850100003 ], [ -60.8994392838, -33.570173643700002 ], [ -60.899879964500002, -33.570203974 ], [ -60.9003262146, -33.5707707993 ], [ -60.900371118599999, -33.571239942399998 ], [ -60.9012142029, -33.571468541199998 ], [ -60.901938244900002, -33.571798602400001 ], [ -60.902428037200004, -33.572700437800002 ], [ -60.903149998899998, -33.572829305699997 ], [ -60.903710788399998, -33.572858745700003 ], [ -60.904599524600002, -33.573623524299997 ], [ -60.904563689900002, -33.5740261885 ], [ -60.904888144399997, -33.574426219 ], [ -60.905456647199998, -33.575193332 ], [ -60.906140002800001, -33.575456598700001 ], [ -60.906582114400003, -33.575621028400001 ], [ -60.907189971500003, -33.576320777799999 ], [ -60.907838925, -33.577120823 ], [ -60.907925662700002, -33.577757323100002 ], [ -60.908167618500002, -33.577923148700002 ], [ -60.908613611600003, -33.578456410900003 ], [ -60.909096480300001, -33.5786875991 ], [ -60.909381290799999, -33.579121441799998 ], [ -60.910112115, -33.5800885401 ], [ -60.910514927100003, -33.5803203113 ], [ -60.910722145800001, -33.580989455900003 ], [ -60.9114498283, -33.581654767700002 ], [ -60.911815084499999, -33.582121545299998 ], [ -60.911779280799998, -33.582524210599999 ], [ -60.9130228629, -33.582749775700002 ], [ -60.913427461700003, -33.5831491912 ], [ -60.913552870399997, -33.583651267100002 ], [ -60.913956415199998, -33.583950088199998 ], [ -60.914080060300002, -33.584284509299998 ], [ -60.913766836699999, -33.584957491399997 ], [ -60.914171803, -33.585390434899999 ], [ -60.914694054599998, -33.585554242699999 ], [ -60.9149771465, -33.585820417199997 ], [ -60.9161123664, -33.587153354500003 ], [ -60.916197758800003, -33.587655723499999 ], [ -60.916559875, -33.587820708800002 ], [ -60.917200841099998, -33.587849492700002 ], [ -60.917641971499997, -33.587913288800003 ], [ -60.918168862400002, -33.588512981500003 ], [ -60.918178815600001, -33.589451918599998 ], [ -60.918344656199999, -33.589987222200001 ], [ -60.9188290369, -33.590352493499999 ], [ -60.918995594499997, -33.590954857500002 ], [ -60.918882230599998, -33.591592833699998 ], [ -60.9188475236, -33.5920960921 ], [ -60.9188138827, -33.592699942700001 ], [ -60.919217132500002, -33.592965214499998 ], [ -60.919617538099999, -33.592962239099997 ], [ -60.919839938700001, -33.593218140799998 ], [ -60.919751895600001, -33.594302575100002 ], [ -60.919432277799999, -33.594372017399998 ], [ -60.919314288599999, -33.5945740943 ], [ -60.919357531700001, -33.594875573300001 ], [ -60.919560941500002, -33.595175861900003 ], [ -60.919850843500001, -33.596079107500003 ], [ -60.919814717, -33.596448243 ], [ -60.920137903, -33.596714106599997 ], [ -60.9202619474, -33.597082050899999 ], [ -60.9201074749, -33.5976197333 ], [ -60.920151078700002, -33.597954742500001 ], [ -60.9202722757, -33.598054441 ], [ -60.920279755199999, -33.598758585500001 ], [ -60.920283317, -33.599093892399999 ], [ -60.920778805300003, -33.600498605600002 ], [ -60.920824551800003, -33.601034798299999 ], [ -60.920989006600003, -33.601435974 ], [ -60.921073730300002, -33.601871276399997 ], [ -60.921316494499997, -33.602104201899998 ], [ -60.921281798800003, -33.60260746 ], [ -60.921285365, -33.602942766600002 ], [ -60.921370091699998, -33.603378068600001 ], [ -60.921772329200003, -33.6035427387 ], [ -60.921735851800001, -33.603878343600002 ], [ -60.921223146199999, -33.604619843400002 ], [ -60.921228495500003, -33.605122803100002 ], [ -60.921232775100002, -33.6055251708 ], [ -60.921197008199997, -33.605927836699998 ], [ -60.922000794100001, -33.606190114900002 ], [ -60.922250356900001, -33.607060120100002 ], [ -60.921975024799998, -33.607531638499999 ], [ -60.922101235600003, -33.6081007636 ], [ -60.922347948499997, -33.608702523300003 ], [ -60.922154850200002, -33.609374628499999 ], [ -60.922478092399999, -33.609640484499998 ], [ -60.9220858216, -33.610414674499999 ], [ -60.922008937400001, -33.610717047100003 ], [ -60.922132654099997, -33.611051457499997 ], [ -60.922824804, -33.6121193512 ], [ -60.922710015299998, -33.612623206400002 ], [ -60.922955673899999, -33.613124372400002 ], [ -60.923125882500003, -33.6140620332 ], [ -60.923371905300002, -33.6145967287 ], [ -60.923175585300001, -33.614967059800001 ], [ -60.923351521900003, -33.616441209 ], [ -60.923562151600002, -33.617412100099997 ], [ -60.923489916699999, -33.618150370400002 ], [ -60.923255325200003, -33.6186886534 ], [ -60.923064358700003, -33.619561942499999 ], [ -60.923033244, -33.620400505100001 ], [ -60.923236728500001, -33.6207007852 ], [ -60.922638072600002, -33.620906451899998 ], [ -60.922402396800003, -33.621344141599998 ], [ -60.922289023799998, -33.6219821181 ], [ -60.922542927400002, -33.623254486100002 ], [ -60.9227489194, -33.623789480500001 ], [ -60.922593346600003, -33.624226572799998 ], [ -60.922275407800001, -33.624463676600001 ], [ -60.921665958600002, -33.627419120399999 ], [ -60.9219956982, -33.628288525099997 ], [ -60.922165572899999, -33.629192654100002 ], [ -60.922416639, -33.630196776600002 ], [ -60.922660560600001, -33.630530288599999 ], [ -60.922504976100001, -33.630967380400001 ], [ -60.922104752400003, -33.6310038986 ], [ -60.921749587, -33.631509543900002 ], [ -60.921837562500002, -33.632246617600003 ], [ -60.922056079299999, -33.633955179 ], [ -60.922139772, -33.634289886399998 ], [ -60.921983106500001, -33.634626386 ], [ -60.921987037, -33.634995221300002 ], [ -60.921710189400002, -33.635332616600003 ], [ -60.921558878, -33.636172072900003 ], [ -60.921810673899998, -33.637243256200001 ], [ -60.922496001500001, -33.637640542600003 ], [ -60.922779648800002, -33.637940224200001 ], [ -60.9247598766, -33.639534977300002 ], [ -60.9257711164, -33.6404328036 ], [ -60.927345773399999, -33.641561128399999 ], [ -60.9275139354, -33.642297594799999 ], [ -60.928079498499997, -33.642729280799998 ], [ -60.929050026, -33.643560318600002 ], [ -60.929863559799998, -33.6446943268 ], [ -60.931039143, -33.645959735600002 ], [ -60.932049077899997, -33.646723385900003 ], [ -60.932457684600003, -33.647458031600003 ], [ -60.933039981100002, -33.649432120599997 ], [ -60.9328053694, -33.649970419500001 ], [ -60.932091396200001, -33.650646465100003 ], [ -60.932258171900003, -33.651248801900003 ], [ -60.932824903099998, -33.651781055 ], [ -60.933267818399997, -33.651978910099999 ], [ -60.934048303200001, -33.653750264499998 ], [ -60.934773886800002, -33.654147175799999 ], [ -60.936579883199997, -33.654401769899998 ], [ -60.937554988199999, -33.655635098300003 ], [ -60.9379207052, -33.656101785600001 ], [ -60.938418750499999, -33.656163579199998 ], [ -60.936931212600001, -33.658039236599997 ], [ -60.9530791233, -33.673330355899999 ], [ -60.959651297400001, -33.679286215200001 ], [ -60.972750503900002, -33.691389919599999 ], [ -60.975938035799999, -33.694334587500002 ], [ -60.9937227044, -33.7110812154 ], [ -60.994415605699999, -33.711795413200001 ], [ -61.001454896799999, -33.718364167700003 ], [ -61.002069520699997, -33.7189416537 ], [ -61.005640344500002, -33.722320188399998 ], [ -61.005790840099998, -33.722449142 ], [ -61.009133407900002, -33.725584938099999 ], [ -61.009307185200001, -33.725747864500001 ], [ -61.016482331399999, -33.732480132200003 ], [ -61.016639069699998, -33.732604873699998 ], [ -61.022055386700004, -33.737835462699998 ], [ -61.025392755, -33.740959663 ], [ -61.0296595334, -33.744835815599998 ], [ -61.038303018599997, -33.7528534884 ], [ -61.051716004299998, -33.765291095400002 ], [ -61.051661598899997, -33.765573550399999 ], [ -61.058700716, -33.772191722899997 ], [ -61.066009506199997, -33.778937560700001 ], [ -61.0667593067, -33.7783914452 ], [ -61.072882757800002, -33.7740120144 ], [ -61.075336620100003, -33.771470086500003 ], [ -61.082218877400003, -33.768148012099999 ], [ -61.088213069, -33.764833391499998 ], [ -61.0911818063, -33.760952193400001 ], [ -61.0957533395, -33.757501512099999 ], [ -61.102086050600001, -33.752997070799999 ], [ -61.111108837899998, -33.750692154200003 ], [ -61.119658454, -33.752987196200003 ], [ -61.127512163200002, -33.756325875599998 ], [ -61.141828915700003, -33.76509033 ], [ -61.144734015300003, -33.769956246600003 ], [ -61.1479529669, -33.771705553899999 ], [ -61.152969629899999, -33.770895397300002 ], [ -61.161402133099998, -33.7684661 ], [ -61.166245074499997, -33.772127103800003 ], [ -61.170710161199999, -33.773240102300001 ], [ -61.175704019199998, -33.775744015599997 ], [ -61.180703123599997, -33.7777720152 ], [ -61.185896335899997, -33.780984074700001 ], [ -61.191259260499997, -33.783601205799997 ], [ -61.2001417854, -33.790513215200001 ], [ -61.203830029599999, -33.793709535799998 ], [ -61.2086636764, -33.796479318300001 ], [ -61.212570064200001, -33.796440981300002 ], [ -61.2164185201, -33.798516001800003 ], [ -61.221613808699999, -33.799329476700002 ], [ -61.2252357534, -33.798861153399997 ], [ -61.229476613499997, -33.797695387700003 ], [ -61.232187392, -33.7953212436 ], [ -61.239719588, -33.788889907799998 ], [ -61.2480949013, -33.785290073699997 ], [ -61.252958829, -33.781725386200002 ], [ -61.258251472399998, -33.7786526473 ], [ -61.259706023200003, -33.773923538399998 ], [ -61.261117871800003, -33.772207212300003 ], [ -61.266781525500001, -33.7666438543 ], [ -61.2712969695, -33.763374976900003 ], [ -61.276443014800002, -33.756978534600002 ], [ -61.282458804699999, -33.756255999700002 ], [ -61.291889652199998, -33.752691739200003 ], [ -61.295779993399996, -33.750428511800003 ], [ -61.2976676611, -33.749330264599998 ], [ -61.302455047800002, -33.745813936399998 ], [ -61.307335374499999, -33.741890975 ], [ -61.3130250301, -33.739347802799998 ], [ -61.321276503699998, -33.736371515400002 ], [ -61.328851395400001, -33.734392223599997 ], [ -61.342557918899999, -33.729999526900002 ], [ -61.339214126100003, -33.718034572199997 ], [ -61.3381301772, -33.712876952 ], [ -61.334865323899997, -33.707323739800003 ], [ -61.330839791400003, -33.701702922300001 ], [ -61.327885590400001, -33.689415479099999 ], [ -61.328850317499999, -33.683350740599998 ], [ -61.328210947300001, -33.678764196899998 ], [ -61.318889473900001, -33.674902783599997 ], [ -61.308138864199996, -33.677592876600002 ], [ -61.295407604099999, -33.6767610741 ], [ -61.278900286800003, -33.673509738699998 ], [ -61.271782490600003, -33.672135203 ], [ -61.2424325263, -33.6664625306 ], [ -61.232711844, -33.659724637799997 ], [ -61.211390181799999, -33.649079455500001 ], [ -61.2031561031, -33.645139131100002 ], [ -61.197654527899999, -33.6447412542 ], [ -61.183709641, -33.645277633900001 ], [ -61.163013550800002, -33.644669914700003 ], [ -61.147694555599998, -33.650442164899999 ], [ -61.1439575777, -33.658920430899997 ], [ -61.137290466499998, -33.664208964899998 ], [ -61.127651421099998, -33.663091059899998 ], [ -61.115094548800002, -33.6595862661 ], [ -61.104872332399999, -33.6504302385 ], [ -61.103120098300003, -33.648321124299997 ], [ -61.095588949300002, -33.639254601899999 ], [ -61.081047407299998, -33.630536779899998 ], [ -61.069920058199997, -33.6254064759 ], [ -61.058818637, -33.622285355199999 ], [ -61.045842813599997, -33.623199931599999 ], [ -61.029009491499998, -33.623341140400001 ], [ -61.016518813600001, -33.624650707400001 ], [ -61.006413866099997, -33.624331270500001 ], [ -60.997233840100002, -33.620786840400001 ], [ -60.991819100500003, -33.6099740111 ], [ -60.989290659300003, -33.599137865899998 ], [ -60.980980072900003, -33.5871413582 ], [ -60.976539973900003, -33.577124208 ], [ -60.968612737299999, -33.567729048099999 ], [ -60.966115411300002, -33.559304629899998 ], [ -60.957874065200002, -33.552935174399998 ], [ -60.948196678599999, -33.546978267299998 ], [ -60.935195990300002, -33.544664579 ], [ -60.915451749900001, -33.540791186 ], [ -60.906263225, -33.535229427099999 ], [ -60.903737096, -33.5330577183 ], [ -60.895597220399999, -33.526058772299997 ], [ -60.885881942799998, -33.515674079900002 ], [ -60.8742557968, -33.506106298900001 ], [ -60.868411562299997, -33.498105392399999 ], [ -60.859667109500002, -33.488113831500002 ], [ -60.849948621899998, -33.476519902299998 ], [ -60.840302586699998, -33.472162532200002 ], [ -60.828291308600001, -33.471439176899999 ], [ -60.819206475599998, -33.4755205875 ], [ -60.810131969899999, -33.480807592 ], [ -60.803004836900001, -33.490696596 ], [ -60.799439919900003, -33.494740694400001 ], [ -60.795513512500001, -33.498364088499997 ], [ -60.788948214400001, -33.502678409600001 ], [ -60.783571803699999, -33.505728305700003 ], [ -60.778513259299999, -33.5107864955 ], [ -60.772864806299999, -33.517104744100003 ], [ -60.762130726800002, -33.525715949099997 ], [ -60.754367051899997, -33.5307897737 ], [ -60.746576582400003, -33.532847486100003 ], [ -60.7393927464, -33.535655046800002 ], [ -60.731609938600002, -33.538717064099998 ], [ -60.722610571300002, -33.540026472900003 ], [ -60.716001166700003, -33.539813553199998 ], [ -60.7117882808, -33.5388325877 ], [ -60.704572242700003, -33.537868583799998 ], [ -60.700224526, -33.537082546199997 ], [ -60.6914871054, -33.533613230500002 ], [ -60.686073576, -33.532638083 ], [ -60.680962384099999, -33.531912332200001 ], [ -60.674655939799997, -33.5319468482 ], [ -60.666557264399998, -33.533247293199999 ], [ -60.658171368300003, -33.536307939399997 ], [ -60.647382175700002, -33.539380608 ], [ -60.637495115599997, -33.5426990136 ], [ -60.631825071, -33.547754406800003 ], [ -60.620146740499997, -33.552839781899998 ], [ -60.615669539599999, -33.5568831983 ], [ -60.60487974, -33.560454811600003 ], [ -60.601319660100003, -33.560647407399998 ], [ -60.5946692204, -33.561006911200003 ], [ -60.588055012, -33.560284562900002 ], [ -60.579922078, -33.5570558143 ], [ -60.572367323899996, -33.550305400399999 ], [ -60.564826825300003, -33.545564992199999 ], [ -60.555783821600002, -33.540579552799997 ], [ -60.5479114627, -33.530561916 ], [ -60.542142854799998, -33.520534544500002 ], [ -60.537007089399999, -33.515530529899998 ] ] ] ] } },
{ "type": "Feature", "properties": { "N_CCA": 2, "Area": 4277.65, "Perim": 377.401, "Cuenca": "2- Arroyo El Rey" }, "geometry": { "type": "MultiPolygon", "coordinates": [ [ [ [ -59.688656765299982, -29.201872657399974 ], [ -59.698953774431459, -29.201376715891968 ], [ -59.707519834052391, -29.191382979667424 ], [ -59.728221144803172, -29.180675405141187 ], [ -59.749636293855644, -29.167826315709704 ], [ -59.758202353476634, -29.142841975148485 ], [ -59.775334472718555, -29.119999149492514 ], [ -59.805315681392017, -29.104294706854091 ], [ -59.84743214119527, -29.080738042896314 ], [ -59.849573656100517, -29.067175115163138 ], [ -59.854570524212761, -29.036480068187927 ], [ -59.851715171005708, -29.010068051023211 ], [ -59.848859817798768, -28.977231489142696 ], [ -59.855998200816259, -28.937256544244804 ], [ -59.859567392325005, -28.917982910097521 ], [ -59.870274966851241, -28.889429378027558 ], [ -59.890976277601908, -28.860875845957594 ], [ -59.912391426654381, -28.830894637284132 ], [ -59.960218592871627, -28.783781309368749 ], [ -59.985202933432845, -28.759510807109223 ], [ -59.988058286639841, -28.73809565805675 ], [ -60.014470303804501, -28.705972934478041 ], [ -60.043023835874465, -28.683843947123876 ], [ -60.065421908400026, -28.657052776400008 ], [ -60.043536361400015, -28.629678533900005 ], [ -60.04632083179996, -28.626012872499984 ], [ -60.042384016999961, -28.620510215299987 ], [ -60.037553085799914, -28.613756865199946 ], [ -60.035851329500019, -28.606097418200022 ], [ -60.033070710400011, -28.600317751600016 ], [ -60.030289491900021, -28.591385087399942 ], [ -60.027907015700009, -28.587707171599959 ], [ -60.02592112269997, -28.582102339899961 ], [ -60.019568374599885, -28.567915156199945 ], [ -60.016893656799994, -28.556526011500011 ], [ -60.017182299000012, -28.551045868399967 ], [ -60.017382417299984, -28.547246099899951 ], [ -60.01539786799998, -28.5418162446 ], [ -60.013165412799992, -28.541767750199995 ], [ -60.007859591199974, -28.536737119800023 ], [ -60.000718752099942, -28.534810534899975 ], [ -59.997810731199934, -28.53455371230001 ], [ -59.988817703099983, -28.533759088800025 ], [ -59.979892686699998, -28.529729273099861 ], [ -59.974936138599958, -28.521145371799946 ], [ -59.973749689600027, -28.506956772000024 ], [ -59.975139558899912, -28.499424920600006 ], [ -59.978908638099881, -28.491192773500018 ], [ -59.977523077799958, -28.48015710189992 ], [ -59.976930077199938, -28.472099361400012 ], [ -59.980104632400014, -28.457210717899898 ], [ -59.984665126399875, -28.445299968799986 ], [ -59.989031729999908, -28.441803062699933 ], [ -59.996492389100013, -28.438645332699878 ], [ -60.003690660100006, -28.437593434099995 ], [ -60.018156101099976, -28.431461421700021 ], [ -60.024298129399881, -28.427431615800003 ], [ -60.03083552469991, -28.421824934299991 ], [ -60.034400262900022, -28.416218717999982 ], [ -60.036971589199993, -28.403605962200004 ], [ -60.039742679399922, -28.39712396409999 ], [ -60.041127320600026, -28.391868507299989 ], [ -60.044074605299954, -28.381524422700011 ], [ -60.056346336099978, -28.379308467499982 ], [ -60.064701419799974, -28.381687996999972 ], [ -60.071707049899999, -28.380492871599927 ], [ -60.084919796799966, -28.375128352299953 ], [ -60.090726341099924, -28.375249362499858 ], [ -60.095846030000018, -28.371560539299992 ], [ -60.108745480799996, -28.3689841849 ], [ -60.125006121699982, -28.371783641700006 ], [ -60.146919612700003, -28.372386984999935 ], [ -60.155565684999942, -28.363468305500021 ], [ -60.165265413999975, -28.354545258600012 ], [ -60.169981794100011, -28.348657863599954 ], [ -60.184683159699944, -28.341393675699976 ], [ -60.188560936399938, -28.336386761699998 ], [ -60.187838921799937, -28.327634932600006 ], [ -60.183556047699938, -28.30232002169987 ], [ -60.182108666600016, -28.282002779399932 ], [ -60.191269430399984, -28.270423933499956 ], [ -60.191256034099979, -28.262921459799998 ], [ -60.190538222200018, -28.256357774700007 ], [ -60.186989752299894, -28.246046723399957 ], [ -60.186263091099988, -28.234168721 ], [ -60.194703268699982, -28.216963651499952 ], [ -60.203873181899951, -28.213824233000025 ], [ -60.209161303399924, -28.211002795599995 ], [ -60.219745025900011, -28.2094231767 ], [ -60.229628661, -28.207922798899972 ], [ -60.232791860799921, -28.204712510399986 ], [ -60.241250356000023, -28.200008766800011 ], [ -60.248994448900021, -28.191867130300011 ], [ -60.255341739099947, -28.190292404799948 ], [ -60.26592039540003, -28.187771411799986 ], [ -60.277540032599916, -28.178682756999876 ], [ -60.284942811799965, -28.176479304999987 ], [ -60.293049129700023, -28.173648736400025 ], [ -60.296376794000025, -28.170469287599985 ], [ -60.300445997700024, -28.169568819900007 ], [ -60.308194151800024, -28.165175107700009 ], [ -60.314268861299979, -28.148802750599998 ], [ -60.315937188500016, -28.134239643699914 ], [ -60.315232447299934, -28.127264938099927 ], [ -60.310758370500025, -28.118175581599928 ], [ -60.312775844199962, -28.106038215299918 ], [ -59.99738103509992, -28.105567643199947 ], [ -59.984280443399996, -28.105419848499935 ], [ -59.98328492389993, -28.108725609600015 ], [ -59.862592267900027, -28.108347261400013 ], [ -59.827391514300018, -28.124003015399978 ], [ -59.790448261999984, -28.13635076629987 ], [ -59.769593749299986, -28.13635215459999 ], [ -59.768602991000023, -28.148319940600004 ], [ -59.776481314799923, -28.156429502299943 ], [ -59.772716356899991, -28.168200007399946 ], [ -59.766118183800018, -28.18409222089997 ], [ -59.761568183599934, -28.196510472299963 ], [ -59.759845817299947, -28.199544948499977 ], [ -59.754226242699986, -28.201605976299959 ], [ -59.743303370699948, -28.203656944699958 ], [ -59.72958290759999, -28.201559501500014 ], [ -59.71445822499993, -28.199871973100016 ], [ -59.699955574900002, -28.199012543700007 ], [ -59.690257261400006, -28.205123481200019 ], [ -59.68961660469995, -28.210920841699931 ], [ -59.690217425699984, -28.218930078899973 ], [ -59.689571484199973, -28.226522271900023 ], [ -59.690639260399962, -28.234946738999952 ], [ -59.686606198999925, -28.247256391900009 ], [ -59.681167968099999, -28.258496333699952 ], [ -59.673179486100025, -28.271417835000022 ], [ -59.664536247199976, -28.289682134099962 ], [ -59.663346211299995, -28.30354234689986 ], [ -59.660383424399924, -28.311007701699964 ], [ -59.661810909300016, -28.324332156200001 ], [ -59.658836008499975, -28.335371321399975 ], [ -59.653651425099952, -28.344291839099981 ], [ -59.64334229979994, -28.349788539899919 ], [ -59.640374610200013, -28.357903188600005 ], [ -59.63776853280001, -28.36764321359999 ], [ -59.638466268399895, -28.378691552199996 ], [ -59.646894047700016, -28.387160968499984 ], [ -59.661274743599961, -28.389084824199983 ], [ -59.670013083599997, -28.401514344299983 ], [ -59.673648478799976, -28.415168738099965 ], [ -59.668463292199988, -28.426852428100005 ], [ -59.664002365699901, -28.441786638 ], [ -59.660653278099915, -28.453799401500021 ], [ -59.658569953999972, -28.466065728999979 ], [ -59.669791492, -28.479356769799949 ], [ -59.679708616900029, -28.485553437100009 ], [ -59.690350624099949, -28.4959746376 ], [ -59.69584156849993, -28.506383570100013 ], [ -59.696173333199908, -28.519055071099956 ], [ -59.69650609309997, -28.531401662300027 ], [ -59.692782905499996, -28.545688457199958 ], [ -59.694954792700003, -28.558688925500007 ], [ -59.69416171179995, -28.569249916 ], [ -59.695235729099863, -28.579973641399988 ], [ -59.693736956799967, -28.588742246599963 ], [ -59.698504474099934, -28.59622533939995 ], [ -59.710645564199979, -28.602099751200001 ], [ -59.726480020199972, -28.605056595800022 ], [ -59.738626953199969, -28.609628979499917 ], [ -59.745233880299963, -28.62003794019995 ], [ -59.744475697799999, -28.628808444400022 ], [ -59.740399642300019, -28.637897518399939 ], [ -59.733375962999958, -28.646330901299962 ], [ -59.721559274800029, -28.654754154599971 ], [ -59.705695741199975, -28.659593867800027 ], [ -59.693149447099984, -28.664114405000021 ], [ -59.67320589749994, -28.676088436600025 ], [ -59.663231908499995, -28.68223675889999 ], [ -59.658414592899987, -28.689696983299939 ], [ -59.644724678399996, -28.703631656599896 ], [ -59.619976370899963, -28.726561441699971 ], [ -59.613068652399988, -28.728391765000026 ], [ -59.602099455799987, -28.732984687799956 ], [ -59.596382611699994, -28.737063965899893 ], [ -59.592617407799878, -28.740752465699984 ], [ -59.586137040699953, -28.748000240199985 ], [ -59.584745898200026, -28.753604422900025 ], [ -59.580368313699978, -28.760065529500025 ], [ -59.573454458799972, -28.76268659279998 ], [ -59.560092037900006, -28.764097240900014 ], [ -59.550030397199919, -28.765649714099993 ], [ -59.541474369099944, -28.766017355599956 ], [ -59.530950230100018, -28.770209549399965 ], [ -59.525534162799943, -28.773097585400023 ], [ -59.511209224399863, -28.77592451480001 ], [ -59.502018324300025, -28.779390884199984 ], [ -59.494958565299953, -28.784749197899998 ], [ -59.491875398499985, -28.789852938600006 ], [ -59.487543480400007, -28.800067128799981 ], [ -59.487803283599931, -28.8094910003 ], [ -59.488051268899881, -28.821337837700014 ], [ -59.491376049300015, -28.829696364200004 ], [ -59.498366809299966, -28.839414618499973 ], [ -59.505974690899961, -28.848327079400008 ], [ -59.511141800600001, -28.855884170299987 ], [ -59.51538520439999, -28.864783874599993 ], [ -59.52268415230003, -28.875040405300012 ], [ -59.527535463800007, -28.885287960299991 ], [ -59.530388700300023, -28.899289031999956 ], [ -59.533845662700003, -28.910957675799978 ], [ -59.536479189699946, -28.932565754200027 ], [ -59.536473050399877, -28.952105975700022 ], [ -59.539645038300023, -28.960410980499944 ], [ -59.542271636699979, -28.964069335599959 ], [ -59.546804918699991, -28.967734707999966 ], [ -59.550114535199953, -28.983835730300029 ], [ -59.550268864799989, -28.991798557200013 ], [ -59.552321572499977, -28.997445371399976 ], [ -59.555694950899976, -29.003428295699962 ], [ -59.563019214599933, -29.013073409299921 ], [ -59.569710525099936, -29.020113822899987 ], [ -59.566564999599962, -29.026742599300007 ], [ -59.568410694099953, -29.032680168299976 ], [ -59.57306552489996, -29.037896630399985 ], [ -59.580035325199901, -29.044352533700021 ], [ -59.58330160389994, -29.050887089000014 ], [ -59.586604572599981, -29.056646411700001 ], [ -59.590456499500021, -29.06172237659996 ], [ -59.601212656399923, -29.073132592700006 ], [ -59.610017691199971, -29.093161764300021 ], [ -59.610264214799997, -29.098295141999927 ], [ -59.607429696599922, -29.101773128700017 ], [ -59.605649516799986, -29.104535957099927 ], [ -59.607233804399925, -29.108629355999938 ], [ -59.607904810500031, -29.110867227100016 ], [ -59.607261906699989, -29.114993171799938 ], [ -59.602948237099895, -29.118752839900026 ], [ -59.600905638799986, -29.11979018189993 ], [ -59.599365123999974, -29.122766802999934 ], [ -59.598336494999955, -29.125148682199949 ], [ -59.596290230699992, -29.127080308100005 ], [ -59.596110427200017, -29.129613794500017 ], [ -59.593548445199929, -29.13303442619997 ], [ -59.591500718399971, -29.135264098499988 ], [ -59.589453532599975, -29.137344684799984 ], [ -59.589956147899954, -29.139134936299968 ], [ -59.591336690499929, -29.142680670899949 ], [ -59.594129579699995, -29.145030183799918 ], [ -59.5979573555, -29.146120638099944 ], [ -59.605659850300015, -29.141836037199994 ], [ -59.614047465499993, -29.140340246299957 ], [ -59.621738584499894, -29.138863908699989 ], [ -59.631567661799977, -29.136456622900027 ], [ -59.643249494700001, -29.135901019899904 ], [ -59.650272182399988, -29.135092276500018 ], [ -59.656661274700014, -29.135752208399992 ], [ -59.663696142, -29.139084281800024 ], [ -59.667137533100004, -29.144148298900006 ], [ -59.669744491499898, -29.148107182999979 ], [ -59.672451203799881, -29.15372075909994 ], [ -59.675466749599991, -29.159665055599874 ], [ -59.68184773579992, -29.199864998599992 ], [ -59.688656765299982, -29.201872657399974 ] ] ] ] } },
{ "type": "Feature", "properties": { "N_CCA": 22, "Area": 687.229, "Perim": 117.514, "Cuenca": "22- Laguna Melincué" }, "geometry": { "type": "MultiPolygon", "coordinates": [ [ [ [ -61.342557918899999, -33.729999526900002 ], [ -61.344183433300003, -33.729522539 ], [ -61.349491403800002, -33.730188947400002 ], [ -61.355068881199998, -33.730888933800003 ], [ -61.360921045700003, -33.732474988200003 ], [ -61.367080139499997, -33.734717530799998 ], [ -61.373941346499997, -33.737612115399997 ], [ -61.381612911, -33.741735053799999 ], [ -61.384703613500001, -33.743515877199997 ], [ -61.386543722900001, -33.747373687200003 ], [ -61.389273433100001, -33.7587516464 ], [ -61.390491106900001, -33.765483756800002 ], [ -61.399573676300001, -33.777181446299998 ], [ -61.406974874699998, -33.778319746299999 ], [ -61.414669524499999, -33.780892232100001 ], [ -61.4207618111, -33.782950592200002 ], [ -61.426243208199999, -33.786612011599999 ], [ -61.429116997400001, -33.786844804499999 ], [ -61.432309582599999, -33.787073829299999 ], [ -61.434253578700002, -33.788913552799997 ], [ -61.436520815, -33.791015569300001 ], [ -61.439762639800001, -33.794170328299998 ], [ -61.441755938900002, -33.798935851800003 ], [ -61.4437629548, -33.804499321900003 ], [ -61.445406555300004, -33.807406565599997 ], [ -61.447706012099999, -33.811370280299997 ], [ -61.452848914199997, -33.813704191900001 ], [ -61.457253335099999, -33.816368894199996 ], [ -61.4627819651, -33.818646923400003 ], [ -61.468718190300002, -33.823402421300003 ], [ -61.477824056199999, -33.827129164399999 ], [ -61.484891654, -33.8366701478 ], [ -61.489995431200001, -33.842142576900002 ], [ -61.494049055700003, -33.8458015016 ], [ -61.496154491, -33.846869258300003 ], [ -61.510238603399998, -33.854010278700002 ], [ -61.524799537200003, -33.8621759328 ], [ -61.529066012299999, -33.8616044535 ], [ -61.552995657300002, -33.861777681500001 ], [ -61.560011265299998, -33.861677588200003 ], [ -61.568284051799999, -33.861559045100002 ], [ -61.574096436300003, -33.862925971 ], [ -61.576425286099997, -33.861823409 ], [ -61.582558906700001, -33.861270251100002 ], [ -61.586174467200003, -33.861468081200002 ], [ -61.5910033555, -33.863161524699997 ], [ -61.596863640400002, -33.865992625499999 ], [ -61.601172881099998, -33.868682110800002 ], [ -61.604499498499997, -33.870576768600003 ], [ -61.60818612, -33.871013188100001 ], [ -61.6105178818, -33.871467213700001 ], [ -61.615001132899998, -33.870089852500001 ], [ -61.617261255700001, -33.869586902499996 ], [ -61.620667785400002, -33.869699910900003 ], [ -61.623694654399998, -33.8697389445 ], [ -61.627842560799998, -33.869053142 ], [ -61.637458706300002, -33.867505813599998 ], [ -61.639710769200001, -33.865234685399997 ], [ -61.640681587099998, -33.8629665606 ], [ -61.641357869799997, -33.858776706500002 ], [ -61.642344849, -33.8560026185 ], [ -61.643136678099999, -33.852915588599998 ], [ -61.643004396599999, -33.850945252099997 ], [ -61.641809776400002, -33.847805809900002 ], [ -61.646236188099998, -33.841988232200002 ], [ -61.650725705399999, -33.839482785500003 ], [ -61.653606844899997, -33.836919880499998 ], [ -61.658463221799998, -33.833857048299997 ], [ -61.6592573446, -33.830927654699998 ], [ -61.660461423299999, -33.829649299 ], [ -61.662962441099999, -33.827012416700001 ], [ -61.666054731499997, -33.825629640199999 ], [ -61.668962610500003, -33.824256237699998 ], [ -61.671207461100003, -33.823195910099997 ], [ -61.672493295099997, -33.821361619299999 ], [ -61.673508071299999, -33.820085707399997 ], [ -61.675842522899998, -33.818634090300002 ], [ -61.677842453, -33.817579857 ], [ -61.682046040199999, -33.816893059400002 ], [ -61.693058430500002, -33.814612483600001 ], [ -61.699558743799997, -33.813576457499998 ], [ -61.703791456600001, -33.812936241199999 ], [ -61.705871499300002, -33.812621569299999 ], [ -61.710115071499999, -33.812168373699997 ], [ -61.714648311700003, -33.812026538600001 ], [ -61.718233628299998, -33.811739982500001 ], [ -61.723328919, -33.811353346 ], [ -61.7284019461, -33.809862447299999 ], [ -61.729758702399998, -33.806845862899998 ], [ -61.733681136599998, -33.801458545499997 ], [ -61.738202209199997, -33.799154362700001 ], [ -61.741290623700003, -33.797690901400003 ], [ -61.746650684599999, -33.796431864200002 ], [ -61.753710761699999, -33.795148436200002 ], [ -61.759291466199997, -33.794056200299998 ], [ -61.762838868800003, -33.793361770499999 ], [ -61.772372173500003, -33.7883344229 ], [ -61.77505309, -33.786208887199997 ], [ -61.773684728399999, -33.784187640299997 ], [ -61.765343284399997, -33.772042324899999 ], [ -61.763157906899998, -33.7686343142 ], [ -61.744553022300003, -33.757183352600002 ], [ -61.731254565, -33.748994724 ], [ -61.722335860299999, -33.743688850600002 ], [ -61.711124396899997, -33.737017094800002 ], [ -61.703795060799997, -33.729260564699999 ], [ -61.692272914, -33.717063013 ], [ -61.676903003200003, -33.714136130200004 ], [ -61.662987537100001, -33.711670294800001 ], [ -61.650209597500002, -33.708222575699999 ], [ -61.6226622955, -33.702796949 ], [ -61.613072940199999, -33.699785948799999 ], [ -61.600992568400002, -33.693826331099999 ], [ -61.5658934856, -33.686291380299998 ], [ -61.545783611899999, -33.674952073599997 ], [ -61.5403706894, -33.666481650599998 ], [ -61.529259981499997, -33.660221364800002 ], [ -61.518491561, -33.653289702599999 ], [ -61.509289988699997, -33.646337946599999 ], [ -61.5016729914, -33.640412853199997 ], [ -61.498724548600002, -33.632860838200003 ], [ -61.487802064199997, -33.618372180500003 ], [ -61.477237882, -33.611059706399999 ], [ -61.46258194, -33.605698756199999 ], [ -61.451923692100003, -33.6017651919 ], [ -61.435886027800002, -33.592727142699999 ], [ -61.426964779800002, -33.586926156300002 ], [ -61.4150169766, -33.5848492995 ], [ -61.402724152799998, -33.588679429099997 ], [ -61.391414646699999, -33.585937728499999 ], [ -61.385308028399997, -33.584084809899998 ], [ -61.384363414299997, -33.5837981532 ], [ -61.3781189846, -33.583345820399998 ], [ -61.374732586299999, -33.586124208199998 ], [ -61.372279382400002, -33.588761647699997 ], [ -61.370624194599998, -33.592564793400001 ], [ -61.364945608100001, -33.598370028799998 ], [ -61.360143066600003, -33.602808443199997 ], [ -61.3569039498, -33.606904637100001 ], [ -61.3522045482, -33.6118575502 ], [ -61.347501787600002, -33.616628808800002 ], [ -61.334581182500003, -33.623667284100001 ], [ -61.317430615100001, -33.632556985900003 ], [ -61.3165581895, -33.636742615400003 ], [ -61.316670777600002, -33.638151747 ], [ -61.316892878399997, -33.640931354300001 ], [ -61.318383609900003, -33.643901234799998 ], [ -61.319825587899999, -33.646365543400002 ], [ -61.318929275800002, -33.648985313899999 ], [ -61.315358571899999, -33.650197952600003 ], [ -61.3135159833, -33.6521751995 ], [ -61.314487514, -33.656058508199997 ], [ -61.315586093100002, -33.660449179700002 ], [ -61.319191207300001, -33.669426012700001 ], [ -61.318889473900001, -33.674902783599997 ], [ -61.328210947300001, -33.678764196899998 ], [ -61.328850317499999, -33.683350740599998 ], [ -61.327885590400001, -33.689415479099999 ], [ -61.330839791400003, -33.701702922300001 ], [ -61.334865323899997, -33.707323739800003 ], [ -61.3381301772, -33.712876952 ], [ -61.339214126100003, -33.718034572199997 ], [ -61.342557918899999, -33.729999526900002 ] ] ] ] } },
{ "type": "Feature", "properties": { "N_CCA": 5, "Area": 12918.047, "Perim": 1651.785, "Cuenca": "5- Río Parana" }, "geometry": { "type": "MultiPolygon", "coordinates": [ [ [ [ -59.373463820300003, -28.723585137699999 ], [ -59.3721457559, -28.718835191499998 ], [ -59.3657404844, -28.7127254673 ], [ -59.363471830500004, -28.707445592300001 ], [ -59.3506619144, -28.6956303437 ], [ -59.349796929699998, -28.686709060799998 ], [ -59.347534639599999, -28.680618318 ], [ -59.342515441899998, -28.674108825699999 ], [ -59.3384116418, -28.668414304500001 ], [ -59.338940197100001, -28.657473107 ], [ -59.347717877500003, -28.651030431100001 ], [ -59.350504392300003, -28.646585245400001 ], [ -59.348270427499997, -28.636036008 ], [ -59.3519809772, -28.630784549600001 ], [ -59.362090671499999, -28.631643164700002 ], [ -59.366247987199998, -28.6284200443 ], [ -59.363059137400001, -28.623541164799999 ], [ -59.358481605199998, -28.620276932599999 ], [ -59.357601684, -28.613787508 ], [ -59.357633742899999, -28.608518385899998 ], [ -59.353104191200003, -28.59755296 ], [ -59.347176868399998, -28.5898232953 ], [ -59.338409908300001, -28.583629476199999 ], [ -59.331369287299999, -28.577574393900001 ], [ -59.325871767899997, -28.567512898899999 ], [ -59.324946031400003, -28.554129225 ], [ -59.3207439161, -28.539391270799999 ], [ -59.320806214800001, -28.526015211499999 ], [ -59.323422248299998, -28.515530546099999 ], [ -59.323753248899997, -28.508033814800001 ], [ -59.330019378300001, -28.5023160856 ], [ -59.335998581600002, -28.4970965447 ], [ -59.342255657499997, -28.4926279216 ], [ -59.348896333500001, -28.4886775634 ], [ -59.351772493299997, -28.486082049899998 ], [ -59.354955404199998, -28.475980785800001 ], [ -59.357964145099999, -28.472914929 ], [ -59.359989332399998, -28.467644323399998 ], [ -59.363017476300001, -28.4612783436 ], [ -59.363792594800003, -28.456661824800001 ], [ -59.365080296400002, -28.449627617699999 ], [ -59.364870616899999, -28.4430264153 ], [ -59.365889344199999, -28.4392910362 ], [ -59.367042404099998, -28.422023956 ], [ -59.366200794400001, -28.413339428099999 ], [ -59.366805569199997, -28.398653925200001 ], [ -59.366201065600002, -28.389743047700001 ], [ -59.365573596600001, -28.3847051196 ], [ -59.370433565, -28.378143421400001 ], [ -59.373309518399999, -28.373508969300001 ], [ -59.376620082599999, -28.369457411700001 ], [ -59.376210171499999, -28.364614165700001 ], [ -59.376265646, -28.355125325500001 ], [ -59.375002177799999, -28.346405067900001 ], [ -59.370549064599999, -28.330448121500002 ], [ -59.3701971761, -28.323500284400001 ], [ -59.369458723400001, -28.3155087176 ], [ -59.3706963128, -28.305442384599999 ], [ -59.374662146399999, -28.298861667200001 ], [ -59.386124202300003, -28.286063084599999 ], [ -59.387752467, -28.2759982876 ], [ -59.385847121600001, -28.265917635099999 ], [ -59.3855282237, -28.253065546399998 ], [ -59.386445003399999, -28.250205783399998 ], [ -59.390099085199999, -28.2433200951 ], [ -59.4002327631, -28.234274447299999 ], [ -59.4033091676, -28.228395900900001 ], [ -59.400192939100002, -28.2171749506 ], [ -59.394297670599997, -28.204215556899999 ], [ -59.398180685600003, -28.194276180199999 ], [ -59.3823038086, -28.194608765200002 ], [ -59.375446755200002, -28.191373974899999 ], [ -59.370384374499999, -28.190710045199999 ], [ -59.363512759199999, -28.1900375285 ], [ -59.3580771691, -28.191293621100002 ], [ -59.350464462200001, -28.193500278199998 ], [ -59.344658885299999, -28.196035531 ], [ -59.338518753300001, -28.194083805 ], [ -59.327310753399999, -28.192427352300001 ], [ -59.316080651299998, -28.194293885499999 ], [ -59.307753455399997, -28.194892756600002 ], [ -59.297959856200002, -28.198366892300001 ], [ -59.2845595, -28.199899316 ], [ -59.276587167899997, -28.201459223200001 ], [ -59.2646139959, -28.2058804925 ], [ -59.250845906599999, -28.208048344600002 ], [ -59.238763521, -28.205905015399999 ], [ -59.223783332399996, -28.187338382299998 ], [ -59.221604535499999, -28.175288650300001 ], [ -59.213957370800003, -28.152925725100001 ], [ -59.182475184799998, -28.1422626421 ], [ -59.179693592699998, -28.132766992499999 ], [ -59.178348733699998, -28.12201603 ], [ -59.174131816799999, -28.113775515899999 ], [ -59.176181839900003, -28.105003742299999 ], [ -59.176435688700003, -28.092303470899999 ], [ -59.174383347599999, -28.080916225399999 ], [ -59.176580319099997, -28.073346127400001 ], [ -59.1823655914, -28.0626377082 ], [ -59.177462296800002, -28.0528733702 ], [ -59.175181038300003, -28.048325800099999 ], [ -59.173281305, -28.038569472700001 ], [ -59.168359987700001, -28.029692565200001 ], [ -59.164525049, -27.999631434200001 ], [ -58.996214176300001, -27.999577334400001 ], [ -58.8904672635, -27.999629920299999 ], [ -58.891305498800001, -28.001610272800001 ], [ -58.892130916100001, -28.0041142828 ], [ -58.892763204799998, -28.007050114599998 ], [ -58.893354502400001, -28.012865732600002 ], [ -58.894204669, -28.021403866 ], [ -58.895037824, -28.0297990834 ], [ -58.895375829899997, -28.033237067799998 ], [ -58.895823770699998, -28.037823018400001 ], [ -58.8964273928, -28.044048116199999 ], [ -58.896875888099999, -28.048698917799999 ], [ -58.896477343299999, -28.0500961774 ], [ -58.8949513146, -28.051670030699999 ], [ -58.8920933765, -28.0540992074 ], [ -58.891275500699997, -28.0549740933 ], [ -58.890951341, -28.0554455726 ], [ -58.890701944200003, -28.055997188799999 ], [ -58.890616484399999, -28.0564288982 ], [ -58.890616551299999, -28.056709973299998 ], [ -58.890685898, -28.057077358299999 ], [ -58.891089021699997, -28.058144388799999 ], [ -58.891582189700003, -28.059266077 ], [ -58.892647732, -28.0613376901 ], [ -58.893572738400003, -28.062916978800001 ], [ -58.894555190200002, -28.064464270399998 ], [ -58.896166663700001, -28.0668271541 ], [ -58.898374586800003, -28.069860857 ], [ -58.90138332, -28.073710614100001 ], [ -58.904838699899997, -28.077851527299998 ], [ -58.908074432100001, -28.0815625197 ], [ -58.911467894799998, -28.0853743425 ], [ -58.914246008799999, -28.088494897699999 ], [ -58.917443716400001, -28.092156673800002 ], [ -58.920106939599997, -28.095323929 ], [ -58.922756338799999, -28.098647896500001 ], [ -58.924688783199997, -28.1012292305 ], [ -58.925899177399998, -28.103083121899999 ], [ -58.926774193200004, -28.1050963271 ], [ -58.927333073699998, -28.1070832023 ], [ -58.927710120100002, -28.109099546500001 ], [ -58.928218733199998, -28.1130368944 ], [ -58.928567665400003, -28.115452584 ], [ -58.928895430899999, -28.117089269299999 ], [ -58.929399028100001, -28.118886131299998 ], [ -58.930083980699997, -28.1206042381 ], [ -58.931389946899998, -28.122810067700001 ], [ -58.932757249399998, -28.1244514915 ], [ -58.9345959033, -28.126307378900002 ], [ -58.936985014100003, -28.128291559600001 ], [ -58.938788979800002, -28.1295396959 ], [ -58.941659324100002, -28.131178245899999 ], [ -58.943497402200002, -28.1320433715 ], [ -58.946374404499998, -28.133161510499999 ], [ -58.9495026819, -28.1341070611 ], [ -58.955009335, -28.1354838709 ], [ -58.961195349500002, -28.1367713904 ], [ -58.9663534305, -28.137641906100001 ], [ -58.970703028899997, -28.138236288200002 ], [ -58.976342819400003, -28.138821071599999 ], [ -58.982138994800003, -28.1392080165 ], [ -58.989986372700002, -28.139393874100001 ], [ -58.995689591400001, -28.1392894554 ], [ -58.998924296, -28.139141781900001 ], [ -59.0047429169, -28.1386240908 ], [ -59.0120225597, -28.1375443264 ], [ -59.021025296300003, -28.1358808287 ], [ -59.028819617099998, -28.134474383600001 ], [ -59.0351870852, -28.133565396800002 ], [ -59.040083919899999, -28.133047155100002 ], [ -59.050247315500002, -28.1316434883 ], [ -59.055390044500001, -28.131227881200001 ], [ -59.059167039499997, -28.131269601700001 ], [ -59.063677581599997, -28.131883933200001 ], [ -59.0677395381, -28.133127779599999 ], [ -59.071457669099999, -28.134989110399999 ], [ -59.075115781900003, -28.137635817 ], [ -59.077624911199997, -28.140043703300002 ], [ -59.080170605299998, -28.143381661300001 ], [ -59.082371834, -28.147984431499999 ], [ -59.08330343, -28.151393870900002 ], [ -59.0838763633, -28.155355429 ], [ -59.084107270499999, -28.1597758576 ], [ -59.0841589403, -28.166208951200002 ], [ -59.083993131699998, -28.172957622 ], [ -59.083695253599998, -28.1820327406 ], [ -59.083709974900003, -28.188148681400001 ], [ -59.083810455799998, -28.194000555 ], [ -59.084050147299997, -28.200151574500001 ], [ -59.084357561399997, -28.2048919856 ], [ -59.084671954100003, -28.2084418124 ], [ -59.085279375500001, -28.213613117200001 ], [ -59.0856956525, -28.2163958746 ], [ -59.085963167899997, -28.217286787300001 ], [ -59.086484176500001, -28.218276248900001 ], [ -59.087373490600001, -28.219323458200002 ], [ -59.088573656500003, -28.220264296900002 ], [ -59.089937390400003, -28.2210368985 ], [ -59.0917916541, -28.221833957 ], [ -59.0941681105, -28.222642125299998 ], [ -59.098503624400003, -28.2239277802 ], [ -59.1016729758, -28.224979878100001 ], [ -59.1039224047, -28.225943605299999 ], [ -59.106893826, -28.2276866156 ], [ -59.1085674427, -28.229897792399999 ], [ -59.110845874600003, -28.234788966 ], [ -59.112018529499998, -28.237667705 ], [ -59.113549341400002, -28.242131874799998 ], [ -59.114590215900002, -28.246023927 ], [ -59.115329777, -28.2497963671 ], [ -59.115840895799998, -28.2541143266 ], [ -59.115985563499997, -28.257940077200001 ], [ -59.1159024699, -28.261288665599999 ], [ -59.115625213800001, -28.265236135599999 ], [ -59.114782497599997, -28.2709338463 ], [ -59.113989603900002, -28.274259876399999 ], [ -59.112517113400003, -28.278688446 ], [ -59.1114117256, -28.281263604300001 ], [ -59.109340148199998, -28.2851670069 ], [ -59.108031038900002, -28.287098524 ], [ -59.105464726599998, -28.2891768472 ], [ -59.102689220899997, -28.290920954800001 ], [ -59.098841449200002, -28.2931135573 ], [ -59.096590798299999, -28.2946460575 ], [ -59.095455062399999, -28.29564241 ], [ -59.094267137700001, -28.2970517328 ], [ -59.093403550799998, -28.298600272800002 ], [ -59.090100167700001, -28.305198126600001 ], [ -59.085250659, -28.3148823772 ], [ -59.081169264099998, -28.3230311871 ], [ -59.077839915399998, -28.329677430099999 ], [ -59.076373157900001, -28.332605158500002 ], [ -59.077044164699998, -28.337758074900002 ], [ -59.078152854, -28.3462372374 ], [ -59.079263709700001, -28.354731753700001 ], [ -59.0804118358, -28.3636939873 ], [ -59.080488322699999, -28.3666706343 ], [ -59.079668227699997, -28.371050489 ], [ -59.078301643800003, -28.374751784099999 ], [ -59.0769769383, -28.377604080499999 ], [ -59.07512527, -28.3809986228 ], [ -59.073008911099997, -28.384495076 ], [ -59.0698631056, -28.389474739699999 ], [ -59.0679701639, -28.391675640399999 ], [ -59.064164802299999, -28.3946308618 ], [ -59.061800111099998, -28.396389686799999 ], [ -59.0596096875, -28.3982584426 ], [ -59.058070630700001, -28.399944323300002 ], [ -59.055115828600002, -28.404403869500001 ], [ -59.053508417700002, -28.4073230698 ], [ -59.052500939700003, -28.409539204 ], [ -59.051585250400002, -28.4122104773 ], [ -59.051118938499997, -28.414473830199999 ], [ -59.051004721300004, -28.415765425 ], [ -59.051012978300001, -28.416962271100001 ], [ -59.051229339599999, -28.418601633200002 ], [ -59.051827421, -28.420509171399999 ], [ -59.052334074299999, -28.421751933700001 ], [ -59.053417543899997, -28.424116032800001 ], [ -59.054784391600002, -28.426737964499999 ], [ -59.056830943800001, -28.4302235842 ], [ -59.058196796300003, -28.432365442199998 ], [ -59.060626141, -28.435950941600002 ], [ -59.064845425500003, -28.4418268746 ], [ -59.066865568799997, -28.444578568899999 ], [ -59.068800190799998, -28.4467290113 ], [ -59.071168168699998, -28.448934519600002 ], [ -59.075685721100001, -28.452940981800001 ], [ -59.078527341399997, -28.4558916485 ], [ -59.080266294399998, -28.4592373473 ], [ -59.080178349299999, -28.462366753 ], [ -59.079234392300002, -28.4649791557 ], [ -59.077727756599998, -28.467520200700001 ], [ -59.075663155100003, -28.470209219 ], [ -59.070490450100003, -28.4758770398 ], [ -59.067847481299999, -28.478809765600001 ], [ -59.065697639600003, -28.481450340799999 ], [ -59.064530422600001, -28.483092271099999 ], [ -59.063316213599997, -28.48512281 ], [ -59.062106218799997, -28.4879402529 ], [ -59.061250681600001, -28.490226509300001 ], [ -59.060096863600002, -28.493496284599999 ], [ -59.060090696099998, -28.493515107899999 ], [ -59.0615499106, -28.514441739399999 ], [ -59.068511831400002, -28.5224230665 ], [ -59.069837853499997, -28.523803388 ], [ -59.070814070099999, -28.5244909392 ], [ -59.072528920800004, -28.525312919200001 ], [ -59.075468920799999, -28.5261391628 ], [ -59.081494081, -28.5270169048 ], [ -59.085451989799999, -28.5276548199 ], [ -59.088195769499997, -28.528473072800001 ], [ -59.090375530099998, -28.5297333416 ], [ -59.091860229300003, -28.5315608889 ], [ -59.092847566899998, -28.534191244599999 ], [ -59.093626711699997, -28.5381536925 ], [ -59.093794749200001, -28.5410422685 ], [ -59.093675061, -28.544670436800001 ], [ -59.0927085175, -28.553901678 ], [ -59.092452636399997, -28.557951173900001 ], [ -59.0924950052, -28.560679812699998 ], [ -59.093251876799997, -28.5656538667 ], [ -59.094112418, -28.569495570099999 ], [ -59.096206829300002, -28.578121252799999 ], [ -59.098362020700002, -28.585840873 ], [ -59.099638308099998, -28.588944031800001 ], [ -59.101883981699999, -28.5928381477 ], [ -59.107914336, -28.601287881899999 ], [ -59.111435844200003, -28.606561730900001 ], [ -59.113489744200002, -28.610699292100001 ], [ -59.114678036, -28.614930647200001 ], [ -59.114339046700003, -28.618343389 ], [ -59.113740247700001, -28.620260444199999 ], [ -59.112266027399997, -28.623810006500001 ], [ -59.109395908899998, -28.629823445900001 ], [ -59.1046264489, -28.6390034241 ], [ -59.100427341600003, -28.647544552799999 ], [ -59.096401909, -28.655916445900001 ], [ -59.092386807099999, -28.664451985 ], [ -59.088505082, -28.673348256200001 ], [ -59.08724642, -28.6766995491 ], [ -59.0868631174, -28.6797935755 ], [ -59.087152570299999, -28.682732775800002 ], [ -59.087846770699997, -28.685475191399998 ], [ -59.089935706399999, -28.690762453400001 ], [ -59.091534753099999, -28.694157222600001 ], [ -59.099320775800003, -28.709881141299999 ], [ -59.110151262, -28.729789713900001 ], [ -59.118129994299998, -28.744750908699999 ], [ -59.125510976299999, -28.7604054036 ], [ -59.134738038800002, -28.783497845199999 ], [ -59.145021883, -28.8079882404 ], [ -59.147481958, -28.8132665686 ], [ -59.149100097, -28.815920985799998 ], [ -59.151570745, -28.818818120500001 ], [ -59.1597419661, -28.826752333 ], [ -59.162303204099999, -28.830111989700001 ], [ -59.163782339800001, -28.833272110399999 ], [ -59.1631990773, -28.836459869799999 ], [ -59.156568304399997, -28.846309586699999 ], [ -59.155865347400002, -28.848048354500001 ], [ -59.155579968600001, -28.8496173031 ], [ -59.154543725800004, -28.8625076947 ], [ -59.1546647463, -28.8675223945 ], [ -59.155316061, -28.871970827599998 ], [ -59.156386423900003, -28.875598950200001 ], [ -59.158520109100003, -28.881035105599999 ], [ -59.162300314500001, -28.890079078500001 ], [ -59.167006222, -28.901335475700002 ], [ -59.171251077299999, -28.913517065800001 ], [ -59.171756478, -28.915970830799999 ], [ -59.172270058899997, -28.923941308100002 ], [ -59.172734328899999, -28.927733973900001 ], [ -59.174302321600003, -28.933421940599999 ], [ -59.1798217618, -28.945391545700002 ], [ -59.181102667399998, -28.9470445199 ], [ -59.1831022119, -28.9488410224 ], [ -59.1915581425, -28.954779961100002 ], [ -59.193624332799999, -28.957074676600001 ], [ -59.195684187200001, -28.9617157482 ], [ -59.1968500499, -28.9655227905 ], [ -59.198993570500001, -28.979722436300001 ], [ -59.199236562899998, -28.992836469499998 ], [ -59.1982076249, -28.999143703200001 ], [ -59.193912981399997, -29.014085999799999 ], [ -59.193026299400003, -29.020129736400001 ], [ -59.193232520899997, -29.024587888700001 ], [ -59.195157069300002, -29.030974967 ], [ -59.198418357100003, -29.036965026699999 ], [ -59.206503795899998, -29.046843018099999 ], [ -59.219167076, -29.059159578300001 ], [ -59.240795518200002, -29.076434713299999 ], [ -59.262855073700003, -29.090174125400001 ], [ -59.282963691600003, -29.0983308249 ], [ -59.293273355399997, -29.101374443899999 ], [ -59.298876660700003, -29.101688383100001 ], [ -59.312003154400003, -29.1004412833 ], [ -59.3170572983, -29.1005098883 ], [ -59.3217444581, -29.101503962700001 ], [ -59.331042908599997, -29.105573941100001 ], [ -59.338526805900003, -29.111112717699999 ], [ -59.3450731366, -29.118561655600001 ], [ -59.350387983700003, -29.127553371200001 ], [ -59.352206249399998, -29.132781225799999 ], [ -59.353089505699998, -29.1404757414 ], [ -59.352421392399997, -29.146521508700001 ], [ -59.350481533, -29.155665365099999 ], [ -59.3487796991, -29.166732121199999 ], [ -59.348558865500003, -29.173706002700001 ], [ -59.349640634, -29.178316055300002 ], [ -59.350805870599999, -29.179885929 ], [ -59.352408067299997, -29.1809994533 ], [ -59.3538907772, -29.181599422400001 ], [ -59.356594608100004, -29.182183597 ], [ -59.359499984, -29.182426397299999 ], [ -59.363950323099999, -29.182444138699999 ], [ -59.370093694799998, -29.1823029711 ], [ -59.374423754699997, -29.182399403 ], [ -59.377677361, -29.1827789411 ], [ -59.3801114364, -29.1833909976 ], [ -59.382894084900002, -29.1847706667 ], [ -59.387034228099999, -29.188902517399999 ], [ -59.392179206199998, -29.1950739085 ], [ -59.393530141799999, -29.197109854299999 ], [ -59.395807767699999, -29.201654072 ], [ -59.398432912399997, -29.2064404228 ], [ -59.399888026699998, -29.2082503938 ], [ -59.402235691599998, -29.210228334899998 ], [ -59.405172745599998, -29.211484847099999 ], [ -59.413093109599998, -29.212726727900002 ], [ -59.416067437099997, -29.213311645099999 ], [ -59.419522835800002, -29.214678774799999 ], [ -59.427681054200001, -29.218991679 ], [ -59.437489775, -29.224292792899998 ], [ -59.443669675499997, -29.226885907500002 ], [ -59.463428409300001, -29.232152360200001 ], [ -59.483015095900001, -29.237225246200001 ], [ -59.489880621499999, -29.239523525100001 ], [ -59.493076776, -29.241112970900001 ], [ -59.496689199199999, -29.2436705788 ], [ -59.499757151600001, -29.246816000799999 ], [ -59.508295088, -29.257901335 ], [ -59.5114668107, -29.2625966158 ], [ -59.515163204, -29.271085659600001 ], [ -59.517343061299997, -29.280494354399998 ], [ -59.5187605283, -29.301099689299999 ], [ -59.519543219, -29.314640841100001 ], [ -59.521334973599998, -29.325179608 ], [ -59.524364752399997, -29.337954981 ], [ -59.526597950099998, -29.3438439526 ], [ -59.529133877500001, -29.348378949099999 ], [ -59.534445220899997, -29.354509412900001 ], [ -59.539461909099998, -29.358457165899999 ], [ -59.547944510299999, -29.363534456899998 ], [ -59.561394353499999, -29.370674249099999 ], [ -59.568125048399999, -29.373061946499998 ], [ -59.586070650899998, -29.377359325699999 ], [ -59.5920642468, -29.379927580499999 ], [ -59.598300351399999, -29.384621427399999 ], [ -59.602640738300003, -29.3905598817 ], [ -59.604025748, -29.393813400599999 ], [ -59.605687125800003, -29.402298818599998 ], [ -59.606165402499997, -29.4122966722 ], [ -59.605408129899999, -29.421183864 ], [ -59.603251657199998, -29.427359791200001 ], [ -59.600324855300002, -29.431930212200001 ], [ -59.590871501700001, -29.442535338399999 ], [ -59.583305762, -29.450431480900001 ], [ -59.579507123, -29.4551729063 ], [ -59.574426874899999, -29.462406607199998 ], [ -59.567312354400002, -29.474029413299998 ], [ -59.565832226600001, -29.477940204900001 ], [ -59.565294432, -29.481422003700001 ], [ -59.565748974900004, -29.4868902475 ], [ -59.5678078997, -29.491856274700002 ], [ -59.569165485200003, -29.4935300482 ], [ -59.571300316, -29.494688205900001 ], [ -59.577534783200001, -29.495530089900001 ], [ -59.581499688500003, -29.495945752600001 ], [ -59.585300060900003, -29.497335002100002 ], [ -59.598904382, -29.508933873299998 ], [ -59.602319854699999, -29.5134730941 ], [ -59.603229457799998, -29.516669175600001 ], [ -59.602272642300001, -29.519106193 ], [ -59.590513912799999, -29.530310364399998 ], [ -59.577445805899998, -29.5417163372 ], [ -59.576731791100002, -29.542710846599999 ], [ -59.576490322, -29.543842400100001 ], [ -59.576754830900001, -29.544930306099999 ], [ -59.577460834599997, -29.546060456500001 ], [ -59.578512395, -29.547179682599999 ], [ -59.581687023100002, -29.549642985 ], [ -59.588302687400002, -29.554009211699999 ], [ -59.591334463199999, -29.5563346311 ], [ -59.592752600300003, -29.5577507225 ], [ -59.595125109, -29.561460550100001 ], [ -59.601552490499998, -29.5731238459 ], [ -59.608033402700002, -29.588008290099999 ], [ -59.608775184199999, -29.590509254499999 ], [ -59.609327881200002, -29.595009233700001 ], [ -59.609507453100001, -29.605544736300001 ], [ -59.610506536300001, -29.610460617200001 ], [ -59.612034834, -29.613474606 ], [ -59.614146721600001, -29.616122736200001 ], [ -59.620828810200003, -29.6232263586 ], [ -59.622419067199999, -29.625669162499999 ], [ -59.624605064100002, -29.6322069012 ], [ -59.626962092600003, -29.641096213899999 ], [ -59.630044031799997, -29.654770919200001 ], [ -59.632342807900002, -29.667182427 ], [ -59.633740987300001, -29.6797742155 ], [ -59.633389057800002, -29.682022700099999 ], [ -59.631702386400001, -29.684795640299999 ], [ -59.628112745, -29.688326365 ], [ -59.622443719800003, -29.693399739699998 ], [ -59.620254723599999, -29.696590504700001 ], [ -59.619906790100003, -29.6982834905 ], [ -59.620243082400002, -29.700035863899998 ], [ -59.621358068699998, -29.702680309800002 ], [ -59.625229517800001, -29.709329554100002 ], [ -59.627725289899999, -29.7138797858 ], [ -59.628773817700001, -29.716740545899999 ], [ -59.634460632900002, -29.7322532749 ], [ -59.635791574499997, -29.739582660699998 ], [ -59.634813896499999, -29.743891447300001 ], [ -59.632117434500003, -29.749388364200001 ], [ -59.628833857700002, -29.7555015732 ], [ -59.627643323299999, -29.7584428471 ], [ -59.626729633899998, -29.7628874181 ], [ -59.625992346799997, -29.7690624552 ], [ -59.625733744900003, -29.773842452 ], [ -59.626109803299997, -29.7820257365 ], [ -59.627708668499999, -29.789642812699999 ], [ -59.629840319800003, -29.7945328781 ], [ -59.631911644799999, -29.7972775193 ], [ -59.636368236599999, -29.801442649199998 ], [ -59.642715891899996, -29.806090515600001 ], [ -59.651476689200003, -29.812798330900002 ], [ -59.654361032200001, -29.815896617899998 ], [ -59.656312433799997, -29.818962872499998 ], [ -59.657327333399998, -29.821655498599998 ], [ -59.661877795300001, -29.839187923299999 ], [ -59.667337417399999, -29.860811055399999 ], [ -59.669463147899997, -29.870163828399999 ], [ -59.66961846, -29.873016744699999 ], [ -59.6676214656, -29.876453797500002 ], [ -59.6640421655, -29.879917139300002 ], [ -59.658003539, -29.8837953512 ], [ -59.651113359100002, -29.886819642799999 ], [ -59.642972906700003, -29.888980720799999 ], [ -59.634585415099998, -29.8910636098 ], [ -59.618902558599999, -29.8966252144 ], [ -59.608264235, -29.901897098399999 ], [ -59.603178746799998, -29.906356822 ], [ -59.599179890899997, -29.911806104299998 ], [ -59.596659217599999, -29.9170577577 ], [ -59.594479513899998, -29.924600552400001 ], [ -59.592714456099998, -29.93485917 ], [ -59.591571919400003, -29.941405037799999 ], [ -59.591284605, -29.9536321456 ], [ -59.591071119399999, -29.96169402 ], [ -59.590007101399998, -29.967095075100001 ], [ -59.5877580907, -29.972001123199998 ], [ -59.584768615, -29.977041331100001 ], [ -59.5769912572, -29.990120703300001 ], [ -59.576507008299998, -29.991312537399999 ], [ -59.576536522200001, -29.99295711 ], [ -59.576911477, -29.9942843428 ], [ -59.578903503600003, -29.9993445468 ], [ -59.578417082, -30.0023015704 ], [ -59.575033296900003, -30.004275145600001 ], [ -59.568447596699997, -30.006643162500001 ], [ -59.565964269799998, -30.007665307900002 ], [ -59.563914524799998, -30.009070311199999 ], [ -59.5632137009, -30.010166691599999 ], [ -59.562667960299997, -30.015389727 ], [ -59.562677293599997, -30.019354184499999 ], [ -59.5639470769, -30.029342125399999 ], [ -59.566704600100003, -30.0383495327 ], [ -59.570434432200003, -30.0455229379 ], [ -59.579278170199998, -30.056416193299999 ], [ -59.587181264400002, -30.064514278499999 ], [ -59.597112581899999, -30.074880170899998 ], [ -59.601050896099999, -30.079624492400001 ], [ -59.606186761799997, -30.087290856500001 ], [ -59.613442279499999, -30.101162169799998 ], [ -59.618095569099999, -30.111881414300001 ], [ -59.6228393827, -30.126547779900001 ], [ -59.624284295700001, -30.1347861982 ], [ -59.624412823, -30.1393770259 ], [ -59.623937599599998, -30.151061161099999 ], [ -59.623911711300003, -30.155182193 ], [ -59.624754049499998, -30.162826752 ], [ -59.6270369597, -30.1700915252 ], [ -59.632489797300003, -30.183424068899999 ], [ -59.637819994799997, -30.193101451 ], [ -59.642165771899997, -30.201289247 ], [ -59.644595386500001, -30.208261134 ], [ -59.644003928499998, -30.212468656399999 ], [ -59.642615334799999, -30.216569553900001 ], [ -59.639012549699999, -30.224663299500001 ], [ -59.6378307823, -30.226800427600001 ], [ -59.6372168762, -30.229430166699998 ], [ -59.637492225099997, -30.233567247500002 ], [ -59.6394960676, -30.239920417299999 ], [ -59.6430803477, -30.2491726678 ], [ -59.650775883800002, -30.269846027900002 ], [ -59.658255754599999, -30.290624960399999 ], [ -59.6607599568, -30.2944173347 ], [ -59.664614368, -30.298314404500001 ], [ -59.674339767900001, -30.3062058541 ], [ -59.679363802499999, -30.311164509400001 ], [ -59.682394433799999, -30.316605709800001 ], [ -59.6823497249, -30.320259708 ], [ -59.684913542499999, -30.329925967299999 ], [ -59.683966431199998, -30.332063518799998 ], [ -59.681931903900001, -30.334190105499999 ], [ -59.6791632742, -30.336285971799999 ], [ -59.674431070700003, -30.3396590913 ], [ -59.671658082500002, -30.341927423800001 ], [ -59.670385191500003, -30.343366128500001 ], [ -59.668265313100001, -30.346518574899999 ], [ -59.665450908899999, -30.352582172200002 ], [ -59.665147517, -30.353588613199999 ], [ -59.6650488358, -30.354362293499999 ], [ -59.665290294599998, -30.3555316056 ], [ -59.665812125099997, -30.356605292800001 ], [ -59.669642744100003, -30.3628865457 ], [ -59.672707748699999, -30.366967004799999 ], [ -59.677163318600002, -30.376019386199999 ], [ -59.680225910399997, -30.381962090599998 ], [ -59.681616112100002, -30.384208872599999 ], [ -59.682643387500001, -30.384969717600001 ], [ -59.686647036499998, -30.3870918989 ], [ -59.694098081100002, -30.391172137800002 ], [ -59.698059779300003, -30.3932453611 ], [ -59.699899135599999, -30.3939996326 ], [ -59.703042839600002, -30.394932397 ], [ -59.713184645399998, -30.3971013052 ], [ -59.717487694699997, -30.398618719800002 ], [ -59.720051570199999, -30.4000594442 ], [ -59.722255469700002, -30.402015991900001 ], [ -59.723640002700002, -30.404533691600001 ], [ -59.723847561900001, -30.4076175828 ], [ -59.723397998499998, -30.4107416409 ], [ -59.7218652225, -30.4150339923 ], [ -59.720342771699997, -30.418350666 ], [ -59.718453514099998, -30.421920297100002 ], [ -59.715976235900001, -30.425656825600001 ], [ -59.713412165100003, -30.428106666800002 ], [ -59.711924419100001, -30.429032084700001 ], [ -59.709941608599998, -30.43018532 ], [ -59.708518781400002, -30.4314783389 ], [ -59.702665412, -30.437978417499998 ], [ -59.6968003908, -30.444587524300001 ], [ -59.694313599700003, -30.4469545223 ], [ -59.6898145806, -30.450147628300002 ], [ -59.6861776314, -30.453345523 ], [ -59.679847147700002, -30.459713710900001 ], [ -59.675073959800002, -30.465681490600002 ], [ -59.672611408199998, -30.469597263400001 ], [ -59.671733213899998, -30.4715771292 ], [ -59.668433612100003, -30.483113881 ], [ -59.667584671299998, -30.485294003300002 ], [ -59.665875939899998, -30.488400344 ], [ -59.661897175599997, -30.494008366199999 ], [ -59.659928110199999, -30.4967533831 ], [ -59.656782473, -30.501873736 ], [ -59.652999966300001, -30.5090779939 ], [ -59.652156701499997, -30.511575989 ], [ -59.651109659399999, -30.518651840699999 ], [ -59.6494905833, -30.542755764500001 ], [ -59.649064166300001, -30.547939293900001 ], [ -59.646707311500002, -30.566870011500001 ], [ -59.646459652899999, -30.5700774401 ], [ -59.646542367400002, -30.571272021599999 ], [ -59.6477365378, -30.5736966664 ], [ -59.649495092499997, -30.575420684200001 ], [ -59.652778506799997, -30.577716936600002 ], [ -59.657425973300001, -30.580865311899998 ], [ -59.660108655800002, -30.583397241699998 ], [ -59.661317728599997, -30.586177297199999 ], [ -59.662499764499998, -30.589923642799999 ], [ -59.663327014099998, -30.594689074 ], [ -59.663232988300003, -30.599038091099999 ], [ -59.662078574399999, -30.603274478900001 ], [ -59.6606562248, -30.606831497400002 ], [ -59.658626386800002, -30.612337436699999 ], [ -59.658074567900002, -30.615036351400001 ], [ -59.658087883500002, -30.6200698004 ], [ -59.658613193500003, -30.6240401672 ], [ -59.659931971299997, -30.6287783756 ], [ -59.661453132399998, -30.632257823100002 ], [ -59.6642651939, -30.6366233446 ], [ -59.669114544300001, -30.6414795538 ], [ -59.674026619499998, -30.6454845031 ], [ -59.677796542099998, -30.6487635242 ], [ -59.681261217500001, -30.652634685399999 ], [ -59.68380538, -30.656371618 ], [ -59.685975258500001, -30.660681997200001 ], [ -59.686781206100001, -30.664059399599999 ], [ -59.686619399599998, -30.6667501915 ], [ -59.685494315, -30.6698850107 ], [ -59.683811021, -30.672563060800002 ], [ -59.681060966300002, -30.6757410337 ], [ -59.675948653299997, -30.680328549199999 ], [ -59.671866377599997, -30.6832734806 ], [ -59.666731458500003, -30.684666366 ], [ -59.662421265500001, -30.6846758276 ], [ -59.657608562900002, -30.6841062773 ], [ -59.651088337399997, -30.6831489307 ], [ -59.645802946800003, -30.682984832700001 ], [ -59.641474132900001, -30.684236595 ], [ -59.638014589199997, -30.687509634 ], [ -59.634874762099997, -30.691669918300001 ], [ -59.633513118499998, -30.693923564799999 ], [ -59.6313035254, -30.7042055625 ], [ -59.631156178200001, -30.7058790295 ], [ -59.632408908800002, -30.714750838899999 ], [ -59.637805893500001, -30.7232050426 ], [ -59.645384459100001, -30.731610162399999 ], [ -59.653146254900001, -30.7381574634 ], [ -59.662109857700003, -30.743693308299999 ], [ -59.669502923099998, -30.748071828400001 ], [ -59.679166799400001, -30.7550449411 ], [ -59.685776208199997, -30.761005195300001 ], [ -59.688578339599999, -30.76481938 ], [ -59.6894446059, -30.7667529406 ], [ -59.689343640399997, -30.7690976407 ], [ -59.688364111299997, -30.7713573162 ], [ -59.685096228799999, -30.776362529699998 ], [ -59.68360991, -30.7794946275 ], [ -59.683173466299998, -30.7829044028 ], [ -59.682678617500002, -30.789839812899999 ], [ -59.682850504900003, -30.793534033699999 ], [ -59.683827095799998, -30.797854 ], [ -59.6864532301, -30.8039917047 ], [ -59.690497031699998, -30.811294980300001 ], [ -59.694694902099997, -30.817443061300001 ], [ -59.700983190199999, -30.824974757900002 ], [ -59.705825009800002, -30.830893970799998 ], [ -59.710427238599998, -30.838211750599999 ], [ -59.715013183300002, -30.8458918649 ], [ -59.720819512399999, -30.853605094900001 ], [ -59.725966921400001, -30.8600778978 ], [ -59.730074178400002, -30.8666314243 ], [ -59.733945397100001, -30.874156284600001 ], [ -59.7366073938, -30.878286457800002 ], [ -59.741409676099998, -30.884464627100002 ], [ -59.747220598799998, -30.890276288300001 ], [ -59.755027935100003, -30.8956737472 ], [ -59.764527452700001, -30.9005901564 ], [ -59.7808479113, -30.909730682300001 ], [ -59.789685367099999, -30.91552124 ], [ -59.792753337, -30.918107877699999 ], [ -59.7970075912, -30.9231350984 ], [ -59.801929410100001, -30.9316538122 ], [ -59.805117729400003, -30.937454180300001 ], [ -59.8167414244, -30.9592722981 ], [ -59.823202928900002, -30.971443692600001 ], [ -59.826477111400003, -30.9767956148 ], [ -59.832578378, -30.9846969482 ], [ -59.8420699176, -30.9963131001 ], [ -59.848751998799997, -31.0058055939 ], [ -59.858759199200001, -31.020785210500001 ], [ -59.863799395599997, -31.028743393599999 ], [ -59.866365305599999, -31.0335245869 ], [ -59.87378884, -31.050287365399999 ], [ -59.879344507299997, -31.0605194565 ], [ -59.888133470900001, -31.071669499399999 ], [ -59.894271427200003, -31.077820379599999 ], [ -59.901594961, -31.0839057373 ], [ -59.912936955399999, -31.0905042041 ], [ -59.9186024738, -31.0931095107 ], [ -59.922619851100002, -31.0939172038 ], [ -59.926372597899999, -31.0941292095 ], [ -59.932990295300002, -31.094267037600002 ], [ -59.936884722599999, -31.094754779900001 ], [ -59.939577797299997, -31.095590555499999 ], [ -59.942536221600001, -31.097443396199999 ], [ -59.947411413200001, -31.101782561899999 ], [ -59.952893598199999, -31.107730810700001 ], [ -59.956674088200003, -31.112592358 ], [ -59.966665739900002, -31.1277304143 ], [ -59.982886157400003, -31.152179902299999 ], [ -59.985885411799998, -31.157401891199999 ], [ -59.987676594600003, -31.161933857400001 ], [ -59.9893793333, -31.169518047699999 ], [ -59.988180774900002, -31.173323634300001 ], [ -59.985778485399997, -31.177579437599999 ], [ -59.982407632700003, -31.182606854500001 ], [ -59.980564450499998, -31.185875400899999 ], [ -59.9795250759, -31.188872477499999 ], [ -59.979334405499998, -31.190597281599999 ], [ -59.979613509, -31.1928262176 ], [ -59.981445149, -31.199923192 ], [ -59.984473142200002, -31.2072700517 ], [ -59.989758574100001, -31.2170429586 ], [ -59.999943168, -31.2368981879 ], [ -60.002177651, -31.240713855100001 ], [ -60.008669057100001, -31.248370427299999 ], [ -60.020823761899997, -31.256441687399999 ], [ -60.0299964035, -31.2606123051 ], [ -60.050354981, -31.267462892099999 ], [ -60.0657833295, -31.271381124200001 ], [ -60.076601967800002, -31.274290054600002 ], [ -60.085792555099999, -31.276256477800001 ], [ -60.094289768599999, -31.279093676399999 ], [ -60.096334957700002, -31.282112465 ], [ -60.097332683399998, -31.302018484600001 ], [ -60.094922244199999, -31.326457930899998 ], [ -60.0946657649, -31.328327367499998 ], [ -60.094055785400002, -31.330539932200001 ], [ -60.093393618199997, -31.332842839400001 ], [ -60.093188410400003, -31.334371883 ], [ -60.093354799700002, -31.3391797287 ], [ -60.093024179499999, -31.341100269799998 ], [ -60.089402962100003, -31.344002187899999 ], [ -60.087227004299997, -31.3458149161 ], [ -60.085774189200002, -31.348421316300001 ], [ -60.0847425336, -31.351643605100001 ], [ -60.084671461900001, -31.354082457299999 ], [ -60.086488241799998, -31.358429581599999 ], [ -60.092999940299997, -31.3681863642 ], [ -60.099667436700003, -31.375485714 ], [ -60.105479935200002, -31.380822194699999 ], [ -60.111779042499997, -31.385159705300001 ], [ -60.121444192299997, -31.3903369336 ], [ -60.124188107899997, -31.392197868299998 ], [ -60.129749327200003, -31.397537847700001 ], [ -60.1370127653, -31.407149458199999 ], [ -60.140342837600002, -31.414685477199999 ], [ -60.141376693799998, -31.421644628100001 ], [ -60.141579059100003, -31.4289798382 ], [ -60.142163516, -31.434967470899998 ], [ -60.1446798837, -31.441903480400001 ], [ -60.149879920099998, -31.447213285099998 ], [ -60.157239950499999, -31.4511880813 ], [ -60.163026888300003, -31.453394316499999 ], [ -60.176867347799998, -31.457731336 ], [ -60.199641361499999, -31.462533882799999 ], [ -60.216908628699997, -31.465342726900001 ], [ -60.225869281199998, -31.467719295599998 ], [ -60.231969554199999, -31.4705291663 ], [ -60.237914806200003, -31.474651614100001 ], [ -60.241838770599998, -31.478660189 ], [ -60.244963176600002, -31.484436432199999 ], [ -60.246643916099998, -31.491192333499999 ], [ -60.247183785, -31.496793739 ], [ -60.247294243699997, -31.500134957099998 ], [ -60.244971256299998, -31.503060674699999 ], [ -60.237295285899997, -31.508947987799999 ], [ -60.231795564199999, -31.513444589599999 ], [ -60.230323117, -31.515775319 ], [ -60.2302472549, -31.5175643868 ], [ -60.230681511299998, -31.518536398599998 ], [ -60.231584851800001, -31.519809949199999 ], [ -60.236247466499997, -31.525213000299999 ], [ -60.239495535099998, -31.5281557052 ], [ -60.245854203, -31.5324426446 ], [ -60.252049776200003, -31.534990655800001 ], [ -60.255202245299998, -31.535555516300001 ], [ -60.257778719900003, -31.535496749299998 ], [ -60.2620466073, -31.534671062600001 ], [ -60.270934380299998, -31.532006179500002 ], [ -60.276397591299997, -31.5312455505 ], [ -60.295018732400003, -31.530864090400001 ], [ -60.3047846483, -31.5317376008 ], [ -60.310087344499998, -31.5328040642 ], [ -60.317854095, -31.5356798181 ], [ -60.326264107100002, -31.5412053915 ], [ -60.3317992096, -31.546996172499998 ], [ -60.333628725700002, -31.551010117899999 ], [ -60.334050367400003, -31.555510676899999 ], [ -60.333040395799998, -31.561783886 ], [ -60.3316007297, -31.566594460299999 ], [ -60.328595093899999, -31.570838675200001 ], [ -60.324011692799999, -31.575446722399999 ], [ -60.321308499700002, -31.57830342 ], [ -60.318733750600003, -31.582326554400002 ], [ -60.318349575200003, -31.585045001099999 ], [ -60.318923361800003, -31.587993196100001 ], [ -60.3202404452, -31.591850368700001 ], [ -60.321667431400002, -31.594877234399998 ], [ -60.325200476600003, -31.600602165 ], [ -60.330239520399999, -31.606899633200001 ], [ -60.335748488500002, -31.612645565400001 ], [ -60.341910725399998, -31.617897929800002 ], [ -60.347808135100003, -31.6217262754 ], [ -60.354050407800003, -31.624686292900002 ], [ -60.364743935200003, -31.628339748199998 ], [ -60.371446856699997, -31.630771169399999 ], [ -60.377091858599996, -31.633582471499999 ], [ -60.394099201, -31.643586492899999 ], [ -60.409896459499997, -31.652316350100001 ], [ -60.432629966599997, -31.665318461599998 ], [ -60.436588517099999, -31.668166512300001 ], [ -60.439837386599997, -31.671452835099998 ], [ -60.442944404899997, -31.675346400199999 ], [ -60.448340407, -31.682404757099999 ], [ -60.454934274, -31.689027906100002 ], [ -60.4605384117, -31.693899913799999 ], [ -60.464312061599998, -31.6961925329 ], [ -60.469194065400004, -31.697861612 ], [ -60.480302245799997, -31.699400185 ], [ -60.496162765800001, -31.7009164798 ], [ -60.503544399699997, -31.701017293500001 ], [ -60.508859858100003, -31.6996778625 ], [ -60.516515267499997, -31.696944624 ], [ -60.520766741199999, -31.695964483200001 ], [ -60.526489854499999, -31.696048062900001 ], [ -60.530544894599998, -31.696437618800001 ], [ -60.540443592199999, -31.697801656500001 ], [ -60.557177150299999, -31.7012420591 ], [ -60.570681170500002, -31.704586371200001 ], [ -60.584816514400003, -31.709694281699999 ], [ -60.593166765900001, -31.713137184699999 ], [ -60.606895134699997, -31.720296187100001 ], [ -60.6153773379, -31.725989829500001 ], [ -60.621482854600004, -31.7308691526 ], [ -60.624650961, -31.734325034299999 ], [ -60.628670552599999, -31.741312108700001 ], [ -60.630904789600002, -31.748317528499999 ], [ -60.632421760299998, -31.7572818716 ], [ -60.633367852399999, -31.762895128299999 ], [ -60.634581927600003, -31.767682343099999 ], [ -60.636625517299997, -31.772798467800001 ], [ -60.638556736, -31.7764963885 ], [ -60.640886130600002, -31.7798436084 ], [ -60.646591067199999, -31.7850970794 ], [ -60.654361707900001, -31.790236818299999 ], [ -60.662312307, -31.7956820749 ], [ -60.667612589199997, -31.799390298799999 ], [ -60.6701572821, -31.801873622 ], [ -60.670324716400003, -31.804585349300002 ], [ -60.670235824599999, -31.807645959399999 ], [ -60.668844800800002, -31.816697677800001 ], [ -60.665923595, -31.8293024854 ], [ -60.662704488499998, -31.845155307199999 ], [ -60.660938526099997, -31.852055269299999 ], [ -60.653680105200003, -31.874278609699999 ], [ -60.649164176100001, -31.888694946099999 ], [ -60.648834170599997, -31.8917325613 ], [ -60.649377868499997, -31.8958761156 ], [ -60.650953976700002, -31.900295099299999 ], [ -60.654535948700001, -31.906926665899999 ], [ -60.6585418234, -31.9124317773 ], [ -60.662723663199998, -31.916706756500002 ], [ -60.670790045399997, -31.9235766093 ], [ -60.672601321899997, -31.9255033496 ], [ -60.674326368599999, -31.927933810599999 ], [ -60.677053009600002, -31.931586448699999 ], [ -60.679263112199997, -31.933452924299999 ], [ -60.686168203100003, -31.937694668100001 ], [ -60.697070310900003, -31.944305207 ], [ -60.708146752200001, -31.951614030599998 ], [ -60.715205489500001, -31.9568282661 ], [ -60.719524027799999, -31.9605583403 ], [ -60.722242481899997, -31.9645120771 ], [ -60.723290039, -31.967661846799999 ], [ -60.723274345, -31.970586635099998 ], [ -60.722230974399999, -31.973252803200001 ], [ -60.719345716399999, -31.9786196845 ], [ -60.713632196, -31.986745155600001 ], [ -60.704878993199998, -31.9961517982 ], [ -60.694220279900001, -32.005939011700001 ], [ -60.685856464899999, -32.013426254800002 ], [ -60.683552044300001, -32.0158846896 ], [ -60.680670335199999, -32.020093719099997 ], [ -60.676208481499998, -32.028961199599998 ], [ -60.671278895299999, -32.040179423799998 ], [ -60.6693409385, -32.043333522499999 ], [ -60.662914252699998, -32.050935493799997 ], [ -60.6576999818, -32.057656843399997 ], [ -60.655543819099996, -32.062416081899997 ], [ -60.655195546199998, -32.064773252499997 ], [ -60.655517325700004, -32.067967573499999 ], [ -60.657510123500003, -32.074466143899997 ], [ -60.661954574100001, -32.084138602700001 ], [ -60.665460801800002, -32.089043043 ], [ -60.6695871238, -32.092281671499997 ], [ -60.678362672, -32.100320310500003 ], [ -60.6850718675, -32.107483941 ], [ -60.689267413700001, -32.113318131100002 ], [ -60.692890091499997, -32.119820867199998 ], [ -60.697875151399998, -32.132221772400001 ], [ -60.701825699600001, -32.145960814399999 ], [ -60.703434647199998, -32.155293784599998 ], [ -60.704569987500001, -32.163135661299997 ], [ -60.704898190599998, -32.174041619100002 ], [ -60.703147377900002, -32.182864601 ], [ -60.701526273600003, -32.186669438 ], [ -60.698337091100001, -32.190610101200001 ], [ -60.692780006900001, -32.196856069699997 ], [ -60.6876834901, -32.201619489599999 ], [ -60.681234727899998, -32.205585241900003 ], [ -60.677324043600002, -32.208178407399998 ], [ -60.674887095199999, -32.210436304600002 ], [ -60.670468614900003, -32.215461942099999 ], [ -60.667005060699999, -32.217988893899999 ], [ -60.664449514300003, -32.221439099800001 ], [ -60.662357705600002, -32.229175622200003 ], [ -60.663385367, -32.236687718500001 ], [ -60.666577972299997, -32.242626134200002 ], [ -60.669646763400003, -32.246847560399999 ], [ -60.672363381, -32.2517801873 ], [ -60.676648010599997, -32.260671288300003 ], [ -60.682328033499999, -32.274411067899997 ], [ -60.684352626100001, -32.2809173423 ], [ -60.684607520299998, -32.283784747299997 ], [ -60.683416777700003, -32.289007949800002 ], [ -60.681424461399999, -32.294474757099998 ], [ -60.678356843499998, -32.3001545439 ], [ -60.6752747472, -32.306490073299997 ], [ -60.674545648600002, -32.310173403299999 ], [ -60.675372493300003, -32.313016129399998 ], [ -60.676617013700003, -32.318354899900001 ], [ -60.678295372299999, -32.320437045399999 ], [ -60.6840133428, -32.323187839200003 ], [ -60.693484847800001, -32.324582912399997 ], [ -60.6984542195, -32.324425721799997 ], [ -60.707163409, -32.3236388328 ], [ -60.712079761200002, -32.323702505900002 ], [ -60.718912886299997, -32.325115456200002 ], [ -60.722260303100001, -32.326490469699998 ], [ -60.727035360599999, -32.329903057499997 ], [ -60.731261678300001, -32.334483496300003 ], [ -60.733979345599998, -32.338797904400003 ], [ -60.735407196700002, -32.343061217500001 ], [ -60.735434215200002, -32.347394621299998 ], [ -60.733803863200002, -32.351574931599998 ], [ -60.731317865199998, -32.355303247899997 ], [ -60.728595933400001, -32.358701286600002 ], [ -60.7248134839, -32.3613881709 ], [ -60.717312406799998, -32.365151014 ], [ -60.714544325399999, -32.366979374899998 ], [ -60.713134317700003, -32.368549252599998 ], [ -60.712451654799999, -32.370679625699999 ], [ -60.713199144599997, -32.3734358508 ], [ -60.713986782799999, -32.375895412799998 ], [ -60.715531261499997, -32.383187012100002 ], [ -60.716548336400002, -32.38940192 ], [ -60.716727095400003, -32.392522337 ], [ -60.716463067100001, -32.397176788499998 ], [ -60.716669043700001, -32.401152038600003 ], [ -60.716684363299997, -32.401447682899999 ], [ -60.71888027, -32.415118771400003 ], [ -60.720784065799997, -32.428123902400003 ], [ -60.720774188599997, -32.4320029561 ], [ -60.720398406699999, -32.4371493437 ], [ -60.720518776399999, -32.444026340699999 ], [ -60.721744070600003, -32.449832344500003 ], [ -60.722645203399999, -32.4515699146 ], [ -60.724283985100001, -32.453043414 ], [ -60.726607510699999, -32.457001994400002 ], [ -60.730901680800002, -32.466641300600003 ], [ -60.7368422208, -32.472089713599999 ], [ -60.742289995900002, -32.476375043600001 ], [ -60.745236845500003, -32.477988476 ], [ -60.757595626700002, -32.483670160700001 ], [ -60.778054458, -32.495432922600003 ], [ -60.781945177099999, -32.498654592100003 ], [ -60.78372294, -32.502454190900004 ], [ -60.784013681399998, -32.50783472 ], [ -60.783171040100001, -32.511508598200002 ], [ -60.781429985899997, -32.515118425 ], [ -60.779141814799999, -32.518783770100001 ], [ -60.773569720799998, -32.525970029200003 ], [ -60.770266613499999, -32.529414640299997 ], [ -60.762204885300001, -32.535484639700002 ], [ -60.758023713699998, -32.539241783400001 ], [ -60.755218592799999, -32.543242122 ], [ -60.7518736022, -32.549925284300002 ], [ -60.747930433699999, -32.560007839500003 ], [ -60.746635591, -32.564381729799997 ], [ -60.746485097799997, -32.567557969900001 ], [ -60.747469909599999, -32.5748127122 ], [ -60.748571589900003, -32.579870704800001 ], [ -60.751784857399997, -32.5932317599 ], [ -60.754244863099998, -32.601235786899998 ], [ -60.755803266299999, -32.606733119200001 ], [ -60.755971915700002, -32.609409107899999 ], [ -60.755480253800002, -32.612616656100002 ], [ -60.754023900299998, -32.620354056099998 ], [ -60.753014648799997, -32.625715313800001 ], [ -60.742919852699998, -32.642330901900003 ], [ -60.736591779500003, -32.65028519 ], [ -60.728878397700001, -32.659710062400002 ], [ -60.726394472599999, -32.664008406500002 ], [ -60.724890146299998, -32.668432867699998 ], [ -60.723934188900003, -32.673922155699998 ], [ -60.723659046599998, -32.677385422699999 ], [ -60.723308342800003, -32.688497717300002 ], [ -60.724726993, -32.702332309 ], [ -60.724253357499997, -32.7055940853 ], [ -60.723241695600002, -32.710416309199999 ], [ -60.723598276700002, -32.723164467499998 ], [ -60.723827623299997, -32.7256684587 ], [ -60.725194189200003, -32.7317169564 ], [ -60.725148986299999, -32.7348303128 ], [ -60.723390568399999, -32.743963005200001 ], [ -60.722602004, -32.752320786699997 ], [ -60.721619700399998, -32.754814747499999 ], [ -60.712776180500001, -32.775579756100001 ], [ -60.711578321899999, -32.777512630099999 ], [ -60.710421080400003, -32.779370606800001 ], [ -60.708606818200003, -32.781729970400001 ], [ -60.7084408821, -32.7831537418 ], [ -60.708147278799999, -32.786364713799998 ], [ -60.706514672799997, -32.790066877900003 ], [ -60.705227824399998, -32.791903450500001 ], [ -60.703569690599998, -32.793621837899998 ], [ -60.696883863, -32.7992770675 ], [ -60.694896961600001, -32.8019229939 ], [ -60.693736384200001, -32.802858659400002 ], [ -60.683622895299997, -32.805537723 ], [ -60.678817937799998, -32.808934652600001 ], [ -60.6747936147, -32.8131030694 ], [ -60.671592990100002, -32.818415955900001 ], [ -60.669701486599998, -32.822058618 ], [ -60.667239526400003, -32.8261436608 ], [ -60.661231717100002, -32.837753948600003 ], [ -60.662049993, -32.846672893099999 ], [ -60.662596851300002, -32.847632238 ], [ -60.664173202199997, -32.848188028400003 ], [ -60.666104349400001, -32.849461336399997 ], [ -60.673252973499999, -32.855992350299999 ], [ -60.678771317500001, -32.861954164 ], [ -60.680069822599997, -32.863093164600002 ], [ -60.681770936900001, -32.8640444268 ], [ -60.683666213499997, -32.867095435700001 ], [ -60.684679049899998, -32.875128143200001 ], [ -60.685068753800003, -32.879829642499999 ], [ -60.684712639700003, -32.881943345099998 ], [ -60.684225684200001, -32.8833552579 ], [ -60.683880121199998, -32.889818019700002 ], [ -60.682687828100001, -32.893216360300002 ], [ -60.679837238499999, -32.898857099600001 ], [ -60.677593060500001, -32.901164270700001 ], [ -60.675246023299998, -32.903446558299997 ], [ -60.657869029899999, -32.920045627199997 ], [ -60.651262633800002, -32.925470687599997 ], [ -60.648421100100002, -32.927554936299998 ], [ -60.644544231300003, -32.930061888600001 ], [ -60.638738324499997, -32.933332157599999 ], [ -60.620569494599998, -32.942403616500002 ], [ -60.608890868700001, -32.949545361799998 ], [ -60.6027589686, -32.954281244699999 ], [ -60.600686919799998, -32.955923296800002 ], [ -60.599709914899996, -32.957956060400001 ], [ -60.5997249037, -32.960142933100002 ], [ -60.600210726100002, -32.963414575199998 ], [ -60.600290638099999, -32.964744131800003 ], [ -60.599931702699998, -32.967441734799998 ], [ -60.598811357800002, -32.972778837200003 ], [ -60.598575685599997, -32.9756368145 ], [ -60.598840361699999, -32.977874871799997 ], [ -60.599805384100002, -32.982293956699998 ], [ -60.601510729499999, -32.990102027 ], [ -60.601662300599997, -32.9911549885 ], [ -60.6016240565, -32.994170008499999 ], [ -60.601246282799998, -32.998827261400002 ], [ -60.600649017400002, -33.003283888200002 ], [ -60.599869216400002, -33.009101900799998 ], [ -60.596012008599999, -33.015862414700003 ], [ -60.591862628199998, -33.022822782799999 ], [ -60.5868204187, -33.029423043800001 ], [ -60.584442423799999, -33.031496949500003 ], [ -60.577110316400002, -33.034831984299998 ], [ -60.568004840599997, -33.038385363400003 ], [ -60.563727557299998, -33.0408240402 ], [ -60.558147683, -33.045351917799998 ], [ -60.547560667299997, -33.0571253365 ], [ -60.543480431399999, -33.063132488500003 ], [ -60.539682229900002, -33.070051276 ], [ -60.531973949099999, -33.085840957499997 ], [ -60.526098071200003, -33.098244405199999 ], [ -60.523579471600002, -33.102554165 ], [ -60.519519568600003, -33.109225540099999 ], [ -60.514954455500003, -33.114106352500002 ], [ -60.504851666599997, -33.122454366900001 ], [ -60.500933306699999, -33.126507974100001 ], [ -60.494671391499999, -33.131904286400001 ], [ -60.488990660200002, -33.135943860200001 ], [ -60.478014464399998, -33.141217826199998 ], [ -60.468146774700003, -33.143858877200003 ], [ -60.4577761571, -33.145350546099998 ], [ -60.453102141899997, -33.145623972700001 ], [ -60.448720517600002, -33.1467548858 ], [ -60.432516431499998, -33.1523823128 ], [ -60.417100939400001, -33.159325022499999 ], [ -60.414894852700002, -33.160121124600003 ], [ -60.412286938100003, -33.160580421799999 ], [ -60.408502327299999, -33.161552695499999 ], [ -60.403371603700002, -33.164594303800001 ], [ -60.399964006700003, -33.167292452700003 ], [ -60.394414574899997, -33.1724929489 ], [ -60.389863866600002, -33.175658009400003 ], [ -60.382346867800003, -33.179360167799999 ], [ -60.374906704300003, -33.181590127900002 ], [ -60.366800573699997, -33.182483718500002 ], [ -60.363905645800003, -33.182411915099998 ], [ -60.359415517599999, -33.1818533629 ], [ -60.3526371926, -33.180148001900001 ], [ -60.347773926899997, -33.178635962400001 ], [ -60.3433039421, -33.177307157599998 ], [ -60.335372033900001, -33.175590332 ], [ -60.326961214, -33.174662794 ], [ -60.321113993600001, -33.175771024299998 ], [ -60.316926831799996, -33.177461085099999 ], [ -60.311338682100001, -33.18071328 ], [ -60.307696864100002, -33.183425547100001 ], [ -60.304463316800003, -33.1861992308 ], [ -60.297529258099999, -33.193197630500002 ], [ -60.292173851400001, -33.199828437400001 ], [ -60.288144815099997, -33.2055501683 ], [ -60.287144626, -33.2107680047 ], [ -60.2861484027, -33.217146368900003 ], [ -60.286452346600001, -33.218424535099999 ], [ -60.2873551741, -33.219730305500001 ], [ -60.288705648300002, -33.220934157 ], [ -60.291629272599998, -33.223115416299997 ], [ -60.295929308700003, -33.227711006 ], [ -60.298015681199999, -33.230567492500001 ], [ -60.298693552499998, -33.232629401099999 ], [ -60.2985579821, -33.234650124200002 ], [ -60.297479626600001, -33.236962528299998 ], [ -60.2949054487, -33.2414285029 ], [ -60.293116196200003, -33.244207498900003 ], [ -60.286640716599997, -33.250010355100002 ], [ -60.297293779, -33.246262779200002 ], [ -60.301035844300003, -33.2425710471 ], [ -60.305395282, -33.239410707300003 ], [ -60.308196981899997, -33.237210323900001 ], [ -60.312920699400003, -33.236034417299997 ], [ -60.315430020299999, -33.236710649199999 ], [ -60.319110796300002, -33.239223785500002 ], [ -60.323460411399999, -33.242015347900001 ], [ -60.327984554399997, -33.246768250099997 ], [ -60.330262013400002, -33.248939726800003 ], [ -60.330561508899997, -33.2429935997 ], [ -60.331475695800002, -33.241113262500001 ], [ -60.334414331700003, -33.235068366199997 ], [ -60.3366883841, -33.2314332415 ], [ -60.340482466399997, -33.226513102799998 ], [ -60.3423780818, -33.2237327924 ], [ -60.345289039699999, -33.220629429 ], [ -60.345532320099998, -33.217853643300003 ], [ -60.345522671600001, -33.215398750600002 ], [ -60.344968816700003, -33.213520486299998 ], [ -60.3439910922, -33.209643200599999 ], [ -60.347049342, -33.209083420500001 ], [ -60.351421348700001, -33.209071151099998 ], [ -60.361693286600001, -33.208490431500003 ], [ -60.365842836100001, -33.207559487799998 ], [ -60.369333428399997, -33.205895311900001 ], [ -60.3741361959, -33.204410863299998 ], [ -60.377410286200003, -33.203298400400001 ], [ -60.380698609200003, -33.205493538799999 ], [ -60.384850222300003, -33.205113244099998 ], [ -60.387685406700001, -33.203634342400001 ], [ -60.389207376400002, -33.201791964199998 ], [ -60.391385012400001, -33.199947507099999 ], [ -60.396187902699999, -33.198645971300003 ], [ -60.399599177699997, -33.199423926 ], [ -60.403277445900002, -33.198024497200002 ], [ -60.406831498700001, -33.197265786099997 ], [ -60.410896816799998, -33.197025206699998 ], [ -60.414602989199999, -33.197372008400002 ], [ -60.419714680699997, -33.1946713046 ], [ -60.427050791399999, -33.192538925500003 ], [ -60.434044540499997, -33.193718987799997 ], [ -60.4404866235, -33.192040527499998 ], [ -60.449283000299999, -33.195320745799997 ], [ -60.456095733, -33.1960486073 ], [ -60.460247602899997, -33.201903990200002 ], [ -60.4674304742, -33.204737293500003 ], [ -60.472161643600003, -33.205389989099999 ], [ -60.479865757200002, -33.205166255 ], [ -60.487456872199999, -33.204519373 ], [ -60.497229435100003, -33.199747465100003 ], [ -60.507480156500002, -33.193120702199998 ], [ -60.512821096800003, -33.184867069900001 ], [ -60.5166819672, -33.174973002500003 ], [ -60.517123425100003, -33.166739423499997 ], [ -60.5166083294, -33.162419881 ], [ -60.514129636299998, -33.157285276499998 ], [ -60.510685053300001, -33.1544183233 ], [ -60.5087307059, -33.151679684599998 ], [ -60.506495254, -33.146132331399997 ], [ -60.505714779500003, -33.13810949 ], [ -60.507865815599999, -33.129045739799999 ], [ -60.510072132799998, -33.128147521599999 ], [ -60.512638439, -33.127127782499997 ], [ -60.517094250900001, -33.126676847799999 ], [ -60.523267333900002, -33.126651076100003 ], [ -60.529783314200003, -33.126623541 ], [ -60.553021865700003, -33.129408013800003 ], [ -60.566630407200002, -33.129346867199999 ], [ -60.5784829113, -33.129292399900002 ], [ -60.589464889399999, -33.127766315 ], [ -60.59207105, -33.1261561763 ], [ -60.594483978100001, -33.121344284400003 ], [ -60.596543889400003, -33.114244987600003 ], [ -60.595984061800003, -33.109373647300004 ], [ -60.595668299700002, -33.101621053899997 ], [ -60.594568376, -33.094758364 ], [ -60.592160641100001, -33.089231169 ], [ -60.587119534400003, -33.083716331200002 ], [ -60.5802297794, -33.077323722099997 ], [ -60.576519769, -33.073796175699997 ], [ -60.574111084099997, -33.069077250799999 ], [ -60.573824753499999, -33.065533808200001 ], [ -60.574863607600001, -33.063313545699998 ], [ -60.576424680199999, -33.060426219599997 ], [ -60.574555681200003, -33.056446971299998 ], [ -60.573227759300003, -33.054680706399999 ], [ -60.572780507799997, -33.053773492 ], [ -60.573226701800003, -33.052781160499997 ], [ -60.573761461, -33.051483730199998 ], [ -60.574570210399997, -33.050565902400002 ], [ -60.575469948600002, -33.049723826700003 ], [ -60.579631347899998, -33.049323675399997 ], [ -60.582162383, -33.048778668799997 ], [ -60.5842392956, -33.0480072079 ], [ -60.586767193500002, -33.047005061500002 ], [ -60.590896715100001, -33.045274560800003 ], [ -60.592480550600001, -33.044022844099999 ], [ -60.596111302200001, -33.042761343599999 ], [ -60.598604765399998, -33.041505182 ], [ -60.600896087700001, -33.03995771 ], [ -60.604888482, -33.038407081800003 ], [ -60.6094286927, -33.037159911800003 ], [ -60.614885905599998, -33.036980015700003 ], [ -60.619615320900003, -33.036803479600003 ], [ -60.620225122, -33.033233396 ], [ -60.620193209, -33.02867768 ], [ -60.617449925700001, -33.023376097800003 ], [ -60.615170505499997, -33.021162286 ], [ -60.6127695554, -33.016652526400001 ], [ -60.611804301100001, -33.014130497 ], [ -60.610363395100002, -33.011344816799998 ], [ -60.610023662499998, -33.00788881 ], [ -60.609910424600002, -33.006028885799999 ], [ -60.609845590399999, -33.004963948799997 ], [ -60.610767611, -33.001235800700002 ], [ -60.612008190300003, -32.9979050281 ], [ -60.612953036199997, -32.997501429700002 ], [ -60.615954718, -32.997619649699999 ], [ -60.621331972500002, -32.998656898299998 ], [ -60.624498220200003, -32.9997049941 ], [ -60.630035511599999, -33.001007051899997 ], [ -60.633194304299998, -33.000991069900003 ], [ -60.6366785759, -33.002303227799999 ], [ -60.642690029699999, -33.003602284199999 ], [ -60.645378951, -33.0041203663 ], [ -60.6501173495, -33.004095778699998 ], [ -60.652332492100001, -33.004616177 ], [ -60.657867517299998, -33.005518026899999 ], [ -60.662449995, -33.0057597781 ], [ -60.666399681400001, -33.00587173 ], [ -60.67033835, -33.004520783899999 ], [ -60.6734841058, -33.002775015899999 ], [ -60.675894349499998, -33.001306705099999 ], [ -60.679363916600003, -33.000622925400002 ], [ -60.683943106900003, -33.000464946500003 ], [ -60.6846962029, -33.000624187 ], [ -60.688847463400002, -33.001501869099997 ], [ -60.695028979900002, -33.004260326199997 ], [ -60.698524746499999, -33.006900538899998 ], [ -60.702813619300002, -33.009935165 ], [ -60.708689835400001, -33.013891529299997 ], [ -60.714722381800001, -33.017580730900001 ], [ -60.719117972200003, -33.020659844400001 ], [ -60.719806514, -33.021142134500003 ], [ -60.732086346199999, -33.027643630699998 ], [ -60.734070119199998, -33.028338314800003 ], [ -60.737315367500003, -33.029474654099999 ], [ -60.746338585499998, -33.031548766299998 ], [ -60.7528275142, -33.032839644100001 ], [ -60.757897222899999, -33.034925597700003 ], [ -60.756528271599997, -33.031309312600001 ], [ -60.739278096900001, -32.968509222400002 ], [ -60.7385623694, -32.966805646099999 ], [ -60.737856195600003, -32.965485842600003 ], [ -60.735801055400003, -32.964077401099999 ], [ -60.721729835700003, -32.951614423400002 ], [ -60.722933451400003, -32.931604869499999 ], [ -60.707632297700002, -32.934610669100003 ], [ -60.708107871, -32.929836705500001 ], [ -60.693114134399998, -32.931096189500003 ], [ -60.693447876900002, -32.918351615100001 ], [ -60.7079402337, -32.904919050700002 ], [ -60.706468137500003, -32.904615381799999 ], [ -60.705766374699998, -32.904537509 ], [ -60.705251300900002, -32.904388560199997 ], [ -60.7044660671, -32.904199235500002 ], [ -60.703737403300003, -32.904121828900003 ], [ -60.702896711, -32.903865722299997 ], [ -60.702189528300003, -32.903641200099997 ], [ -60.701766258, -32.903382992700003 ], [ -60.701367418499999, -32.902966843199998 ], [ -60.700511339800002, -32.902078601 ], [ -60.700338906, -32.901629948100002 ], [ -60.699997343900002, -32.900868095699998 ], [ -60.700250441900003, -32.900208632800002 ], [ -60.700424472800002, -32.899618326899997 ], [ -60.700468209199997, -32.899019566100002 ], [ -60.700183872300002, -32.898571058800002 ], [ -60.6998297803, -32.898409250699999 ], [ -60.699286198099998, -32.898193026100003 ], [ -60.6987448171, -32.898067102100001 ], [ -60.698393414900004, -32.898005568400002 ], [ -60.698148530499999, -32.8978969769 ], [ -60.697954707599997, -32.897674553800002 ], [ -60.697810298299999, -32.897270572 ], [ -60.6976536787, -32.896405769700003 ], [ -60.697913500799999, -32.895981374 ], [ -60.698273115200003, -32.895274857899999 ], [ -60.698701342200003, -32.894070245400002 ], [ -60.698997243800001, -32.892958316799998 ], [ -60.699484982500003, -32.891823466799998 ], [ -60.6999239222, -32.890957824499999 ], [ -60.700582695800001, -32.8895424038 ], [ -60.700935662699997, -32.888564971100003 ], [ -60.701311671799999, -32.887429030299998 ], [ -60.701667374, -32.8865644742 ], [ -60.701889668299998, -32.885747454 ], [ -60.7022304981, -32.884273351099999 ], [ -60.7025268756, -32.883183989199999 ], [ -60.702794144899997, -32.882004800799997 ], [ -60.703092160099999, -32.880983164600003 ], [ -60.703395674900001, -32.880187285200002 ], [ -60.703619590499997, -32.879437988799999 ], [ -60.704108629099998, -32.878525886600002 ], [ -60.704410474200003, -32.877662277399999 ], [ -60.704634375300003, -32.876912979099998 ], [ -60.705013596500002, -32.875912480799997 ], [ -60.705478460400002, -32.875113729799999 ], [ -60.706272142700001, -32.874557574900003 ], [ -60.707548853699997, -32.873947656 ], [ -60.708162885, -32.873508354899997 ], [ -60.708851107500003, -32.873015966 ], [ -60.709426501199999, -32.872604293400002 ], [ -60.7105478613, -32.872245549100001 ], [ -60.711158738899996, -32.871918473100003 ], [ -60.711688194499999, -32.8717140933 ], [ -60.711982916399997, -32.871600323800003 ], [ -60.712312217, -32.8710627102 ], [ -60.712730552399996, -32.87071979 ], [ -60.713188261900001, -32.870188393500001 ], [ -60.713641711100003, -32.869492363200003 ], [ -60.713992151399999, -32.868954439699998 ], [ -60.714079263499997, -32.86811722 ], [ -60.713933172499999, -32.867645528200001 ], [ -60.713792614200003, -32.867399593199998 ], [ -60.713755333899996, -32.866883684900003 ], [ -60.713533906899997, -32.8662968772 ], [ -60.713395354500001, -32.865913153100003 ], [ -60.712966115199997, -32.865077371 ], [ -60.712644184, -32.864309294199998 ], [ -60.712517950900001, -32.8638806397 ], [ -60.712256399099999, -32.8634944103 ], [ -60.712147221599999, -32.863333188399999 ], [ -60.712085454899999, -32.863043474 ], [ -60.7120042926, -32.862662781600001 ], [ -60.711868427, -32.862025495799998 ], [ -60.7117661248, -32.861545634800002 ], [ -60.711610623399999, -32.860816225800001 ], [ -60.7116020944, -32.859748100799997 ], [ -60.711596483900003, -32.859045433200002 ], [ -60.715007699399997, -32.848683631500002 ], [ -60.728106481899999, -32.811234989 ], [ -60.7284550587, -32.810607292 ], [ -60.7286335063, -32.809921868099998 ], [ -60.729166755900003, -32.809307301 ], [ -60.729380449, -32.809102199199998 ], [ -60.730130235700003, -32.808576655700001 ], [ -60.730987406899999, -32.808005118799997 ], [ -60.731846329100001, -32.807614579099997 ], [ -60.732488476900002, -32.807112385899998 ], [ -60.733159560600001, -32.806813632699999 ], [ -60.733668892499999, -32.806515986800001 ], [ -60.734232799200001, -32.806285844400001 ], [ -60.734824765500001, -32.806168640899998 ], [ -60.735254320700001, -32.805984671399997 ], [ -60.736116302799999, -32.805910857599997 ], [ -60.736599769199998, -32.805726512299998 ], [ -60.737296013, -32.805246548699998 ], [ -60.7378850853, -32.804835201499998 ], [ -60.738554579899997, -32.804378042400003 ], [ -60.739008633300003, -32.803944995400002 ], [ -60.739301829200002, -32.803603566200003 ], [ -60.739434836800001, -32.803421631900001 ], [ -60.739645825799997, -32.802945008899997 ], [ -60.739774165100002, -32.802287942200003 ], [ -60.740522084399998, -32.801898099 ], [ -60.741156808100001, -32.800415882300001 ], [ -60.741047621699998, -32.799389092299997 ], [ -60.741037633799998, -32.79818512 ], [ -60.741031063599998, -32.797393080399999 ], [ -60.741022249099998, -32.79633044 ], [ -60.7408464954, -32.795476703600002 ], [ -60.7406639668, -32.794590038599999 ], [ -60.740426433400003, -32.793436149800002 ], [ -60.740380578699998, -32.792103777599998 ], [ -60.740315700899998, -32.790218575899999 ], [ -60.740780033100002, -32.788839524799997 ], [ -60.741033498500002, -32.787776402 ], [ -60.741165800799997, -32.787074481399998 ], [ -60.741727253599997, -32.786552027500001 ], [ -60.742100322200002, -32.785690844800001 ], [ -60.743916784900001, -32.783376285800003 ], [ -60.744503347299997, -32.7821749123 ], [ -60.744769362600003, -32.781381992500002 ], [ -60.745275576700003, -32.780203534800002 ], [ -60.745434298200003, -32.7793657498 ], [ -60.745218635699999, -32.7788234824 ], [ -60.7450544179, -32.777398565799999 ], [ -60.744918205499999, -32.776471345600001 ], [ -60.744943789399997, -32.775973453600002 ], [ -60.744887900400002, -32.775023313600002 ], [ -60.744940440299999, -32.774593205 ], [ -60.7454479361, -32.773957794700003 ], [ -60.746035908099998, -32.7733673432 ], [ -60.746623485199997, -32.772618499799997 ], [ -60.746836427399998, -32.772052041099997 ], [ -60.746994955, -32.771146372399997 ], [ -60.747073829800001, -32.770535148699999 ], [ -60.748973025, -32.769351575 ], [ -60.749588854199999, -32.7692135494 ], [ -60.750418436700002, -32.768848461600001 ], [ -60.752318423200002, -32.768331355699999 ], [ -60.753183669899997, -32.767799123800003 ], [ -60.754191713700003, -32.767227977200001 ], [ -60.755342037, -32.766590139199998 ], [ -60.756330745299998, -32.765613485199999 ], [ -60.757345524599998, -32.764365199300002 ], [ -60.758040158599997, -32.763638530100003 ], [ -60.758973945100003, -32.762164261800002 ], [ -60.759747915399998, -32.761052622699999 ], [ -60.760755777299998, -32.759957946100002 ], [ -60.761190361200001, -32.759485917600003 ], [ -60.763139374, -32.758672063500001 ], [ -60.7641884146, -32.758121939900001 ], [ -60.759200812899998, -32.757080670699999 ], [ -60.755946273500001, -32.755145909699998 ], [ -60.753133595800001, -32.750732785899999 ], [ -60.750820349900003, -32.746088584600002 ], [ -60.7486555208, -32.740726819899997 ], [ -60.744390965299999, -32.734022686 ], [ -60.737804048800001, -32.728713966599997 ], [ -60.733978893900002, -32.7255278202 ], [ -60.7291002885, -32.722525918400002 ], [ -60.724863760799998, -32.7205896655 ], [ -60.730097365799999, -32.7153898774 ], [ -60.732609167699998, -32.712879650600001 ], [ -60.735960431599999, -32.709829655299998 ], [ -60.737194202399998, -32.705900770299998 ], [ -60.7394710389, -32.700539682900001 ], [ -60.741340934100002, -32.697991258099997 ], [ -60.743355862100003, -32.695244981 ], [ -60.753157887299999, -32.689837387799997 ], [ -60.770348046, -32.692183332299997 ], [ -60.782380480800001, -32.695007640299998 ], [ -60.790550813099998, -32.697492847299998 ], [ -60.797428502199999, -32.699261044700002 ], [ -60.807747221100001, -32.702093801399997 ], [ -60.816763403, -32.703122444 ], [ -60.828322934299997, -32.699609477 ], [ -60.818614350300003, -32.698022213500003 ], [ -60.811284048700003, -32.695469573099999 ], [ -60.802932324300002, -32.6912542966 ], [ -60.800288259299997, -32.683299528 ], [ -60.7942500264, -32.679352079700003 ], [ -60.790231060300002, -32.670814637500001 ], [ -60.7934260822, -32.658220134300002 ], [ -60.794934683699999, -32.641910470799999 ], [ -60.793652086900003, -32.621426938799999 ], [ -60.801726159499999, -32.600418252399997 ], [ -60.811489893400001, -32.584055323800001 ], [ -60.82009427, -32.561644790400003 ], [ -60.823717014800003, -32.536472027099997 ], [ -60.827393644200001, -32.521584278399999 ], [ -60.8331077299, -32.515894030399998 ], [ -60.834435199799998, -32.495330578699999 ], [ -60.831342148399997, -32.4889277009 ], [ -60.825237097799999, -32.484856928500001 ], [ -60.815744808600002, -32.475155273200002 ], [ -60.811137243200001, -32.468761664 ], [ -60.808557510900002, -32.459008907899999 ], [ -60.804770949900004, -32.451628418699997 ], [ -60.8034499818, -32.446590902899999 ], [ -60.801232811699997, -32.439883480600002 ], [ -60.807713727500001, -32.442722597100001 ], [ -60.815007124300003, -32.446107198500002 ], [ -60.821036535799998, -32.449638048399997 ], [ -60.827066414199997, -32.4531686001 ], [ -60.832448971799998, -32.456036453899998 ], [ -60.837831867399998, -32.458904070700001 ], [ -60.842263641300001, -32.461874696800002 ], [ -60.846695705, -32.464845160599999 ], [ -60.851123092900004, -32.469781792299997 ], [ -60.855550966700001, -32.474718256300001 ], [ -60.861531928600002, -32.479586875199999 ], [ -60.867513534099999, -32.484455195099997 ], [ -60.880983016599998, -32.493688592600002 ], [ -60.887425506299998, -32.497836210800003 ], [ -60.893868583900002, -32.501983486100002 ], [ -60.897861112699999, -32.5030644028 ], [ -60.913698145799998, -32.507350525600003 ], [ -60.923272597599997, -32.508350112499997 ], [ -60.932847243099999, -32.509348966700003 ], [ -60.948582172899997, -32.513215926 ], [ -60.967055963500002, -32.518504268599997 ], [ -61.013565031900001, -32.532930940900002 ], [ -61.011729626600001, -32.530003360400002 ], [ -61.011505985699998, -32.527280751299998 ], [ -61.011282360499997, -32.524558140499998 ], [ -61.010161062, -32.5163939129 ], [ -61.009851901799998, -32.5142447769 ], [ -61.009396250800002, -32.510956501599999 ], [ -61.007030563599997, -32.506176754 ], [ -61.004391935299999, -32.500844870199998 ], [ -60.998445497600002, -32.493885165800002 ], [ -60.995800211099997, -32.490788679600001 ], [ -60.992507412899997, -32.4882487486 ], [ -60.984363135099997, -32.481965581200001 ], [ -60.977243140200002, -32.477238389599997 ], [ -60.974744065300001, -32.475578957800003 ], [ -60.972704670900001, -32.4736566841 ], [ -60.970100155399997, -32.4712015733 ], [ -60.968436845299998, -32.468107097299999 ], [ -60.965703684, -32.4630217108 ], [ -60.964264132300002, -32.460342983700002 ], [ -60.9622984875, -32.4579741071 ], [ -60.9587173432, -32.453657920600001 ], [ -60.953919231699999, -32.447874155400001 ], [ -60.948968241, -32.4451792905 ], [ -60.942029028599997, -32.441401614100002 ], [ -60.9374390917, -32.438621952699997 ], [ -60.9316208531, -32.4350979397 ], [ -60.928882608899997, -32.433439238699997 ], [ -60.9265162417, -32.432005235600002 ], [ -60.921586640900003, -32.429017636499999 ], [ -60.918545508, -32.4271743515 ], [ -60.915275749700001, -32.425651639599998 ], [ -60.910881225200001, -32.423604912 ], [ -60.909176280700002, -32.422810775800002 ], [ -60.908523715900003, -32.420874056400002 ], [ -60.907826395900003, -32.418804410500002 ], [ -60.907577015500003, -32.418064224399998 ], [ -60.907017170800003, -32.416402501500002 ], [ -60.903588023799998, -32.4128321954 ], [ -60.8996181308, -32.408698405899997 ], [ -60.898480089099998, -32.404672818800002 ], [ -60.893014735800001, -32.399994175300002 ], [ -60.8884604044, -32.3960948565 ], [ -60.884821242500003, -32.39297872 ], [ -60.881190339500002, -32.389856567499997 ], [ -60.8789155411, -32.387900340800002 ], [ -60.877382632500002, -32.385511079799997 ], [ -60.875942780099997, -32.383266725299997 ], [ -60.875320098400003, -32.380734954300003 ], [ -60.874038287, -32.375522738299999 ], [ -60.872154883900002, -32.369950617299999 ], [ -60.871556947499997, -32.364835030400002 ], [ -60.868983713900001, -32.358796921100001 ], [ -60.868674548100003, -32.353967235 ], [ -60.868404287399997, -32.349744810099999 ], [ -60.869311968600002, -32.347168641700002 ], [ -60.870643179799998, -32.343390147900003 ], [ -60.870881861800001, -32.340304217300002 ], [ -60.871057995, -32.3380268672 ], [ -60.871300833500001, -32.334886877800002 ], [ -60.871459088, -32.331639169799999 ], [ -60.8732964059, -32.331761351700003 ], [ -60.876310015, -32.331961698500002 ], [ -60.877936396700001, -32.334565333900002 ], [ -60.878909346299999, -32.336122822100002 ], [ -60.879778571700001, -32.3377127507 ], [ -60.881285511199998, -32.340468992600002 ], [ -60.882716375699999, -32.343085914100001 ], [ -60.884230088899997, -32.345854171100001 ], [ -60.886148918499998, -32.348428423800001 ], [ -60.889880641700003, -32.353434294400003 ], [ -60.8929882045, -32.357341287499999 ], [ -60.8954227316, -32.360401809199999 ], [ -60.8982741011, -32.363183811200003 ], [ -60.900324340300003, -32.365184024500003 ], [ -60.902917547199998, -32.366610422 ], [ -60.906140216200001, -32.368382917399998 ], [ -60.912341925299998, -32.368670874599999 ], [ -60.914304082900003, -32.368761917299999 ], [ -60.916247633099999, -32.368968855299997 ], [ -60.924924668700001, -32.369892358 ], [ -60.934918473499998, -32.369648233 ], [ -60.9389317873, -32.369549974100003 ], [ -60.942804017, -32.368847492299999 ], [ -60.947856207199997, -32.3679307532 ], [ -60.953612843800002, -32.3684574567 ], [ -60.958708827800002, -32.3689234888 ], [ -60.964008521, -32.364106028400002 ], [ -60.967589545199999, -32.358648416599998 ], [ -60.9695689407, -32.355631425799999 ], [ -60.971489671500002, -32.352703634199997 ], [ -60.977189200700003, -32.345087554499997 ], [ -60.979501407, -32.341997404 ], [ -60.982245697099998, -32.339108226599997 ], [ -60.985116531899997, -32.336085566100003 ], [ -60.988240084899999, -32.333293683199997 ], [ -60.991047507600001, -32.330784152699998 ], [ -60.998656266, -32.327921505399999 ], [ -61.00375802, -32.322450891199999 ], [ -61.005545540699998, -32.3187306867 ], [ -61.006920534099997, -32.3158688189 ], [ -61.006929992700002, -32.312637012 ], [ -61.006949473500001, -32.305983530299997 ], [ -61.004181067600001, -32.298298192200001 ], [ -61.006349214499998, -32.2938566491 ], [ -61.007915030699998, -32.290648720900002 ], [ -61.009765123699999, -32.2875350578 ], [ -61.012777662799998, -32.282464521900003 ], [ -61.015144479699998, -32.277177322500002 ], [ -61.016200898599998, -32.274817196199997 ], [ -61.014695077900001, -32.269311500400001 ], [ -61.0135578573, -32.2661288412 ], [ -61.012066856700002, -32.261955713500001 ], [ -61.0114319917, -32.257561766599999 ], [ -61.012037837400001, -32.2491759929 ], [ -61.009486867600003, -32.242389855799999 ], [ -61.008442342899997, -32.233189281100003 ], [ -61.0081458326, -32.227686322399997 ], [ -61.008087275699999, -32.222381674 ], [ -61.012230184099998, -32.2186950858 ], [ -61.017385038199997, -32.215951064899997 ], [ -61.0199180153, -32.214039208400003 ], [ -61.023149320199998, -32.211600075699998 ], [ -61.025423276799998, -32.208461897900001 ], [ -61.0276397174, -32.205402852399999 ], [ -61.030292535400001, -32.1989309179 ], [ -61.030047497, -32.194467362099999 ], [ -61.028799465100001, -32.187365750200001 ], [ -61.027005368700003, -32.180392879199999 ], [ -61.025848228199997, -32.175894964299999 ], [ -61.024761711, -32.171382008800002 ], [ -61.0236029625, -32.166568499100002 ], [ -61.020802059899999, -32.159727369599999 ], [ -61.019093854799998, -32.154862045500003 ], [ -61.019141195300001, -32.1520555054 ], [ -61.019211042800002, -32.147914597899998 ], [ -61.017695935600003, -32.142882366499997 ], [ -61.015164682200002, -32.138327974799999 ], [ -61.014330988099999, -32.136786536 ], [ -61.012102881, -32.136967017300002 ], [ -61.009025761099998, -32.1372162049 ], [ -61.006446141799998, -32.137172198499997 ], [ -61.004921350300002, -32.136474326200002 ], [ -61.005745781199998, -32.135564157700003 ], [ -61.008313993800002, -32.134575560899997 ], [ -61.010961556600002, -32.133909000300001 ], [ -61.013299983700001, -32.132728505499998 ], [ -61.013663513, -32.131305620699997 ], [ -61.013299269400001, -32.1305021752 ], [ -61.012963787799997, -32.1297621585 ], [ -61.0127234212, -32.128602283900001 ], [ -61.011723927699997, -32.127383933300003 ], [ -61.011151035099999, -32.123580392500003 ], [ -61.009574565299999, -32.118171241500001 ], [ -61.007929284699998, -32.112135061499998 ], [ -61.006991196100003, -32.108858071699999 ], [ -61.006709683700002, -32.107874625299999 ], [ -61.006887226700002, -32.1068786166 ], [ -61.0070591136, -32.105914318799996 ], [ -61.007206779, -32.105085889599998 ], [ -61.009850703, -32.104569776 ], [ -61.012047497600001, -32.103827100499998 ], [ -61.013595206600002, -32.10330286 ], [ -61.014318946099998, -32.102748903299997 ], [ -61.015284726499999, -32.102009669600001 ], [ -61.016022170900001, -32.100724098400001 ], [ -61.016056693899998, -32.099316198 ], [ -61.015187907300003, -32.097787575 ], [ -61.014810634600003, -32.097123748500003 ], [ -61.015117045499998, -32.095911310600002 ], [ -61.015549106199998, -32.094201635600001 ], [ -61.015839917199997, -32.092355257299999 ], [ -61.016363080700003, -32.090782682700002 ], [ -61.016793679499997, -32.088945048399999 ], [ -61.017176525399996, -32.087321072500004 ], [ -61.017410953400002, -32.085868908499997 ], [ -61.017328249199998, -32.082926353600001 ], [ -61.0177016106, -32.080449343799998 ], [ -61.018734221700001, -32.0786921746 ], [ -61.018808726400003, -32.076701036400003 ], [ -61.001650827900001, -32.076535823900002 ], [ -61.000566433899998, -32.0747664652 ], [ -60.999265811599997, -32.072359841400001 ], [ -60.998368359200001, -32.070699144400002 ], [ -60.996837478, -32.067866156199997 ], [ -60.991460163, -32.066467793100003 ], [ -60.98442126, -32.064636923899997 ], [ -60.978997359, -32.064893873499997 ], [ -60.974125161700002, -32.065205924499999 ], [ -60.965311690699998, -32.065769922699999 ], [ -60.961106287299998, -32.067717492299998 ], [ -60.953316720899998, -32.071107804500002 ], [ -60.948041803800002, -32.073619117900002 ], [ -60.941759136100004, -32.0763526422 ], [ -60.935073384399999, -32.076724559900001 ], [ -60.934959494700003, -32.075514335299999 ], [ -60.931234829, -32.071594409500001 ], [ -60.932141020300001, -32.063177224900002 ], [ -60.931763761900001, -32.060987898 ], [ -60.930032721400003, -32.050940763200003 ], [ -60.932526803199998, -32.035994748500002 ], [ -60.929751121199999, -32.026354360200003 ], [ -60.9286534457, -32.022419226099998 ], [ -60.931948952699997, -32.021381091899997 ], [ -60.935779020200002, -32.020902240399998 ], [ -60.938402918500003, -32.018854934 ], [ -60.942067189, -32.015109918299999 ], [ -60.944528522500001, -32.010134477 ], [ -60.948886895699999, -32.0096512999 ], [ -60.952430983100001, -32.007146171599999 ], [ -60.963131197199999, -32.005635221699997 ], [ -60.971613207099999, -32.002011047499998 ], [ -60.978584422600001, -31.9952497405 ], [ -60.982929079800002, -31.992010092899999 ], [ -60.984838617299999, -31.992261343399999 ], [ -60.992297816700002, -31.993646090399999 ], [ -60.999943256100003, -31.9900461374 ], [ -61.0016885147, -31.983602540100001 ], [ -61.002443109700003, -31.981241249899998 ], [ -61.004461599300001, -31.974924368700002 ], [ -61.004197692300004, -31.9707579307 ], [ -61.003925286399998, -31.966456830599999 ], [ -61.004081606200003, -31.959040636200001 ], [ -61.007423917099999, -31.9427743476 ], [ -61.0070477342, -31.941314615300001 ], [ -61.003784913700002, -31.928651525100001 ], [ -61.004478796500003, -31.921543212100001 ], [ -61.004304814, -31.9055308949 ], [ -61.000947872399998, -31.891496540199999 ], [ -60.999045160500003, -31.884871656 ], [ -61.002613145700003, -31.874456737799999 ], [ -61.0020021598, -31.864589513199999 ], [ -61.001638384800003, -31.8559555362 ], [ -61.0007259538, -31.843182742700002 ], [ -60.99857139, -31.8282689499 ], [ -60.998480717200003, -31.8238693449 ], [ -60.999265812399997, -31.819979668399998 ], [ -60.998537273399997, -31.807724349299999 ], [ -61.001086454099998, -31.804839829300001 ], [ -61.004068331799999, -31.800640141199999 ], [ -61.004390381500002, -31.800186538599998 ], [ -61.00937044, -31.7975807676 ], [ -61.010804040700002, -31.796830586199999 ], [ -61.013080155700003, -31.792625921900001 ], [ -61.019812924599997, -31.790407951700001 ], [ -60.985969107400003, -31.790462795500002 ], [ -60.962318325399998, -31.787894711 ], [ -60.949587291, -31.787195071500001 ], [ -60.935042568, -31.791278823500001 ], [ -60.927353207400003, -31.8014364609 ], [ -60.916267556100003, -31.802612663 ], [ -60.905038764499999, -31.801568480499999 ], [ -60.889835929, -31.8022058078 ], [ -60.883232467, -31.793239227 ], [ -60.876102166400003, -31.7940837194 ], [ -60.873053564300001, -31.7999363311 ], [ -60.871475720500001, -31.801706020699999 ], [ -60.865681482500001, -31.808204026799999 ], [ -60.853966175300002, -31.8161821773 ], [ -60.848873695, -31.808420350700001 ], [ -60.858792605799998, -31.795100786900001 ], [ -60.857757496799998, -31.781854708600001 ], [ -60.8558640858, -31.774461314900002 ], [ -60.8378414007, -31.749244265200002 ], [ -60.835483686899998, -31.740684160200001 ], [ -60.833505721100003, -31.7235459019 ], [ -60.833449914, -31.717309451599998 ], [ -60.828751357599998, -31.701748009500001 ], [ -60.819962178600001, -31.6873821123 ], [ -60.793229341900002, -31.676180562100001 ], [ -60.7829217759, -31.686716732899999 ], [ -60.7643027166, -31.693216232699999 ], [ -60.7465460003, -31.6911260159 ], [ -60.738745623, -31.6787973984 ], [ -60.723299557600001, -31.673297616700001 ], [ -60.705676107800002, -31.6646306805 ], [ -60.697067835299997, -31.653189037299999 ], [ -60.682677292500003, -31.641390875700001 ], [ -60.6817546702, -31.639440435400001 ], [ -60.678133459800002, -31.640048199900001 ], [ -60.661880009500003, -31.640449341699998 ], [ -60.641671701500002, -31.6401811512 ], [ -60.631411867200001, -31.640683882499999 ], [ -60.627244363, -31.639520081699999 ], [ -60.620009623500003, -31.635600479600001 ], [ -60.611474903599998, -31.630215078300001 ], [ -60.602183387700002, -31.624096874599999 ], [ -60.594374195100002, -31.6179392124 ], [ -60.589582387199997, -31.615545347699999 ], [ -60.584042537400002, -31.6118316343 ], [ -60.577886691499998, -31.606633989900001 ], [ -60.563563705100002, -31.591526508 ], [ -60.5492619738, -31.579251491699999 ], [ -60.532628383400002, -31.567484746400002 ], [ -60.5193122895, -31.555869058799999 ], [ -60.499561412600002, -31.5426100271 ], [ -60.487617991100002, -31.536374736500001 ], [ -60.475629130900003, -31.524355892700001 ], [ -60.463489738500002, -31.512601570899999 ], [ -60.454168864700002, -31.506669253399998 ], [ -60.442192415199997, -31.495575136599999 ], [ -60.430855101600002, -31.488189740199999 ], [ -60.418447769399997, -31.4787130516 ], [ -60.406957567699997, -31.469265331 ], [ -60.396726470499999, -31.462796633500002 ], [ -60.388743359499998, -31.458025441699998 ], [ -60.382511046, -31.455273361500002 ], [ -60.378598785299999, -31.452563544299998 ], [ -60.374105477199997, -31.4489533438 ], [ -60.366748781200002, -31.444711773 ], [ -60.362379062, -31.440674512099999 ], [ -60.358129694299997, -31.4354644762 ], [ -60.351396274400003, -31.431113686500002 ], [ -60.344163608899997, -31.426124455699998 ], [ -60.338915159, -31.4193178642 ], [ -60.332880361, -31.4111596861 ], [ -60.3287593927, -31.406268000400001 ], [ -60.3242570508, -31.398819436 ], [ -60.319744951499999, -31.388280129599998 ], [ -60.312610166, -31.3738038736 ], [ -60.310725517900003, -31.367733816800001 ], [ -60.310831586, -31.362191788699999 ], [ -60.310433646100002, -31.352690799800001 ], [ -60.3096313673, -31.349133543 ], [ -60.309685330299999, -31.343810975099998 ], [ -60.304814135599997, -31.334755143100001 ], [ -60.301321355699997, -31.3278178192 ], [ -60.292246103899998, -31.32842864 ], [ -60.287694870599999, -31.3263203289 ], [ -60.281360487599997, -31.322520925599999 ], [ -60.277531221499999, -31.3178157963 ], [ -60.273401538800002, -31.3139844335 ], [ -60.270158714700003, -31.307078903899999 ], [ -60.266737342699997, -31.300173636299998 ], [ -60.2568683537, -31.292052459899999 ], [ -60.252014373599998, -31.284381589799999 ], [ -60.248946295400003, -31.274863758199999 ], [ -60.249084110200002, -31.259195261399999 ], [ -60.2486811534, -31.247559014499998 ], [ -60.246391054100002, -31.2417045798 ], [ -60.242963858700001, -31.235852251600001 ], [ -60.239087625899998, -31.2321489184 ], [ -60.232709812099998, -31.2284500162 ], [ -60.225881287, -31.226313931499998 ], [ -60.218143341599998, -31.2241790462 ], [ -60.211539007, -31.2202841581 ], [ -60.205851634799998, -31.2195122123 ], [ -60.198803092299997, -31.220304473500001 ], [ -60.1853882988, -31.2220821853 ], [ -60.179470269799999, -31.219551727399999 ], [ -60.172187338900002, -31.216632242399999 ], [ -60.168568052, -31.208800471499998 ], [ -60.160691732899998, -31.198091898099999 ], [ -60.1542023445, -31.186587171799999 ], [ -60.152341744899999, -31.179046609299998 ], [ -60.145851632300001, -31.165556501400001 ], [ -60.141479688899999, -31.160626971799999 ], [ -60.137058653399997, -31.155641413400001 ], [ -60.133808407700002, -31.146575853600002 ], [ -60.132741222200004, -31.140834877700001 ], [ -60.129760874799999, -31.131002322699999 ], [ -60.1189401277, -31.12008431 ], [ -60.107059953099998, -31.106798425099999 ], [ -60.1009016346, -31.092960617199999 ], [ -60.094531017599998, -31.076754802 ], [ -60.090889183900003, -31.056407082100002 ], [ -60.087912957900002, -31.043476976099999 ], [ -60.088958309, -31.0292690751 ], [ -60.084716676799999, -31.020164737199998 ], [ -60.078570186, -31.009968551699998 ], [ -60.072423253899998, -30.997404171900001 ], [ -60.071356389400002, -30.985565348600002 ], [ -60.070546457200003, -30.978644588800002 ], [ -60.068122577300002, -30.9674659756 ], [ -60.060867773699997, -30.955249694 ], [ -60.055725451299999, -30.938612068800001 ], [ -60.053907404299999, -30.926392864 ], [ -60.054480797099998, -30.916126228300001 ], [ -60.052960625499999, -30.895846820599999 ], [ -60.046318728199999, -30.8880493321 ], [ -60.036055699499997, -30.875052521899999 ], [ -60.024286236, -30.8578951189 ], [ -60.014632193600001, -30.8425564082 ], [ -60.009172369, -30.823418875600002 ], [ -60.006758627499998, -30.799758622300001 ], [ -60.003743602699998, -30.781818382600001 ], [ -59.998620471300001, -30.760497929500001 ], [ -59.9959096141, -30.738397299799999 ], [ -59.993500905799998, -30.7196766472 ], [ -59.991684851400002, -30.704263810800001 ], [ -59.990556587900002, -30.6941883844 ], [ -59.985101590200003, -30.677612268299999 ], [ -59.980776327400001, -30.665423737 ], [ -59.978144817, -30.654860392900002 ], [ -59.974761471100003, -30.644459335299999 ], [ -59.971097448800002, -30.637559654299999 ], [ -59.964658273600001, -30.6261917249 ], [ -59.958758481499999, -30.612272002099999 ], [ -59.954202545, -30.597656541599999 ], [ -59.952867036100002, -30.5846658856 ], [ -59.949652287900001, -30.574690063399999 ], [ -59.946975716099999, -30.572504952599999 ], [ -59.941338261299997, -30.5693513147 ], [ -59.933841212200001, -30.563405746499999 ], [ -59.930364025199999, -30.549021871600001 ], [ -59.928516462799998, -30.5404637599 ], [ -59.938172739599999, -30.5231432681 ], [ -59.941872440300003, -30.517953041 ], [ -59.946479395200001, -30.5093626733 ], [ -59.955330996400001, -30.501247049300002 ], [ -59.964986936499997, -30.4887235592 ], [ -59.970082742, -30.480141893500001 ], [ -59.971708009899999, -30.466568711499999 ], [ -59.969569409499996, -30.449170306799999 ], [ -59.971180658900003, -30.437108084 ], [ -59.979220206500003, -30.428062673100001 ], [ -59.988597497, -30.4197127823 ], [ -59.997062180199997, -30.410259121100001 ], [ -59.993706225300002, -30.3924721596 ], [ -59.990494013300001, -30.378321508799999 ], [ -59.997991584600001, -30.3639393638 ], [ -60.002274901299998, -30.354660313 ], [ -60.003612908900003, -30.342133577 ], [ -59.999865684600003, -30.330534800300001 ], [ -59.987288692, -30.318007412899998 ], [ -59.9873328567, -30.304187941 ], [ -59.983519530599999, -30.287644374199999 ], [ -59.980301115899998, -30.271082375500001 ], [ -59.97221588, -30.2561255301 ], [ -59.9636545408, -30.2445567157 ], [ -59.953233175900003, -30.2297826197 ], [ -59.947284206600003, -30.212609269 ], [ -59.942608943400003, -30.203375516800001 ], [ -59.933257620600003, -30.190077295399998 ], [ -59.918562463900003, -30.177327972699999 ], [ -59.9145089943, -30.170908174200001 ], [ -59.909411285399997, -30.164073178700001 ], [ -59.8943273139, -30.1507680309 ], [ -59.887115228600003, -30.135806403699998 ], [ -59.879903078200002, -30.122690716099999 ], [ -59.877131515599999, -30.1157801568 ], [ -59.8684445381, -30.0950922235 ], [ -59.863364797599999, -30.080315931 ], [ -59.857861963600001, -30.065354303 ], [ -59.851442321100002, -30.051936316100001 ], [ -59.853617898899998, -30.040103351 ], [ -59.8525734965, -30.028285197199999 ], [ -59.848137579199999, -30.012770336599999 ], [ -59.841572788199997, -30.001868764099999 ], [ -59.836926894500003, -29.9867224909 ], [ -59.838419954099997, -29.982292942400001 ], [ -59.846063637500002, -29.980824967899999 ], [ -59.849467722599996, -29.9796131234 ], [ -59.8535109034, -29.972601296299999 ], [ -59.851835986399998, -29.957089457 ], [ -59.844436028799997, -29.939539874899999 ], [ -59.835753712900001, -29.929373977200001 ], [ -59.830673706500001, -29.922535735499999 ], [ -59.824613837500003, -29.9079370611 ], [ -59.820395516600001, -29.896598101799999 ], [ -59.814344619300002, -29.8818801048 ], [ -59.807117805700003, -29.8623658964 ], [ -59.799878543299997, -29.850494662 ], [ -59.7944454939, -29.8438971446 ], [ -59.7908306295, -29.836248043499999 ], [ -59.7984047542, -29.830988489199999 ], [ -59.799628033300003, -29.824401157899999 ], [ -59.795128560599998, -29.805680967800001 ], [ -59.788234909099998, -29.775886858100002 ], [ -59.787975280600001, -29.7555915754 ], [ -59.789796233600001, -29.738984938200002 ], [ -59.790542760699999, -29.7270287489 ], [ -59.791315129399997, -29.702485827699999 ], [ -59.7872827339, -29.6760471698 ], [ -59.784671236800001, -29.660519197 ], [ -59.779413152, -29.646665019499999 ], [ -59.773900282200003, -29.624264668 ], [ -59.767027173199999, -29.622174245 ], [ -59.760171882900003, -29.617794182 ], [ -59.761559485699998, -29.613858186400002 ], [ -59.763445622600003, -29.611017088899999 ], [ -59.763621673700001, -29.607849412299998 ], [ -59.7664212237, -29.598154510699999 ], [ -59.768432536399999, -29.5938237714 ], [ -59.774393817300002, -29.588868625900002 ], [ -59.778771000600003, -29.582524862700001 ], [ -59.786852757600002, -29.574570320900001 ], [ -59.791754603900003, -29.5703886489 ], [ -59.800445255699998, -29.565127395200001 ], [ -59.802725235899999, -29.557054032500002 ], [ -59.800199249499997, -29.550619999 ], [ -59.801204500099999, -29.534665179699999 ], [ -59.799052371599998, -29.514876037400001 ], [ -59.796883189299997, -29.5040223799 ], [ -59.794707169500001, -29.4967854611 ], [ -59.786944283, -29.484646346600002 ], [ -59.782587965700003, -29.473363404400001 ], [ -59.782565956699997, -29.463733744199999 ], [ -59.768280955599998, -29.464783749399999 ], [ -59.757115199300003, -29.464221353100001 ], [ -59.750911350300001, -29.464209888 ], [ -59.744400008900001, -29.463112582499999 ], [ -59.738662210900003, -29.462830196199999 ], [ -59.736632929300001, -29.461300781799999 ], [ -59.736052368899998, -29.457163344800001 ], [ -59.736070434200002, -29.4501833733 ], [ -59.7357383429, -29.4454352445 ], [ -59.737374045099997, -29.439065442 ], [ -59.739222772, -29.428447329499999 ], [ -59.7378202067, -29.422956678599999 ], [ -59.739660949200001, -29.415348013399999 ], [ -59.737861554299997, -29.406847078599998 ], [ -59.734027343400001, -29.4029448225 ], [ -59.731420779099999, -29.3939110713 ], [ -59.729423933900001, -29.3839933356 ], [ -59.7310645986, -29.375499192900001 ], [ -59.7306955253, -29.3599838618 ], [ -59.732139022799998, -29.349364900099999 ], [ -59.737414058, -29.342648195300001 ], [ -59.741686765099999, -29.332211664799999 ], [ -59.744342136100002, -29.321417846900001 ], [ -59.743575436500002, -29.302197984199999 ], [ -59.739756075400003, -29.2938700588 ], [ -59.739590342200003, -29.279530077 ], [ -59.737394106399996, -29.269080812599999 ], [ -59.737209255099998, -29.262353178200001 ], [ -59.735609000300002, -29.247401049800001 ], [ -59.732392784, -29.241198458300001 ], [ -59.723328580599997, -29.231443125 ], [ -59.720911427, -29.2289596257 ], [ -59.7174825568, -29.227182081300001 ], [ -59.707210215400004, -29.2170690429 ], [ -59.697468498699997, -29.209638138500001 ], [ -59.688656765300003, -29.201872657399999 ], [ -59.681847735799998, -29.199864998599999 ], [ -59.675466749599998, -29.159665055600001 ], [ -59.672451203800001, -29.1537207591 ], [ -59.669744491499998, -29.148107183 ], [ -59.667137533099996, -29.144148298899999 ], [ -59.663696142, -29.139084281799999 ], [ -59.656661274699999, -29.1357522084 ], [ -59.650272182400002, -29.1350922765 ], [ -59.643249494700001, -29.1359010199 ], [ -59.631567661799998, -29.136456622899999 ], [ -59.621738584500001, -29.138863908699999 ], [ -59.614047465500001, -29.140340246299999 ], [ -59.6056598503, -29.141836037200001 ], [ -59.5979573555, -29.146120638100001 ], [ -59.594129579700002, -29.145030183799999 ], [ -59.5913366905, -29.142680670899999 ], [ -59.589956147899997, -29.1391349363 ], [ -59.589453532599997, -29.137344684799999 ], [ -59.591500718399999, -29.135264098499999 ], [ -59.5935484452, -29.133034426199998 ], [ -59.596110427200003, -29.129613794499999 ], [ -59.596290230699999, -29.127080308099998 ], [ -59.598336495, -29.125148682199999 ], [ -59.599365124, -29.122766803 ], [ -59.6009056388, -29.119790181900001 ], [ -59.602948237100001, -29.118752839900001 ], [ -59.6060163553, -29.1160788008 ], [ -59.607261906700003, -29.114993171799998 ], [ -59.607556577399997, -29.113102115299998 ], [ -59.607904810500003, -29.110867227100002 ], [ -59.607233804400003, -29.108629356 ], [ -59.6056495168, -29.104535957100001 ], [ -59.607429696600001, -29.1017731287 ], [ -59.609345340099999, -29.099422644600001 ], [ -59.610264214799997, -29.098295142 ], [ -59.610017691199999, -29.0931617643 ], [ -59.601212656400001, -29.073132592699999 ], [ -59.5904564995, -29.061722376599999 ], [ -59.586604572600002, -29.056646411700001 ], [ -59.583301603899997, -29.050887089 ], [ -59.580035325200001, -29.0443525337 ], [ -59.573065524900002, -29.037896630399999 ], [ -59.568410694100002, -29.032680168300001 ], [ -59.566564999599997, -29.0267425993 ], [ -59.5697105251, -29.020113822900001 ], [ -59.563019214599997, -29.013073409299999 ], [ -59.555694950899998, -29.003428295700001 ], [ -59.552321572499999, -28.997445371400001 ], [ -59.550268864800003, -28.991798557199999 ], [ -59.550114535200002, -28.983835730300001 ], [ -59.546804918699998, -28.967734708 ], [ -59.542271636700001, -28.964069335600001 ], [ -59.539645038300002, -28.960410980500001 ], [ -59.536473050399998, -28.9521059757 ], [ -59.536479189700003, -28.932565754199999 ], [ -59.533845662700003, -28.910957675799999 ], [ -59.530388700300001, -28.899289032 ], [ -59.5275354638, -28.885287960300001 ], [ -59.522684152300002, -28.875040405299998 ], [ -59.515385204399998, -28.864783874600001 ], [ -59.511141800600001, -28.855884170300001 ], [ -59.505974690899997, -28.848327079400001 ], [ -59.498366809300002, -28.839414618500001 ], [ -59.491376049300001, -28.8296963642 ], [ -59.488051268900001, -28.8213378377 ], [ -59.487803283600002, -28.8094910003 ], [ -59.487543480399999, -28.800067128799999 ], [ -59.4918753985, -28.789852938599999 ], [ -59.494958565300003, -28.784749197899998 ], [ -59.493757336400002, -28.785660830800001 ], [ -59.486115751900002, -28.789516737100001 ], [ -59.474611629400002, -28.7885515163 ], [ -59.461550226, -28.785276668 ], [ -59.4443001004, -28.782904366099999 ], [ -59.432809605800003, -28.779633222400001 ], [ -59.408235688300003, -28.777685862399998 ], [ -59.399890106699999, -28.775706311099999 ], [ -59.395304873599997, -28.772443297100001 ], [ -59.395358610599999, -28.763121155699999 ], [ -59.391250886900004, -28.757022878400001 ], [ -59.383919248200002, -28.751315165600001 ], [ -59.378884928399998, -28.7464282555 ], [ -59.378470245099997, -28.738725228300002 ], [ -59.374398191600001, -28.7269520981 ], [ -59.373463820300003, -28.723585137699999 ] ] ] ] } },
{ "type": "Feature", "properties": { "N_CCA": 27, "Area": 1878.705, "Perim": 218.648, "Cuenca": "27- Laguna El Chañar - Salado  Brazo sur" }, "geometry": { "type": "MultiPolygon", "coordinates": [ [ [ [ -61.5644064572, -34.196105665600001 ], [ -61.559145417, -34.196809693399999 ], [ -61.557320460699998, -34.196802239500002 ], [ -61.5549305881, -34.1967223049 ], [ -61.548858515900001, -34.196503874599998 ], [ -61.543758733200001, -34.195567892600003 ], [ -61.538371427199998, -34.193523886 ], [ -61.533523269, -34.191695182700002 ], [ -61.529914879300001, -34.191851382599999 ], [ -61.527296605300002, -34.1949959843 ], [ -61.527336683900003, -34.197218322799998 ], [ -61.527408836399999, -34.201218529899997 ], [ -61.525806034, -34.201349621699997 ], [ -61.524482698100002, -34.202144070300001 ], [ -61.527614743100003, -34.205217068499998 ], [ -61.531681218300001, -34.2081671734 ], [ -61.532653642600003, -34.2101555725 ], [ -61.533242979, -34.2131490262 ], [ -61.535259908, -34.215090954799997 ], [ -61.539706734699998, -34.219188517399999 ], [ -61.5914945456, -34.2665954064 ], [ -61.595968298899997, -34.270696067099998 ], [ -61.598442674399998, -34.269547990900001 ], [ -61.603970102799998, -34.267403520599999 ], [ -61.610325797800002, -34.268435981 ], [ -61.614771213399997, -34.269971506300003 ], [ -61.6209383116, -34.271165298200003 ], [ -61.6306882178, -34.2689636988 ], [ -61.6349451297, -34.270660396 ], [ -61.6373073205, -34.2736574917 ], [ -61.641570793, -34.275672667599999 ], [ -61.643652906200003, -34.279311792599998 ], [ -61.643712200800003, -34.281225165199999 ], [ -61.643830709, -34.285048862799997 ], [ -61.643924493599997, -34.288074432099997 ], [ -61.641868345799999, -34.290971234200001 ], [ -61.638672382499998, -34.294520862200002 ], [ -61.636653002599999, -34.299329903900002 ], [ -61.634605606599997, -34.302704674300003 ], [ -61.635212592, -34.304290584900002 ], [ -61.637386837800001, -34.307449559699997 ], [ -61.639685132499999, -34.311114884299997 ], [ -61.647728704199999, -34.3184836163 ], [ -61.650656671, -34.321160771300001 ], [ -61.669679942499997, -34.338619645900003 ], [ -61.721651760199997, -34.386204734300001 ], [ -61.767373433, -34.385959853700001 ], [ -61.7901624446, -34.385815332299998 ], [ -61.790491161799999, -34.3858132254 ], [ -61.795745818, -34.385779269700002 ], [ -61.817807954400003, -34.385634240100003 ], [ -61.817695791399998, -34.385545235099997 ], [ -61.858352353800001, -34.3855557666 ], [ -61.996380829, -34.385490672700001 ], [ -62.067435774800003, -34.385439731200002 ], [ -62.068046479499998, -34.387617126199999 ], [ -62.078006939399998, -34.385586584899997 ], [ -62.088237080900001, -34.385776829100003 ], [ -62.096111357700003, -34.385922703600002 ], [ -62.105082405700003, -34.385932568299999 ], [ -62.108704094899998, -34.385936364199999 ], [ -62.108709490199999, -34.3859363698 ], [ -62.114172760800002, -34.385941892600002 ], [ -62.1317543364, -34.385857272800003 ], [ -62.147660955399999, -34.385799454199997 ], [ -62.152283827, -34.385821391900002 ], [ -62.149428672699997, -34.383761494700003 ], [ -62.145591044299998, -34.382336068199997 ], [ -62.1429068837, -34.379065777100003 ], [ -62.141210791500001, -34.374069754399997 ], [ -62.1399110945, -34.370240901199999 ], [ -62.138149362500002, -34.3650502817 ], [ -62.137469536300003, -34.361910671700002 ], [ -62.134794788900003, -34.358971745200002 ], [ -62.1328820656, -34.354526661199998 ], [ -62.131339968799999, -34.348914007200001 ], [ -62.129798097, -34.343301321200002 ], [ -62.128523365, -34.3403378617 ], [ -62.125679069599997, -34.338562737399997 ], [ -62.120448998400001, -34.337326507100002 ], [ -62.117983854, -34.334715282200001 ], [ -62.117280077899999, -34.330580724699999 ], [ -62.117367425099999, -34.326100739 ], [ -62.113886896399997, -34.322843498099999 ], [ -62.109245011600002, -34.321098995200003 ], [ -62.103841245600002, -34.320860238199998 ], [ -62.0997950159, -34.318939261799997 ], [ -62.096340191899998, -34.316676281200003 ], [ -62.092444758699997, -34.312762021899999 ], [ -62.086417471, -34.311537911199999 ], [ -62.080565604500002, -34.309315291200001 ], [ -62.078285975599997, -34.3060365766 ], [ -62.076144059, -34.300953069499997 ], [ -62.0766944362, -34.2973297813 ], [ -62.0792375877, -34.292554539699999 ], [ -62.083136776800004, -34.292020946800001 ], [ -62.087964000200003, -34.293265716599997 ], [ -62.0921398881, -34.29170387 ], [ -62.097784008, -34.289399023800001 ], [ -62.105908128400003, -34.289135840900002 ], [ -62.111872638400001, -34.290418782800003 ], [ -62.122106745799996, -34.289295474100001 ], [ -62.128833841, -34.2847621596 ], [ -62.132141351199998, -34.280288058499998 ], [ -62.1323141186, -34.272082843900002 ], [ -62.130935872, -34.262642726199999 ], [ -62.127889928800002, -34.258742223100001 ], [ -62.125831872600003, -34.256106506899997 ], [ -62.1205862459, -34.243894013099997 ], [ -62.1200957991, -34.239485891199998 ], [ -62.121232391900001, -34.236788613800002 ], [ -62.122272598, -34.234319923900003 ], [ -62.126296776099998, -34.229283367199997 ], [ -62.1330349351, -34.225380636 ], [ -62.144723335800002, -34.222021979300003 ], [ -62.159827063, -34.218602099599998 ], [ -62.170938510699997, -34.221217210299997 ], [ -62.177061691399999, -34.223357689099998 ], [ -62.181702497899998, -34.224275684399998 ], [ -62.185702661400001, -34.223704171900003 ], [ -62.189881838200002, -34.22229558 ], [ -62.193288541100003, -34.222067923399997 ], [ -62.198710351700001, -34.222137545099997 ], [ -62.202082298199997, -34.220576268400002 ], [ -62.203173294800003, -34.216221166700002 ], [ -62.206266065299999, -34.211663298 ], [ -62.209380267500002, -34.207938718900003 ], [ -62.214317066600003, -34.204848161800001 ], [ -62.216820154499999, -34.2008009376 ], [ -62.217713969599998, -34.19661603 ], [ -62.216789448900002, -34.191963748699997 ], [ -62.214648594099998, -34.186833175300002 ], [ -62.213746156299997, -34.183014211699998 ], [ -62.214408950100001, -34.1776662352 ], [ -62.2160961075, -34.173133503300001 ], [ -62.218027233599997, -34.170263842700002 ], [ -62.217735124299999, -34.166767363799998 ], [ -62.220807969900001, -34.161542509500002 ], [ -62.223684333500003, -34.156487894100003 ], [ -62.225958938799998, -34.151444133200002 ], [ -62.228660490899998, -34.147393082 ], [ -62.230154672099999, -34.143197172299999 ], [ -62.228685801200001, -34.140722598399996 ], [ -62.2269397281, -34.1371273759 ], [ -62.2244241191, -34.1360026666 ], [ -62.218201941499998, -34.135541518700002 ], [ -62.213231632099998, -34.136778788199997 ], [ -62.202420951199997, -34.138981464 ], [ -62.195931675300002, -34.141536274 ], [ -62.191151598, -34.143486470200003 ], [ -62.184613611, -34.144176806499999 ], [ -62.180838296899999, -34.1449611727 ], [ -62.177084985299999, -34.146605692199998 ], [ -62.172443557199998, -34.1472617234 ], [ -62.169636675299998, -34.145446620400001 ], [ -62.166506994700001, -34.144497810399997 ], [ -62.163061738800003, -34.144702030700003 ], [ -62.159628230800003, -34.144095654799997 ], [ -62.157542572700002, -34.143273969299997 ], [ -62.156288289, -34.142666541600001 ], [ -62.154548113300002, -34.141895957700001 ], [ -62.152529896300003, -34.141015775600003 ], [ -62.151281481, -34.140637091800002 ], [ -62.149810758800001, -34.139632815 ], [ -62.145267628, -34.139597864599999 ], [ -62.143951916299997, -34.139277506299997 ], [ -62.142400956499998, -34.137816739199998 ], [ -62.141616835199997, -34.136743148 ], [ -62.141633656899998, -34.134682750800003 ], [ -62.1427611656, -34.133003543299999 ], [ -62.143161785799997, -34.129791942 ], [ -62.144092970499997, -34.128516726599997 ], [ -62.145477525499999, -34.123399497100003 ], [ -62.143773404900003, -34.121311938399998 ], [ -62.139933012699998, -34.119089935799998 ], [ -62.1332546179, -34.118920044200003 ], [ -62.1304376963, -34.119083413299997 ], [ -62.126887156099997, -34.117428216199997 ], [ -62.124683593900002, -34.114605098600002 ], [ -62.1249095262, -34.110943157100003 ], [ -62.123725315199998, -34.1092997039 ], [ -62.1201910184, -34.108273500400003 ], [ -62.117343042500003, -34.107178133799998 ], [ -62.114307346, -34.106829866399998 ], [ -62.111882034899999, -34.106127671499998 ], [ -62.110075650600002, -34.105414793 ], [ -62.108232392600002, -34.103214649 ], [ -62.107693201300002, -34.1001485006 ], [ -62.107018700799998, -34.098657412800002 ], [ -62.104087654899999, -34.094186821599997 ], [ -62.100968899, -34.091793233700002 ], [ -62.098094372699997, -34.089930858599999 ], [ -62.095204756500003, -34.086544501200002 ], [ -62.092624790499997, -34.085453119599997 ], [ -62.087283662600001, -34.0830535196 ], [ -62.082873955399997, -34.080930887800001 ], [ -62.080648079200003, -34.079906491599999 ], [ -62.076688686200001, -34.076384253599997 ], [ -62.075717643, -34.072664920400001 ], [ -62.077645507600003, -34.070508081699998 ], [ -62.080255527399999, -34.069255288400001 ], [ -62.0816436665, -34.066631403400002 ], [ -62.081848492200002, -34.064210685600003 ], [ -62.0807435125, -34.062215031299999 ], [ -62.080113499600003, -34.059845075 ], [ -62.079050094099998, -34.055944197099997 ], [ -62.077557890599998, -34.050695429100003 ], [ -62.076214787, -34.046139993499999 ], [ -62.075159791899999, -34.042568551400002 ], [ -62.074831337900001, -34.039858281699999 ], [ -62.074429064900002, -34.037856243699999 ], [ -62.072795149599997, -34.035796175900003 ], [ -62.069121214699997, -34.034869200800003 ], [ -62.067638953399999, -34.033612262 ], [ -62.067429297, -34.032224029299996 ], [ -62.067222313499997, -34.030945626700003 ], [ -62.066485662600002, -34.029216143100001 ], [ -62.066047541, -34.027852230199997 ], [ -62.0634732818, -34.026906588300001 ], [ -62.060158664600003, -34.026266304400004 ], [ -62.055998943900001, -34.025237188600002 ], [ -62.048763205299998, -34.024332485800002 ], [ -62.043965299, -34.022361328800002 ], [ -62.039329667899999, -34.019683762200003 ], [ -62.035748503400001, -34.015574007 ], [ -62.033438611900003, -34.009992991899999 ], [ -62.028296392400001, -34.004277409499998 ], [ -62.021866746599997, -33.9993078344 ], [ -62.0175679723, -33.995622814699999 ], [ -62.0118357821, -33.986865779299997 ], [ -62.001074663600001, -33.973858003700002 ], [ -61.998167176199999, -33.9710786805 ], [ -61.992037155200002, -33.967687881800003 ], [ -61.986533949799998, -33.964545181799998 ], [ -61.980213824400003, -33.959605629199999 ], [ -61.974461148700001, -33.959051738299998 ], [ -61.971374586499998, -33.959747569299999 ], [ -61.967879297, -33.962905953400004 ], [ -61.963235769500002, -33.963367940099999 ], [ -61.957011742699997, -33.962562219100001 ], [ -61.950617984600001, -33.961112528900003 ], [ -61.941924702400001, -33.960862234300002 ], [ -61.936163313900003, -33.9599188782 ], [ -61.926887718099998, -33.961357178299998 ], [ -61.9232501165, -33.9651629 ], [ -61.920399066100003, -33.968616524 ], [ -61.9163276568, -33.974707577399997 ], [ -61.913183330899997, -33.979798020600001 ], [ -61.911888575799999, -33.984342574599999 ], [ -61.9121421316, -33.988733784300003 ], [ -61.918937783, -33.994186508600002 ], [ -61.923527213699998, -33.998122141800003 ], [ -61.925778060699997, -34.001577164899999 ], [ -61.926506671600002, -34.006348683799999 ], [ -61.926892911899998, -34.009703608300001 ], [ -61.9261958771, -34.013204773299996 ], [ -61.925012819, -34.015808667 ], [ -61.923818027, -34.017895660299999 ], [ -61.920567873, -34.0183342805 ], [ -61.917924914300002, -34.017178568799999 ], [ -61.914940525200002, -34.016612301 ], [ -61.912150119099998, -34.0167849997 ], [ -61.909245031300003, -34.018769177099998 ], [ -61.907917755699998, -34.021892229199999 ], [ -61.9069007867, -34.025010454300002 ], [ -61.9058808582, -34.027999448300001 ], [ -61.904231357, -34.030610382799999 ], [ -61.902540986600002, -34.031967595600001 ], [ -61.901679312200002, -34.034527948200001 ], [ -61.901358452499998, -34.036453560799998 ], [ -61.900794139699997, -34.036609936700003 ], [ -61.900400171699999, -34.036916335900003 ], [ -61.899267857399998, -34.0377969476 ], [ -61.897965282400001, -34.038075136 ], [ -61.895611967500002, -34.037021777100001 ], [ -61.894711761799996, -34.035411160499997 ], [ -61.894153315499999, -34.033818821700002 ], [ -61.8929268252, -34.0319484041 ], [ -61.890348500599998, -34.029867379400002 ], [ -61.887317806399999, -34.026579529499998 ], [ -61.885112663199997, -34.022631842400003 ], [ -61.882591676, -34.018806291899999 ], [ -61.882407459, -34.016390018099997 ], [ -61.8817880621, -34.0144559083 ], [ -61.879469916300003, -34.0131522967 ], [ -61.876369519400001, -34.013307345599998 ], [ -61.873977523900002, -34.0150804126 ], [ -61.873434020300003, -34.016548872599998 ], [ -61.87332379, -34.017487680800002 ], [ -61.872134743899998, -34.018434992 ], [ -61.870427423599999, -34.019079130800002 ], [ -61.868509336499997, -34.018737803900002 ], [ -61.867309674099999, -34.017862021399999 ], [ -61.865326855799999, -34.016492537300003 ], [ -61.862456429200002, -34.015996587 ], [ -61.860757220499998, -34.016109363699996 ], [ -61.860032731899999, -34.01649082 ], [ -61.859260708599997, -34.017177246300001 ], [ -61.858602734, -34.0181251833 ], [ -61.858048023400002, -34.0190924929 ], [ -61.857465711899998, -34.0199948359 ], [ -61.856491069299999, -34.0207732521 ], [ -61.855770474300002, -34.021348754800002 ], [ -61.855127855399999, -34.021861972 ], [ -61.854083187900002, -34.022116301300002 ], [ -61.852550809599997, -34.022662452299997 ], [ -61.851465117300002, -34.023289033300003 ], [ -61.850179433599997, -34.024571877200003 ], [ -61.850003754699998, -34.0268824873 ], [ -61.849046140900001, -34.027986583100002 ], [ -61.848289981599997, -34.028951431899998 ], [ -61.847949318399998, -34.030216505600002 ], [ -61.846384967100001, -34.031636176 ], [ -61.845721856399997, -34.032664935699998 ], [ -61.844298262800002, -34.034175282699998 ], [ -61.84258618, -34.039122976500003 ], [ -61.839980475399997, -34.040215915799998 ], [ -61.839442302599998, -34.040657123400003 ], [ -61.8380666674, -34.041784873 ], [ -61.835972054, -34.044005059 ], [ -61.832891532600001, -34.045672430800003 ], [ -61.829873419599998, -34.045717404800001 ], [ -61.825678306699999, -34.0453744458 ], [ -61.824089325899998, -34.0439387837 ], [ -61.821106233099997, -34.041064506799998 ], [ -61.820338028599998, -34.040141262299997 ], [ -61.818907339, -34.038421760200002 ], [ -61.8159021608, -34.034493764499999 ], [ -61.811599951, -34.033665474599999 ], [ -61.807523456399998, -34.034292976800003 ], [ -61.804919128900003, -34.035466228200001 ], [ -61.801954471599998, -34.0380229023 ], [ -61.799652281900002, -34.039678036300003 ], [ -61.797925580600001, -34.040919360099998 ], [ -61.796221047899998, -34.0432142497 ], [ -61.795849494499997, -34.043400002299997 ], [ -61.793715352299998, -34.0444668982 ], [ -61.790432399700002, -34.045811892499998 ], [ -61.787222145599998, -34.046074408800003 ], [ -61.784496707300001, -34.047481142300001 ], [ -61.783418988299999, -34.048097702100002 ], [ -61.780280786200002, -34.048556608600002 ], [ -61.778399836600002, -34.049818670199997 ], [ -61.776113119900003, -34.049410729 ], [ -61.77054095, -34.051519782500002 ], [ -61.766510891199999, -34.051357272499999 ], [ -61.766004112899999, -34.051302661299999 ], [ -61.764705448400001, -34.051162705499998 ], [ -61.761851625200002, -34.0515123602 ], [ -61.760714270800001, -34.051492262399996 ], [ -61.7590955127, -34.051463639600001 ], [ -61.7578727171, -34.051260630599998 ], [ -61.7556590087, -34.05182149 ], [ -61.753482120900003, -34.051598987699997 ], [ -61.7510963203, -34.051522752700002 ], [ -61.750041503, -34.051758284400002 ], [ -61.749046096500003, -34.051662202 ], [ -61.747724169900003, -34.051791262 ], [ -61.746929654900001, -34.051802558600002 ], [ -61.745158938199999, -34.052654616 ], [ -61.743109801300001, -34.052849078100003 ], [ -61.740528714, -34.052940787899999 ], [ -61.738539015100002, -34.052803572 ], [ -61.736887119899997, -34.052992310100002 ], [ -61.734578719300004, -34.0534659279 ], [ -61.731931384600003, -34.053558392600003 ], [ -61.728690374499998, -34.053769406400001 ], [ -61.726926130700001, -34.0549518742 ], [ -61.724501932800003, -34.056253834 ], [ -61.722482755100003, -34.057935958199998 ], [ -61.721368240099999, -34.058502843900001 ], [ -61.720544195899997, -34.060333570300003 ], [ -61.7197796548, -34.061832697500002 ], [ -61.719227105800002, -34.063990376 ], [ -61.718769693799999, -34.067580017899999 ], [ -61.717029494, -34.069974801400001 ], [ -61.714650952699998, -34.070283652699999 ], [ -61.7122801557, -34.070978238199999 ], [ -61.708085801300001, -34.069934083600003 ], [ -61.704292210699997, -34.072357222 ], [ -61.702880057199998, -34.072822812200002 ], [ -61.700277685300001, -34.073680764800002 ], [ -61.697270765100001, -34.075706912699999 ], [ -61.694411533199997, -34.0785027294 ], [ -61.694202001400001, -34.078926405099999 ], [ -61.692819344199997, -34.081722043699997 ], [ -61.692087027500001, -34.084874369399998 ], [ -61.691234000400001, -34.086593186100004 ], [ -61.691067781699999, -34.0869281019 ], [ -61.690169066899998, -34.087568811200001 ], [ -61.688781161199998, -34.088558241800001 ], [ -61.687346842899998, -34.089735619300001 ], [ -61.685991841700002, -34.091573415299997 ], [ -61.683221649300002, -34.092217805499999 ], [ -61.680376704700002, -34.092519795500003 ], [ -61.679389667499997, -34.092624553299999 ], [ -61.678453459700002, -34.092723908899998 ], [ -61.676607089599997, -34.092804416299998 ], [ -61.675265784099999, -34.092209463300001 ], [ -61.673395918, -34.091249522 ], [ -61.6726423092, -34.089991863400002 ], [ -61.670101299300001, -34.088813641900003 ], [ -61.665035673299997, -34.087283722899997 ], [ -61.658211858800001, -34.087320902 ], [ -61.654772721900002, -34.087642916299998 ], [ -61.647771466400002, -34.092202349700003 ], [ -61.645796934400003, -34.092890350799998 ], [ -61.642653375400002, -34.094806762899999 ], [ -61.640291889899999, -34.096051125400002 ], [ -61.639282943700003, -34.098710710500001 ], [ -61.638875518399999, -34.101637898500002 ], [ -61.638689401400001, -34.108561381100003 ], [ -61.637123027199998, -34.110426519500002 ], [ -61.635176625500002, -34.112602418500003 ], [ -61.630566926699998, -34.114152154599999 ], [ -61.6279164392, -34.114187322 ], [ -61.624288872800001, -34.115117399200003 ], [ -61.621255494300001, -34.115929271399999 ], [ -61.618684856599998, -34.116679842700002 ], [ -61.615419845700004, -34.119258704400004 ], [ -61.613492575800002, -34.122481438199998 ], [ -61.6133952936, -34.1228535264 ], [ -61.612812811300003, -34.125081359299998 ], [ -61.612062549299999, -34.127461692200001 ], [ -61.611375384699997, -34.12967581 ], [ -61.6108092363, -34.131281934500002 ], [ -61.610607063800003, -34.131666462 ], [ -61.609145604299997, -34.134446014200002 ], [ -61.606204207700003, -34.140162657300003 ], [ -61.605949330100003, -34.141257876300003 ], [ -61.605161834299999, -34.144641609300002 ], [ -61.605990093800003, -34.149867870199998 ], [ -61.605996841299998, -34.153726691499998 ], [ -61.606378412200002, -34.1563678057 ], [ -61.606358046799997, -34.1587936703 ], [ -61.606236427100001, -34.161335524099997 ], [ -61.606215523300001, -34.161772405100002 ], [ -61.605866779700001, -34.164367947199999 ], [ -61.605170845, -34.166141122500001 ], [ -61.603756996400001, -34.168530078099998 ], [ -61.601560596399999, -34.171247342699999 ], [ -61.6010998856, -34.171817282299997 ], [ -61.598532541200001, -34.1740902819 ], [ -61.597055237, -34.175398135599998 ], [ -61.592524299200001, -34.177827501099998 ], [ -61.590821884100002, -34.1790072589 ], [ -61.587508008599997, -34.182688581199997 ], [ -61.587336886099997, -34.183362719199998 ], [ -61.5868902566, -34.185122170600003 ], [ -61.586681752300002, -34.188156862699998 ], [ -61.586696598499998, -34.192181702299997 ], [ -61.5866980196, -34.1925668246 ], [ -61.586541373400003, -34.194829063 ], [ -61.586317360599999, -34.197037044699996 ], [ -61.585693293699997, -34.199139944099997 ], [ -61.5837497801, -34.201645774900001 ], [ -61.581241512200002, -34.202339664199997 ], [ -61.579319501500002, -34.201695634499998 ], [ -61.576826600399997, -34.200411927499999 ], [ -61.5740119978, -34.198904519400003 ], [ -61.571529139500001, -34.197392794599999 ], [ -61.570321929400002, -34.1966916019 ], [ -61.567206686500001, -34.196295008100002 ], [ -61.5644064572, -34.196105665600001 ] ] ] ] } },
{ "type": "Feature", "properties": { "N_CCA": 26, "Area": 1936.269, "Perim": 270.352, "Cuenca": "26- La Picasa" }, "geometry": { "type": "MultiPolygon", "coordinates": [ [ [ [ -62.623887259200004, -34.186538313299998 ], [ -62.6244196428, -34.188786047699999 ], [ -62.625069720699997, -34.194828513 ], [ -62.625241942400002, -34.196651352 ], [ -62.625491353699999, -34.199097401300001 ], [ -62.6252264381, -34.201746729900002 ], [ -62.625321502200002, -34.2029463553 ], [ -62.623873475700002, -34.204755816199999 ], [ -62.620902847300002, -34.205972960300002 ], [ -62.6167297601, -34.205725645699999 ], [ -62.614199251400002, -34.206212235700001 ], [ -62.613429891400003, -34.2075264383 ], [ -62.612441104399998, -34.209229845899998 ], [ -62.611505649900003, -34.210787910100002 ], [ -62.610272170599998, -34.212063915 ], [ -62.608727332299999, -34.212625536 ], [ -62.607100966200001, -34.212419805700002 ], [ -62.603444992500002, -34.212064911699997 ], [ -62.601345747099998, -34.21153268 ], [ -62.598764514800003, -34.212260367100001 ], [ -62.597148493900001, -34.212390751900003 ], [ -62.594611755599999, -34.212684808699997 ], [ -62.591184138300001, -34.212228579600001 ], [ -62.588085840799998, -34.211188497599998 ], [ -62.585395287399997, -34.210235869800002 ], [ -62.582976289100003, -34.208700655299999 ], [ -62.5818586798, -34.208099328400003 ], [ -62.579222077600001, -34.206808236400001 ], [ -62.577676810900002, -34.2039340798 ], [ -62.576804723800002, -34.199229088499997 ], [ -62.575525236799997, -34.195501532800002 ], [ -62.5744209677, -34.192739169399999 ], [ -62.571740360600003, -34.190857644700003 ], [ -62.569343823399997, -34.188727883 ], [ -62.568957057799999, -34.1855870901 ], [ -62.570328995300002, -34.1827727776 ], [ -62.5725783189, -34.180061159600001 ], [ -62.5746634805, -34.176747392599999 ], [ -62.576726399099996, -34.172707391800003 ], [ -62.578840699799997, -34.170361837400002 ], [ -62.579491403799999, -34.167804815799997 ], [ -62.578555130300003, -34.165765609399998 ], [ -62.5767275129, -34.164511060899997 ], [ -62.574128073099999, -34.163920813600001 ], [ -62.571870542699997, -34.161545935900001 ], [ -62.571640485499998, -34.158765189299999 ], [ -62.5728507245, -34.156497682599998 ], [ -62.577045329, -34.154252529200001 ], [ -62.581315905399997, -34.151466362299999 ], [ -62.582025549400001, -34.150300958499997 ], [ -62.5831691538, -34.148422816900002 ], [ -62.583557110500003, -34.1459493861 ], [ -62.583817431900002, -34.143171500100003 ], [ -62.583976665500003, -34.141472262500002 ], [ -62.585255304900002, -34.137824473 ], [ -62.586358058400002, -34.134488536399999 ], [ -62.586905234699998, -34.131164304 ], [ -62.5862300744, -34.127249518500001 ], [ -62.585312438199999, -34.124495428199999 ], [ -62.584071448800003, -34.123288930400001 ], [ -62.580879427399999, -34.121892343799999 ], [ -62.577127399600002, -34.120353351799999 ], [ -62.573979146799999, -34.117337821699998 ], [ -62.572589870199998, -34.114285349600003 ], [ -62.571665843700004, -34.1113001517 ], [ -62.571054527299999, -34.109463996 ], [ -62.569040886499998, -34.107194951700002 ], [ -62.565976678799998, -34.103869271599997 ], [ -62.564314929299996, -34.100976463199999 ], [ -62.5642281708, -34.099601499 ], [ -62.564077367099998, -34.097211374399997 ], [ -62.563945743, -34.095125061499999 ], [ -62.565787442100003, -34.091469735499999 ], [ -62.566356186500002, -34.088838476 ], [ -62.565511305500003, -34.0853893126 ], [ -62.564756706700003, -34.0820035705 ], [ -62.564578250399997, -34.079014441799998 ], [ -62.565528689200001, -34.076760414200002 ], [ -62.566217775699997, -34.075051125100003 ], [ -62.566330797, -34.072660506399998 ], [ -62.565287154700002, -34.068753239400003 ], [ -62.564183596699998, -34.065925779399997 ], [ -62.563461759799999, -34.063475544399999 ], [ -62.5613018082, -34.060062285800001 ], [ -62.560292886500001, -34.056607964199998 ], [ -62.559640602400002, -34.053385840300002 ], [ -62.559446230299997, -34.050000089400001 ], [ -62.559624377, -34.047529279400003 ], [ -62.561120117, -34.044110094200001 ], [ -62.562814651399997, -34.038913015600002 ], [ -62.564102042599998, -34.034395736100002 ], [ -62.564404928899997, -34.033332886 ], [ -62.564171067799997, -34.028638263600001 ], [ -62.563471912, -34.025565883500001 ], [ -62.5632114012, -34.024421024 ], [ -62.561544964799999, -34.022574391900001 ], [ -62.5608048064, -34.021312505499999 ], [ -62.559676224100002, -34.020092183599999 ], [ -62.557718773799998, -34.020221148799997 ], [ -62.554119571400001, -34.020527122099999 ], [ -62.550624324899999, -34.021216040299997 ], [ -62.547843429399997, -34.021042596900003 ], [ -62.545751667700003, -34.019159903499997 ], [ -62.544845916299998, -34.01671333 ], [ -62.5447794874, -34.014711852300003 ], [ -62.5468736021, -34.013358542500001 ], [ -62.549067262400001, -34.0124656124 ], [ -62.550814724, -34.012121195100001 ], [ -62.5523492214, -34.010591826300001 ], [ -62.553419846499999, -34.009524737100001 ], [ -62.553552367499996, -34.008461053 ], [ -62.553718164, -34.007130253699998 ], [ -62.551825643500003, -34.0026241025 ], [ -62.546983177100003, -33.998804723799999 ], [ -62.541760715599999, -33.994685012 ], [ -62.5385385099, -33.991828229500001 ], [ -62.536026499400002, -33.988968959200001 ], [ -62.533175632400003, -33.984499328699997 ], [ -62.526094981599996, -33.981410412300001 ], [ -62.521463871500004, -33.979079519899997 ], [ -62.519001557800003, -33.977750941799997 ], [ -62.515786166399998, -33.975094831200003 ], [ -62.5144215555, -33.973967500400001 ], [ -62.509843423100001, -33.973414094600002 ], [ -62.506216651499997, -33.975509678400002 ], [ -62.500479275399996, -33.981772208599999 ], [ -62.498062235900001, -33.983847428700003 ], [ -62.4934430319, -33.985063634399999 ], [ -62.490767594300003, -33.985730104700004 ], [ -62.488892105, -33.988625243599998 ], [ -62.487891363199999, -33.9921149089 ], [ -62.487374353200003, -33.995390698100003 ], [ -62.487224639099999, -33.998659054800001 ], [ -62.487098715800002, -34.002743260199999 ], [ -62.4868295176, -34.006116072399998 ], [ -62.486204828200002, -34.009904238799997 ], [ -62.484690144299996, -34.012587940099998 ], [ -62.483793646499997, -34.015463216599997 ], [ -62.482260975599999, -34.017535005399999 ], [ -62.480063778599998, -34.018764384100002 ], [ -62.476544434899999, -34.018873940299997 ], [ -62.474650032900001, -34.0170762248 ], [ -62.474328117500001, -34.0144296235 ], [ -62.474382788900002, -34.011468730099999 ], [ -62.473116297499999, -34.007750542700002 ], [ -62.469152635900002, -34.004089059499996 ], [ -62.466264367199997, -33.999976287899997 ], [ -62.462310666800001, -33.997855634399997 ], [ -62.456237532099998, -33.996845770100002 ], [ -62.449339387499997, -33.997684921299999 ], [ -62.445307477100002, -33.998071305 ], [ -62.438339717, -33.998617859299998 ], [ -62.435033642400001, -33.998683381600003 ], [ -62.432217348099996, -33.998739126799997 ], [ -62.429867862899997, -33.997622095 ], [ -62.428598171, -33.996884488500001 ], [ -62.426039660100002, -33.995710066599997 ], [ -62.424309899900003, -33.994403692299997 ], [ -62.421612349699998, -33.992009509600003 ], [ -62.417767597699999, -33.990350427899997 ], [ -62.412357285500001, -33.989640338599997 ], [ -62.407952440700001, -33.989828718399998 ], [ -62.4017339655, -33.990868729699997 ], [ -62.396854129099999, -33.9930382728 ], [ -62.394994736400001, -33.995183987399997 ], [ -62.3953903815, -33.997004493200002 ], [ -62.395846861599999, -33.999351195 ], [ -62.397524746199998, -34.002379808100002 ], [ -62.397072189500001, -34.003715204499997 ], [ -62.394908042600001, -34.0051859975 ], [ -62.391487727700003, -34.005558711100001 ], [ -62.38802739, -34.004503488399997 ], [ -62.3834393486, -34.002551633899998 ], [ -62.3772197921, -33.999202534299997 ], [ -62.371085765, -33.998912801400003 ], [ -62.364105602499997, -33.998672882599998 ], [ -62.3614062475, -33.998894996099999 ], [ -62.358606716700002, -33.999561002199997 ], [ -62.355829676299997, -34.001042875800003 ], [ -62.355886024500002, -34.003082699300002 ], [ -62.356708167400001, -34.0062303407 ], [ -62.3590886187, -34.008123540600003 ], [ -62.360269884099999, -34.010958125199998 ], [ -62.360471427199997, -34.013811512399997 ], [ -62.359584787, -34.017196015300001 ], [ -62.3569607178, -34.019797481200001 ], [ -62.354333672, -34.022296905700003 ], [ -62.351600869199999, -34.02541057 ], [ -62.348241324299998, -34.0280259281 ], [ -62.343517222400003, -34.030054955200001 ], [ -62.338550679299999, -34.032190463699997 ], [ -62.334452612200003, -34.034717463200003 ], [ -62.331061456400001, -34.036210469499999 ], [ -62.3286949011, -34.0393166992 ], [ -62.328630756599999, -34.0404157579 ], [ -62.328444480800002, -34.043607349799998 ], [ -62.3287260062, -34.049418596099997 ], [ -62.330227389699999, -34.055002615299998 ], [ -62.332528566800001, -34.062918458699997 ], [ -62.331381754500001, -34.070287463900002 ], [ -62.329109301199999, -34.076861448199999 ], [ -62.3263462086, -34.083444687399997 ], [ -62.324669276500003, -34.089395042299998 ], [ -62.323580018, -34.094415852700003 ], [ -62.321872062, -34.099244264799999 ], [ -62.321688167399998, -34.1014927262 ], [ -62.316816969100003, -34.102714004399999 ], [ -62.310711876600003, -34.103842735299999 ], [ -62.308042167700002, -34.104913402 ], [ -62.306138525199998, -34.107092120300003 ], [ -62.306352525699999, -34.110455586100002 ], [ -62.308157896300003, -34.113687093599999 ], [ -62.315907986100001, -34.118949496900001 ], [ -62.320796526099997, -34.122734858 ], [ -62.324297349699997, -34.125117679500001 ], [ -62.326354611500001, -34.128548208200002 ], [ -62.325867165200002, -34.133149435200004 ], [ -62.325404838, -34.138668579499999 ], [ -62.325145872599997, -34.142653205400002 ], [ -62.325461099, -34.145198332500001 ], [ -62.326529165300002, -34.148341448799997 ], [ -62.327926153500002, -34.150049698399997 ], [ -62.328517667100002, -34.153712052 ], [ -62.326591160699998, -34.155075169600003 ], [ -62.323306677700003, -34.156157849800003 ], [ -62.319746647099997, -34.155975385300003 ], [ -62.315179293600004, -34.155741139 ], [ -62.3128562132, -34.155538950299999 ], [ -62.309563180799998, -34.156315294499997 ], [ -62.306939020599998, -34.159119862499999 ], [ -62.3046716801, -34.161509496900003 ], [ -62.301782418400002, -34.1636046291 ], [ -62.297632834300003, -34.164498774099997 ], [ -62.294551563, -34.164046223500002 ], [ -62.291595775300003, -34.163693295199998 ], [ -62.289967638699999, -34.162499161699998 ], [ -62.288965319, -34.161183641699999 ], [ -62.288267971099998, -34.158653175 ], [ -62.288190899200004, -34.155797357200001 ], [ -62.287862969499997, -34.152742126299998 ], [ -62.2869381816, -34.150310288500002 ], [ -62.283429025300002, -34.147620427299998 ], [ -62.2804711028, -34.147165210700003 ], [ -62.276681862700002, -34.147745801799999 ], [ -62.272884364399999, -34.1480202937 ], [ -62.269795605, -34.1472611055 ], [ -62.267145802100003, -34.1445548632 ], [ -62.264932385900003, -34.139799591900001 ], [ -62.263531364099997, -34.137886572699998 ], [ -62.259666334400002, -34.135610745400001 ], [ -62.258739843699999, -34.133076652600003 ], [ -62.255725601800002, -34.130478893199999 ], [ -62.253905538799998, -34.126634577499999 ], [ -62.252336345300002, -34.122989718500001 ], [ -62.252238940399998, -34.119317839600001 ], [ -62.252128028500003, -34.115135974499999 ], [ -62.2532515065, -34.111237596300001 ], [ -62.254388425199998, -34.107849193299998 ], [ -62.254751671400001, -34.103046340100001 ], [ -62.255381761800002, -34.0990549546 ], [ -62.2549516881, -34.096715783100002 ], [ -62.254385513400003, -34.093868874599998 ], [ -62.2527025009, -34.090532220599997 ], [ -62.250518462899997, -34.086796534500003 ], [ -62.2482383097, -34.084290853 ], [ -62.247981247200002, -34.082901375 ], [ -62.247673166399998, -34.081236061799999 ], [ -62.248455729299998, -34.0783644228 ], [ -62.249646436200003, -34.077016008900003 ], [ -62.250098961799999, -34.075579062099997 ], [ -62.250879494899998, -34.072732568299998 ], [ -62.251607083899998, -34.070078996 ], [ -62.251242111800003, -34.067802542800003 ], [ -62.250436587099998, -34.065164078 ], [ -62.248168535200001, -34.062858520600003 ], [ -62.243274350299998, -34.063254129500002 ], [ -62.240367890800002, -34.0646337843 ], [ -62.238212802500001, -34.066611969100002 ], [ -62.236462850300001, -34.070011406200003 ], [ -62.236023521500002, -34.071958305 ], [ -62.234630388299998, -34.074943032 ], [ -62.231963188199998, -34.076114049200001 ], [ -62.229150739300003, -34.077949085900002 ], [ -62.227393428799999, -34.079564572199999 ], [ -62.225746695300003, -34.0822476608 ], [ -62.2252245261, -34.085726738 ], [ -62.225462155599999, -34.088675775299997 ], [ -62.225610401799997, -34.090515403399998 ], [ -62.226784096400003, -34.093760214 ], [ -62.226763581, -34.095697669800003 ], [ -62.226704583199997, -34.100088587800002 ], [ -62.226678198099997, -34.103762766199999 ], [ -62.227550294, -34.108951351199998 ], [ -62.2283609622, -34.111793957499998 ], [ -62.228950518799998, -34.115558993800001 ], [ -62.228207167100003, -34.119960507599998 ], [ -62.227015376899999, -34.123751692100001 ], [ -62.2266694339, -34.126825554 ], [ -62.226880387599998, -34.130189272599999 ], [ -62.228069965400003, -34.133433179900003 ], [ -62.2269397281, -34.1371273759 ], [ -62.228685801200001, -34.140722598399996 ], [ -62.230154672099999, -34.143197172299999 ], [ -62.228660490899998, -34.147393082 ], [ -62.225958938799998, -34.151444133200002 ], [ -62.223684333500003, -34.156487894100003 ], [ -62.220807969900001, -34.161542509500002 ], [ -62.217735124299999, -34.166767363799998 ], [ -62.218027233599997, -34.170263842700002 ], [ -62.2160961075, -34.173133503300001 ], [ -62.214408950100001, -34.1776662352 ], [ -62.213746156299997, -34.183014211699998 ], [ -62.214648594099998, -34.186833175300002 ], [ -62.216789448900002, -34.191963748699997 ], [ -62.217713969599998, -34.19661603 ], [ -62.216820154499999, -34.2008009376 ], [ -62.214317066600003, -34.204848161800001 ], [ -62.209380267500002, -34.207938718900003 ], [ -62.206266065299999, -34.211663298 ], [ -62.203173294800003, -34.216221166700002 ], [ -62.202082298199997, -34.220576268400002 ], [ -62.198710351700001, -34.222137545099997 ], [ -62.193288541100003, -34.222067923399997 ], [ -62.189881838200002, -34.22229558 ], [ -62.185702661400001, -34.223704171900003 ], [ -62.181702497899998, -34.224275684399998 ], [ -62.177061691399999, -34.223357689099998 ], [ -62.170938510699997, -34.221217210299997 ], [ -62.159827063, -34.218602099599998 ], [ -62.144723335800002, -34.222021979300003 ], [ -62.1330349351, -34.225380636 ], [ -62.126296776099998, -34.229283367199997 ], [ -62.122272598, -34.234319923900003 ], [ -62.1200957991, -34.239485891199998 ], [ -62.1205862459, -34.243894013099997 ], [ -62.125831872600003, -34.256106506899997 ], [ -62.130935872, -34.262642726199999 ], [ -62.1323141186, -34.272082843900002 ], [ -62.132141351199998, -34.280288058499998 ], [ -62.128833841, -34.2847621596 ], [ -62.122106745799996, -34.289295474100001 ], [ -62.111872638400001, -34.290418782800003 ], [ -62.105908128400003, -34.289135840900002 ], [ -62.097784008, -34.289399023800001 ], [ -62.0921398881, -34.29170387 ], [ -62.087964000200003, -34.293265716599997 ], [ -62.083136776800004, -34.292020946800001 ], [ -62.0792375877, -34.292554539699999 ], [ -62.0766944362, -34.2973297813 ], [ -62.076144059, -34.300953069499997 ], [ -62.078285975599997, -34.3060365766 ], [ -62.080565604500002, -34.309315291200001 ], [ -62.086417471, -34.311537911199999 ], [ -62.092444758699997, -34.312762021899999 ], [ -62.096340191899998, -34.316676281200003 ], [ -62.0997950159, -34.318939261799997 ], [ -62.103841245600002, -34.320860238199998 ], [ -62.109245011600002, -34.321098995200003 ], [ -62.113886896399997, -34.322843498099999 ], [ -62.117367425099999, -34.326100739 ], [ -62.117280077899999, -34.330580724699999 ], [ -62.117983854, -34.334715282200001 ], [ -62.120448998400001, -34.337326507100002 ], [ -62.125679069599997, -34.338562737399997 ], [ -62.128523365, -34.3403378617 ], [ -62.129798097, -34.343301321200002 ], [ -62.131339968799999, -34.348914007200001 ], [ -62.1328820656, -34.354526661199998 ], [ -62.134794788900003, -34.358971745200002 ], [ -62.137469536300003, -34.361910671700002 ], [ -62.138149362500002, -34.3650502817 ], [ -62.1399110945, -34.370240901199999 ], [ -62.141210791500001, -34.374069754399997 ], [ -62.1429068837, -34.379065777100003 ], [ -62.145591044299998, -34.382336068199997 ], [ -62.149428672699997, -34.383761494700003 ], [ -62.152283827, -34.385821391900002 ], [ -62.172385180900001, -34.385914749 ], [ -62.197393309, -34.385840141199999 ], [ -62.224683927199997, -34.385718377700002 ], [ -62.253940091700002, -34.385518442600002 ], [ -62.280765474799999, -34.385739059 ], [ -62.297096374900001, -34.385774988900003 ], [ -62.313827081299998, -34.385595335600001 ], [ -62.363179510899997, -34.385915803300001 ], [ -62.385553705200003, -34.385569384199997 ], [ -62.396945264800003, -34.385836628699998 ], [ -62.416281264799998, -34.385968094799999 ], [ -62.430779020300001, -34.385783622799998 ], [ -62.475530184, -34.386101002799997 ], [ -62.535789364700001, -34.385943143699997 ], [ -62.556030934299997, -34.386026836299997 ], [ -62.601080633899997, -34.386060966400002 ], [ -62.736460414699998, -34.386120120900003 ], [ -62.883947021499999, -34.3863967952 ], [ -62.876034623499997, -34.377365861900003 ], [ -62.854067146600002, -34.347257271499998 ], [ -62.827991066400003, -34.312445717 ], [ -62.800846087099998, -34.278789773299998 ], [ -62.776660915599997, -34.247007049499999 ], [ -62.758871915199997, -34.223538545 ], [ -62.7465506319, -34.207576573700003 ], [ -62.725072140400002, -34.1797329065 ], [ -62.719750828800002, -34.172693389800003 ], [ -62.7107737929, -34.161071109600002 ], [ -62.703069432100001, -34.150394902 ], [ -62.678877149599998, -34.119756968099999 ], [ -62.655201325900002, -34.089123304899999 ], [ -62.652903590699999, -34.090087548200003 ], [ -62.651644754099998, -34.091190712200003 ], [ -62.650548664699997, -34.093366320900003 ], [ -62.649141137699999, -34.095925231 ], [ -62.6467095645, -34.098828999399998 ], [ -62.646473520800001, -34.101631612 ], [ -62.645965548100001, -34.104009697199999 ], [ -62.645532230900002, -34.106708962299997 ], [ -62.645211414899997, -34.108867816299998 ], [ -62.645129033300002, -34.110375949400002 ], [ -62.645134732400003, -34.112635362799999 ], [ -62.644859935500001, -34.113507315699998 ], [ -62.646202944499997, -34.11766017 ], [ -62.645487196399998, -34.120655733900001 ], [ -62.644136040699998, -34.1214668812 ], [ -62.640705412700001, -34.121143250300001 ], [ -62.639987446, -34.122216164900003 ], [ -62.63944871, -34.123477488 ], [ -62.6398340995, -34.124718933499999 ], [ -62.6412666477, -34.126178177200003 ], [ -62.642464286200003, -34.129372861 ], [ -62.642389146600003, -34.130672278600002 ], [ -62.642274191600002, -34.132549353100003 ], [ -62.641929669100001, -34.1344794368 ], [ -62.64169618, -34.136262929099999 ], [ -62.639206750100001, -34.137998833200001 ], [ -62.636078327299998, -34.137777685 ], [ -62.633172420199998, -34.139137883499998 ], [ -62.631138588600002, -34.138796980400002 ], [ -62.628298986899999, -34.138569439699999 ], [ -62.625749726199999, -34.138383686700003 ], [ -62.621668921900003, -34.139143884900001 ], [ -62.619995181699998, -34.141102312800001 ], [ -62.619873796199997, -34.142787246399998 ], [ -62.620642752199998, -34.145222234899997 ], [ -62.622088722, -34.147114013600003 ], [ -62.623207418900002, -34.1496376399 ], [ -62.624810717199999, -34.152871887300002 ], [ -62.6250494907, -34.154981715200002 ], [ -62.625220085599999, -34.156756533799999 ], [ -62.6252900016, -34.159014173599999 ], [ -62.6257081193, -34.161312426099997 ], [ -62.625729203399999, -34.163859509300003 ], [ -62.626130991899998, -34.165629374200002 ], [ -62.6257282264, -34.167560663899998 ], [ -62.625398118500001, -34.169971063399998 ], [ -62.625264931300002, -34.171271713800003 ], [ -62.624470972300003, -34.173643972299999 ], [ -62.624057727599997, -34.175239014200002 ], [ -62.6240683778, -34.177449851299997 ], [ -62.623961950599998, -34.1796151263 ], [ -62.624157908, -34.182206529399998 ], [ -62.624052973600001, -34.184419837900002 ], [ -62.623887259200004, -34.186538313299998 ] ] ] ] } },
{ "type": "Feature", "properties": { "N_CCA": 14, "Area": 6109.646, "Perim": 798.846, "Cuenca": "14- Río Carcaraña" }, "geometry": { "type": "MultiPolygon", "coordinates": [ [ [ [ -61.8564801339, -33.605047033799998 ], [ -61.867840143499997, -33.603182841500001 ], [ -61.876107452200003, -33.60275659 ], [ -61.882958849700003, -33.602402919799999 ], [ -61.897122110399998, -33.602986541500002 ], [ -61.9073292956, -33.603406133100002 ], [ -61.924920479599997, -33.606083423199998 ], [ -61.9284524909, -33.606392552800003 ], [ -61.936366514299998, -33.60708483 ], [ -61.942660423, -33.606000086800002 ], [ -61.945853746399997, -33.60413249 ], [ -61.947779983499998, -33.602875553600001 ], [ -61.952483099299997, -33.60108228 ], [ -61.955673381700002, -33.600808849400003 ], [ -61.958970301500003, -33.600756671600003 ], [ -61.962999858700002, -33.600692779500001 ], [ -61.968149531500003, -33.601993265 ], [ -61.976045788, -33.604982578200001 ], [ -61.9820901107, -33.607543490399998 ], [ -61.986899518400001, -33.609510646399997 ], [ -61.992702567, -33.6121771177 ], [ -61.995436347499997, -33.6141773624 ], [ -61.997904772600002, -33.615261883599999 ], [ -61.999753179899997, -33.615947517800002 ], [ -62.001654718099999, -33.606151330899998 ], [ -62.0045431952, -33.595620873199998 ], [ -62.007367446799996, -33.593609379299998 ], [ -62.017237768500003, -33.591592314899998 ], [ -62.021745026700003, -33.583437579700004 ], [ -62.021870899900001, -33.577647670099999 ], [ -62.021014589399996, -33.574494721199997 ], [ -62.018645126899997, -33.571631837699996 ], [ -62.0165588343, -33.570609081299999 ], [ -62.011869203099998, -33.568309877 ], [ -62.008400330100002, -33.564980866900001 ], [ -61.999828249499998, -33.555291195300001 ], [ -61.998536594900003, -33.550179388300002 ], [ -62.000293462599998, -33.541523743 ], [ -62.004972469800002, -33.529544598599998 ], [ -62.009558809, -33.524883589700003 ], [ -62.013518308899997, -33.521324672200002 ], [ -62.022731223100003, -33.519427217400001 ], [ -62.026500574700002, -33.518928761200002 ], [ -62.031440266700002, -33.51830179 ], [ -62.034630166, -33.517998809 ], [ -62.040886833099997, -33.519890124600003 ], [ -62.049392758499998, -33.522155744099997 ], [ -62.054368564199997, -33.523056126299998 ], [ -62.060921408200002, -33.524476087799997 ], [ -62.066567297600002, -33.526129248099998 ], [ -62.072479275399999, -33.527996099900001 ], [ -62.078626043900002, -33.528766680700002 ], [ -62.082272899800003, -33.5285961915 ], [ -62.085664304200002, -33.528648306599997 ], [ -62.089209681900002, -33.529680564 ], [ -62.090507815499997, -33.529440242500002 ], [ -62.096365130199999, -33.529013584 ], [ -62.0994562765, -33.5274323521 ], [ -62.102608094700003, -33.528361693100003 ], [ -62.106731806799999, -33.528997473899999 ], [ -62.108502352800002, -33.529462680100004 ], [ -62.115866729899999, -33.530318143199999 ], [ -62.122179, -33.5323478818 ], [ -62.131326359900001, -33.535143728199998 ], [ -62.137939604499998, -33.533332761200001 ], [ -62.140731454899999, -33.529163411699997 ], [ -62.143842266699998, -33.526200568100002 ], [ -62.1483994, -33.523212560200001 ], [ -62.151214440300002, -33.520012253700003 ], [ -62.159188197, -33.514782697400001 ], [ -62.160514069400001, -33.509911228599996 ], [ -62.1597789745, -33.503621202399998 ], [ -62.160243032099999, -33.499007176900001 ], [ -62.162376014700001, -33.4916974287 ], [ -62.166014884799999, -33.4867854986 ], [ -62.167641274399998, -33.482393533200003 ], [ -62.166948257400001, -33.477799720699998 ], [ -62.164183158, -33.471302766100003 ], [ -62.161424512700002, -33.465048040600003 ], [ -62.160304632500001, -33.454885979 ], [ -62.157492829500001, -33.446450285200001 ], [ -62.152929519, -33.437317677300001 ], [ -62.155814072699997, -33.430833662200001 ], [ -62.144812353699997, -33.416069437799997 ], [ -62.1367898556, -33.405396923300003 ], [ -62.131040564499997, -33.397746576300001 ], [ -62.115737716200002, -33.377645279200003 ], [ -62.113370741899999, -33.374442278399997 ], [ -62.1070105923, -33.364975796099998 ], [ -62.103446273899998, -33.361513749399997 ], [ -62.102102932800001, -33.3591609152 ], [ -62.100213921799998, -33.356652075200003 ], [ -62.094275332400002, -33.3487504609 ], [ -62.091635519800001, -33.345985167199999 ], [ -62.0882032628, -33.340694924799998 ], [ -62.076440486400003, -33.3247449526 ], [ -62.072654514100002, -33.319774996299998 ], [ -62.068429183900001, -33.314352968199998 ], [ -62.055525554699997, -33.298462963699997 ], [ -62.050865627, -33.290078422400001 ], [ -62.048601962399999, -33.287747959800001 ], [ -62.046192238, -33.284474824599997 ], [ -62.036636679399997, -33.271832091900002 ], [ -62.033109395399997, -33.267141038 ], [ -62.029053370200003, -33.261195446499997 ], [ -62.020811105600004, -33.250782901100003 ], [ -62.011196197399997, -33.235987898399998 ], [ -62.007715348, -33.232263503399999 ], [ -62.004234688, -33.228538909299999 ], [ -62.003533263199998, -33.2275951552 ], [ -61.997132183600002, -33.218981255499997 ], [ -61.988779279900001, -33.207772440399999 ], [ -61.983440469100003, -33.200534915600002 ], [ -61.978102771300001, -33.193297117500002 ], [ -61.973991228499997, -33.187898916800002 ], [ -61.969942049899998, -33.1825816988 ], [ -61.969880200699997, -33.182500557099999 ], [ -61.964535351, -33.175301526399998 ], [ -61.959191182399998, -33.168102319399999 ], [ -61.956623058600002, -33.1646248439 ], [ -61.954054929800002, -33.161147399500003 ], [ -61.9528238595, -33.159477505399998 ], [ -61.952499883199998, -33.159037995799999 ], [ -61.9507041552, -33.156601963 ], [ -61.950583498199997, -33.156438168299999 ], [ -61.9462324052, -33.150535098 ], [ -61.941758497, -33.144464135200003 ], [ -61.941479036600001, -33.144089802400003 ], [ -61.940310027099997, -33.142523890100001 ], [ -61.938858944099998, -33.140579804700003 ], [ -61.937408007, -33.138658865399997 ], [ -61.935956813200001, -33.136737911399997 ], [ -61.934175510800003, -33.134379454200001 ], [ -61.9327130892, -33.132443127599998 ], [ -61.932575204599999, -33.132282104799998 ], [ -61.927577179399997, -33.126444868100002 ], [ -61.922579827699998, -33.120607491500003 ], [ -61.91545089, -33.121744164200003 ], [ -61.909165488799999, -33.122746079899997 ], [ -61.909157277299997, -33.122638932500003 ], [ -61.908840562499996, -33.121919376199997 ], [ -61.907900958100001, -33.121123091400001 ], [ -61.907939216400003, -33.120728596100001 ], [ -61.906921067200003, -33.120801401900003 ], [ -61.906028401, -33.120678763699999 ], [ -61.904213665299999, -33.120257141700002 ], [ -61.902988605300003, -33.119832165200002 ], [ -61.902121413499998, -33.119161383600002 ], [ -61.901212064799999, -33.118422728200002 ], [ -61.900911821100003, -33.117872192100002 ], [ -61.9003493206, -33.117380284500001 ], [ -61.899632760300001, -33.116832579499999 ], [ -61.8979988902, -33.1155764198 ], [ -61.897241123699999, -33.115063853899997 ], [ -61.895949719900003, -33.1142185637 ], [ -61.894784625100002, -33.113103514599999 ], [ -61.894170607200003, -33.112079958300001 ], [ -61.893749067900004, -33.111968635899999 ], [ -61.893119727200002, -33.111852537 ], [ -61.892299924500001, -33.111086670100001 ], [ -61.8912177351, -33.110072371500003 ], [ -61.890977096900002, -33.109529828600003 ], [ -61.891175606799997, -33.108996305300003 ], [ -61.890605659199998, -33.1081815601 ], [ -61.890389862200003, -33.1074281474 ], [ -61.889843261300001, -33.106727439499998 ], [ -61.889259580599997, -33.106660839 ], [ -61.888767385199998, -33.106579777699999 ], [ -61.888763010600002, -33.106375373500001 ], [ -61.8900132626, -33.106198046300001 ], [ -61.891039290099997, -33.105599051799999 ], [ -61.891270153800001, -33.105086221599997 ], [ -61.890637443099997, -33.105140356200003 ], [ -61.890043027099999, -33.104852072100002 ], [ -61.889194053399997, -33.104405291699997 ], [ -61.888304781599999, -33.104232259200003 ], [ -61.887514134500002, -33.1046340316 ], [ -61.886507376700003, -33.104682001800001 ], [ -61.885746774, -33.104194555600003 ], [ -61.885130996800001, -33.103727540199998 ], [ -61.884422264400001, -33.102800793900002 ], [ -61.884682838899998, -33.102051196700003 ], [ -61.884176306199997, -33.101763717899999 ], [ -61.883734777800001, -33.101736678899996 ], [ -61.883385961099997, -33.101421571300001 ], [ -61.882752549599999, -33.100804175100002 ], [ -61.882132961700002, -33.100267067499999 ], [ -61.881747137300003, -33.0995116076 ], [ -61.881028017799999, -33.098756039599998 ], [ -61.880393356200003, -33.0976005646 ], [ -61.880257780900003, -33.097143584199998 ], [ -61.879939857099998, -33.096738754900002 ], [ -61.878357018800003, -33.095775460600002 ], [ -61.878465512399998, -33.094996188400003 ], [ -61.878355071100003, -33.094602379900003 ], [ -61.877609404700003, -33.094386534800002 ], [ -61.877045442899998, -33.093808990100001 ], [ -61.876819194500001, -33.093503735600002 ], [ -61.876375939200003, -33.0931867838 ], [ -61.876307908900003, -33.092999131100001 ], [ -61.875958436099999, -33.092237360399999 ], [ -61.875804293100003, -33.091484044600001 ], [ -61.8761504637, -33.0905537481 ], [ -61.875970892, -33.0900354933 ], [ -61.875703296300003, -33.089688760100003 ], [ -61.875211166200003, -33.088309618700002 ], [ -61.874312651499999, -33.0850480111 ], [ -61.874250640100001, -33.084194712200002 ], [ -61.872337822900001, -33.081578912300003 ], [ -61.868987664599999, -33.077002036 ], [ -61.8679510885, -33.075969794300001 ], [ -61.864909094700003, -33.073067078900003 ], [ -61.864484691800001, -33.0725506637 ], [ -61.863845529599999, -33.071837060699998 ], [ -61.8617938545, -33.0693968721 ], [ -61.861215627900002, -33.068778441500001 ], [ -61.861022203499999, -33.068444899200003 ], [ -61.860369712699999, -33.067914204399997 ], [ -61.859446648199999, -33.067315874800002 ], [ -61.858896679399997, -33.0669756566 ], [ -61.858555977800002, -33.066719849599998 ], [ -61.8547353286, -33.064021029 ], [ -61.853707607300002, -33.063313961200002 ], [ -61.852380304699999, -33.0623451413 ], [ -61.851453978800002, -33.061017132 ], [ -61.851209911, -33.060476174199998 ], [ -61.850180745700001, -33.058729874699999 ], [ -61.849591412800002, -33.057992826400003 ], [ -61.84903425, -33.0573039776 ], [ -61.848501305299997, -33.0564673756 ], [ -61.848193335300003, -33.0559047311 ], [ -61.847778059100001, -33.055657480199997 ], [ -61.847123963599998, -33.055210662900002 ], [ -61.846315972500001, -33.054596282299997 ], [ -61.8449700412, -33.053544075399998 ], [ -61.844072195700001, -33.052813275699997 ], [ -61.843481014200002, -33.052332333499997 ], [ -61.842682935500001, -33.051944593599998 ], [ -61.841833019200003, -33.051514072700002 ], [ -61.841069066199999, -33.051304581499998 ], [ -61.839980903, -33.050890455900003 ], [ -61.839429236299999, -33.050722535399998 ], [ -61.838847663800003, -33.0505319755 ], [ -61.838482877399997, -33.050460818399998 ], [ -61.838326374300003, -33.050027981 ], [ -61.838057290199998, -33.049833351300002 ], [ -61.837737737399998, -33.049682555499999 ], [ -61.837164010800002, -33.049343578299997 ], [ -61.836217988199998, -33.0487670415 ], [ -61.834560215400003, -33.047718677100001 ], [ -61.831696575099997, -33.045905249800001 ], [ -61.830472216, -33.045038871899997 ], [ -61.829763121500001, -33.044807409699999 ], [ -61.828839309499998, -33.044223637400002 ], [ -61.827569461700001, -33.043168314799999 ], [ -61.826538151400001, -33.0425449922 ], [ -61.824936156600003, -33.041501627099997 ], [ -61.824343662899999, -33.041145554499998 ], [ -61.823846873299999, -33.040571993699999 ], [ -61.822646687099997, -33.039292211599999 ], [ -61.82222322, -33.038925815299997 ], [ -61.821775767200002, -33.038454744799999 ], [ -61.821116034200003, -33.037726603499998 ], [ -61.820397369, -33.036968668 ], [ -61.820158412200001, -33.036731098 ], [ -61.816792158200002, -33.033216508199999 ], [ -61.815652644300002, -33.032030606 ], [ -61.814533510499999, -33.030709713900002 ], [ -61.813906843799998, -33.030095719599998 ], [ -61.813513126499998, -33.029366587299997 ], [ -61.8132351892, -33.0293069461 ], [ -61.812651207499997, -33.028748757700001 ], [ -61.811883802099999, -33.027845346100001 ], [ -61.811425999699999, -33.027255209 ], [ -61.810237902600001, -33.026203289 ], [ -61.809395156199997, -33.025260747600001 ], [ -61.808895812400003, -33.024516236799997 ], [ -61.808615981, -33.023678482800001 ], [ -61.8081472398, -33.023231737700002 ], [ -61.807325653699998, -33.022584112300002 ], [ -61.806635082299998, -33.0220214876 ], [ -61.806004315, -33.021615123099998 ], [ -61.805535456299999, -33.021213894600002 ], [ -61.804634923499997, -33.020570908800003 ], [ -61.804121076199998, -33.020555532499998 ], [ -61.803483341800003, -33.020356961799997 ], [ -61.803156182800002, -33.019856762400003 ], [ -61.802764209300001, -33.019583234899997 ], [ -61.8020663167, -33.0192505148 ], [ -61.801977457, -33.018429963199999 ], [ -61.801506051799997, -33.017933377600002 ], [ -61.8008531113, -33.017249646300002 ], [ -61.800024269600002, -33.016639757100002 ], [ -61.798849562800001, -33.015996174900003 ], [ -61.798233458799999, -33.015680969100003 ], [ -61.797294592599997, -33.015431981799999 ], [ -61.79657588, -33.015042790499997 ], [ -61.796224133499997, -33.014619194600002 ], [ -61.795876765899997, -33.014348067199997 ], [ -61.795109185800001, -33.0142183894 ], [ -61.794382214899997, -33.014344868199998 ], [ -61.793604778300001, -33.014684730799999 ], [ -61.793565972700002, -33.013734053199997 ], [ -61.793680734399999, -33.012993247300003 ], [ -61.794004493700001, -33.012315988 ], [ -61.794334534, -33.011949022099998 ], [ -61.7944462233, -33.011404175499997 ], [ -61.793913372200002, -33.010648541800002 ], [ -61.793350958200001, -33.010139258300001 ], [ -61.7929469571, -33.009886334800001 ], [ -61.792417762, -33.009505933900002 ], [ -61.792022530200001, -33.008936198 ], [ -61.792102030300001, -33.007544307899998 ], [ -61.791906962100001, -33.007003777900003 ], [ -61.791288940599998, -33.006779884700002 ], [ -61.790058758400001, -33.006616426599997 ], [ -61.788463104900003, -33.006334568100002 ], [ -61.787714294, -33.005977428400001 ], [ -61.7874478572, -33.005511452699999 ], [ -61.787750746, -33.004735094899999 ], [ -61.7879776288, -33.003826381400003 ], [ -61.787989154199998, -33.002913000200003 ], [ -61.788090836599999, -33.002257777899999 ], [ -61.788080825100003, -33.001761647400002 ], [ -61.788033420600001, -33.000711361500002 ], [ -61.788325964099997, -33.000008599899999 ], [ -61.7885510658, -32.998996508899999 ], [ -61.789040914899999, -32.997437200199997 ], [ -61.789302855, -32.996734965199998 ], [ -61.7892960665, -32.9963987139 ], [ -61.789399833799997, -32.995465979499997 ], [ -61.789248555699999, -32.994045224600001 ], [ -61.788864756300001, -32.993082156699998 ], [ -61.788461301700004, -32.992533607299997 ], [ -61.788078353, -32.992110431500002 ], [ -61.787583475, -32.991506808 ], [ -61.788032806899999, -32.990578950500002 ], [ -61.789100801899998, -32.990434860500002 ], [ -61.790313943, -32.990422604899997 ], [ -61.790986961800002, -32.990335331 ], [ -61.791376886, -32.989986445299998 ], [ -61.791620278700002, -32.989601618499997 ], [ -61.791821426, -32.988576883599997 ], [ -61.791516684199998, -32.987714828100003 ], [ -61.79092538, -32.986978969600003 ], [ -61.790561391499999, -32.985969351100003 ], [ -61.790191420299998, -32.985181338700002 ], [ -61.789512703900002, -32.984189415 ], [ -61.789271983500001, -32.983521540799998 ], [ -61.789411766900002, -32.982224782800003 ], [ -61.789673246100001, -32.981189088500003 ], [ -61.789717656199997, -32.980903938700003 ], [ -61.789739419699998, -32.980228043099999 ], [ -61.789619233899998, -32.979747554100001 ], [ -61.789539323500001, -32.9794289377 ], [ -61.7894029518, -32.978861775799999 ], [ -61.789555117500001, -32.9778561997 ], [ -61.790951853499998, -32.9764853 ], [ -61.791371840499998, -32.976002020800003 ], [ -61.791547583300002, -32.975711560100002 ], [ -61.791577031099997, -32.975390293799997 ], [ -61.791254817, -32.9747619742 ], [ -61.790570951299998, -32.974306069 ], [ -61.7900466834, -32.974158438499998 ], [ -61.789058371499998, -32.9738103814 ], [ -61.788252409, -32.973382175700003 ], [ -61.787374908300002, -32.9726664867 ], [ -61.7870834354, -32.971836976900001 ], [ -61.787071286900002, -32.970512661400001 ], [ -61.787072809900003, -32.969621956399997 ], [ -61.787092368400003, -32.968755874700001 ], [ -61.787365221199998, -32.968253168499999 ], [ -61.787529569599997, -32.967848385700002 ], [ -61.7876757891, -32.9669313586 ], [ -61.787413132499999, -32.965789851099998 ], [ -61.786721152200002, -32.964597150899998 ], [ -61.786521843099997, -32.9643702097 ], [ -61.786191924500002, -32.963865220099997 ], [ -61.786178939800003, -32.963220113299997 ], [ -61.787025710599998, -32.9625733381 ], [ -61.787625364599997, -32.962501379800003 ], [ -61.788317693800003, -32.9621090499 ], [ -61.788981585899997, -32.961563597900003 ], [ -61.7896440317, -32.960814243500003 ], [ -61.790091935299998, -32.959769576299998 ], [ -61.790596283200003, -32.959329162 ], [ -61.791020361900003, -32.9587344 ], [ -61.7907056719, -32.957844803100002 ], [ -61.790299473799998, -32.957316667199997 ], [ -61.789782902799999, -32.956575193500001 ], [ -61.788983106899998, -32.955644945 ], [ -61.7883819093, -32.954902317699997 ], [ -61.788483570499999, -32.954048594900001 ], [ -61.788344327499999, -32.953378698599998 ], [ -61.787889397800001, -32.952597668 ], [ -61.7878202737, -32.951727345199998 ], [ -61.787844749199998, -32.950887875399999 ], [ -61.787487149500002, -32.950487407300002 ], [ -61.787123995599998, -32.9499861392 ], [ -61.787042522199997, -32.949497517899999 ], [ -61.786706729400002, -32.949007383400001 ], [ -61.786632535800003, -32.947911868 ], [ -61.7862600431, -32.946956192099996 ], [ -61.785768475700003, -32.945470059 ], [ -61.785001733599998, -32.943633384100004 ], [ -61.784758353599997, -32.942897267 ], [ -61.784596923300001, -32.942418981 ], [ -61.784466719400001, -32.941914375400003 ], [ -61.784160283699997, -32.941418417 ], [ -61.78348512, -32.940775807900003 ], [ -61.783702554800001, -32.939856965 ], [ -61.783813901899997, -32.939188801699999 ], [ -61.783567928300002, -32.9385246585 ], [ -61.783083083199998, -32.938273929499999 ], [ -61.782547839, -32.937866334399999 ], [ -61.782151041699997, -32.937202717300003 ], [ -61.781941566500002, -32.936481164699998 ], [ -61.781438293, -32.9358331273 ], [ -61.7806499386, -32.935037247300002 ], [ -61.780572409400001, -32.934577411799999 ], [ -61.780439854500003, -32.933761634 ], [ -61.780176968299997, -32.932742169299999 ], [ -61.779461829, -32.931932977 ], [ -61.779078362100002, -32.930955524200002 ], [ -61.778982329400002, -32.929960635199997 ], [ -61.778722094800003, -32.929045433100001 ], [ -61.777858316699998, -32.927777314899998 ], [ -61.776966573300001, -32.927017858299997 ], [ -61.776397776300001, -32.926007061 ], [ -61.776038625200002, -32.9247294993 ], [ -61.776060668500001, -32.923922966200003 ], [ -61.7757964312, -32.922772789600003 ], [ -61.775247979200003, -32.921913489399998 ], [ -61.775159302200002, -32.920795005099997 ], [ -61.774825521899999, -32.919784916499999 ], [ -61.774216016600001, -32.918878268500002 ], [ -61.774015159199998, -32.918282877700001 ], [ -61.773694714299999, -32.917473903299999 ], [ -61.773198305699999, -32.916630823399998 ], [ -61.773040394900001, -32.915658620800002 ], [ -61.773068425200002, -32.914566673400003 ], [ -61.772899877100002, -32.913912944700002 ], [ -61.772692745900002, -32.913146533099997 ], [ -61.772627018500003, -32.912197813200002 ], [ -61.772845001199997, -32.910828390100001 ], [ -61.772810553200003, -32.909100500199997 ], [ -61.772722601, -32.9074119534 ], [ -61.7730748504, -32.906870376699999 ], [ -61.773489457499998, -32.905854620299998 ], [ -61.773254418699999, -32.905027662199998 ], [ -61.772856534200002, -32.903847727299997 ], [ -61.773082428800002, -32.90302622 ], [ -61.772947044, -32.902405105 ], [ -61.772451258700002, -32.901899446 ], [ -61.771550053699997, -32.901500800699999 ], [ -61.7720610374, -32.901054581499999 ], [ -61.772228480700001, -32.900605167400002 ], [ -61.772699458399998, -32.900465134800001 ], [ -61.772916474600002, -32.900227934 ], [ -61.773273246599999, -32.900032563700002 ], [ -61.774112902799999, -32.899471267199999 ], [ -61.775092600900003, -32.898795287399999 ], [ -61.775309184400001, -32.898413756499998 ], [ -61.775622806, -32.897941687200003 ], [ -61.776107317799998, -32.897471204 ], [ -61.776971003500002, -32.897183739399999 ], [ -61.7770923645, -32.896914625500003 ], [ -61.777619219, -32.896454317699998 ], [ -61.777888375400003, -32.8959312056 ], [ -61.778135889300003, -32.8951733894 ], [ -61.778170523500002, -32.894532371899999 ], [ -61.778512286800002, -32.8939299874 ], [ -61.778443560500001, -32.893164589100003 ], [ -61.7784747595, -32.8916694483 ], [ -61.778857584500003, -32.891238902399998 ], [ -61.7800521932, -32.891643740299997 ], [ -61.781041969599997, -32.891776769899998 ], [ -61.781839528799999, -32.891376672600003 ], [ -61.782383003500001, -32.891030858 ], [ -61.783279800400003, -32.890507362100003 ], [ -61.783795728800001, -32.8900565478 ], [ -61.784192668899998, -32.8896401545 ], [ -61.784482152599999, -32.889636022700003 ], [ -61.7854481006, -32.889381076699998 ], [ -61.785899161, -32.888930639500003 ], [ -61.7860019771, -32.888506001 ], [ -61.786414424900002, -32.887526925899998 ], [ -61.7870681753, -32.886204440500002 ], [ -61.787953537299998, -32.884769737100001 ], [ -61.788680809799999, -32.883997647100003 ], [ -61.788675264399998, -32.883721683499999 ], [ -61.789070903800003, -32.883375972400003 ], [ -61.789195188100003, -32.8830423474 ], [ -61.789283652199998, -32.882494765099999 ], [ -61.789548584400002, -32.881658517200002 ], [ -61.789948002499997, -32.8809540377 ], [ -61.790372962399999, -32.880499901900002 ], [ -61.7908078265, -32.879879744599997 ], [ -61.790845661500001, -32.879115621799997 ], [ -61.790928710199999, -32.878556738900002 ], [ -61.791986082, -32.878060741100001 ], [ -61.792333787499999, -32.877341850100002 ], [ -61.792369211, -32.876501042800001 ], [ -61.792394604599998, -32.875353053600001 ], [ -61.7925232909, -32.874666059500001 ], [ -61.792750089099997, -32.873928075400002 ], [ -61.792873603499999, -32.873537874699998 ], [ -61.792946455100001, -32.873307724 ], [ -61.7929360356, -32.872790224900001 ], [ -61.792602972899999, -32.872250666399999 ], [ -61.792353837100002, -32.871730097899999 ], [ -61.791940159799999, -32.870778078699999 ], [ -61.791519317899997, -32.869931457100002 ], [ -61.790977102399999, -32.869131287199998 ], [ -61.790834536600002, -32.868543919300002 ], [ -61.790876045499999, -32.867771268600002 ], [ -61.790379636, -32.867447340399998 ], [ -61.790410779399998, -32.867009119400002 ], [ -61.790090173, -32.865880866300003 ], [ -61.790076628900003, -32.865206907900003 ], [ -61.789372698699999, -32.864325383599997 ], [ -61.788919455699997, -32.863670967099999 ], [ -61.788781540700001, -32.863484252699998 ], [ -61.788779758399997, -32.863482166700003 ], [ -61.789069264399998, -32.8632850495 ], [ -61.789567657799999, -32.862629730099997 ], [ -61.789181419599998, -32.861753033600003 ], [ -61.787933982200002, -32.860565005600002 ], [ -61.786874886500001, -32.859621649600001 ], [ -61.786664372899999, -32.859116562700002 ], [ -61.786800849800002, -32.858198853399998 ], [ -61.786383399599998, -32.857712858900001 ], [ -61.7859658104, -32.857102455700002 ], [ -61.786193044100003, -32.8566624264 ], [ -61.785566449900003, -32.855029441 ], [ -61.784571208499997, -32.853973904199997 ], [ -61.784412767500001, -32.853358264900002 ], [ -61.783816891100003, -32.852670071399999 ], [ -61.783661163600001, -32.8516452836 ], [ -61.783737523, -32.850673711299997 ], [ -61.783825396799998, -32.849669159500003 ], [ -61.783358158699997, -32.8490512499 ], [ -61.782782111300001, -32.8483860268 ], [ -61.782491528800001, -32.847506048900001 ], [ -61.782372559899997, -32.846336671899998 ], [ -61.782334419100003, -32.844429061500001 ], [ -61.781744091699998, -32.8430954695 ], [ -61.780830641100003, -32.841415151900001 ], [ -61.7803200735, -32.8398433168 ], [ -61.780164019700003, -32.838638222199997 ], [ -61.780011355500001, -32.8378648168 ], [ -61.779856053499998, -32.836975152500003 ], [ -61.7794571648, -32.835426785599999 ], [ -61.779077519, -32.834194577 ], [ -61.779109173899997, -32.833388618299999 ], [ -61.778692346500002, -32.8327542842 ], [ -61.778187936400002, -32.831936471600002 ], [ -61.777787627599999, -32.830935521100002 ], [ -61.777972468599998, -32.829928600300001 ], [ -61.778289905299999, -32.829440243100002 ], [ -61.779076229799998, -32.828508883600001 ], [ -61.779305802099998, -32.8274917687 ], [ -61.779237211599998, -32.826386937800002 ], [ -61.779218995800001, -32.825473594899996 ], [ -61.779549779299998, -32.8245848595 ], [ -61.779852535300002, -32.8237312304 ], [ -61.7800685387, -32.823110615799997 ], [ -61.780351255799999, -32.822275210900003 ], [ -61.780892259399998, -32.821729485399999 ], [ -61.781506543299997, -32.821057583200002 ], [ -61.781441395500003, -32.820366772900002 ], [ -61.781591883600001, -32.819396125899999 ], [ -61.781823314599997, -32.818987777399997 ], [ -61.782381219299999, -32.818295398 ], [ -61.782602077200004, -32.817272541100003 ], [ -61.782756260100001, -32.8165197378 ], [ -61.783279008199997, -32.8158856429 ], [ -61.784142259, -32.8151310274 ], [ -61.784566086799998, -32.8144681363 ], [ -61.784912336799998, -32.81381807 ], [ -61.785083974099997, -32.813592225199997 ], [ -61.785328503099997, -32.813205049799997 ], [ -61.785555281599997, -32.812475007899998 ], [ -61.785499851899999, -32.809703978500004 ], [ -61.785385781700001, -32.806279639300001 ], [ -61.785369914100002, -32.805486164900003 ], [ -61.785081627499999, -32.805018599299999 ], [ -61.785036071699999, -32.804608785399999 ], [ -61.785223261299997, -32.803741465199998 ], [ -61.7859223026, -32.802938334499999 ], [ -61.786335925700001, -32.801870078100002 ], [ -61.786632830099997, -32.800277086800001 ], [ -61.786549401199998, -32.798897413900001 ], [ -61.7865818354, -32.798187001199999 ], [ -61.786318925899998, -32.7969433142 ], [ -61.785951190500001, -32.796131148699999 ], [ -61.7859785753, -32.7956643996 ], [ -61.786160547, -32.795343295199999 ], [ -61.786476788800002, -32.794947251400004 ], [ -61.786562373800002, -32.794770233 ], [ -61.787193660100002, -32.794612291599996 ], [ -61.788515673100001, -32.794557352799998 ], [ -61.7891314528, -32.794696585200001 ], [ -61.790331770599998, -32.794806001 ], [ -61.791504858300002, -32.794398500900002 ], [ -61.792455867699999, -32.793610571400002 ], [ -61.7927957996, -32.792742676400003 ], [ -61.792945676, -32.791073974600003 ], [ -61.793225483100002, -32.790093347400003 ], [ -61.793904275300001, -32.7891621773 ], [ -61.794524573300002, -32.788385461600001 ], [ -61.795273224900001, -32.7874000933 ], [ -61.795349976499999, -32.78696527 ], [ -61.795976554100001, -32.786417354199997 ], [ -61.796079342699997, -32.785833856399996 ], [ -61.795964060199999, -32.7849515662 ], [ -61.795652941, -32.784164850899998 ], [ -61.795060225699999, -32.7833855071 ], [ -61.794984916099999, -32.782962329500002 ], [ -61.795459222200002, -32.782289213699997 ], [ -61.796162021, -32.7819457517 ], [ -61.796940103700003, -32.781769339900002 ], [ -61.7975079677, -32.7812228003 ], [ -61.7978635686, -32.779663559 ], [ -61.797946262300002, -32.7780449479 ], [ -61.797932361100003, -32.777953372299997 ], [ -61.797625782899999, -32.777116020199998 ], [ -61.797533864099996, -32.776864822699999 ], [ -61.7969591102, -32.776111913699999 ], [ -61.7961179821, -32.775309902799997 ], [ -61.795854203799998, -32.775002749599999 ], [ -61.795832319399999, -32.774747391 ], [ -61.795846449499997, -32.774356933100002 ], [ -61.796117478500001, -32.773712858899998 ], [ -61.798369174, -32.771743351399998 ], [ -61.800074383400002, -32.770221964400001 ], [ -61.801436174599999, -32.768881562399997 ], [ -61.803871145499997, -32.767408317 ], [ -61.804159186100001, -32.767105736600001 ], [ -61.8050609533, -32.766158432600001 ], [ -61.806996969399997, -32.764046556099998 ], [ -61.809050636899997, -32.761742189400003 ], [ -61.810371346499998, -32.760108751099999 ], [ -61.811331169900001, -32.759507804199998 ], [ -61.8127551424, -32.759545985899997 ], [ -61.817330529300001, -32.759215457499998 ], [ -61.820000037900002, -32.759059324100001 ], [ -61.823920393800002, -32.758107095900002 ], [ -61.826487672399999, -32.756337960300002 ], [ -61.828052635900001, -32.754788859599998 ], [ -61.829239219900003, -32.752555511899999 ], [ -61.830146610200003, -32.7494016323 ], [ -61.830421666100001, -32.747577894 ], [ -61.8299441403, -32.746293349799998 ], [ -61.830882069899999, -32.744635994299998 ], [ -61.831606727699999, -32.743583425200001 ], [ -61.832097111099998, -32.742108669300002 ], [ -61.833145543599997, -32.7407725168 ], [ -61.834377775500002, -32.739932657499999 ], [ -61.835587011299999, -32.7379777612 ], [ -61.836621605399998, -32.735966724400001 ], [ -61.838805264800001, -32.733307759900001 ], [ -61.839881022699998, -32.731618928300001 ], [ -61.841100659399999, -32.7284897774 ], [ -61.841625754699997, -32.726177954400001 ], [ -61.8421658798, -32.723763224700001 ], [ -61.8431581898, -32.721012698499997 ], [ -61.843347566299997, -32.720487842399997 ], [ -61.846065127599999, -32.716823010799999 ], [ -61.847415038900003, -32.714983312100003 ], [ -61.848930970799998, -32.712788926599998 ], [ -61.850280768300003, -32.710112768400002 ], [ -61.851211906300001, -32.708161832599998 ], [ -61.8528310672, -32.705936488200003 ], [ -61.853548576, -32.703724546799997 ], [ -61.853880233600002, -32.702149372500003 ], [ -61.8551275644, -32.700399190200002 ], [ -61.856707708499997, -32.697969008900003 ], [ -61.857481561699998, -32.694665459900001 ], [ -61.857897511600001, -32.694667411600001 ], [ -61.8582486683, -32.694660495500003 ], [ -61.859189004900003, -32.694741938299998 ], [ -61.859942752499997, -32.694889608899999 ], [ -61.860768348199997, -32.694877360600003 ], [ -61.861599879, -32.695150981399998 ], [ -61.862390596600001, -32.695266264499999 ], [ -61.862804163200003, -32.695291945199997 ], [ -61.863401249299997, -32.695124225900003 ], [ -61.863734497499998, -32.694896868199997 ], [ -61.864560091400001, -32.694884595 ], [ -61.865312525599997, -32.6949686954 ], [ -61.865650948099997, -32.694995394300001 ], [ -61.866031517400003, -32.695243960399999 ], [ -61.867645191599998, -32.695219936900003 ], [ -61.8684695691, -32.6951440988 ], [ -61.869182611200003, -32.695133472099997 ], [ -61.869744813700002, -32.695093266900003 ], [ -61.870265526, -32.694863187 ], [ -61.870741767, -32.694584034199998 ], [ -61.871609275799997, -32.694493619100001 ], [ -61.872549509300001, -32.694574872799997 ], [ -61.873113804600003, -32.694630002099998 ], [ -61.873752363100003, -32.694652195499998 ], [ -61.874090122699997, -32.694647148100003 ], [ -61.874691166200002, -32.694669987499999 ], [ -61.8750624563, -32.694473765 ], [ -61.875471261599998, -32.694276980399998 ], [ -61.876334467699998, -32.694264067200002 ], [ -61.876633274, -32.694196128900003 ], [ -61.877272042500003, -32.694218301299998 ], [ -61.8777577651, -32.694115738400001 ], [ -61.878354916500001, -32.693947857399998 ], [ -61.8788408494, -32.693845287199998 ], [ -61.8794372252, -32.693645679399999 ], [ -61.879994086499998, -32.693351460899997 ], [ -61.880327177399998, -32.693124062400003 ], [ -61.880812542400001, -32.692989669600003 ], [ -61.8815261214, -32.693010698400002 ], [ -61.8820897445, -32.693034064 ], [ -61.885970595700002, -32.692020961600001 ], [ -61.886121434, -32.692050516499997 ], [ -61.886761417499997, -32.692136179400002 ], [ -61.887588312600002, -32.6921872924 ], [ -61.8880386071, -32.6921805136 ], [ -61.888523740899998, -32.692046094699997 ], [ -61.8888259788, -32.692136833 ], [ -61.8890169023, -32.692292804200001 ], [ -61.8891684102, -32.692354078699999 ], [ -61.889504257299997, -32.692253728499999 ], [ -61.889991960800003, -32.692246379 ], [ -61.890593093, -32.692269050900002 ], [ -61.8913811344, -32.692257167599998 ], [ -61.891980821399997, -32.692216388 ], [ -61.8924324559, -32.69227313 ], [ -61.893410192499999, -32.692353661299997 ], [ -61.894427567100003, -32.692528966300003 ], [ -61.894958262099998, -32.692775084899999 ], [ -61.894922654799998, -32.692871003199997 ], [ -61.895189505399998, -32.693057550600003 ], [ -61.895865570200002, -32.693079154700001 ], [ -61.896313852399999, -32.692977086500001 ], [ -61.89698935, -32.692966869700001 ], [ -61.897405490600001, -32.693119420599999 ], [ -61.898232397299999, -32.693170462700003 ], [ -61.898686728400001, -32.693354164399999 ], [ -61.899594160299998, -32.693658204899997 ], [ -61.900689070200002, -32.693959307100002 ], [ -61.900760842700002, -32.693799372599997 ], [ -61.9012834794, -32.693664336099999 ], [ -61.901695589, -32.693626353799999 ], [ -61.90203536, -32.693716490500002 ], [ -61.902229004900001, -32.693999513 ], [ -61.9023470502, -32.694251858599998 ], [ -61.902544741900002, -32.694725489 ], [ -61.902816227199999, -32.695134442600001 ], [ -61.902861159499999, -32.695483277100003 ], [ -61.902718506, -32.695834868 ], [ -61.902949001499998, -32.696085596700001 ], [ -61.903398744699999, -32.6960470374 ], [ -61.903809619500002, -32.695945419899999 ], [ -61.904296665099999, -32.695906291100002 ], [ -61.904857605300002, -32.695802391100003 ], [ -61.905417765199999, -32.695666857500001 ], [ -61.906015438, -32.695530661 ], [ -61.906503367699997, -32.695523243399997 ], [ -61.906994568400002, -32.6956746205 ], [ -61.907407358699999, -32.695668342099999 ], [ -61.9078549615, -32.695534419600001 ], [ -61.908968606199998, -32.694945552100002 ], [ -61.910382473200002, -32.694352191699998 ], [ -61.910939334799998, -32.694057747599999 ], [ -61.911497438600001, -32.693826748500001 ], [ -61.911642868199998, -32.693602128899997 ], [ -61.911637451700003, -32.693348075599999 ], [ -61.91212323, -32.6932453796 ], [ -61.913580832100003, -32.6928802105 ], [ -61.914518252500002, -32.692834168899999 ], [ -61.915267348199997, -32.692759179100001 ], [ -61.9155206298, -32.6923104997 ], [ -61.915893172399997, -32.692177695600002 ], [ -61.916829903199996, -32.692099824099998 ], [ -61.916867524799997, -32.692099249 ], [ -61.917392162900001, -32.692059495199999 ], [ -61.9181031225, -32.691953332899999 ], [ -61.918588203900001, -32.691818799499998 ], [ -61.919000973700001, -32.691812483600003 ], [ -61.919230247, -32.691999553800002 ], [ -61.9196055026, -32.691993810100001 ], [ -61.919979399500001, -32.691924619700004 ], [ -61.920015553900001, -32.691860509800001 ], [ -61.9206167902, -32.691883035899998 ], [ -61.921148122399998, -32.692160855600001 ], [ -61.921677522800003, -32.692343413 ], [ -61.9221272339, -32.692304697399997 ], [ -61.9223134466, -32.692238286600002 ], [ -61.922497723200003, -32.6920766159 ], [ -61.9224172467, -32.691823714400002 ], [ -61.922563899099998, -32.691662530099997 ], [ -61.922864805400003, -32.691689739700003 ], [ -61.923316451, -32.691746369800001 ], [ -61.9235783715, -32.691710529200002 ], [ -61.9237633272, -32.691580669399997 ], [ -61.923946234600002, -32.691355371100002 ], [ -61.924351504599997, -32.690999728100003 ], [ -61.9247219827, -32.690771640400001 ], [ -61.9251333821, -32.690701769100002 ], [ -61.925508737500003, -32.6906960062 ], [ -61.925811473700001, -32.690818470099998 ], [ -61.926341085700003, -32.6910009144 ], [ -61.9267489661, -32.6907722463 ], [ -61.927266762199999, -32.690414775 ], [ -61.927786026600003, -32.690120835499997 ], [ -61.928346793599999, -32.690016924399998 ], [ -61.929061136900003, -32.690069494100001 ], [ -61.929548923799999, -32.690061989699998 ], [ -61.929960528599999, -32.689992099500003 ], [ -61.930367026900001, -32.6896998848 ], [ -61.930734747700001, -32.689344709700002 ], [ -61.930802252, -32.688994156200003 ], [ -61.930984348599999, -32.6887372176 ], [ -61.931358219499998, -32.688667904 ], [ -61.9315445238, -32.688601478400003 ], [ -61.931651695900001, -32.688345602699997 ], [ -61.9318289996, -32.687866335099997 ], [ -61.931968786799999, -32.687387555 ], [ -61.931998195699997, -32.687005854699997 ], [ -61.932213005599998, -32.686525918500003 ], [ -61.932581391900001, -32.686202551199997 ], [ -61.932653678100003, -32.686074324800003 ], [ -61.932685715600002, -32.685819696300001 ], [ -61.932608637, -32.685725504600001 ], [ -61.932341948400001, -32.685539035399998 ], [ -61.932225885199998, -32.685381978099997 ], [ -61.9325185581, -32.685027954299997 ], [ -61.9331605673, -32.684500955499999 ], [ -61.933604648600003, -32.684208151500002 ], [ -61.934007792, -32.683757131900002 ], [ -61.934449919, -32.683369066 ], [ -61.934704959400001, -32.683015617700001 ], [ -61.934771971399996, -32.682633246599998 ], [ -61.934762380499997, -32.682188591 ], [ -61.934674815400001, -32.681618025699997 ], [ -61.934515185199999, -32.681175684400003 ], [ -61.934389642299998, -32.680573971500003 ], [ -61.934568286100003, -32.680158145599997 ], [ -61.934824110199997, -32.679836508299999 ], [ -61.935157112600002, -32.679608969 ], [ -61.9358289591, -32.679439665700002 ], [ -61.936477693299999, -32.679938011099999 ], [ -61.937167481800003, -32.680594654399997 ], [ -61.9376225074, -32.680810027299998 ], [ -61.9377726532, -32.680807707600003 ], [ -61.9380707802, -32.680707812 ], [ -61.93832923, -32.680513149399999 ], [ -61.938358504500002, -32.68013145 ], [ -61.938350267600001, -32.679750240099999 ], [ -61.938231563199999, -32.679466116599997 ], [ -61.9384149929, -32.679272703400002 ], [ -61.938825060399999, -32.679139252799999 ], [ -61.939196137700002, -32.678942847599998 ], [ -61.939376129499998, -32.678590550599999 ], [ -61.939631245900003, -32.6782371818 ], [ -61.940264296400002, -32.678004898799998 ], [ -61.941277241, -32.677989225300003 ], [ -61.942264473500003, -32.678514123900001 ], [ -61.943024492, -32.678947155300001 ], [ -61.943818586100001, -32.6792208086 ], [ -61.944157757299998, -32.679279107799999 ], [ -61.944502222300002, -32.679591458300003 ], [ -61.944994186899997, -32.679774498500002 ], [ -61.945295055, -32.6798015655 ], [ -61.945591684900002, -32.679638119300002 ], [ -61.946034321900001, -32.679281738900002 ], [ -61.946437379700001, -32.678830682099999 ], [ -61.9465763882, -32.678320166299997 ], [ -61.946416706800001, -32.677877841899999 ], [ -61.946181904100001, -32.677436682900002 ], [ -61.946136923300003, -32.677087867300003 ], [ -61.946279376, -32.676736143399999 ], [ -61.946346124, -32.676353861199999 ], [ -61.946189204, -32.676038605700001 ], [ -61.945778531899997, -32.675987109700003 ], [ -61.945502833900001, -32.675540894599997 ], [ -61.945417488099999, -32.675065592400003 ], [ -61.945593317, -32.6745227734 ], [ -61.945583673400002, -32.67407803 ], [ -61.945310797799998, -32.673605726300003 ], [ -61.944962697199998, -32.6731344982 ], [ -61.944950994599999, -32.672594587500001 ], [ -61.945169941800003, -32.6723052348 ], [ -61.9453117021, -32.671921699499997 ], [ -61.945332790599998, -32.671158878699998 ], [ -61.94513261, -32.670489549599999 ], [ -61.945089596300001, -32.670235991799998 ], [ -61.944854822, -32.669794828800001 ], [ -61.944543663600001, -32.669291293100002 ], [ -61.944345235900002, -32.6687860093 ], [ -61.944259906500001, -32.668310795499998 ], [ -61.9442883587, -32.667897284200002 ], [ -61.944314960299998, -32.667388512300001 ], [ -61.944342035799998, -32.666911466 ], [ -61.944294319, -32.666435669099997 ], [ -61.944206927400003, -32.665865107599998 ], [ -61.944009566600002, -32.6654233625 ], [ -61.943959098699999, -32.664820405299999 ], [ -61.944016113799997, -32.663993470800001 ], [ -61.943930896600001, -32.663518164400003 ], [ -61.944221392, -32.663068859200003 ], [ -61.944509608, -32.662524299300003 ], [ -61.9444256596, -32.662112529799998 ], [ -61.944194564, -32.661830153099999 ], [ -61.944225081, -32.661511989 ], [ -61.944098925600002, -32.6608784712 ], [ -61.943709151599997, -32.660217304600003 ], [ -61.943398935399998, -32.659745483 ], [ -61.9433136201, -32.6592701772 ], [ -61.943445641, -32.658442080500002 ], [ -61.943687622200002, -32.657485167600001 ], [ -61.943710787699999, -32.656817512400004 ], [ -61.943470314099997, -32.655958313799999 ], [ -61.943766182300003, -32.655763061599998 ], [ -61.9439830329, -32.655378454199997 ], [ -61.944238754399997, -32.655056710300002 ], [ -61.944379917, -32.654641541899998 ], [ -61.944406303100003, -32.654132682300002 ], [ -61.944432217100001, -32.653592187100003 ], [ -61.944684386900001, -32.6531116516 ], [ -61.944828188300001, -32.652823464400001 ], [ -61.945162443400001, -32.652659437399997 ], [ -61.945575609400002, -32.652684855 ], [ -61.946025001199999, -32.652646063 ], [ -61.9465453651, -32.652415589599997 ], [ -61.946947619, -32.651932811599998 ], [ -61.947084523800001, -32.651326947400001 ], [ -61.946886020599997, -32.650821666900001 ], [ -61.946429065899999, -32.6505110644 ], [ -61.945788651199997, -32.650393883900001 ], [ -61.944962818400001, -32.650374953899998 ], [ -61.944247412400003, -32.650258927800003 ], [ -61.943978746399999, -32.649977131599996 ], [ -61.943819135399998, -32.649534799599998 ], [ -61.943623189599997, -32.649156496400003 ], [ -61.943501873199999, -32.648745394 ], [ -61.943344328099997, -32.648398318799998 ], [ -61.943038068200003, -32.648117102599997 ], [ -61.942509369699998, -32.647966441800001 ], [ -61.942018379899999, -32.647815105100001 ], [ -61.941599640500002, -32.647535716 ], [ -61.941444377, -32.647283892399997 ], [ -61.941252885399997, -32.647096185400002 ], [ -61.940610442599997, -32.646883719500003 ], [ -61.939967315600001, -32.646639437499999 ], [ -61.939211707699997, -32.6463969805 ], [ -61.938797093600002, -32.646308007 ], [ -61.938453359500002, -32.646027357900003 ], [ -61.938484792200001, -32.645740913200001 ], [ -61.938326481, -32.645362109600001 ], [ -61.9380175055, -32.644953809299999 ], [ -61.937748190800001, -32.644640275599997 ], [ -61.937441275, -32.644327231600002 ], [ -61.937395560799999, -32.643946688200003 ], [ -61.936976167700003, -32.643635469499998 ], [ -61.936411593099997, -32.643548892399998 ], [ -61.935773977099998, -32.643558729200002 ], [ -61.934875845599997, -32.643667869399998 ], [ -61.934088933600002, -32.643711732600003 ], [ -61.933520258199998, -32.643434535899999 ], [ -61.9329419122, -32.642712679200002 ], [ -61.932729624700002, -32.642359400499998 ], [ -61.932499772500002, -32.642140536900001 ], [ -61.932273443200003, -32.642080465200003 ], [ -61.932008831799997, -32.641989249200002 ], [ -61.931666501300001, -32.641772115499997 ], [ -61.931397900199997, -32.6414902896 ], [ -61.931241781, -32.641206732199997 ], [ -61.931086815500002, -32.640986713499998 ], [ -61.930478049199998, -32.640583005700002 ], [ -61.929872381599999, -32.640338184 ], [ -61.9295321082, -32.640216302600003 ], [ -61.928965513599998, -32.640034342200003 ], [ -61.928476634500001, -32.639978298499997 ], [ -61.928433582099998, -32.6397248233 ], [ -61.928352461, -32.639440109500001 ], [ -61.927895625, -32.639129344200001 ], [ -61.927181115099998, -32.6390450277 ], [ -61.926280399, -32.6390271219 ], [ -61.926052506300003, -32.638903505899997 ], [ -61.925823358899997, -32.638716352 ], [ -61.925595682500003, -32.638592821899998 ], [ -61.9253692598, -32.638532738800002 ], [ -61.925127130200003, -32.638434714600002 ], [ -61.925168186400001, -32.637900345600002 ], [ -61.925010625699997, -32.637553245 ], [ -61.924702525699999, -32.637176719499998 ], [ -61.924131091900001, -32.636772407 ], [ -61.9235993024, -32.636462864499997 ], [ -61.922911324799998, -32.635869661699999 ], [ -61.922562350900002, -32.635334909699999 ], [ -61.922213846799998, -32.634831882699999 ], [ -61.921419637500001, -32.634526258800001 ], [ -61.920739730500003, -32.634314261199997 ], [ -61.9202434221, -32.633908870500001 ], [ -61.919780535100003, -32.633312205599999 ], [ -61.919643753199999, -32.632918982600003 ], [ -61.9195994775, -32.632601875100001 ], [ -61.919484972699998, -32.632508335899999 ], [ -61.9188119724, -32.6326139162 ], [ -61.918060707400002, -32.632561841499999 ], [ -61.9177169835, -32.632281132300001 ], [ -61.917447671200001, -32.631967552 ], [ -61.917400016199998, -32.631491647799997 ], [ -61.917426664, -32.630982875100003 ], [ -61.916931742300001, -32.630640916 ], [ -61.9169945286, -32.630068124600001 ], [ -61.916683672300003, -32.629564505799998 ], [ -61.915960335500003, -32.6290670924 ], [ -61.915929506200001, -32.629063036600002 ], [ -61.9150951767, -32.628953270799997 ], [ -61.9139709787, -32.6290021505 ], [ -61.912923572700002, -32.629145230600002 ], [ -61.912395244400003, -32.628994433199999 ], [ -61.912168751599999, -32.628717669099998 ], [ -61.912709769300001, -32.627909351200003 ], [ -61.913110860300002, -32.627363049 ], [ -61.912874229499998, -32.626826555199997 ], [ -61.9121938292, -32.626582693099998 ], [ -61.911886389499998, -32.626237856899998 ], [ -61.911542815700003, -32.625957127200003 ], [ -61.911165241100001, -32.625835852100003 ], [ -61.911083406099998, -32.6255193123 ], [ -61.910478103199999, -32.625274387399998 ], [ -61.909389977700002, -32.625259119 ], [ -61.908833525799999, -32.625553543599999 ], [ -61.908194786800003, -32.625499787400003 ], [ -61.907557961400002, -32.625541199499999 ], [ -61.906886083, -32.625095509499999 ], [ -61.906642149, -32.624680640299999 ], [ -61.906693644800001, -32.6242746219 ], [ -61.906686433200001, -32.623934587699999 ], [ -61.906283739400003, -32.623883997599997 ], [ -61.905946832399998, -32.623775792 ], [ -61.905737785699998, -32.623382206199999 ], [ -61.905658896399999, -32.622816617600002 ], [ -61.905712563900003, -32.622192311 ], [ -61.905373365899997, -32.6219706368 ], [ -61.905166622099998, -32.621690426400001 ], [ -61.904694767599999, -32.621527559199997 ], [ -61.903884923699998, -32.6211996993 ], [ -61.903344996100003, -32.620981153499997 ], [ -61.902806377099999, -32.620819291300002 ], [ -61.9022652568, -32.6205441432 ], [ -61.902125401299998, -32.620262823700003 ], [ -61.902051437600001, -32.6199238 ], [ -61.901776633200001, -32.619587908900002 ], [ -61.901370473299998, -32.619367327900001 ], [ -61.900503473500002, -32.619493866900001 ], [ -61.899664507600001, -32.619224240100003 ], [ -61.899477260200001, -32.618432438200003 ], [ -61.899065233499996, -32.617928499400001 ], [ -61.898459657899998, -32.6177676306 ], [ -61.897721527900003, -32.617665378200002 ], [ -61.897181635499997, -32.617446804399997 ], [ -61.896708622799999, -32.617227308099999 ], [ -61.896227353500002, -32.616611083899997 ], [ -61.896079160699998, -32.615933122199998 ], [ -61.895793639799997, -32.615087206299997 ], [ -61.894907459899997, -32.614306972 ], [ -61.893962777200002, -32.613924464500002 ], [ -61.892823341300002, -32.6138283254 ], [ -61.892221485900002, -32.613837397 ], [ -61.891431906800001, -32.614472788699999 ], [ -61.891035326100003, -32.614705495899997 ], [ -61.8903617199, -32.614488905800002 ], [ -61.890017719799999, -32.614040617199997 ], [ -61.889932986, -32.613191663899997 ], [ -61.890253163799997, -32.612506643 ], [ -61.890243042400002, -32.6120909216 ], [ -61.89009501, -32.611412948800002 ], [ -61.889757083299997, -32.611248007299999 ], [ -61.889348608200002, -32.610914008500004 ], [ -61.889407147500002, -32.610516366 ], [ -61.889265182300001, -32.610121740499999 ], [ -61.8891898754, -32.609726111800001 ], [ -61.889519463699997, -32.609494418799997 ], [ -61.889984086799998, -32.609317398500004 ], [ -61.890041431599997, -32.6088630677 ], [ -61.889959085100003, -32.608127399499999 ], [ -61.8898767421, -32.6073918214 ], [ -61.889797864800002, -32.606826218800002 ], [ -61.889592973100001, -32.6061802527 ], [ -61.8901108795, -32.60580116 ], [ -61.890303146599997, -32.605401504 ], [ -61.890362976900001, -32.605060547500003 ], [ -61.890421509200003, -32.604662904500003 ], [ -61.890210089599996, -32.604155913100001 ], [ -61.890131427, -32.603590307200001 ], [ -61.890185091600003, -32.602966003399999 ], [ -61.890311785800002, -32.602624040499997 ], [ -61.890566145900003, -32.601996625300004 ], [ -61.890821695699998, -32.601425987900001 ], [ -61.890879139699997, -32.6009716549 ], [ -61.890801455, -32.600462740499999 ], [ -61.890458805500003, -32.600071046700002 ], [ -61.890314368399999, -32.599563136699999 ], [ -61.890104153400003, -32.599112832300001 ], [ -61.890166254500002, -32.5988851635 ], [ -61.8903562331, -32.598372129700003 ], [ -61.890547402300001, -32.597915874 ], [ -61.890870885299996, -32.5974008297 ], [ -61.890726451, -32.5968929199 ], [ -61.890448296599999, -32.596386932500003 ], [ -61.890303864700002, -32.595878931900003 ], [ -61.890293154799998, -32.595369008600002 ], [ -61.890547498899998, -32.594741683599999 ], [ -61.891003816500003, -32.594167933400001 ], [ -61.891328475599998, -32.593709576400002 ], [ -61.891118379200002, -32.593259361599998 ], [ -61.890503461100003, -32.592645031700002 ], [ -61.890556038200003, -32.591964127399997 ], [ -61.890814048899998, -32.591506774899997 ], [ -61.891473299300003, -32.591043380199999 ], [ -61.891261803200003, -32.5905363902 ], [ -61.892123992899997, -32.5901833486 ], [ -61.893506901499997, -32.59034606 ], [ -61.894582654600001, -32.590613188399999 ], [ -61.895264439, -32.591226399100002 ], [ -61.895808940099997, -32.5916716499 ], [ -61.896949292499997, -32.591824550699997 ], [ -61.8981553072, -32.591919652599998 ], [ -61.8986210184, -32.591799291800001 ], [ -61.898963667, -32.592190873600003 ], [ -61.8996991948, -32.592179751 ], [ -61.900709432600003, -32.592504522900001 ], [ -61.901522699399997, -32.593002386499997 ], [ -61.902670153400003, -32.593495092399998 ], [ -61.903826117500003, -32.594384509900003 ], [ -61.904572453299998, -32.594883367400001 ], [ -61.905508681800001, -32.594869166700001 ], [ -61.906653780200003, -32.595248549099999 ], [ -61.906992981499997, -32.595470132599999 ], [ -61.907727331099998, -32.595402274400001 ], [ -61.908796078, -32.595329330200002 ], [ -61.909599688299998, -32.595373820100001 ], [ -61.910406907099997, -32.595588277300003 ], [ -61.912008220499999, -32.595393882300002 ], [ -61.913202247199997, -32.594922233200002 ], [ -61.913531718100003, -32.594690480899999 ], [ -61.914188458399998, -32.594113686 ], [ -61.915054091499997, -32.593930372800003 ], [ -61.9165932254, -32.593963601 ], [ -61.917326453400001, -32.593839088599999 ], [ -61.917789622900003, -32.593605284399999 ], [ -61.918584869299998, -32.593252994799997 ], [ -61.919255958299999, -32.593356153199998 ], [ -61.920799916299998, -32.593615898700001 ], [ -61.921330039899999, -32.593381147800002 ], [ -61.922119112200001, -32.592745492399999 ], [ -61.922117075800003, -32.5918522061 ], [ -61.921834910900003, -32.591704437200001 ], [ -61.921342105800001, -32.591596582 ], [ -61.921037114900003, -32.591347198299999 ], [ -61.92089494, -32.591072335100002 ], [ -61.921063761399999, -32.590656159799998 ], [ -61.921585563100003, -32.590230478199999 ], [ -61.921579649400002, -32.589953440899997 ], [ -61.921983683199997, -32.589739458399997 ], [ -61.923144158699998, -32.589213688400001 ], [ -61.923785563300001, -32.588626622200003 ], [ -61.924124440500002, -32.587905623700003 ], [ -61.924166995599997, -32.587350716499998 ], [ -61.924271471099999, -32.586967588299999 ], [ -61.924724967899998, -32.586896545899997 ], [ -61.924881356900002, -32.586570954099997 ], [ -61.924738296800001, -32.586249860700001 ], [ -61.924458981299999, -32.585930854700003 ], [ -61.924208398300003, -32.585680644699998 ], [ -61.924120339399998, -32.585381877099998 ], [ -61.924330735300003, -32.585032289499999 ], [ -61.924762098099997, -32.584817879799999 ], [ -61.925438221500002, -32.584576548199998 ], [ -61.926056384900001, -32.584174549 ], [ -61.926294021099999, -32.5838245407 ], [ -61.926094872900002, -32.583435071899999 ], [ -61.925512071299998, -32.582935999199997 ], [ -61.924708806600002, -32.582324816700002 ], [ -61.923748676800002, -32.582016238 ], [ -61.923113862800001, -32.581633435100002 ], [ -61.922037741099999, -32.581003332599998 ], [ -61.920630526899998, -32.580170481800003 ], [ -61.919571577, -32.579320303300001 ], [ -61.9188525916, -32.5788232787 ], [ -61.918159880399998, -32.578279690700001 ], [ -61.9174696336, -32.577851456099999 ], [ -61.9170274767, -32.577558086499998 ], [ -61.916856227499999, -32.577191164699997 ], [ -61.916931097199999, -32.576866825800003 ], [ -61.916759849800002, -32.576499903799998 ], [ -61.9163472985, -32.576321475 ], [ -61.915714027600004, -32.576007846300001 ], [ -61.915466935399998, -32.575919297699997 ], [ -61.915135366, -32.575693472 ], [ -61.9150184119, -32.575325719699997 ], [ -61.915091323, -32.5749090053 ], [ -61.915005162100002, -32.5747025171 ], [ -61.914600929, -32.574881509900003 ], [ -61.914074739100002, -32.574508894099999 ], [ -61.9134137506, -32.574172596499999 ], [ -61.912639085599999, -32.573607054900002 ], [ -61.911843341400001, -32.573342127399997 ], [ -61.910367708599999, -32.573133692600003 ], [ -61.908950488400002, -32.573108985300003 ], [ -61.908302817900001, -32.572857201200001 ], [ -61.908322347899997, -32.5724874589 ], [ -61.908179859599997, -32.572189414599997 ], [ -61.907815376499997, -32.571710018300003 ], [ -61.906904533300001, -32.571146597800002 ], [ -61.905863221099999, -32.570862279 ], [ -61.905396326499996, -32.570684547200003 ], [ -61.905143399499998, -32.570318936500001 ], [ -61.9048618709, -32.569884521500001 ], [ -61.904665774199998, -32.569633443699999 ], [ -61.904742253099997, -32.569378323899997 ], [ -61.904437661400003, -32.5691520596 ], [ -61.903728105699997, -32.5690934848 ], [ -61.902861407700001, -32.568989414 ], [ -61.902569764799999, -32.568418295299999 ], [ -61.902667919, -32.567908797599998 ], [ -61.9027374709, -32.567330495599997 ], [ -61.902723333700003, -32.566661054100003 ], [ -61.902595828099997, -32.565785526799999 ], [ -61.9026094253, -32.5651387443 ], [ -61.9028710479, -32.564626771100002 ], [ -61.903022225699999, -32.564047232599997 ], [ -61.903032896900001, -32.5632620194 ], [ -61.903218526499998, -32.562907521500001 ], [ -61.903309943399996, -32.562800207199999 ], [ -61.903364591, -32.562428851 ], [ -61.903766926300001, -32.562263997 ], [ -61.903948641600003, -32.561996554899999 ], [ -61.904312629099998, -32.5614881666 ], [ -61.904244567799999, -32.561224509 ], [ -61.904082510400002, -32.560935860900003 ], [ -61.9037647846, -32.560675985700001 ], [ -61.903632021299998, -32.560307468300003 ], [ -61.903647554899997, -32.559566175800001 ], [ -61.903855974700001, -32.559086560099999 ], [ -61.904225995700003, -32.558869274599999 ], [ -61.904376522500002, -32.558602304600001 ], [ -61.904304550600003, -32.558153441899996 ], [ -61.90447843, -32.557515589200001 ], [ -61.905024553499999, -32.556766254499998 ], [ -61.905421373599999, -32.5563367902 ], [ -61.905381138899997, -32.555913951800001 ], [ -61.905295849200002, -32.554830073600002 ], [ -61.9051859888, -32.554064266799998 ], [ -61.905054455299997, -32.553748651600003 ], [ -61.904801907, -32.553620135 ], [ -61.904550583400002, -32.553544519 ], [ -61.9044037723, -32.5534243472 ], [ -61.904853749200001, -32.553116475800003 ], [ -61.904849275899998, -32.5529047741 ], [ -61.904823298499998, -32.552834037099998 ], [ -61.9050373854, -32.5518226111 ], [ -61.907477397299999, -32.551866199599999 ], [ -61.908212008900001, -32.551691691099997 ], [ -61.909233081399996, -32.551864964499998 ], [ -61.910927446300001, -32.552114541 ], [ -61.912486338299999, -32.552365254400002 ], [ -61.913965947800001, -32.552731830100001 ], [ -61.9156180413, -32.552608844 ], [ -61.917819782700001, -32.552804524199999 ], [ -61.91910091, -32.552641715599997 ], [ -61.920210822100003, -32.552366835900003 ], [ -61.920946379, -32.551982994600003 ], [ -61.921651039099999, -32.551742964200002 ], [ -61.922633626, -32.551842520800001 ], [ -61.923276316900001, -32.551861356 ], [ -61.923842983500002, -32.551480082499999 ], [ -61.924405976700001, -32.550926941699998 ], [ -61.924796102599998, -32.550204434900003 ], [ -61.925185717, -32.549453266199997 ], [ -61.925336307199998, -32.548973943699998 ], [ -61.926373567500001, -32.548639198799997 ], [ -61.9271847021, -32.548626764300003 ], [ -61.927553530200001, -32.548477856 ], [ -61.928319582299999, -32.547950162500001 ], [ -61.928770704599998, -32.546911534899998 ], [ -61.929124596800001, -32.546074897300002 ], [ -61.9292757869, -32.545241370200003 ], [ -61.9296654523, -32.544490277800001 ], [ -61.930192078, -32.543822996499998 ], [ -61.930319339900002, -32.543448441700001 ], [ -61.930109076800001, -32.543107738400003 ], [ -61.929998480099997, -32.542679499 ], [ -61.929857942200002, -32.542423730199999 ], [ -61.929613955100002, -32.542083543700002 ], [ -61.929674774699997, -32.5417673464 ], [ -61.929922652499997, -32.541011127399997 ], [ -61.930311069200002, -32.540202715100001 ], [ -61.930320881599997, -32.5390847623 ], [ -61.930376790499999, -32.538539291799999 ], [ -61.929956104600002, -32.537829308100001 ], [ -61.929122289699997, -32.536781640699999 ], [ -61.928402240700002, -32.536305412899999 ], [ -61.927508567899999, -32.535602674700002 ], [ -61.926215252799999, -32.5351925593 ], [ -61.925389668500003, -32.534517340500003 ], [ -61.9240589869, -32.533935853 ], [ -61.9232488066, -32.533976918500002 ], [ -61.922359758500001, -32.5335032399 ], [ -61.921373710399997, -32.533231717600003 ], [ -61.920418555600001, -32.532816372399999 ], [ -61.919602683500003, -32.532599573500001 ], [ -61.919304961, -32.532275246899999 ], [ -61.9186975163, -32.532142071400003 ], [ -61.918288420099998, -32.531976392399997 ], [ -61.917732535299997, -32.531268336899998 ], [ -61.917081574199997, -32.530848325 ], [ -61.916193805200002, -32.530431919 ], [ -61.915061752900002, -32.5296467151 ], [ -61.914472290699997, -32.528939155499998 ], [ -61.913445800700003, -32.528352919500001 ], [ -61.9125865432, -32.527678124700003 ], [ -61.912069415600001, -32.527198712199997 ], [ -61.911924492700003, -32.526742396899998 ], [ -61.912083818399999, -32.526281364799999 ], [ -61.912617158400003, -32.525929318599999 ], [ -61.912977813300003, -32.525407975500002 ], [ -61.913470740100003, -32.524741275 ], [ -61.913698, -32.5243078759 ], [ -61.913349207400003, -32.5237972372 ], [ -61.913373925400002, -32.523367010699999 ], [ -61.913939749400001, -32.522957127399998 ], [ -61.914542435500003, -32.522690024100001 ], [ -61.914738396399997, -32.522371774600003 ], [ -61.914832478299999, -32.5220264075 ], [ -61.914759459700001, -32.521769591199998 ], [ -61.914683401799998, -32.521369477500002 ], [ -61.914629176200002, -32.520393312899998 ], [ -61.9147050248, -32.519188432299998 ], [ -61.915092174199998, -32.518322745500001 ], [ -61.9155518313, -32.517685212799996 ], [ -61.915943222700001, -32.517020049899998 ], [ -61.915930451400001, -32.516418291400001 ], [ -61.916020876099999, -32.515901056899999 ], [ -61.916556467900001, -32.515663635800003 ], [ -61.916820663899998, -32.515372921800001 ], [ -61.916979234300001, -32.514883316700001 ], [ -61.9171716257, -32.514393105700002 ], [ -61.917663751500001, -32.513697823299999 ], [ -61.9180244358, -32.513176376 ], [ -61.918151606, -32.512801833099999 ], [ -61.918169603400003, -32.512056352 ], [ -61.9182556437, -32.511338501799997 ], [ -61.918480735199999, -32.510790542700001 ], [ -61.918402024400002, -32.510275796400002 ], [ -61.918695154399998, -32.509755467799998 ], [ -61.919090143299996, -32.509262163 ], [ -61.9194175915, -32.508769977900002 ], [ -61.919542923, -32.508309455499997 ], [ -61.919938616800003, -32.507844806100003 ], [ -61.9200663839, -32.507499011199997 ], [ -61.920193538699998, -32.507124466599997 ], [ -61.920248327499998, -32.506658980200001 ], [ -61.9204966466, -32.505623384700002 ], [ -61.920450137899998, -32.505022231700003 ], [ -61.919969257699996, -32.504656969599999 ], [ -61.919081344200002, -32.504211910400002 ], [ -61.918363440299999, -32.503821589399998 ], [ -61.917679362800001, -32.5034307484 ], [ -61.917365065699997, -32.502948351100002 ], [ -61.917183908200002, -32.502377917300002 ], [ -61.916867291199999, -32.501780878799998 ], [ -61.916449719500001, -32.501213956100003 ], [ -61.916002087400003, -32.500819502600002 ], [ -61.915562965900001, -32.500826190600002 ], [ -61.915055812299997, -32.500805334299997 ], [ -61.914444768700001, -32.500671291800003 ], [ -61.914071965600002, -32.500619627699997 ], [ -61.9135905272, -32.5002256796 ], [ -61.913540954699997, -32.499934516700002 ], [ -61.913212678400001, -32.49859451 ], [ -61.914138686400001, -32.495213008199997 ], [ -61.915834273199998, -32.492153711 ], [ -61.918257958799998, -32.488738275 ], [ -61.920820708699999, -32.484217102599999 ], [ -61.92181086, -32.481460413800001 ], [ -61.9256545665, -32.471358094499998 ], [ -61.926712566299997, -32.468873586 ], [ -61.927542225700002, -32.466241018300003 ], [ -61.928469696199997, -32.464287876699998 ], [ -61.929873959799998, -32.461816608500001 ], [ -61.9316541687, -32.459052237199998 ], [ -61.931377108500001, -32.457809213399997 ], [ -61.931286789700003, -32.457304116099998 ], [ -61.931160319299998, -32.456968431100002 ], [ -61.9315920779, -32.456691706100003 ], [ -61.932109003599997, -32.456683772600002 ], [ -61.932499559100002, -32.456340061699997 ], [ -61.932849532200002, -32.455963345500003 ], [ -61.932955310099999, -32.455320188100004 ], [ -61.933026059399999, -32.454913861100003 ], [ -61.933179415399998, -32.454641405799997 ], [ -61.933652969400001, -32.454465364800001 ], [ -61.934083370099998, -32.454121037100002 ], [ -61.934115083800002, -32.453749207100003 ], [ -61.933908485099998, -32.453380948400003 ], [ -61.933661095399998, -32.452979598299997 ], [ -61.933453565699999, -32.452577545399997 ], [ -61.933720407599999, -32.452033246 ], [ -61.934422576700001, -32.451380924699997 ], [ -61.934969948499997, -32.450933554199999 ], [ -61.935322055500002, -32.450658041300002 ], [ -61.9355924909, -32.450282540700002 ], [ -61.935743665399997, -32.449908783300003 ], [ -61.936136345599998, -32.449666361799999 ], [ -61.936570836800001, -32.449524628600003 ], [ -61.936878954100003, -32.449047213 ], [ -61.937186238700001, -32.448536001900003 ], [ -61.9374799657, -32.447813768899998 ], [ -61.937709909399999, -32.447405079500001 ], [ -61.937938403899999, -32.446928796800002 ], [ -61.938250014, -32.446620182099998 ], [ -61.938719283, -32.446241523600001 ], [ -61.938873947799998, -32.4460365666 ], [ -61.9387864941, -32.445666480500002 ], [ -61.938656399800003, -32.445162000800003 ], [ -61.938406953, -32.444659448800003 ], [ -61.938435137500001, -32.444118724100001 ], [ -61.938666513900003, -32.443777536100001 ], [ -61.938936192100002, -32.443368232799997 ], [ -61.939362694499998, -32.442855180599999 ], [ -61.939828429400002, -32.442307715 ], [ -61.940725607099999, -32.441483588099999 ], [ -61.941504969900002, -32.4407287067 ], [ -61.942163736700003, -32.439908246100003 ], [ -61.942237333900003, -32.439637010600002 ], [ -61.942466511799999, -32.439194517300002 ], [ -61.942858298399997, -32.4389183722 ], [ -61.943217685, -32.438980351200001 ], [ -61.943452651900003, -32.438807867 ], [ -61.943955086, -32.438124860499997 ], [ -61.944611530499998, -32.437203090899999 ], [ -61.9450321729, -32.436420010900001 ], [ -61.945300349500002, -32.4359431026 ], [ -61.945562830599997, -32.435196271899997 ], [ -61.945984180499998, -32.434446895299999 ], [ -61.946882783100001, -32.433690229600003 ], [ -61.947106255400001, -32.433409281599999 ], [ -61.947254454400003, -32.432900507100001 ], [ -61.9477987494, -32.432318081200002 ], [ -61.947952131699999, -32.432045608499998 ], [ -61.9484638279, -32.431801309299999 ], [ -61.949140414, -32.4318245559 ], [ -61.9498561248, -32.431813475600002 ], [ -61.950089715300003, -32.431573566 ], [ -61.950239969899997, -32.431166089100003 ], [ -61.950390221200003, -32.430758521900003 ], [ -61.950454550700002, -32.430048468 ], [ -61.950679198400003, -32.429403455699997 ], [ -61.950824570400002, -32.428759671100003 ], [ -61.951374636799997, -32.428447331199997 ], [ -61.951485136800002, -32.428040378799999 ], [ -61.951434489, -32.427534771099999 ], [ -61.951863029199998, -32.4271228896 ], [ -61.952499218100002, -32.427113027700003 ], [ -61.953532310600004, -32.427063288799999 ], [ -61.953885619, -32.426855232800001 ], [ -61.954121263300003, -32.426716526600003 ], [ -61.95431363, -32.426409634099997 ], [ -61.954465135100001, -32.425900800500003 ], [ -61.954898932799999, -32.425894067400002 ], [ -61.955923481, -32.425350851700003 ], [ -61.955937619399997, -32.425326290599997 ], [ -61.9561746368, -32.424621395499997 ], [ -61.956322655699999, -32.424181040599997 ], [ -61.95660532, -32.423296480899999 ], [ -61.957265835900003, -32.422111337399997 ], [ -61.9578257708, -32.421446948099998 ], [ -61.958932814100002, -32.420489613900003 ], [ -61.960750648500003, -32.419255344500002 ], [ -61.964448619199999, -32.416598419099998 ], [ -61.965275036400001, -32.415909917800001 ], [ -61.966173440600002, -32.414807114799999 ], [ -61.967329858100001, -32.412998522300001 ], [ -61.969296830600001, -32.409649782199999 ], [ -61.970137198800003, -32.408179853699998 ], [ -61.970443690800003, -32.407837435600001 ], [ -61.970986296200003, -32.406990430699999 ], [ -61.971816772300002, -32.405512622800003 ], [ -61.973035608399996, -32.404101842300001 ], [ -61.974792962199999, -32.402680807499998 ], [ -61.977319044600002, -32.400604352599998 ], [ -61.979873134899997, -32.397947002199999 ], [ -61.981382003, -32.396431877399998 ], [ -61.9828634088, -32.394882819199999 ], [ -61.9840489491, -32.393416476200002 ], [ -61.984788919899998, -32.391979049100001 ], [ -61.985054788, -32.390833971799999 ], [ -61.985319423900002, -32.389574599 ], [ -61.985583195300002, -32.388819736800002 ], [ -61.985811043399998, -32.387550034100002 ], [ -61.986436745799999, -32.385943648199998 ], [ -61.9872670472, -32.384428964599998 ], [ -61.988020237100002, -32.383566308699997 ], [ -61.9885530751, -32.382849658 ], [ -61.989592773699997, -32.381385927899998 ], [ -61.989960570500003, -32.380842627200003 ], [ -61.991161672600001, -32.379304574300001 ], [ -61.993685873700002, -32.3759454084 ], [ -61.995052918799999, -32.373963756 ], [ -61.995795570600002, -32.372788391199997 ], [ -61.998367436, -32.368048587300002 ], [ -61.999209648200001, -32.3667964375 ], [ -62.000051202, -32.365173465300003 ], [ -62.0010262232, -32.36329302 ], [ -62.002043842500001, -32.361323423499996 ], [ -62.002534917299997, -32.360582768500002 ], [ -62.003106757200001, -32.359540888700003 ], [ -62.005335847799998, -32.355530056900001 ], [ -62.0060674578, -32.354203714199997 ], [ -62.006784985099998, -32.3530340975 ], [ -62.007207475800001, -32.352529005500003 ], [ -62.008748952099999, -32.350025063899999 ], [ -62.009962566699997, -32.348609161 ], [ -62.010921082400003, -32.347602734399999 ], [ -62.012001510499999, -32.345465007 ], [ -62.030473562700003, -32.285493060500002 ], [ -62.030989713799997, -32.282786823199999 ], [ -62.032051579700003, -32.278670093099997 ], [ -62.0328461004, -32.2755876636 ], [ -62.033634469500001, -32.272051044299999 ], [ -62.034439761900003, -32.269436598699997 ], [ -62.035204694199997, -32.266480124899999 ], [ -62.035501804500001, -32.2656063449 ], [ -62.036495078100003, -32.263897334 ], [ -62.036944401600003, -32.2630936694 ], [ -62.0377285187, -32.261917225 ], [ -62.038778074900002, -32.260863967900001 ], [ -62.039410391499999, -32.260179137800002 ], [ -62.040309631200003, -32.259356294600003 ], [ -62.041251526300002, -32.258553310700002 ], [ -62.041985477399997, -32.258092389600002 ], [ -62.042726018700002, -32.257561308600003 ], [ -62.044147886200001, -32.256802557500002 ], [ -62.045844784400003, -32.255772120700001 ], [ -62.046765563, -32.255237465699999 ], [ -62.047948575500001, -32.254631207300001 ], [ -62.050900847800001, -32.252840000600003 ], [ -62.051827743899999, -32.252301694499998 ], [ -62.056093956700003, -32.249813316900003 ], [ -62.056604045, -32.249519334699997 ], [ -62.057415695300001, -32.249051543500002 ], [ -62.061144916099998, -32.246881874700001 ], [ -62.062042162499999, -32.246402940199999 ], [ -62.065590075, -32.244204731099998 ], [ -62.066407224199999, -32.243793248800003 ], [ -62.068407359299997, -32.242684623700001 ], [ -62.069340537499997, -32.242142484299997 ], [ -62.070804830599997, -32.241254459700002 ], [ -62.0727117108, -32.240131340300003 ], [ -62.074714340200003, -32.23901807 ], [ -62.076064761700003, -32.238197397900002 ], [ -62.077629565400002, -32.2374295316 ], [ -62.078713213, -32.237039192099999 ], [ -62.080551690100002, -32.236013186800001 ], [ -62.083319109400001, -32.2345693117 ], [ -62.087601302, -32.232062056099998 ], [ -62.091773259900002, -32.2295809218 ], [ -62.099103219100002, -32.225425381 ], [ -62.1033835299, -32.222983455799998 ], [ -62.110710918800002, -32.218583895199998 ], [ -62.114829219800001, -32.216147727299997 ], [ -62.118826143699998, -32.213887458800002 ], [ -62.123103120899998, -32.211357496399998 ], [ -62.127033287700002, -32.209026067 ], [ -62.1280432613, -32.208269096599999 ], [ -62.130095262799998, -32.206408498599998 ], [ -62.132593989599997, -32.204174946099997 ], [ -62.135701718900002, -32.2014464007 ], [ -62.138835251300002, -32.198650363200002 ], [ -62.141738425500002, -32.196035483700001 ], [ -62.142703636199997, -32.195202891400001 ], [ -62.144423131400004, -32.193524045099998 ], [ -62.1463132274, -32.1916274485 ], [ -62.148754710600002, -32.189130059 ], [ -62.1500655193, -32.1878117511 ], [ -62.151351053399999, -32.186515677300001 ], [ -62.153418180800003, -32.1844600051 ], [ -62.154118281800002, -32.1837770797 ], [ -62.156989531299999, -32.180831014299997 ], [ -62.160109890800001, -32.177641730200001 ], [ -62.163562964, -32.1741788406 ], [ -62.164519120100003, -32.173129340599999 ], [ -62.1676375009, -32.169985711599999 ], [ -62.169197219700003, -32.1684462252 ], [ -62.171502754499997, -32.166323257800002 ], [ -62.171870648499997, -32.165984552 ], [ -62.174569559, -32.163254276899998 ], [ -62.176979256899997, -32.160628903599999 ], [ -62.177077911399998, -32.160521457900003 ], [ -62.178227857800003, -32.1592686587 ], [ -62.179161906899999, -32.1579271644 ], [ -62.180041345799999, -32.156540898199999 ], [ -62.180750932599999, -32.154791901 ], [ -62.1814540329, -32.152918513099998 ], [ -62.185187060899999, -32.143137212900001 ], [ -62.187826014599999, -32.136933458 ], [ -62.191510463199997, -32.127427336099998 ], [ -62.194542004500001, -32.119753495700003 ], [ -62.196057250499997, -32.115848991 ], [ -62.196235548099999, -32.114337664399997 ], [ -62.1960775676, -32.112195342600003 ], [ -62.195256096400001, -32.109074574499999 ], [ -62.191463705099999, -32.0962610379 ], [ -62.189501342500002, -32.090151861499997 ], [ -62.185359242600001, -32.076082702699999 ], [ -62.182520881899997, -32.0664644346 ], [ -62.182485317100003, -32.066362273700001 ], [ -62.181792239300002, -32.064372198699999 ], [ -62.181263166199997, -32.062626763399997 ], [ -62.1809106953, -32.062263747700001 ], [ -62.163871271, -32.022045989200002 ], [ -62.158277492099998, -32.008792121200003 ], [ -62.158241309, -32.008706459899997 ], [ -62.163566408599998, -31.995231862699999 ], [ -62.164578527099998, -31.9926268211 ], [ -62.164712588699999, -31.992281498200001 ], [ -62.167498164100003, -31.9851110629 ], [ -62.167599470100001, -31.9851368287 ], [ -62.168054159299999, -31.9838400402 ], [ -62.169744198, -31.9798621411 ], [ -62.171283503300003, -31.976127331299999 ], [ -62.172728383399999, -31.9723938508 ], [ -62.174260518799997, -31.968364688200001 ], [ -62.175763858400003, -31.964442564 ], [ -62.176537612700002, -31.961443041199999 ], [ -62.177555222899997, -31.958199250300002 ], [ -62.178470911300003, -31.955201390900001 ], [ -62.178890629500003, -31.953827220699999 ], [ -62.180487576, -31.948594313800001 ], [ -62.182666953899997, -31.941511695100001 ], [ -62.184068077, -31.937214484 ], [ -62.184993179800003, -31.933883697500001 ], [ -62.185363345100001, -31.932326859700002 ], [ -62.185393151200003, -31.932228349300001 ], [ -62.1883119114, -31.9225138495 ], [ -62.191058317299998, -31.9195363995 ], [ -62.2143854945, -31.894055326699998 ], [ -62.222344763, -31.885606607900002 ], [ -62.222550272500001, -31.8853618803 ], [ -62.222733788299998, -31.885097315300001 ], [ -62.2228896345, -31.8848201618 ], [ -62.223016488100001, -31.8845325166 ], [ -62.223113450900001, -31.8842365593 ], [ -62.2231799391, -31.883934373599999 ], [ -62.223215168800003, -31.883628497499998 ], [ -62.223855492299997, -31.87197162 ], [ -62.224578020400003, -31.8550729199 ], [ -62.225293643699999, -31.847014438 ], [ -62.225338256500002, -31.839954155699999 ], [ -62.225409099099998, -31.8382557678 ], [ -62.225367670799997, -31.8365304949 ], [ -62.224412755899998, -31.830637062800001 ], [ -62.222143339399999, -31.8169298376 ], [ -62.218759889499999, -31.7957052131 ], [ -62.218716824799998, -31.7954359507 ], [ -62.217481575699999, -31.788219046799998 ], [ -62.217885742, -31.780817055499998 ], [ -62.217717049, -31.772407188500001 ], [ -62.217500726499999, -31.754132644399998 ], [ -62.217702717199998, -31.7408300528 ], [ -62.230987624699999, -31.717586422 ], [ -62.236767412699997, -31.7077002005 ], [ -62.240828098500003, -31.699805116299999 ], [ -62.239010669300001, -31.69852322 ], [ -62.224275997200003, -31.686426054799998 ], [ -62.196778754500002, -31.664349990400002 ], [ -62.184387370099998, -31.679758865899998 ], [ -62.179932901400001, -31.6897406802 ], [ -62.179179427199998, -31.690647796699999 ], [ -62.171555361099998, -31.699825305200001 ], [ -62.149879869700001, -31.712343689600001 ], [ -62.141742769799997, -31.71279728 ], [ -62.133834610400001, -31.719614272 ], [ -62.128612223, -31.724115282500001 ], [ -62.125881922200001, -31.729654979799999 ], [ -62.125318482899999, -31.730798096800001 ], [ -62.123165200499997, -31.734324002200001 ], [ -62.119361703700001, -31.740551355299999 ], [ -62.122543833899996, -31.749841134699999 ], [ -62.138033471299998, -31.7486259012 ], [ -62.154193225, -31.749828245100002 ], [ -62.165210174, -31.760319442699998 ], [ -62.168026675599997, -31.770213097 ], [ -62.168637911300003, -31.777935013099999 ], [ -62.164543699, -31.787209844900001 ], [ -62.1583367438, -31.798361435099999 ], [ -62.151859550799998, -31.803587890799999 ], [ -62.144859192200002, -31.807021666099999 ], [ -62.137871601800001, -31.811247166400001 ], [ -62.1279196013, -31.821900359899999 ], [ -62.120265762400003, -31.831388592700002 ], [ -62.111093046699999, -31.842756686400001 ], [ -62.1034138391, -31.854035790499999 ], [ -62.099733450199999, -31.8583775086 ], [ -62.094067432300001, -31.863045062899999 ], [ -62.090392874199999, -31.867679641100001 ], [ -62.084629940399999, -31.872534574199999 ], [ -62.082944525, -31.878852592200001 ], [ -62.082460527, -31.880666780799999 ], [ -62.081448389, -31.8838259025 ], [ -62.080993563100002, -31.885245454700001 ], [ -62.079906153400003, -31.888933011100001 ], [ -62.077569990900002, -31.896854332099998 ], [ -62.074238885299998, -31.901042325599999 ], [ -62.071432103299998, -31.902708180600001 ], [ -62.070027046, -31.903336462 ], [ -62.070696260299997, -31.905136716299999 ], [ -62.071204123400001, -31.906502865899999 ], [ -62.069592285299997, -31.910521339100001 ], [ -62.062973465500001, -31.918976351600001 ], [ -62.059282716, -31.925206023099999 ], [ -62.053121251, -31.935879178699999 ], [ -62.052726471699998, -31.9365629427 ], [ -62.051067118100001, -31.9394368514 ], [ -62.0486484985, -31.943625425099999 ], [ -62.046168674299999, -31.947919571900002 ], [ -62.046922321499999, -31.954667191199999 ], [ -62.048567246700003, -31.959383692799999 ], [ -62.051207767500003, -31.968953586800001 ], [ -62.0516680697, -31.971217520500002 ], [ -62.054575810099998, -31.9855158471 ], [ -62.054404536200003, -31.992416536 ], [ -62.054406144700003, -31.993038330899999 ], [ -62.054427497699997, -32.001282823 ], [ -62.059018896399998, -32.007549505299998 ], [ -62.064479947899997, -32.015001758700002 ], [ -62.065081380499997, -32.022902358700001 ], [ -62.065301478199999, -32.024422492399999 ], [ -62.066393838499998, -32.0319661204 ], [ -62.065086147800002, -32.04060676 ], [ -62.065814124, -32.042537412 ], [ -62.065932551700001, -32.043381419799999 ], [ -62.066086090600002, -32.044475630100003 ], [ -62.065921033800002, -32.047295130899997 ], [ -62.066431970300002, -32.049715078699997 ], [ -62.067046347199998, -32.0516475712 ], [ -62.0675464228, -32.053582061 ], [ -62.0689637109, -32.055695770500002 ], [ -62.069918083499999, -32.057525594399998 ], [ -62.0725161425, -32.061368411 ], [ -62.072338449699998, -32.063605255 ], [ -62.070601482500003, -32.067273470099998 ], [ -62.069954133499998, -32.0689352618 ], [ -62.06966202, -32.071173971500002 ], [ -62.069940440300002, -32.073403358 ], [ -62.070458545299999, -32.076114587500001 ], [ -62.070961044299999, -32.078146110399999 ], [ -62.0721504001, -32.080263492199997 ], [ -62.076919418499998, -32.084108832299997 ], [ -62.078096115800001, -32.085643636599997 ], [ -62.0787085109, -32.087478985499999 ], [ -62.079105999600003, -32.089900716800003 ], [ -62.078807474, -32.091848113499999 ], [ -62.080225656099998, -32.093961649400001 ], [ -62.081977938599998, -32.095681284500003 ], [ -62.083973561699999, -32.098076569200003 ], [ -62.0853242349, -32.1022308748 ], [ -62.085241056100003, -32.103592150799997 ], [ -62.08481972, -32.1051530537 ], [ -62.084051391, -32.10652561 ], [ -62.082856484600001, -32.1079007023 ], [ -62.081961531899999, -32.110056586500001 ], [ -62.0815379127, -32.111520419599998 ], [ -62.080872561100001, -32.112405506100004 ], [ -62.079638612300002, -32.1133971657 ], [ -62.076118937300002, -32.1143290905 ], [ -62.072930190299999, -32.115414374099998 ], [ -62.068953648399997, -32.116353584199999 ], [ -62.066797621399999, -32.117386614 ], [ -62.066166799, -32.119410082900004 ], [ -62.0671765966, -32.1236672446 ], [ -62.066372832, -32.123486175499998 ], [ -62.066750502200001, -32.125034112400002 ], [ -62.068483134300003, -32.1258799545 ], [ -62.071485139700002, -32.127287720399998 ], [ -62.0725218778, -32.127659271399999 ], [ -62.072769871200002, -32.128529357200001 ], [ -62.071649739599998, -32.12951908 ], [ -62.068691492500001, -32.130053096 ], [ -62.067099484899998, -32.130370402799997 ], [ -62.064934578799999, -32.130636517699998 ], [ -62.0651488548, -32.1350645586 ], [ -62.064950934800002, -32.136427559799998 ], [ -62.063960371599997, -32.138094920699999 ], [ -62.06251919, -32.140060912599999 ], [ -62.060248134399998, -32.140680769900001 ], [ -62.056140655599997, -32.140941781599999 ], [ -62.0532873581, -32.1410852156 ], [ -62.050201961500001, -32.1414674464 ], [ -62.047928993799999, -32.142974775799999 ], [ -62.044341372700003, -32.146043779800003 ], [ -62.0434667918, -32.148759801 ], [ -62.043660962600001, -32.1513969178 ], [ -62.044036224499997, -32.152847728300003 ], [ -62.044301378, -32.1544946482 ], [ -62.044327397899998, -32.155659807699998 ], [ -62.043780175800002, -32.156736996399999 ], [ -62.0428901724, -32.157819856 ], [ -62.041081642599998, -32.158723203299999 ], [ -62.0394973736, -32.159428714299999 ], [ -62.037337791799999, -32.159924603699999 ], [ -62.034964711900002, -32.161152789699997 ], [ -62.032705554, -32.162354699300003 ], [ -62.030991907199997, -32.162382228200002 ], [ -62.025577068300002, -32.161788933099999 ], [ -62.024805387199997, -32.161704361600002 ], [ -62.024192105499999, -32.161490525200001 ], [ -62.022218937700003, -32.161682190400001 ], [ -62.0203365335, -32.161712272499997 ], [ -62.017706414400003, -32.161605311199999 ], [ -62.015923383599997, -32.162262860299997 ], [ -62.011984033200001, -32.163561866099997 ], [ -62.009200321500003, -32.1656094481 ], [ -62.009361777099997, -32.167888786299997 ], [ -62.010538518300002, -32.170030794 ], [ -62.013365216700002, -32.174387015900002 ], [ -62.014146717599999, -32.175654983800001 ], [ -62.014532832599997, -32.177887126199998 ], [ -62.013452585899998, -32.182628050600002 ], [ -62.0132019208, -32.184072420100001 ], [ -62.012615092, -32.186531731099997 ], [ -62.012367877700001, -32.188967053399999 ], [ -62.012022850100003, -32.190413058499999 ], [ -62.011549150699999, -32.191753784100001 ], [ -62.010161501299997, -32.192896165 ], [ -62.006662460900003, -32.196552700399998 ], [ -62.005932093600002, -32.197604686600002 ], [ -62.000896463499998, -32.199925116300001 ], [ -61.999210071299999, -32.200351920499998 ], [ -61.9972450442, -32.200943071899999 ], [ -61.995185644199999, -32.201535819500002 ], [ -61.989856115, -32.202929432399998 ], [ -61.984361180400001, -32.205420915200001 ], [ -61.982010836100002, -32.206708346100001 ], [ -61.980243244, -32.208756438400002 ], [ -61.979595067699996, -32.210209569299998 ], [ -61.976262034500003, -32.2184391475 ], [ -61.9749386851, -32.220095237400002 ], [ -61.973833589599998, -32.221363193199998 ], [ -61.972163997400003, -32.222736095599998 ], [ -61.970383431899997, -32.224206987700001 ], [ -61.967919097500001, -32.225496082900001 ], [ -61.966008524499998, -32.226199242900002 ], [ -61.9626464392, -32.227886916499997 ], [ -61.960515647599998, -32.228882121 ], [ -61.959183604700002, -32.230153339300003 ], [ -61.953269099400003, -32.231870227400002 ], [ -61.952823976099999, -32.234442960599999 ], [ -61.952460151499999, -32.23654571 ], [ -61.951703499099999, -32.2375254811 ], [ -61.951378971899999, -32.237942280699997 ], [ -61.950490397400003, -32.2390834797 ], [ -61.949378571899999, -32.240062766199998 ], [ -61.948849198300003, -32.241802621700003 ], [ -61.948655395300001, -32.2433448739 ], [ -61.949392638299997, -32.246027171800002 ], [ -61.950461421699998, -32.248319631299999 ], [ -61.953984730099997, -32.253692194199999 ], [ -61.955974354399999, -32.256643764800003 ], [ -61.957156483299997, -32.258934401700003 ], [ -61.957636432500003, -32.2601775133 ], [ -61.957902386800001, -32.262001348699997 ], [ -61.958069449900002, -32.264499995 ], [ -61.958683477500003, -32.266703276299999 ], [ -61.95839091, -32.268920482 ], [ -61.957525907399997, -32.270857995900002 ], [ -61.957453851700002, -32.2727832128 ], [ -61.956700104100001, -32.274622716300001 ], [ -61.947666001199998, -32.276745972599997 ], [ -61.944609033200003, -32.276889241299997 ], [ -61.941222164300001, -32.277518638099998 ], [ -61.938848899, -32.277843677200003 ], [ -61.933450886800003, -32.278722479800003 ], [ -61.931905421700002, -32.2810007904 ], [ -61.932157562900002, -32.283656953399998 ], [ -61.932484715699999, -32.2856630725 ], [ -61.933538533899998, -32.288077798 ], [ -61.934871387699999, -32.2902418185 ], [ -61.939739795199998, -32.293225557 ], [ -61.941745214199997, -32.294723882100001 ], [ -61.946098010900002, -32.297642334499997 ], [ -61.949307911, -32.299267600699999 ], [ -61.955043808500001, -32.302033849700003 ], [ -61.956779880900001, -32.302953645400002 ], [ -61.960925950700002, -32.304199968699997 ], [ -61.963869321799997, -32.305392053299997 ], [ -61.966327786800001, -32.307975264299998 ], [ -61.967206156, -32.3089081372 ], [ -61.966805671099998, -32.310225196499999 ], [ -61.965801370199998, -32.311405881100001 ], [ -61.964878095099998, -32.312366963300001 ], [ -61.963314402800002, -32.312432626300001 ], [ -61.961536258499997, -32.313552494500001 ], [ -61.959511744, -32.315185927500004 ], [ -61.957386982800003, -32.316165612 ], [ -61.9552499682, -32.316562865500003 ], [ -61.952423341, -32.3168251106 ], [ -61.949325035, -32.316436080400003 ], [ -61.945435458600002, -32.316096826200003 ], [ -61.9424566394, -32.316323545800003 ], [ -61.9389900647, -32.317143242500002 ], [ -61.936760899100001, -32.3188869767 ], [ -61.9357684995, -32.320649837799998 ], [ -61.935112969800002, -32.322116230100001 ], [ -61.935160983300001, -32.324372887700001 ], [ -61.935124307, -32.325598206 ], [ -61.935110829899997, -32.326048462300001 ], [ -61.934973346600003, -32.3276525526 ], [ -61.934846392600001, -32.329766245599998 ], [ -61.933936534899999, -32.331382179899997 ], [ -61.932513479199997, -32.333078795600002 ], [ -61.930817239600003, -32.334051479499998 ], [ -61.926518121599997, -32.335255258700002 ], [ -61.9251513663, -32.3355674226 ], [ -61.924915267899998, -32.336590420500002 ], [ -61.926576743699997, -32.338021386800001 ], [ -61.927626612600001, -32.338952050899998 ], [ -61.928419122900003, -32.339886504799999 ], [ -61.9290802863, -32.3406580917 ], [ -61.9280991177, -32.340983750299998 ], [ -61.926424889499998, -32.341541896800003 ], [ -61.925267468599998, -32.342208198800002 ], [ -61.924536162199999, -32.343004272899996 ], [ -61.922172982799999, -32.344933592099999 ], [ -61.919335779400001, -32.346638289600001 ], [ -61.918546567, -32.348586767100002 ], [ -61.917973306100002, -32.349906176499999 ], [ -61.9167473925, -32.352331940100001 ], [ -61.9157481162, -32.3543091481 ], [ -61.915461370300001, -32.357007704799997 ], [ -61.915933721, -32.359039451199997 ], [ -61.916154488899998, -32.361366312800001 ], [ -61.917411516400001, -32.363968710199998 ], [ -61.918397322200001, -32.365919809300003 ], [ -61.9193877891, -32.368089298400001 ], [ -61.920292481300002, -32.370259948399998 ], [ -61.920574587, -32.371420824 ], [ -61.920622330599997, -32.3736774833 ], [ -61.920507665, -32.376373419899998 ], [ -61.919941534099998, -32.378870063900003 ], [ -61.919636434300003, -32.380215506 ], [ -61.918310529700001, -32.382493079500001 ], [ -61.913729242400002, -32.385184097 ], [ -61.911412270500001, -32.385292083800003 ], [ -61.908755008200004, -32.385550829400003 ], [ -61.906179287500002, -32.385589815499998 ], [ -61.9047163842, -32.385466287600003 ], [ -61.902312022499999, -32.385502604599999 ], [ -61.901028734400001, -32.38574044 ], [ -61.899397206400003, -32.385765040899997 ], [ -61.897345623900001, -32.386232887299997 ], [ -61.895898240199998, -32.387090369399999 ], [ -61.893858761499999, -32.388140430699998 ], [ -61.892075241500002, -32.389113929700002 ], [ -61.890641115400001, -32.390373320800002 ], [ -61.888952451599998, -32.3917821597 ], [ -61.887867993299999, -32.393327709600001 ], [ -61.886788039199999, -32.395091518 ], [ -61.885174484499998, -32.395989417700001 ], [ -61.883209947700003, -32.396528561099998 ], [ -61.8810688477, -32.396851839100002 ], [ -61.879018412699999, -32.397392064100003 ], [ -61.877225504, -32.397928555900002 ], [ -61.874678363400001, -32.398448309899997 ], [ -61.872211491900003, -32.399610724600002 ], [ -61.871366085, -32.401219835200003 ], [ -61.871050899499998, -32.402608034399996 ], [ -61.870734514500001, -32.403923426699997 ], [ -61.870155736699999, -32.405024378100002 ], [ -61.869397721200002, -32.405763730899999 ], [ -61.868377620300002, -32.406288631099997 ], [ -61.864126297399999, -32.406703896700002 ], [ -61.861347012499998, -32.406975295499997 ], [ -61.858771794699997, -32.407086142 ], [ -61.856785968, -32.4066056574 ], [ -61.854109841899998, -32.407707425600002 ], [ -61.851765238699997, -32.408672637199999 ], [ -61.850461574199997, -32.410659857699997 ], [ -61.850518046700003, -32.413426074199997 ], [ -61.851680717500003, -32.415666400399999 ], [ -61.852237894600002, -32.417697146899997 ], [ -61.852580401899999, -32.420375477500002 ], [ -61.854072320299998, -32.422707289900004 ], [ -61.855395033699999, -32.424362626399997 ], [ -61.856885385699997, -32.425797004300001 ], [ -61.8594805643, -32.426632600600001 ], [ -61.8621571746, -32.427248330399998 ], [ -61.865098952300002, -32.428224330799999 ], [ -61.867275061, -32.429575598200003 ], [ -61.869445534599997, -32.430635615299998 ], [ -61.870848514400002, -32.431998429 ], [ -61.872440166, -32.434159207100002 ], [ -61.872984079200002, -32.435534765500002 ], [ -61.872961013400001, -32.436688711800002 ], [ -61.872941855900002, -32.437647139500001 ], [ -61.8713940616, -32.437597329 ], [ -61.868069800299999, -32.437290318700001 ], [ -61.865280348100001, -32.437032630600001 ], [ -61.863474590099997, -32.436986543499998 ], [ -61.861322289699999, -32.436799905900003 ], [ -61.858770900300001, -32.436837594499998 ], [ -61.857292440400002, -32.438955391100002 ], [ -61.8580520935, -32.440780414 ], [ -61.8600581253, -32.442207132900002 ], [ -61.861877141500003, -32.4443303181 ], [ -61.864349822699999, -32.4461283634 ], [ -61.865400387, -32.447059371899996 ], [ -61.865682394300002, -32.448220233500003 ], [ -61.865192906700003, -32.449931769199999 ], [ -61.864720296500003, -32.451584233699997 ], [ -61.862776595100001, -32.453214991300001 ], [ -61.861072679099998, -32.453968512400003 ], [ -61.858958451900001, -32.455295748399998 ], [ -61.859740414, -32.457469126600003 ], [ -61.861262414099997, -32.4589900382 ], [ -61.862492416, -32.460282530500002 ], [ -61.863208487800001, -32.461655442 ], [ -61.862924609, -32.463314253299998 ], [ -61.8626712529, -32.464794664800003 ], [ -61.8621854298, -32.466258185699999 ], [ -61.861181095399999, -32.467583726900003 ], [ -61.859965993300001, -32.467928577400002 ], [ -61.857062677499997, -32.4675187446 ], [ -61.854361597100002, -32.467137395400002 ], [ -61.851768263099999, -32.466447479 ], [ -61.848060033, -32.465460637299998 ], [ -61.846322469900002, -32.464998187900001 ], [ -61.8434992185, -32.464143497099997 ], [ -61.841045707699998, -32.463400673300001 ], [ -61.838215995100001, -32.462845396100001 ], [ -61.835509790899998, -32.464268188299997 ], [ -61.833189614200002, -32.465487945299998 ], [ -61.832788905400001, -32.467453395100002 ], [ -61.832397661100003, -32.469352377200003 ], [ -61.832774709200002, -32.471837952100003 ], [ -61.833791573100001, -32.474502295 ], [ -61.835541717200002, -32.476005942800001 ], [ -61.836772227700003, -32.477037932 ], [ -61.839293172799998, -32.478384624 ], [ -61.840689078700002, -32.479383607499997 ], [ -61.842340151199998, -32.480233328099999 ], [ -61.843905321, -32.481084148699999 ], [ -61.844354281299999, -32.482024275199997 ], [ -61.844650697900001, -32.4839132058 ], [ -61.844487092500003, -32.485344889799997 ], [ -61.844358955700002, -32.486466169700002 ], [ -61.843088909800002, -32.4874313503 ], [ -61.840778071300001, -32.487974945600001 ], [ -61.838121971699998, -32.488450720099998 ], [ -61.836319614399997, -32.488622550099997 ], [ -61.833669376300001, -32.489389440399997 ], [ -61.830592113, -32.490484212799998 ], [ -61.828757399200001, -32.492966593 ], [ -61.828104171500001, -32.496266782100001 ], [ -61.828032617799998, -32.4981685992 ], [ -61.827985587900002, -32.499418588499999 ], [ -61.8271552386, -32.500886989199998 ], [ -61.825981057699998, -32.502360376399999 ], [ -61.824270228, -32.502822142100001 ], [ -61.820742215899998, -32.502965250599999 ], [ -61.818684405900001, -32.503048676699997 ], [ -61.817138103799998, -32.503143848400001 ], [ -61.814721037399998, -32.504558989400003 ], [ -61.814567817700002, -32.507400308500003 ], [ -61.814444533299998, -32.509686432899997 ], [ -61.814992313499999, -32.5119130032 ], [ -61.814177847099998, -32.513304161 ], [ -61.813730850799999, -32.514067638 ], [ -61.8119235403, -32.514020865799999 ], [ -61.809701424, -32.513844133600003 ], [ -61.808441333799998, -32.516234440200002 ], [ -61.809696669899999, -32.5184151761 ], [ -61.811171979100003, -32.519420241600002 ], [ -61.813006866199999, -32.520850138699998 ], [ -61.813719800500003, -32.522077724100001 ], [ -61.815389009800001, -32.523801404300002 ], [ -61.816435638, -32.5245143892 ], [ -61.815864274399999, -32.526051801 ], [ -61.814759471, -32.526723163600003 ], [ -61.811767819, -32.5257113491 ], [ -61.809536246900002, -32.524956541 ], [ -61.806893868099998, -32.524870336100001 ], [ -61.805038780499999, -32.524655929600002 ], [ -61.803207384099998, -32.525505846900003 ], [ -61.801175201200003, -32.526621592200001 ], [ -61.800691124399997, -32.528745882800003 ], [ -61.800421415199999, -32.532193994499998 ], [ -61.800272285299997, -32.534100475199999 ], [ -61.799541691500004, -32.536295511600002 ], [ -61.799133234800003, -32.537393714099998 ], [ -61.798465353200001, -32.538422666700001 ], [ -61.7973878269, -32.5404770062 ], [ -61.796014509800003, -32.54202715 ], [ -61.7955992491, -32.542346543199997 ], [ -61.793564818, -32.544061790400001 ], [ -61.793010589399998, -32.544251324599998 ], [ -61.791710905800002, -32.544695775699999 ], [ -61.790494061099999, -32.544981316700003 ], [ -61.789781687, -32.545148474 ], [ -61.786062904600001, -32.545869602499998 ], [ -61.783493737, -32.546635138900001 ], [ -61.781358415299998, -32.5475766721 ], [ -61.779940940199999, -32.548508006600002 ], [ -61.778837082499997, -32.550771493799999 ], [ -61.7779553636, -32.553396358500002 ], [ -61.777853948900002, -32.555524143 ], [ -61.778466589499999, -32.557459491800003 ], [ -61.779939074200001, -32.559321974699998 ], [ -61.781608057299998, -32.560209577800002 ], [ -61.782690299899997, -32.560949061499997 ], [ -61.783856681800003, -32.561843898399999 ], [ -61.784025591599999, -32.56311728 ], [ -61.783695438, -32.564579941700003 ], [ -61.7824957897, -32.565629724899999 ], [ -61.781008465200003, -32.5666837112 ], [ -61.779159450900003, -32.567733388 ], [ -61.778549905200002, -32.569452289200001 ], [ -61.778502203499997, -32.570668057500001 ], [ -61.778381306100002, -32.571824038800003 ], [ -61.779154408099998, -32.574265331900001 ], [ -61.780330697300002, -32.575988431900001 ], [ -61.781065619499998, -32.576828443399997 ], [ -61.781654156599998, -32.5775491534 ], [ -61.782098123799997, -32.578211088499998 ], [ -61.782397519600003, -32.578814386600001 ], [ -61.782483633299996, -32.579542219099999 ], [ -61.782433581900001, -32.5806365105 ], [ -61.781874747899998, -32.581434178499997 ], [ -61.780946326299997, -32.581690361600003 ], [ -61.779168982400002, -32.581715545199998 ], [ -61.777649545300001, -32.582040759199998 ], [ -61.775995942100003, -32.581765504899998 ], [ -61.774137786200001, -32.5829861064 ], [ -61.772930300200002, -32.583671385800002 ], [ -61.771574317099997, -32.584115729600001 ], [ -61.770365914599999, -32.584740311399997 ], [ -61.7689234375, -32.585298549699999 ], [ -61.768029671, -32.586474344499997 ], [ -61.767467096899999, -32.587089807799998 ], [ -61.766839967800003, -32.588070568399999 ], [ -61.766768190400001, -32.5888010862 ], [ -61.7667204125, -32.589287343099997 ], [ -61.766744251900001, -32.590502100800002 ], [ -61.766970739800001, -32.591437788599997 ], [ -61.767213218800002, -32.592439515499997 ], [ -61.767947855099997, -32.593279742 ], [ -61.769055957399999, -32.594843622799999 ], [ -61.769728482600001, -32.596170749 ], [ -61.770621373499999, -32.597122484300002 ], [ -61.771416003100001, -32.597969459300003 ], [ -61.772879791199998, -32.5993462267 ], [ -61.774427301899998, -32.601329064700003 ], [ -61.775171977600003, -32.602655138499998 ], [ -61.7764203495, -32.604313516799998 ], [ -61.776585355, -32.605404761400003 ], [ -61.776176051900002, -32.606503993600001 ], [ -61.775188518199997, -32.607429341200003 ], [ -61.773691165899997, -32.6079972207 ], [ -61.772190205699999, -32.6083829385 ], [ -61.7706857286, -32.608909824100003 ], [ -61.769478992099998, -32.60933242 ], [ -61.768386227699999, -32.609981081199997 ], [ -61.767277501899997, -32.610639198 ], [ -61.766498128199999, -32.611196886499997 ], [ -61.766143255599999, -32.612149737499998 ], [ -61.765883953600003, -32.6128459639 ], [ -61.7659786384, -32.613998898699997 ], [ -61.766580437400002, -32.615387717099999 ], [ -61.767249824799997, -32.616532563 ], [ -61.768277830400002, -32.6176723548 ], [ -61.770707074100002, -32.6205270524 ], [ -61.772767510400001, -32.622988833599997 ], [ -61.774467607, -32.625394849099997 ], [ -61.775596638499998, -32.627991248100003 ], [ -61.776264729300003, -32.629075372 ], [ -61.776809474799997, -32.63119399 ], [ -61.776780966099999, -32.6333814061 ], [ -61.776881518499998, -32.634838081700003 ], [ -61.776547752200003, -32.636118574199998 ], [ -61.776217265600003, -32.637581213499999 ], [ -61.776099893400001, -32.638919464499999 ], [ -61.776060569899997, -32.640560313 ], [ -61.775946548199997, -32.641689456599998 ], [ -61.776261433, -32.643082275700003 ], [ -61.778172755900002, -32.645242218500002 ], [ -61.780140269199997, -32.6466115992 ], [ -61.781161884299998, -32.647386973300002 ], [ -61.783420707, -32.648934358799998 ], [ -61.783948873500002, -32.650202615200001 ], [ -61.784702262499998, -32.6519536968 ], [ -61.7848822813, -32.653773751700001 ], [ -61.7851328502, -32.655531980100001 ], [ -61.785247173899997, -32.6576566687 ], [ -61.784876096600001, -32.660699501 ], [ -61.784452785, -32.661413838900003 ], [ -61.783405071300002, -32.662947511900001 ], [ -61.782630188699997, -32.663748255 ], [ -61.781997914, -32.664486282399999 ], [ -61.7812926649, -32.665164521 ], [ -61.780735740899999, -32.666083665599999 ], [ -61.780178806, -32.667002808100001 ], [ -61.779624583100002, -32.6680435536 ], [ -61.7792964629, -32.669627669699999 ], [ -61.779466790900003, -32.670961836700002 ], [ -61.780132862800002, -32.671924446799999 ], [ -61.780734102399997, -32.673252359300001 ], [ -61.781691505300003, -32.674393017200003 ], [ -61.7827997049, -32.675896046 ], [ -61.783616940800002, -32.677221008799997 ], [ -61.783995722699999, -32.678187680400001 ], [ -61.784152542900003, -32.678853671699997 ], [ -61.783956249299997, -32.679828521700003 ], [ -61.783316634800002, -32.680202138799999 ], [ -61.781889917, -32.680769129700003 ], [ -61.780017474600001, -32.680613523399998 ], [ -61.778497283500002, -32.680088236300001 ], [ -61.776400818500001, -32.679510407499997 ], [ -61.775030524899996, -32.679286791499997 ], [ -61.773589358400002, -32.679124984399998 ], [ -61.772297731899997, -32.679264748599998 ], [ -61.768849176700002, -32.679604036599997 ], [ -61.7678698052, -32.680035268600001 ], [ -61.767851222, -32.680043450900001 ], [ -61.766640023699999, -32.6806072324 ], [ -61.765800243599998, -32.681773312700003 ], [ -61.76588182, -32.683170043300002 ], [ -61.766284116199998, -32.6844396686 ], [ -61.767321617199997, -32.686004516099999 ], [ -61.767484317, -32.686974284 ], [ -61.768434525399996, -32.687750620099997 ], [ -61.769675765700001, -32.688705171700001 ], [ -61.770914633499999, -32.689538236499999 ], [ -61.773102294399997, -32.691086785300001 ], [ -61.774052282699998, -32.691863079699999 ], [ -61.775215848499997, -32.692514972300003 ], [ -61.776308540700001, -32.693228543099998 ], [ -61.776898158400002, -32.693949096799997 ], [ -61.776838101499997, -32.694557483700002 ], [ -61.7762716517, -32.694990851900002 ], [ -61.7749008077, -32.694767247500003 ], [ -61.773735123100003, -32.693993875399997 ], [ -61.771632356700003, -32.693112362900003 ], [ -61.7700351095, -32.692345187500003 ], [ -61.768658639500003, -32.691817756200003 ], [ -61.766528218700003, -32.691359184500001 ], [ -61.764774216, -32.6920626036 ], [ -61.763797627199999, -32.693283623299997 ], [ -61.763535276900001, -32.694563074100003 ], [ -61.763343506699997, -32.695780709799998 ], [ -61.763436792299999, -32.696872965700003 ], [ -61.763460685799998, -32.698087704700001 ], [ -61.764795328600002, -32.700134418300003 ], [ -61.765610187199997, -32.701545988100001 ], [ -61.766199782, -32.702266728700003 ], [ -61.766865963699999, -32.703229401599998 ], [ -61.767601551, -32.7040694485 ], [ -61.768635723800003, -32.705452129900003 ], [ -61.769153578599997, -32.706173867099999 ], [ -61.769739324500001, -32.706712451100003 ], [ -61.769964603600002, -32.7071951633 ], [ -61.7695440245, -32.707747950300003 ], [ -61.768393791, -32.7077641793 ], [ -61.767592046399997, -32.707228634400003 ], [ -61.766343381799999, -32.705909788600003 ], [ -61.764656214399999, -32.7042324433 ], [ -61.763048381300003, -32.702918616700003 ], [ -61.7608590806, -32.701309098300001 ], [ -61.7582847758, -32.699278503099997 ], [ -61.756825452199998, -32.6982053885 ], [ -61.755157635899998, -32.697499834 ], [ -61.752049605700002, -32.696692743100002 ], [ -61.7502501401, -32.696596364100003 ], [ -61.748955845600001, -32.696614422400003 ], [ -61.747165851699997, -32.697003898699997 ], [ -61.745161043800003, -32.697457025299997 ], [ -61.743379280600003, -32.698271543399997 ], [ -61.742670804699998, -32.698828245800001 ], [ -61.741891712300003, -32.699446611 ], [ -61.740708620600003, -32.7003763819 ], [ -61.739988131799997, -32.7024998646 ], [ -61.742938681299997, -32.705203350600001 ], [ -61.744984748699999, -32.7068760015 ], [ -61.746672795099997, -32.708614291 ], [ -61.7478494271, -32.709934478100003 ], [ -61.748739471299999, -32.711319336700001 ], [ -61.749419769399999, -32.713010816 ], [ -61.749654449399998, -32.713979601699997 ], [ -61.749605185599997, -32.715134543 ], [ -61.7495461201, -32.715803590699998 ], [ -61.749128930099999, -32.716538457699997 ], [ -61.748630448699998, -32.716788427099999 ], [ -61.747486882499999, -32.7171688962 ], [ -61.746187865700001, -32.716943982399997 ], [ -61.7442275266, -32.715999212100002 ], [ -61.741984546600001, -32.714674304500001 ], [ -61.736905388300002, -32.71212311 ], [ -61.728961308199999, -32.709602287 ], [ -61.721487580500003, -32.708389816599997 ], [ -61.714132401500002, -32.707551077 ], [ -61.7072363224, -32.707457261599998 ], [ -61.698295652900001, -32.710960943899998 ], [ -61.696258205, -32.712261060800003 ], [ -61.690526281099999, -32.715918288200001 ], [ -61.689453292300001, -32.716602842500002 ], [ -61.692199662299998, -32.727438114199998 ], [ -61.690319080199998, -32.735272785600003 ], [ -61.689807516899997, -32.739743452900001 ], [ -61.689378408700001, -32.743493248500002 ], [ -61.689307842200002, -32.744670424699997 ], [ -61.689224836100003, -32.746055092299997 ], [ -61.687928860900001, -32.747585308200001 ], [ -61.686114175199997, -32.7477112232 ], [ -61.684670415299998, -32.746982532799997 ], [ -61.678081929599998, -32.743791893299999 ], [ -61.674381966, -32.7434117297 ], [ -61.6634785635, -32.742290770499999 ], [ -61.6602736651, -32.742572474100001 ], [ -61.657724542, -32.7429546567 ], [ -61.656729570700001, -32.743069426600002 ], [ -61.650072034300003, -32.744063198600003 ], [ -61.646516870299997, -32.745217213499998 ], [ -61.645118092799997, -32.746946792 ], [ -61.6440897763, -32.749376105300001 ], [ -61.644936047800002, -32.752681086499997 ], [ -61.645117319400001, -32.753388978700002 ], [ -61.645693288700002, -32.754094396299998 ], [ -61.646337063099999, -32.754882841200001 ], [ -61.647374170600003, -32.755823748600001 ], [ -61.651914983499999, -32.7599430195 ], [ -61.6524727567, -32.765827606499997 ], [ -61.651499978300002, -32.7777181501 ], [ -61.650132301600003, -32.787411902899997 ], [ -61.649805969200003, -32.789316196400002 ], [ -61.648623122899998, -32.796553669200001 ], [ -61.642314782299998, -32.803783317700002 ], [ -61.6394346752, -32.805458508199997 ], [ -61.637003236699996, -32.806872635300003 ], [ -61.624384231299999, -32.813100741900001 ], [ -61.61810985, -32.817586776 ], [ -61.614713330299999, -32.818717921900003 ], [ -61.612201985699997, -32.820783432299997 ], [ -61.609991621200002, -32.822680115499999 ], [ -61.608746648500002, -32.825871509499997 ], [ -61.607968271600001, -32.827508612400003 ], [ -61.607584217, -32.828316343300003 ], [ -61.603373722, -32.830930132500001 ], [ -61.601378688, -32.832074910700001 ], [ -61.599678210100002, -32.833478199699996 ], [ -61.599074065099998, -32.833878655299998 ], [ -61.598369486700001, -32.833752241600003 ], [ -61.5977026694, -32.833641973699997 ], [ -61.596998512799999, -32.833495103899999 ], [ -61.595767855299997, -32.833250546599999 ], [ -61.594349544499998, -32.832784634900001 ], [ -61.592558258300002, -32.831522464499997 ], [ -61.590141530099999, -32.8299539637 ], [ -61.589423463599999, -32.829446103899997 ], [ -61.5885380056, -32.82858664 ], [ -61.587214067200001, -32.8277028515 ], [ -61.585313521, -32.827621258199997 ], [ -61.582878651800002, -32.827853889899998 ], [ -61.578610577, -32.828294919500003 ], [ -61.577929396099996, -32.828419196299997 ], [ -61.575012790800002, -32.828921559400001 ], [ -61.571647521599999, -32.829589866100001 ], [ -61.562487667299997, -32.830924272399997 ], [ -61.560057951700003, -32.830363174200002 ], [ -61.557427073500001, -32.829682620600003 ], [ -61.550195308699998, -32.825524370300002 ], [ -61.542480224099997, -32.821009658900003 ], [ -61.535908072600002, -32.816723295599999 ], [ -61.535360548699998, -32.816366165 ], [ -61.531795859799999, -32.810269554199998 ], [ -61.5216455857, -32.800466492600002 ], [ -61.511109864300003, -32.793159806399999 ], [ -61.509406851, -32.791978539900001 ], [ -61.507523155599998, -32.790671881500003 ], [ -61.505259913700002, -32.788024330100001 ], [ -61.504116253200003, -32.786686392599997 ], [ -61.494462353099998, -32.780484730200001 ], [ -61.493220953200002, -32.780329984799998 ], [ -61.492089348699999, -32.779971595900001 ], [ -61.488988443700002, -32.778989444700002 ], [ -61.488110669699999, -32.778755610099999 ], [ -61.487069094799999, -32.778582951700002 ], [ -61.482823214200003, -32.777918420600002 ], [ -61.479803256899999, -32.777445667 ], [ -61.477564626499998, -32.777095174099998 ], [ -61.475988514800001, -32.776745579900002 ], [ -61.473255466499999, -32.776139313800002 ], [ -61.470968761599998, -32.775943069299998 ], [ -61.464003263099997, -32.775345028099999 ], [ -61.4624515597, -32.7752332178 ], [ -61.461671350899998, -32.775167746699999 ], [ -61.4591673826, -32.775196941799997 ], [ -61.451730474199998, -32.775972436399996 ], [ -61.449960473, -32.776128958800001 ], [ -61.445232938, -32.7763651223 ], [ -61.442432051, -32.776845712499998 ], [ -61.438099401, -32.777326912600003 ], [ -61.437589132699998, -32.777726502199997 ], [ -61.432418824599999, -32.778729417199997 ], [ -61.431363561200001, -32.778943800100002 ], [ -61.424842803700002, -32.780993537900002 ], [ -61.424121070799998, -32.781029067299997 ], [ -61.422640823499997, -32.7811019237 ], [ -61.417566451100001, -32.7813153042 ], [ -61.409426575300003, -32.782245036299997 ], [ -61.4038751549, -32.782878803199999 ], [ -61.396907621499999, -32.784587993499997 ], [ -61.395163497699997, -32.7874425571 ], [ -61.393505086, -32.790156651499998 ], [ -61.392213669299998, -32.79227001 ], [ -61.388055036899999, -32.797971302199997 ], [ -61.386777235700002, -32.799505123199999 ], [ -61.3762350242, -32.801327309100003 ], [ -61.3666098088, -32.802819747100003 ], [ -61.350515386300003, -32.7956459133 ], [ -61.347420075599999, -32.793801848 ], [ -61.3465015421, -32.793254591699998 ], [ -61.3435430177, -32.791295116 ], [ -61.342914357, -32.7911642949 ], [ -61.339983049300002, -32.789204364699998 ], [ -61.334245953100002, -32.785454637800001 ], [ -61.333470388099997, -32.784947688499997 ], [ -61.323354567, -32.770357934700002 ], [ -61.3203056029, -32.767278617400002 ], [ -61.317797927900003, -32.764916457 ], [ -61.304855736199997, -32.757927340599998 ], [ -61.3041283994, -32.757529272100001 ], [ -61.292980796, -32.7512941938 ], [ -61.286273026700002, -32.749148578499998 ], [ -61.282206089, -32.74793061 ], [ -61.279447811799997, -32.747104464700001 ], [ -61.273967106699999, -32.747361635200001 ], [ -61.267969586600003, -32.744805141800001 ], [ -61.264474231900003, -32.7421224677 ], [ -61.2565794717, -32.738602611499999 ], [ -61.253628438500002, -32.7372867001 ], [ -61.250617226300001, -32.736962512600002 ], [ -61.248494581099997, -32.736733943200001 ], [ -61.246027855100003, -32.737411911800002 ], [ -61.245736621, -32.737424269199998 ], [ -61.239909006600001, -32.737671398800003 ], [ -61.227520291099999, -32.736922354800001 ], [ -61.218542348299998, -32.734106448 ], [ -61.2001544198, -32.721798900099998 ], [ -61.192171050200002, -32.716068008599997 ], [ -61.186204979400003, -32.706833404900003 ], [ -61.180973411, -32.701075826599997 ], [ -61.171966025099998, -32.695643645200001 ], [ -61.1632696295, -32.687594648599998 ], [ -61.157685662, -32.680968181200001 ], [ -61.154843555399999, -32.6737355267 ], [ -61.149257377200001, -32.666818377299997 ], [ -61.139406182599998, -32.648615849499997 ], [ -61.135182023699997, -32.640524204499997 ], [ -61.1301549095, -32.630258377099999 ], [ -61.1269513588, -32.621286075699999 ], [ -61.120637194300002, -32.610599428699999 ], [ -61.114703415500003, -32.6028125403 ], [ -61.106725709800003, -32.596204820700002 ], [ -61.102105420800001, -32.593247823699997 ], [ -61.096296124, -32.588950515199997 ], [ -61.091661166900003, -32.585857651600001 ], [ -61.089148955600002, -32.581132755100001 ], [ -61.084676252, -32.573434259099997 ], [ -61.071790775899998, -32.565515673100002 ], [ -61.062449905900003, -32.559819304599998 ], [ -61.0506355797, -32.551745463800003 ], [ -61.028742870599999, -32.54048406 ], [ -61.021856494, -32.53744083 ], [ -61.021337751200001, -32.537158705300001 ], [ -61.013565031900001, -32.532930940900002 ], [ -60.967055963500002, -32.518504268599997 ], [ -60.948582172899997, -32.513215926 ], [ -60.932847243099999, -32.509348966700003 ], [ -60.923272597599997, -32.508350112499997 ], [ -60.913698145799998, -32.507350525600003 ], [ -60.897861112699999, -32.5030644028 ], [ -60.893868583900002, -32.501983486100002 ], [ -60.887425506299998, -32.497836210800003 ], [ -60.880983016599998, -32.493688592600002 ], [ -60.867513534099999, -32.484455195099997 ], [ -60.861531928600002, -32.479586875199999 ], [ -60.855550966700001, -32.474718256300001 ], [ -60.851123092900004, -32.469781792299997 ], [ -60.846695705, -32.464845160599999 ], [ -60.842263641300001, -32.461874696800002 ], [ -60.837831867399998, -32.458904070700001 ], [ -60.832448971799998, -32.456036453899998 ], [ -60.827066414199997, -32.4531686001 ], [ -60.821036535799998, -32.449638048399997 ], [ -60.815007124300003, -32.446107198500002 ], [ -60.807713727500001, -32.442722597100001 ], [ -60.801232811699997, -32.439883480600002 ], [ -60.8034499818, -32.446590902899999 ], [ -60.804770949900004, -32.451628418699997 ], [ -60.808557510900002, -32.459008907899999 ], [ -60.811137243200001, -32.468761664 ], [ -60.815744808600002, -32.475155273200002 ], [ -60.825237097799999, -32.484856928500001 ], [ -60.831342148399997, -32.4889277009 ], [ -60.834435199799998, -32.495330578699999 ], [ -60.8331077299, -32.515894030399998 ], [ -60.827393644200001, -32.521584278399999 ], [ -60.823717014800003, -32.536472027099997 ], [ -60.82009427, -32.561644790400003 ], [ -60.811489893400001, -32.584055323800001 ], [ -60.801726159499999, -32.600418252399997 ], [ -60.793652086900003, -32.621426938799999 ], [ -60.794934683699999, -32.641910470799999 ], [ -60.7934260822, -32.658220134300002 ], [ -60.790231060300002, -32.670814637500001 ], [ -60.7942500264, -32.679352079700003 ], [ -60.800288259299997, -32.683299528 ], [ -60.802932324300002, -32.6912542966 ], [ -60.811284048700003, -32.695469573099999 ], [ -60.818614350300003, -32.698022213500003 ], [ -60.828322934299997, -32.699609477 ], [ -60.839487690600002, -32.700835379600001 ], [ -60.8483606295, -32.7037009668 ], [ -60.853791280300001, -32.708539600899996 ], [ -60.8592349953, -32.714678020800001 ], [ -60.8627186087, -32.716929322 ], [ -60.870901956200001, -32.719171489499999 ], [ -60.878415871500003, -32.717444571100003 ], [ -60.890245743599998, -32.714127719399997 ], [ -60.898845526300001, -32.713750283 ], [ -60.911922781800001, -32.713655861200003 ], [ -60.911922518899999, -32.713630031299999 ], [ -60.912227948199998, -32.7136278097 ], [ -60.912228767400002, -32.713646028399999 ], [ -60.924996621200002, -32.713235069 ], [ -60.93821855, -32.713833157499998 ], [ -60.947463212700001, -32.7150637608 ], [ -60.955176510900003, -32.716955406700002 ], [ -60.964054538600003, -32.7198127132 ], [ -60.970632232100002, -32.723337255700002 ], [ -60.975315368099999, -32.729476421900003 ], [ -60.981139056099998, -32.734306372699997 ], [ -60.985424463599998, -32.739148137199997 ], [ -60.994107618, -32.752508193499999 ], [ -60.995323424, -32.758023964499998 ], [ -60.995003680300002, -32.7638769311 ], [ -60.998147612099999, -32.769702352 ], [ -61.002442959699998, -32.77519345 ], [ -61.013397467399997, -32.789151844599999 ], [ -61.018472033199998, -32.795286094200002 ], [ -61.024317289700001, -32.801413814 ], [ -61.031684630400001, -32.805903616400002 ], [ -61.038644992099997, -32.8084462335 ], [ -61.043695800599998, -32.812304462199997 ], [ -61.046101325599999, -32.814950245399999 ], [ -61.047073375799997, -32.8184016907 ], [ -61.045055343599998, -32.821091854899997 ], [ -61.045088487800001, -32.823922132 ], [ -61.046416659400002, -32.825955327199999 ], [ -61.053309861099997, -32.825683432600002 ], [ -61.056866259700001, -32.8251273857 ], [ -61.058434579500002, -32.832087250500003 ], [ -61.0596842438, -32.835376127799996 ], [ -61.062397829200002, -32.837929142900002 ], [ -61.065215487700002, -32.839792219800003 ], [ -61.069337727300002, -32.841644090099997 ], [ -61.072899167400003, -32.8433433788 ], [ -61.077471329799998, -32.8434647833 ], [ -61.0808443528, -32.842960499199997 ], [ -61.083517437200001, -32.842937382 ], [ -61.085813158500002, -32.844157869199996 ], [ -61.088583476399997, -32.845723941099997 ], [ -61.089038847399998, -32.848847552700001 ], [ -61.089267514200003, -32.852305101 ], [ -61.0892635704, -32.855624867 ], [ -61.0891002527, -32.857513298100002 ], [ -61.089144450699997, -32.861129694600002 ], [ -61.0908258471, -32.865422502199998 ], [ -61.093524027800001, -32.868639535500002 ], [ -61.097081193500003, -32.869866400299998 ], [ -61.101389937100002, -32.871558284800003 ], [ -61.1057304586, -32.873608443199998 ], [ -61.110583111, -32.8740371942 ], [ -61.115072810199997, -32.875255248199998 ], [ -61.119568544899998, -32.876944838199996 ], [ -61.123889946, -32.879579335599999 ], [ -61.130821623400003, -32.882190095 ], [ -61.134786760300003, -32.8860854144 ], [ -61.137180970300001, -32.891038730799998 ], [ -61.138722863300003, -32.894955982399999 ], [ -61.139980250500003, -32.8984828257 ], [ -61.141792948199999, -32.901690010499998 ], [ -61.144481362900002, -32.9077196247 ], [ -61.148922036099997, -32.912269125100003 ], [ -61.148628186099998, -32.918404685299997 ], [ -61.148868571800001, -32.922569767 ], [ -61.147965541200001, -32.924858198599999 ], [ -61.143953229200001, -32.9319714194 ], [ -61.139129714600003, -32.934059722500002 ], [ -61.133440825500003, -32.935327094500003 ], [ -61.130544709399999, -32.936880112499999 ], [ -61.125399892899999, -32.941218196500003 ], [ -61.124964469299996, -32.9448074138 ], [ -61.124837946200003, -32.949287588799997 ], [ -61.124861188499999, -32.953191732599997 ], [ -61.127296488, -32.957339904900003 ], [ -61.131748059, -32.961469779 ], [ -61.138026935399999, -32.965119500100002 ], [ -61.142467466299998, -32.968322386799997 ], [ -61.144497593799997, -32.969384935100003 ], [ -61.1485559678, -32.971355509200002 ], [ -61.1527817801, -32.972088813799999 ], [ -61.156290566499997, -32.974064203899999 ], [ -61.156890813099999, -32.977919846 ], [ -61.156040886200003, -32.981100402800003 ], [ -61.155190901600001, -32.984280953499997 ], [ -61.149907268299998, -32.992268983899997 ], [ -61.147991237799999, -32.995165321100004 ], [ -61.158116231599998, -32.993312343 ], [ -61.167011451, -32.993229506799999 ], [ -61.177009894699999, -32.995832442199998 ], [ -61.184518096799998, -32.9984582405 ], [ -61.190615443399999, -33.001995982499999 ], [ -61.196025838799997, -33.007337874199997 ], [ -61.1997224104, -33.017490314 ], [ -61.206623305599997, -33.027611670699997 ], [ -61.210980666399998, -33.0338619511 ], [ -61.223187020499999, -33.041233932399997 ], [ -61.2364634184, -33.048594080100003 ], [ -61.2455173293, -33.0525176425 ], [ -61.255579922400003, -33.059008828899998 ], [ -61.262434922200001, -33.065232057400003 ], [ -61.268570043700002, -33.070862931800001 ], [ -61.2768557116, -33.077370397499998 ], [ -61.2833574685, -33.083596034400003 ], [ -61.291962175, -33.087402432499999 ], [ -61.297704931600002, -33.090339142200001 ], [ -61.305959110499998, -33.094447848500003 ], [ -61.309569928, -33.097705945400001 ], [ -61.314953228, -33.100345984500002 ], [ -61.323560877799999, -33.104150116500001 ], [ -61.330365448099997, -33.1064747434 ], [ -61.3378706146, -33.10670075 ], [ -61.343604355700002, -33.106219229300002 ], [ -61.349584373299997, -33.105524880600001 ], [ -61.355567509499998, -33.105040110099999 ], [ -61.3625552978, -33.104963903399998 ], [ -61.369050464300003, -33.105312548199997 ], [ -61.375831208299999, -33.107966711300001 ], [ -61.381371003700004, -33.111054090099998 ], [ -61.388421930299998, -33.114964042899999 ], [ -61.393946053800001, -33.117001468600002 ], [ -61.401021328, -33.122379775299997 ], [ -61.406306587899998, -33.125049064599999 ], [ -61.412108228199997, -33.128761800100001 ], [ -61.418891970499999, -33.131413545500003 ], [ -61.421711491, -33.132298464400002 ], [ -61.430469073099999, -33.133457657599998 ], [ -61.439674799599999, -33.131462429400003 ], [ -61.447676726200001, -33.132209318199997 ], [ -61.456205742199998, -33.134628800500003 ], [ -61.466982022, -33.137021242499998 ], [ -61.474024640800003, -33.140086697299999 ], [ -61.479815930800001, -33.142956709 ], [ -61.484394581399997, -33.1479399818 ], [ -61.488221182300002, -33.152722137300003 ], [ -61.490810339600003, -33.158148714 ], [ -61.4908479801, -33.160372745300002 ], [ -61.490881379699999, -33.162345988699997 ], [ -61.489496707599997, -33.1690795369 ], [ -61.4891427568, -33.177689880800003 ], [ -61.487993327600002, -33.1835809727 ], [ -61.488106893599998, -33.190296570599997 ], [ -61.488170790799998, -33.194074079899998 ], [ -61.48829507, -33.201419261700003 ], [ -61.4883945256, -33.207295379199998 ], [ -61.4902963834, -33.216298486500001 ], [ -61.492637824799999, -33.221727926500002 ], [ -61.495797170199999, -33.225828663199998 ], [ -61.500866692800003, -33.229965653800001 ], [ -61.505422458200002, -33.2332690406 ], [ -61.510724764599999, -33.236353281100001 ], [ -61.518552099300003, -33.240875800200001 ], [ -61.523369941, -33.244805018 ], [ -61.5287064499, -33.249777151700002 ], [ -61.533786232399997, -33.254332419199997 ], [ -61.537101965200002, -33.258069691700001 ], [ -61.5426604914, -33.261359250700004 ], [ -61.546215801099997, -33.264463581599998 ], [ -61.551301056600003, -33.269227928900001 ], [ -61.558375851199997, -33.273337418399997 ], [ -61.566962712399999, -33.278057143700003 ], [ -61.5737625326, -33.280699898599998 ], [ -61.5810401154, -33.282076822500002 ], [ -61.5870638966, -33.283259432599998 ], [ -61.593640045100003, -33.2830287122 ], [ -61.6028916323, -33.282909730100002 ], [ -61.609900481899999, -33.283238915399998 ], [ -61.6149051684, -33.283383881699997 ], [ -61.619929251099997, -33.284577874900002 ], [ -61.624953462699999, -33.285771660499996 ], [ -61.629985607199998, -33.287384917099999 ], [ -61.635014015300001, -33.288788134 ], [ -61.637788106499997, -33.290010978399998 ], [ -61.642808911199999, -33.290994177 ], [ -61.646853233400002, -33.293249489399997 ], [ -61.652687847499998, -33.297579811 ], [ -61.657534592099999, -33.302552704500002 ], [ -61.660118991200001, -33.306925992399997 ], [ -61.663751994899997, -33.313803873600001 ], [ -61.666599202599997, -33.318803160100003 ], [ -61.670995696, -33.3263002407 ], [ -61.672334683899997, -33.330899864800003 ], [ -61.674957650400003, -33.334974427299997 ], [ -61.678556823599997, -33.339963236199999 ], [ -61.680909375900001, -33.345178709 ], [ -61.684246950099997, -33.349541223800003 ], [ -61.687839176099999, -33.354110037 ], [ -61.6924124186, -33.357615928 ], [ -61.6982087823, -33.359635672300001 ], [ -61.706741810399997, -33.360777983 ], [ -61.7152502896, -33.360660698799997 ], [ -61.722511624900001, -33.360770037499996 ], [ -61.729806220100002, -33.362557593799998 ], [ -61.736137546199998, -33.366247206700002 ], [ -61.739445243600002, -33.3689294387 ], [ -61.745055958, -33.374097899399999 ], [ -61.752673891400001, -33.379447629 ], [ -61.757021809800001, -33.384003671499997 ], [ -61.763967519099999, -33.387953771900001 ], [ -61.770064541, -33.392274561 ], [ -61.776849136099997, -33.393436898399997 ], [ -61.784138838499999, -33.394801469299999 ], [ -61.7886621297, -33.395575892399997 ], [ -61.795460092600003, -33.397366656599999 ], [ -61.802500028899999, -33.3987337676 ], [ -61.807550407500003, -33.400759127 ], [ -61.813913888499997, -33.405703455 ], [ -61.821051094600001, -33.4116855169 ], [ -61.838007774899999, -33.420040579899997 ], [ -61.845344946799997, -33.423499619300003 ], [ -61.8583258711, -33.429686161600003 ], [ -61.865427626900001, -33.433777138700002 ], [ -61.869511144100002, -33.437283609200001 ], [ -61.875621229, -33.441808692899997 ], [ -61.8789586392, -33.445535984700001 ], [ -61.880274378800003, -33.4484543648 ], [ -61.880847841399998, -33.451803742099997 ], [ -61.880983785799998, -33.4580980629 ], [ -61.881334014799997, -33.462710098400002 ], [ -61.881934854699999, -33.467318323400001 ], [ -61.883565158099998, -33.473170173200003 ], [ -61.886498957900002, -33.480597594499997 ], [ -61.890152825199998, -33.487258013500004 ], [ -61.894513355800001, -33.491808707 ], [ -61.897899371100003, -33.497633455699997 ], [ -61.9007983706, -33.5040951971 ], [ -61.903729995500001, -33.5120254984 ], [ -61.903134253600001, -33.519170472699997 ], [ -61.900969977300001, -33.523401247499997 ], [ -61.899261004899998, -33.525526238200001 ], [ -61.894881175499997, -33.53167978 ], [ -61.892479209500003, -33.536543672800001 ], [ -61.889320175, -33.541209215899997 ], [ -61.887651648199999, -33.545222338099997 ], [ -61.883265496100002, -33.551165685299999 ], [ -61.880351691800001, -33.5556174154 ], [ -61.878137522899998, -33.559711798400002 ], [ -61.876165759800003, -33.565171672799998 ], [ -61.874330040799997, -33.570267458099998 ], [ -61.873651006599999, -33.574133213 ], [ -61.869171308, -33.578369776300001 ], [ -61.866683785399999, -33.583354632300001 ], [ -61.8661417414, -33.588310106599998 ], [ -61.863463370700003, -33.598568201 ], [ -61.8564801339, -33.605047033799998 ] ] ] ] } },
{ "type": "Feature", "properties": { "N_CCA": 24, "Area": 2304.242, "Perim": 329.426, "Cuenca": "24- Lagunas Endorreicas" }, "geometry": { "type": "MultiPolygon", "coordinates": [ [ [ [ -62.172443557199998, -34.1472617234 ], [ -62.177084985299999, -34.146605692199998 ], [ -62.180838296899999, -34.1449611727 ], [ -62.184613611, -34.144176806499999 ], [ -62.191151598, -34.143486470200003 ], [ -62.195931675300002, -34.141536274 ], [ -62.202420951199997, -34.138981464 ], [ -62.213231632099998, -34.136778788199997 ], [ -62.218201941499998, -34.135541518700002 ], [ -62.2244241191, -34.1360026666 ], [ -62.2269397281, -34.1371273759 ], [ -62.228069965400003, -34.133433179900003 ], [ -62.226880387599998, -34.130189272599999 ], [ -62.2266694339, -34.126825554 ], [ -62.227015376899999, -34.123751692100001 ], [ -62.228207167100003, -34.119960507599998 ], [ -62.228950518799998, -34.115558993800001 ], [ -62.2283609622, -34.111793957499998 ], [ -62.227550294, -34.108951351199998 ], [ -62.226678198099997, -34.103762766199999 ], [ -62.226704583199997, -34.100088587800002 ], [ -62.226763581, -34.095697669800003 ], [ -62.226784096400003, -34.093760214 ], [ -62.225610401799997, -34.090515403399998 ], [ -62.225462155599999, -34.088675775299997 ], [ -62.2252245261, -34.085726738 ], [ -62.225746695300003, -34.0822476608 ], [ -62.227393428799999, -34.079564572199999 ], [ -62.229150739300003, -34.077949085900002 ], [ -62.231963188199998, -34.076114049200001 ], [ -62.234630388299998, -34.074943032 ], [ -62.236023521500002, -34.071958305 ], [ -62.236462850300001, -34.070011406200003 ], [ -62.238212802500001, -34.066611969100002 ], [ -62.240367890800002, -34.0646337843 ], [ -62.243274350299998, -34.063254129500002 ], [ -62.248168535200001, -34.062858520600003 ], [ -62.250436587099998, -34.065164078 ], [ -62.251242111800003, -34.067802542800003 ], [ -62.251607083899998, -34.070078996 ], [ -62.250879494899998, -34.072732568299998 ], [ -62.250098961799999, -34.075579062099997 ], [ -62.249646436200003, -34.077016008900003 ], [ -62.248455729299998, -34.0783644228 ], [ -62.247673166399998, -34.081236061799999 ], [ -62.247981247200002, -34.082901375 ], [ -62.2482383097, -34.084290853 ], [ -62.250518462899997, -34.086796534500003 ], [ -62.2527025009, -34.090532220599997 ], [ -62.254385513400003, -34.093868874599998 ], [ -62.2549516881, -34.096715783100002 ], [ -62.255381761800002, -34.0990549546 ], [ -62.254751671400001, -34.103046340100001 ], [ -62.254388425199998, -34.107849193299998 ], [ -62.2532515065, -34.111237596300001 ], [ -62.252128028500003, -34.115135974499999 ], [ -62.252238940399998, -34.119317839600001 ], [ -62.252336345300002, -34.122989718500001 ], [ -62.253905538799998, -34.126634577499999 ], [ -62.255725601800002, -34.130478893199999 ], [ -62.258739843699999, -34.133076652600003 ], [ -62.259666334400002, -34.135610745400001 ], [ -62.263531364099997, -34.137886572699998 ], [ -62.264932385900003, -34.139799591900001 ], [ -62.267145802100003, -34.1445548632 ], [ -62.269795605, -34.1472611055 ], [ -62.272884364399999, -34.1480202937 ], [ -62.276681862700002, -34.147745801799999 ], [ -62.2804711028, -34.147165210700003 ], [ -62.283429025300002, -34.147620427299998 ], [ -62.2869381816, -34.150310288500002 ], [ -62.287862969499997, -34.152742126299998 ], [ -62.288190899200004, -34.155797357200001 ], [ -62.288267971099998, -34.158653175 ], [ -62.288965319, -34.161183641699999 ], [ -62.289967638699999, -34.162499161699998 ], [ -62.291595775300003, -34.163693295199998 ], [ -62.294551563, -34.164046223500002 ], [ -62.297632834300003, -34.164498774099997 ], [ -62.301782418400002, -34.1636046291 ], [ -62.3046716801, -34.161509496900003 ], [ -62.306939020599998, -34.159119862499999 ], [ -62.309563180799998, -34.156315294499997 ], [ -62.3128562132, -34.155538950299999 ], [ -62.315179293600004, -34.155741139 ], [ -62.319746647099997, -34.155975385300003 ], [ -62.323306677700003, -34.156157849800003 ], [ -62.326591160699998, -34.155075169600003 ], [ -62.328517667100002, -34.153712052 ], [ -62.327926153500002, -34.150049698399997 ], [ -62.326529165300002, -34.148341448799997 ], [ -62.325461099, -34.145198332500001 ], [ -62.325145872599997, -34.142653205400002 ], [ -62.325404838, -34.138668579499999 ], [ -62.325867165200002, -34.133149435200004 ], [ -62.326354611500001, -34.128548208200002 ], [ -62.324297349699997, -34.125117679500001 ], [ -62.320796526099997, -34.122734858 ], [ -62.315907986100001, -34.118949496900001 ], [ -62.308157896300003, -34.113687093599999 ], [ -62.306352525699999, -34.110455586100002 ], [ -62.306138525199998, -34.107092120300003 ], [ -62.308042167700002, -34.104913402 ], [ -62.310711876600003, -34.103842735299999 ], [ -62.316816969100003, -34.102714004399999 ], [ -62.321688167399998, -34.1014927262 ], [ -62.321872062, -34.099244264799999 ], [ -62.323580018, -34.094415852700003 ], [ -62.324669276500003, -34.089395042299998 ], [ -62.3263462086, -34.083444687399997 ], [ -62.329109301199999, -34.076861448199999 ], [ -62.331381754500001, -34.070287463900002 ], [ -62.332528566800001, -34.062918458699997 ], [ -62.330227389699999, -34.055002615299998 ], [ -62.3287260062, -34.049418596099997 ], [ -62.328444480800002, -34.043607349799998 ], [ -62.328630756599999, -34.0404157579 ], [ -62.3286949011, -34.0393166992 ], [ -62.331061456400001, -34.036210469499999 ], [ -62.334452612200003, -34.034717463200003 ], [ -62.338550679299999, -34.032190463699997 ], [ -62.343517222400003, -34.030054955200001 ], [ -62.348241324299998, -34.0280259281 ], [ -62.351600869199999, -34.02541057 ], [ -62.354333672, -34.022296905700003 ], [ -62.3569607178, -34.019797481200001 ], [ -62.359584787, -34.017196015300001 ], [ -62.360471427199997, -34.013811512399997 ], [ -62.360269884099999, -34.010958125199998 ], [ -62.3590886187, -34.008123540600003 ], [ -62.356708167400001, -34.0062303407 ], [ -62.355886024500002, -34.003082699300002 ], [ -62.355829676299997, -34.001042875800003 ], [ -62.358606716700002, -33.999561002199997 ], [ -62.3614062475, -33.998894996099999 ], [ -62.364105602499997, -33.998672882599998 ], [ -62.371085765, -33.998912801400003 ], [ -62.3772197921, -33.999202534299997 ], [ -62.3834393486, -34.002551633899998 ], [ -62.38802739, -34.004503488399997 ], [ -62.391487727700003, -34.005558711100001 ], [ -62.394908042600001, -34.0051859975 ], [ -62.397072189500001, -34.003715204499997 ], [ -62.397524746199998, -34.002379808100002 ], [ -62.395846861599999, -33.999351195 ], [ -62.3953903815, -33.997004493200002 ], [ -62.394994736400001, -33.995183987399997 ], [ -62.396854129099999, -33.9930382728 ], [ -62.4017339655, -33.990868729699997 ], [ -62.407952440700001, -33.989828718399998 ], [ -62.412357285500001, -33.989640338599997 ], [ -62.417767597699999, -33.990350427899997 ], [ -62.421612349699998, -33.992009509600003 ], [ -62.424309899900003, -33.994403692299997 ], [ -62.426039660100002, -33.995710066599997 ], [ -62.428598171, -33.996884488500001 ], [ -62.429867862899997, -33.997622095 ], [ -62.432217348099996, -33.998739126799997 ], [ -62.435033642400001, -33.998683381600003 ], [ -62.438339717, -33.998617859299998 ], [ -62.445307477100002, -33.998071305 ], [ -62.449339387499997, -33.997684921299999 ], [ -62.456237532099998, -33.996845770100002 ], [ -62.462310666800001, -33.997855634399997 ], [ -62.466264367199997, -33.999976287899997 ], [ -62.469152635900002, -34.004089059499996 ], [ -62.473116297499999, -34.007750542700002 ], [ -62.474382788900002, -34.011468730099999 ], [ -62.474328117500001, -34.0144296235 ], [ -62.474650032900001, -34.0170762248 ], [ -62.476544434899999, -34.018873940299997 ], [ -62.480063778599998, -34.018764384100002 ], [ -62.482260975599999, -34.017535005399999 ], [ -62.483793646499997, -34.015463216599997 ], [ -62.484690144299996, -34.012587940099998 ], [ -62.486204828200002, -34.009904238799997 ], [ -62.4868295176, -34.006116072399998 ], [ -62.487098715800002, -34.002743260199999 ], [ -62.487224639099999, -33.998659054800001 ], [ -62.487374353200003, -33.995390698100003 ], [ -62.487891363199999, -33.9921149089 ], [ -62.488892105, -33.988625243599998 ], [ -62.490767594300003, -33.985730104700004 ], [ -62.4934430319, -33.985063634399999 ], [ -62.498062235900001, -33.983847428700003 ], [ -62.500479275399996, -33.981772208599999 ], [ -62.506216651499997, -33.975509678400002 ], [ -62.509843423100001, -33.973414094600002 ], [ -62.5144215555, -33.973967500400001 ], [ -62.515786166399998, -33.975094831200003 ], [ -62.519001557800003, -33.977750941799997 ], [ -62.521463871500004, -33.979079519899997 ], [ -62.526094981599996, -33.981410412300001 ], [ -62.533175632400003, -33.984499328699997 ], [ -62.536026499400002, -33.988968959200001 ], [ -62.5385385099, -33.991828229500001 ], [ -62.541760715599999, -33.994685012 ], [ -62.546983177100003, -33.998804723799999 ], [ -62.551825643500003, -34.0026241025 ], [ -62.553718164, -34.007130253699998 ], [ -62.553552367499996, -34.008461053 ], [ -62.553419846499999, -34.009524737100001 ], [ -62.5523492214, -34.010591826300001 ], [ -62.550814724, -34.012121195100001 ], [ -62.549067262400001, -34.0124656124 ], [ -62.5468736021, -34.013358542500001 ], [ -62.5447794874, -34.014711852300003 ], [ -62.544845916299998, -34.01671333 ], [ -62.545751667700003, -34.019159903499997 ], [ -62.547843429399997, -34.021042596900003 ], [ -62.550624324899999, -34.021216040299997 ], [ -62.554119571400001, -34.020527122099999 ], [ -62.557718773799998, -34.020221148799997 ], [ -62.559676224100002, -34.020092183599999 ], [ -62.5608048064, -34.021312505499999 ], [ -62.561544964799999, -34.022574391900001 ], [ -62.5632114012, -34.024421024 ], [ -62.563471912, -34.025565883500001 ], [ -62.564171067799997, -34.028638263600001 ], [ -62.564404928899997, -34.033332886 ], [ -62.564102042599998, -34.034395736100002 ], [ -62.562814651399997, -34.038913015600002 ], [ -62.561120117, -34.044110094200001 ], [ -62.559624377, -34.047529279400003 ], [ -62.559446230299997, -34.050000089400001 ], [ -62.559640602400002, -34.053385840300002 ], [ -62.560292886500001, -34.056607964199998 ], [ -62.5613018082, -34.060062285800001 ], [ -62.563461759799999, -34.063475544399999 ], [ -62.564183596699998, -34.065925779399997 ], [ -62.565287154700002, -34.068753239400003 ], [ -62.566330797, -34.072660506399998 ], [ -62.566217775699997, -34.075051125100003 ], [ -62.565528689200001, -34.076760414200002 ], [ -62.564578250399997, -34.079014441799998 ], [ -62.564756706700003, -34.0820035705 ], [ -62.565511305500003, -34.0853893126 ], [ -62.566356186500002, -34.088838476 ], [ -62.565787442100003, -34.091469735499999 ], [ -62.563945743, -34.095125061499999 ], [ -62.564077367099998, -34.097211374399997 ], [ -62.5642281708, -34.099601499 ], [ -62.564314929299996, -34.100976463199999 ], [ -62.565976678799998, -34.103869271599997 ], [ -62.569040886499998, -34.107194951700002 ], [ -62.571054527299999, -34.109463996 ], [ -62.571665843700004, -34.1113001517 ], [ -62.572589870199998, -34.114285349600003 ], [ -62.573979146799999, -34.117337821699998 ], [ -62.577127399600002, -34.120353351799999 ], [ -62.580879427399999, -34.121892343799999 ], [ -62.584071448800003, -34.123288930400001 ], [ -62.585312438199999, -34.124495428199999 ], [ -62.5862300744, -34.127249518500001 ], [ -62.586905234699998, -34.131164304 ], [ -62.586358058400002, -34.134488536399999 ], [ -62.585255304900002, -34.137824473 ], [ -62.583976665500003, -34.141472262500002 ], [ -62.583817431900002, -34.143171500100003 ], [ -62.583557110500003, -34.1459493861 ], [ -62.5831691538, -34.148422816900002 ], [ -62.582025549400001, -34.150300958499997 ], [ -62.581315905399997, -34.151466362299999 ], [ -62.577045329, -34.154252529200001 ], [ -62.5728507245, -34.156497682599998 ], [ -62.571640485499998, -34.158765189299999 ], [ -62.571870542699997, -34.161545935900001 ], [ -62.574128073099999, -34.163920813600001 ], [ -62.5767275129, -34.164511060899997 ], [ -62.578555130300003, -34.165765609399998 ], [ -62.579491403799999, -34.167804815799997 ], [ -62.578840699799997, -34.170361837400002 ], [ -62.576726399099996, -34.172707391800003 ], [ -62.5746634805, -34.176747392599999 ], [ -62.5725783189, -34.180061159600001 ], [ -62.570328995300002, -34.1827727776 ], [ -62.568957057799999, -34.1855870901 ], [ -62.569343823399997, -34.188727883 ], [ -62.571740360600003, -34.190857644700003 ], [ -62.5744209677, -34.192739169399999 ], [ -62.575525236799997, -34.195501532800002 ], [ -62.576804723800002, -34.199229088499997 ], [ -62.577676810900002, -34.2039340798 ], [ -62.579222077600001, -34.206808236400001 ], [ -62.5818586798, -34.208099328400003 ], [ -62.582976289100003, -34.208700655299999 ], [ -62.585395287399997, -34.210235869800002 ], [ -62.588085840799998, -34.211188497599998 ], [ -62.591184138300001, -34.212228579600001 ], [ -62.594611755599999, -34.212684808699997 ], [ -62.597148493900001, -34.212390751900003 ], [ -62.598764514800003, -34.212260367100001 ], [ -62.601345747099998, -34.21153268 ], [ -62.603444992500002, -34.212064911699997 ], [ -62.607100966200001, -34.212419805700002 ], [ -62.608727332299999, -34.212625536 ], [ -62.610272170599998, -34.212063915 ], [ -62.611505649900003, -34.210787910100002 ], [ -62.612441104399998, -34.209229845899998 ], [ -62.613429891400003, -34.2075264383 ], [ -62.614199251400002, -34.206212235700001 ], [ -62.6167297601, -34.205725645699999 ], [ -62.620902847300002, -34.205972960300002 ], [ -62.623873475700002, -34.204755816199999 ], [ -62.625321502200002, -34.2029463553 ], [ -62.6252264381, -34.201746729900002 ], [ -62.625491353699999, -34.199097401300001 ], [ -62.625241942400002, -34.196651352 ], [ -62.625069720699997, -34.194828513 ], [ -62.6244196428, -34.188786047699999 ], [ -62.623887259200004, -34.186538313299998 ], [ -62.624052973600001, -34.184419837900002 ], [ -62.624157908, -34.182206529399998 ], [ -62.623961950599998, -34.1796151263 ], [ -62.6240683778, -34.177449851299997 ], [ -62.624057727599997, -34.175239014200002 ], [ -62.624470972300003, -34.173643972299999 ], [ -62.625264931300002, -34.171271713800003 ], [ -62.625398118500001, -34.169971063399998 ], [ -62.6257282264, -34.167560663899998 ], [ -62.626130991899998, -34.165629374200002 ], [ -62.625729203399999, -34.163859509300003 ], [ -62.6257081193, -34.161312426099997 ], [ -62.6252900016, -34.159014173599999 ], [ -62.625220085599999, -34.156756533799999 ], [ -62.6250494907, -34.154981715200002 ], [ -62.624810717199999, -34.152871887300002 ], [ -62.623207418900002, -34.1496376399 ], [ -62.622088722, -34.147114013600003 ], [ -62.620642752199998, -34.145222234899997 ], [ -62.619873796199997, -34.142787246399998 ], [ -62.619995181699998, -34.141102312800001 ], [ -62.621668921900003, -34.139143884900001 ], [ -62.625749726199999, -34.138383686700003 ], [ -62.628298986899999, -34.138569439699999 ], [ -62.631138588600002, -34.138796980400002 ], [ -62.633172420199998, -34.139137883499998 ], [ -62.636078327299998, -34.137777685 ], [ -62.639206750100001, -34.137998833200001 ], [ -62.64169618, -34.136262929099999 ], [ -62.641929669100001, -34.1344794368 ], [ -62.642274191600002, -34.132549353100003 ], [ -62.642389146600003, -34.130672278600002 ], [ -62.642464286200003, -34.129372861 ], [ -62.6412666477, -34.126178177200003 ], [ -62.6398340995, -34.124718933499999 ], [ -62.63944871, -34.123477488 ], [ -62.639987446, -34.122216164900003 ], [ -62.640705412700001, -34.121143250300001 ], [ -62.644136040699998, -34.1214668812 ], [ -62.645487196399998, -34.120655733900001 ], [ -62.646202944499997, -34.11766017 ], [ -62.644859935500001, -34.113507315699998 ], [ -62.645134732400003, -34.112635362799999 ], [ -62.645129033300002, -34.110375949400002 ], [ -62.645211414899997, -34.108867816299998 ], [ -62.645532230900002, -34.106708962299997 ], [ -62.645965548100001, -34.104009697199999 ], [ -62.646473520800001, -34.101631612 ], [ -62.6467095645, -34.098828999399998 ], [ -62.649141137699999, -34.095925231 ], [ -62.650548664699997, -34.093366320900003 ], [ -62.651644754099998, -34.091190712200003 ], [ -62.652903590699999, -34.090087548200003 ], [ -62.655201325900002, -34.089123304899999 ], [ -62.640972329900002, -34.070129323400003 ], [ -62.582268066600001, -33.993232300099997 ], [ -62.58220632, -33.993151138400002 ], [ -62.544104300400001, -33.943146643799999 ], [ -62.539307605300003, -33.9369766871 ], [ -62.5311646623, -33.925746620600002 ], [ -62.522813435300002, -33.9148889891 ], [ -62.5140509358, -33.903304630599997 ], [ -62.501038508699999, -33.886137744499997 ], [ -62.490982154299999, -33.872904784900001 ], [ -62.481165691299999, -33.860011151599998 ], [ -62.4708351751, -33.846710489499998 ], [ -62.470155263499997, -33.845923376499996 ], [ -62.464460676900003, -33.838242445399999 ], [ -62.461986337799999, -33.835605680500002 ], [ -62.456361951200002, -33.828183294600002 ], [ -62.447632005400003, -33.8168660551 ], [ -62.439137253399998, -33.805508861900002 ], [ -62.426674517599999, -33.789174948599999 ], [ -62.411706676900003, -33.769372283300001 ], [ -62.402979783799999, -33.757783493700003 ], [ -62.394328691600002, -33.746819639900004 ], [ -62.385836493, -33.735380133200003 ], [ -62.346978745599998, -33.684376097 ], [ -62.328859468600001, -33.660312062 ], [ -62.314065809299997, -33.640785573400002 ], [ -62.3080080358, -33.632841144399997 ], [ -62.302208189399998, -33.6249629629 ], [ -62.293181785900003, -33.613035222599997 ], [ -62.287710047600001, -33.605745774600003 ], [ -62.280992667900001, -33.596951044800001 ], [ -62.2721341357, -33.585330611800003 ], [ -62.263943128299999, -33.574265355800001 ], [ -62.258154038100002, -33.566679840900001 ], [ -62.236836308100003, -33.538576225299998 ], [ -62.208902651400003, -33.501312814499997 ], [ -62.208696566100002, -33.501039598299997 ], [ -62.166819608200001, -33.445596727500003 ], [ -62.155814072699997, -33.430833662200001 ], [ -62.152929519, -33.437317677300001 ], [ -62.157492829500001, -33.446450285200001 ], [ -62.160304632500001, -33.454885979 ], [ -62.161424512700002, -33.465048040600003 ], [ -62.164183158, -33.471302766100003 ], [ -62.166948257400001, -33.477799720699998 ], [ -62.167641274399998, -33.482393533200003 ], [ -62.166014884799999, -33.4867854986 ], [ -62.162376014700001, -33.4916974287 ], [ -62.160243032099999, -33.499007176900001 ], [ -62.1597789745, -33.503621202399998 ], [ -62.160514069400001, -33.509911228599996 ], [ -62.159188197, -33.514782697400001 ], [ -62.151214440300002, -33.520012253700003 ], [ -62.1483994, -33.523212560200001 ], [ -62.143842266699998, -33.526200568100002 ], [ -62.140731454899999, -33.529163411699997 ], [ -62.137939604499998, -33.533332761200001 ], [ -62.131326359900001, -33.535143728199998 ], [ -62.122179, -33.5323478818 ], [ -62.115866729899999, -33.530318143199999 ], [ -62.108502352800002, -33.529462680100004 ], [ -62.106731806799999, -33.528997473899999 ], [ -62.102608094700003, -33.528361693100003 ], [ -62.0994562765, -33.5274323521 ], [ -62.096365130199999, -33.529013584 ], [ -62.090507815499997, -33.529440242500002 ], [ -62.089209681900002, -33.529680564 ], [ -62.085664304200002, -33.528648306599997 ], [ -62.082272899800003, -33.5285961915 ], [ -62.078626043900002, -33.528766680700002 ], [ -62.072479275399999, -33.527996099900001 ], [ -62.066567297600002, -33.526129248099998 ], [ -62.060921408200002, -33.524476087799997 ], [ -62.054368564199997, -33.523056126299998 ], [ -62.049392758499998, -33.522155744099997 ], [ -62.040886833099997, -33.519890124600003 ], [ -62.034630166, -33.517998809 ], [ -62.031440266700002, -33.51830179 ], [ -62.026500574700002, -33.518928761200002 ], [ -62.022731223100003, -33.519427217400001 ], [ -62.013518308899997, -33.521324672200002 ], [ -62.009558809, -33.524883589700003 ], [ -62.004972469800002, -33.529544598599998 ], [ -62.000293462599998, -33.541523743 ], [ -61.998536594900003, -33.550179388300002 ], [ -61.999828249499998, -33.555291195300001 ], [ -62.008400330100002, -33.564980866900001 ], [ -62.011869203099998, -33.568309877 ], [ -62.0165588343, -33.570609081299999 ], [ -62.018645126899997, -33.571631837699996 ], [ -62.021014589399996, -33.574494721199997 ], [ -62.021870899900001, -33.577647670099999 ], [ -62.021745026700003, -33.583437579700004 ], [ -62.017237768500003, -33.591592314899998 ], [ -62.007367446799996, -33.593609379299998 ], [ -62.0045431952, -33.595620873199998 ], [ -62.001654718099999, -33.606151330899998 ], [ -61.999753179899997, -33.615947517800002 ], [ -62.004565796900003, -33.61801613 ], [ -62.009656120300001, -33.621511060499998 ], [ -62.014375679399997, -33.6248073808 ], [ -62.016086956700001, -33.628280972 ], [ -62.018443800199996, -33.631589484099997 ], [ -62.019760660700001, -33.635736855799998 ], [ -62.021672430899997, -33.639616259 ], [ -62.027192847800002, -33.6451431793 ], [ -62.029969257, -33.648879570699997 ], [ -62.031288778399997, -33.652461565499998 ], [ -62.031361454299997, -33.656113965300001 ], [ -62.031687740800002, -33.659932962100001 ], [ -62.031560839100003, -33.664594528599999 ], [ -62.030554769399998, -33.668597447099998 ], [ -62.028621383199997, -33.674762098800002 ], [ -62.027742094499999, -33.678967341499998 ], [ -62.025618960499997, -33.682273047599999 ], [ -62.023857546499997, -33.685368363199998 ], [ -62.021808477, -33.686628497500003 ], [ -62.019440478500002, -33.689938110299998 ], [ -62.017081855299999, -33.693656385899999 ], [ -62.0162137939, -33.6983724412 ], [ -62.015741046400002, -33.704308613499997 ], [ -62.015846112699997, -33.708804343700002 ], [ -62.012913708900001, -33.714167344 ], [ -62.011093319799997, -33.720023241900002 ], [ -62.009060460800001, -33.726829402699998 ], [ -62.009275864400003, -33.727969742 ], [ -62.010236341199999, -33.733054047700001 ], [ -62.010987298, -33.7340550057 ], [ -62.013428030599997, -33.737308081899997 ], [ -62.020138404800001, -33.742452132799997 ], [ -62.022215969299999, -33.745550722200001 ], [ -62.024793337799998, -33.749394369 ], [ -62.029169156400002, -33.760087560199999 ], [ -62.031265640599997, -33.768982271600002 ], [ -62.032606835, -33.774671427800001 ], [ -62.034953660200003, -33.786689548799998 ], [ -62.036683673299997, -33.794411787100003 ], [ -62.038805321799998, -33.799696275700001 ], [ -62.0402721341, -33.801591780599999 ], [ -62.045487061599999, -33.803336616700001 ], [ -62.054206287100001, -33.804670797599996 ], [ -62.0577692791, -33.806161184799997 ], [ -62.060722943800002, -33.808998313899998 ], [ -62.062131901699999, -33.810522475299997 ], [ -62.063734114699997, -33.813467079500001 ], [ -62.0643378559, -33.815311876400003 ], [ -62.065151446599998, -33.817910557 ], [ -62.065603743600001, -33.819365870399999 ], [ -62.067293428100001, -33.821949851 ], [ -62.068420781199997, -33.823707305699998 ], [ -62.070515215500002, -33.825761984899998 ], [ -62.0727315412, -33.827675253599999 ], [ -62.075416967099997, -33.829998549599999 ], [ -62.0770836226, -33.831454414299998 ], [ -62.0778472704, -33.832121454700001 ], [ -62.079906279399999, -33.833664986300001 ], [ -62.080901239200003, -33.834355687699997 ], [ -62.081983836100001, -33.8359700858 ], [ -62.082805712499997, -33.837588879400002 ], [ -62.082977023600002, -33.839273086 ], [ -62.082802572600002, -33.840146796399999 ], [ -62.082139571699997, -33.842389327 ], [ -62.080485408400001, -33.8441043646 ], [ -62.079266465099998, -33.844941276299998 ], [ -62.076357640600001, -33.846024351200001 ], [ -62.074712500300002, -33.848120120799997 ], [ -62.072811736699997, -33.8504378604 ], [ -62.072203427200002, -33.851568867799998 ], [ -62.072131829699998, -33.854694263799999 ], [ -62.072068964400003, -33.8601920073 ], [ -62.074199639, -33.864673229600001 ], [ -62.076246886, -33.868393898800001 ], [ -62.077178826599997, -33.870214280799999 ], [ -62.079534217, -33.874814721600004 ], [ -62.082590691500002, -33.879769941299998 ], [ -62.084014613100003, -33.881977172200003 ], [ -62.084475423900003, -33.883391894399999 ], [ -62.084931365499997, -33.884791615499999 ], [ -62.085460785, -33.887775875599999 ], [ -62.084935959, -33.890342605800001 ], [ -62.083127229200002, -33.896468500899999 ], [ -62.0814848865, -33.901394269199997 ], [ -62.080308789299998, -33.904026408699998 ], [ -62.079812812599997, -33.907789916299997 ], [ -62.079138240299997, -33.912263924599998 ], [ -62.078849002200002, -33.913792628 ], [ -62.079387698799998, -33.917157700600001 ], [ -62.079284483400002, -33.920968988699997 ], [ -62.079531357500002, -33.925753957399998 ], [ -62.079597486700003, -33.928473940300002 ], [ -62.076824596100003, -33.9352690849 ], [ -62.0743867483, -33.937051701 ], [ -62.071818261899999, -33.938836469599998 ], [ -62.068181665799997, -33.939659543499999 ], [ -62.065260332100003, -33.940361666100003 ], [ -62.062388469, -33.940409825700002 ], [ -62.061739104899999, -33.940438766100002 ], [ -62.0584749008, -33.940584190599999 ], [ -62.054032612599997, -33.940495145500002 ], [ -62.0495929334, -33.940514740700003 ], [ -62.043966668800003, -33.940064086900001 ], [ -62.043255162599998, -33.9399773528 ], [ -62.038858718599997, -33.9394413216 ], [ -62.030972028699999, -33.937285974600002 ], [ -62.026471066299997, -33.937469010400001 ], [ -62.022164597100002, -33.937594263800001 ], [ -62.018297238599999, -33.939725806600002 ], [ -62.0155752338, -33.943362314 ], [ -62.011139183300003, -33.9518704089 ], [ -62.0108383906, -33.955739334900002 ], [ -62.010917774, -33.959112241900002 ], [ -62.010628506300002, -33.966246331599997 ], [ -62.009688522200001, -33.969600843899997 ], [ -62.0081677863, -33.972708387899999 ], [ -62.004742826200001, -33.974288083099999 ], [ -62.001074663600001, -33.973858003700002 ], [ -62.0118357821, -33.986865779299997 ], [ -62.0175679723, -33.995622814699999 ], [ -62.021866746599997, -33.9993078344 ], [ -62.028296392400001, -34.004277409499998 ], [ -62.033438611900003, -34.009992991899999 ], [ -62.035748503400001, -34.015574007 ], [ -62.039329667899999, -34.019683762200003 ], [ -62.043965299, -34.022361328800002 ], [ -62.048763205299998, -34.024332485800002 ], [ -62.055998943900001, -34.025237188600002 ], [ -62.060158664600003, -34.026266304400004 ], [ -62.0634732818, -34.026906588300001 ], [ -62.066047541, -34.027852230199997 ], [ -62.066485662600002, -34.029216143100001 ], [ -62.067222313499997, -34.030945626700003 ], [ -62.067429297, -34.032224029299996 ], [ -62.067638953399999, -34.033612262 ], [ -62.069121214699997, -34.034869200800003 ], [ -62.072795149599997, -34.035796175900003 ], [ -62.074429064900002, -34.037856243699999 ], [ -62.074831337900001, -34.039858281699999 ], [ -62.075159791899999, -34.042568551400002 ], [ -62.076214787, -34.046139993499999 ], [ -62.077557890599998, -34.050695429100003 ], [ -62.079050094099998, -34.055944197099997 ], [ -62.080113499600003, -34.059845075 ], [ -62.0807435125, -34.062215031299999 ], [ -62.081848492200002, -34.064210685600003 ], [ -62.0816436665, -34.066631403400002 ], [ -62.080255527399999, -34.069255288400001 ], [ -62.077645507600003, -34.070508081699998 ], [ -62.075717643, -34.072664920400001 ], [ -62.076688686200001, -34.076384253599997 ], [ -62.080648079200003, -34.079906491599999 ], [ -62.082873955399997, -34.080930887800001 ], [ -62.087283662600001, -34.0830535196 ], [ -62.092624790499997, -34.085453119599997 ], [ -62.095204756500003, -34.086544501200002 ], [ -62.098094372699997, -34.089930858599999 ], [ -62.100968899, -34.091793233700002 ], [ -62.104087654899999, -34.094186821599997 ], [ -62.107018700799998, -34.098657412800002 ], [ -62.107693201300002, -34.1001485006 ], [ -62.108232392600002, -34.103214649 ], [ -62.110075650600002, -34.105414793 ], [ -62.111882034899999, -34.106127671499998 ], [ -62.114307346, -34.106829866399998 ], [ -62.117343042500003, -34.107178133799998 ], [ -62.1201910184, -34.108273500400003 ], [ -62.123725315199998, -34.1092997039 ], [ -62.1249095262, -34.110943157100003 ], [ -62.124683593900002, -34.114605098600002 ], [ -62.126887156099997, -34.117428216199997 ], [ -62.1304376963, -34.119083413299997 ], [ -62.1332546179, -34.118920044200003 ], [ -62.139933012699998, -34.119089935799998 ], [ -62.143773404900003, -34.121311938399998 ], [ -62.145477525499999, -34.123399497100003 ], [ -62.144092970499997, -34.128516726599997 ], [ -62.143161785799997, -34.129791942 ], [ -62.1427611656, -34.133003543299999 ], [ -62.141633656899998, -34.134682750800003 ], [ -62.141616835199997, -34.136743148 ], [ -62.142400956499998, -34.137816739199998 ], [ -62.143951916299997, -34.139277506299997 ], [ -62.145267628, -34.139597864599999 ], [ -62.149810758800001, -34.139632815 ], [ -62.151281481, -34.140637091800002 ], [ -62.152529896300003, -34.141015775600003 ], [ -62.154548113300002, -34.141895957700001 ], [ -62.156288289, -34.142666541600001 ], [ -62.157542572700002, -34.143273969299997 ], [ -62.159628230800003, -34.144095654799997 ], [ -62.163061738800003, -34.144702030700003 ], [ -62.166506994700001, -34.144497810399997 ], [ -62.169636675299998, -34.145446620400001 ], [ -62.172443557199998, -34.1472617234 ] ] ] ] } },
{ "type": "Feature", "properties": { "N_CCA": 23, "Area": 1707.162, "Perim": 248.274, "Cuenca": "23- Las Encadenadas - Salado Brazo Norte" }, "geometry": { "type": "MultiPolygon", "coordinates": [ [ [ [ -61.999753179899997, -33.615947517800002 ], [ -61.997904772600002, -33.615261883599999 ], [ -61.995436347499997, -33.6141773624 ], [ -61.992702567, -33.6121771177 ], [ -61.986899518400001, -33.609510646399997 ], [ -61.9820901107, -33.607543490399998 ], [ -61.976045788, -33.604982578200001 ], [ -61.968149531500003, -33.601993265 ], [ -61.962999858700002, -33.600692779500001 ], [ -61.958970301500003, -33.600756671600003 ], [ -61.955673381700002, -33.600808849400003 ], [ -61.952483099299997, -33.60108228 ], [ -61.947779983499998, -33.602875553600001 ], [ -61.945853746399997, -33.60413249 ], [ -61.942660423, -33.606000086800002 ], [ -61.936366514299998, -33.60708483 ], [ -61.9284524909, -33.606392552800003 ], [ -61.924920479599997, -33.606083423199998 ], [ -61.9073292956, -33.603406133100002 ], [ -61.897122110399998, -33.602986541500002 ], [ -61.882958849700003, -33.602402919799999 ], [ -61.876107452200003, -33.60275659 ], [ -61.867840143499997, -33.603182841500001 ], [ -61.8564801339, -33.605047033799998 ], [ -61.849149802100001, -33.606217042600001 ], [ -61.845623550600003, -33.607633606900002 ], [ -61.842431360299997, -33.609014203800001 ], [ -61.841567531099997, -33.610032418 ], [ -61.840238387200003, -33.611599051600002 ], [ -61.839184807199999, -33.617982824899997 ], [ -61.838940149400003, -33.6232600417 ], [ -61.840692015199998, -33.627725626100002 ], [ -61.8421784843, -33.633151036199997 ], [ -61.845066407499999, -33.639989073499997 ], [ -61.852120211799999, -33.644456023099998 ], [ -61.856455003100002, -33.646878510599997 ], [ -61.858058824899999, -33.649540928299999 ], [ -61.858012581799997, -33.652924644400002 ], [ -61.859479692299999, -33.656689063199998 ], [ -61.865423780699999, -33.662046980500001 ], [ -61.871019622799999, -33.667123157399999 ], [ -61.872514990799999, -33.672834697 ], [ -61.872305155500001, -33.675593968599998 ], [ -61.870270566400002, -33.680036429799998 ], [ -61.868440978599999, -33.6840104666 ], [ -61.865613400500003, -33.686701166299997 ], [ -61.861971814199997, -33.692777009899999 ], [ -61.862494087499996, -33.701083700300003 ], [ -61.865086574099998, -33.709932543 ], [ -61.869388334699998, -33.718468734399998 ], [ -61.872923992600001, -33.723289179200002 ], [ -61.875119158, -33.729563414899999 ], [ -61.874916991299997, -33.7355525336 ], [ -61.873634610099998, -33.740194108499999 ], [ -61.869368667300002, -33.743298112700003 ], [ -61.865481660500002, -33.7440447898 ], [ -61.855226139800003, -33.745919614899996 ], [ -61.845993298400003, -33.747491594499998 ], [ -61.8388799449, -33.751898410700001 ], [ -61.834192424900003, -33.7591586084 ], [ -61.829945097699998, -33.762989646299999 ], [ -61.823501081300002, -33.764785661399998 ], [ -61.814106059700002, -33.766958978300003 ], [ -61.806446975500002, -33.769099527199998 ], [ -61.800178112399998, -33.770851110800002 ], [ -61.785393416300003, -33.777551997099998 ], [ -61.7801462352, -33.781570328500003 ], [ -61.77505309, -33.786208887199997 ], [ -61.772372173500003, -33.7883344229 ], [ -61.762838868800003, -33.793361770499999 ], [ -61.759291466199997, -33.794056200299998 ], [ -61.753710761699999, -33.795148436200002 ], [ -61.746650684599999, -33.796431864200002 ], [ -61.741290623700003, -33.797690901400003 ], [ -61.738202209199997, -33.799154362700001 ], [ -61.733681136599998, -33.801458545499997 ], [ -61.729758702399998, -33.806845862899998 ], [ -61.7284019461, -33.809862447299999 ], [ -61.723328919, -33.811353346 ], [ -61.718233628299998, -33.811739982500001 ], [ -61.714648311700003, -33.812026538600001 ], [ -61.710115071499999, -33.812168373699997 ], [ -61.705871499300002, -33.812621569299999 ], [ -61.703791456600001, -33.812936241199999 ], [ -61.699558743799997, -33.813576457499998 ], [ -61.693058430500002, -33.814612483600001 ], [ -61.682046040199999, -33.816893059400002 ], [ -61.677842453, -33.817579857 ], [ -61.675842522899998, -33.818634090300002 ], [ -61.673508071299999, -33.820085707399997 ], [ -61.672493295099997, -33.821361619299999 ], [ -61.671207461100003, -33.823195910099997 ], [ -61.668962610500003, -33.824256237699998 ], [ -61.666054731499997, -33.825629640199999 ], [ -61.662962441099999, -33.827012416700001 ], [ -61.660461423299999, -33.829649299 ], [ -61.6592573446, -33.830927654699998 ], [ -61.658463221799998, -33.833857048299997 ], [ -61.653606844899997, -33.836919880499998 ], [ -61.650725705399999, -33.839482785500003 ], [ -61.646236188099998, -33.841988232200002 ], [ -61.641809776400002, -33.847805809900002 ], [ -61.643004396599999, -33.850945252099997 ], [ -61.643136678099999, -33.852915588599998 ], [ -61.642344849, -33.8560026185 ], [ -61.641357869799997, -33.858776706500002 ], [ -61.640681587099998, -33.8629665606 ], [ -61.639710769200001, -33.865234685399997 ], [ -61.637458706300002, -33.867505813599998 ], [ -61.627842560799998, -33.869053142 ], [ -61.623694654399998, -33.8697389445 ], [ -61.620667785400002, -33.869699910900003 ], [ -61.617261255700001, -33.869586902499996 ], [ -61.615001132899998, -33.870089852500001 ], [ -61.6105178818, -33.871467213700001 ], [ -61.60818612, -33.871013188100001 ], [ -61.604499498499997, -33.870576768600003 ], [ -61.601172881099998, -33.868682110800002 ], [ -61.596863640400002, -33.865992625499999 ], [ -61.5910033555, -33.863161524699997 ], [ -61.586174467200003, -33.861468081200002 ], [ -61.582558906700001, -33.861270251100002 ], [ -61.576425286099997, -33.861823409 ], [ -61.574096436300003, -33.862925971 ], [ -61.574790446199998, -33.865792215399999 ], [ -61.578530248500002, -33.869135761199999 ], [ -61.579653314200002, -33.873116104300003 ], [ -61.579123151399997, -33.8761361193 ], [ -61.577011616699998, -33.878117685399999 ], [ -61.5721547395, -33.879482773600003 ], [ -61.568868544700003, -33.881316310800003 ], [ -61.566267046199997, -33.8832224971 ], [ -61.5657051186, -33.884532655199997 ], [ -61.565165483400001, -33.887064103699998 ], [ -61.565597645, -33.889338886799997 ], [ -61.566905534100002, -33.891439653900001 ], [ -61.568793324, -33.893207267900003 ], [ -61.569722749100002, -33.895964327400002 ], [ -61.570850502200003, -33.898881724799999 ], [ -61.570908748500003, -33.90205707 ], [ -61.570496692399999, -33.906215669200002 ], [ -61.571911593800003, -33.908803635399998 ], [ -61.573323590400001, -33.911228744100001 ], [ -61.576216999800003, -33.914530697899998 ], [ -61.580468859500002, -33.9173265226 ], [ -61.583318347, -33.920573940499999 ], [ -61.587343295099998, -33.924567483499999 ], [ -61.591511976100001, -33.928096918900003 ], [ -61.595850529499998, -33.930239567800001 ], [ -61.597892913800003, -33.931701613900003 ], [ -61.600558101099999, -33.934594464100002 ], [ -61.6026174271, -33.936829520400003 ], [ -61.6046245167, -33.939653675300001 ], [ -61.604096452, -33.9427551701 ], [ -61.603659007700003, -33.944455952200002 ], [ -61.603276806499998, -33.945941897499999 ], [ -61.601344328099998, -33.947107174899998 ], [ -61.5982653437, -33.949671747799997 ], [ -61.597396419900001, -33.955465064400002 ], [ -61.596808349, -33.960603231299999 ], [ -61.595014204199998, -33.963965418100003 ], [ -61.593036636900003, -33.967981450099998 ], [ -61.589848339200003, -33.969977176 ], [ -61.585884162399999, -33.972308572400003 ], [ -61.582388780499997, -33.973575132800001 ], [ -61.581246242500001, -33.975218564 ], [ -61.579595442900001, -33.975809829200003 ], [ -61.57677189, -33.9764161083 ], [ -61.572766556300003, -33.976548813100003 ], [ -61.569040925300001, -33.975944885499999 ], [ -61.567357144200002, -33.974744788099997 ], [ -61.564996796899997, -33.973960461099999 ], [ -61.560200814799998, -33.973614185099997 ], [ -61.551405532799997, -33.973725402299998 ], [ -61.546035036500001, -33.9740373164 ], [ -61.537385567900003, -33.977073890299998 ], [ -61.535466289200002, -33.9788116179 ], [ -61.533837019099998, -33.980623571400002 ], [ -61.531122543400002, -33.983804252399999 ], [ -61.530232563299997, -33.9867762875 ], [ -61.530040045200003, -33.992397880600002 ], [ -61.5289210412, -33.995424986700002 ], [ -61.526768908299999, -34.000826601200004 ], [ -61.524088416, -34.004035912699997 ], [ -61.518082249099997, -34.007204827400003 ], [ -61.516615766199997, -34.007222921100002 ], [ -61.514367156500001, -34.007250631 ], [ -61.509375334799998, -34.0069862478 ], [ -61.505351132900003, -34.006139756300001 ], [ -61.500438536300003, -34.004815346400001 ], [ -61.496007757500003, -34.003077687900003 ], [ -61.492775917700001, -34.002791205100003 ], [ -61.488769109700002, -34.002921210700002 ], [ -61.485456544100003, -34.003612769599997 ], [ -61.482343693799997, -34.004546147399999 ], [ -61.478352296399997, -34.005571449199998 ], [ -61.472300668700001, -34.006214112899997 ], [ -61.465936046099998, -34.005720074199999 ], [ -61.461324294599997, -34.004797697299999 ], [ -61.457496142799997, -34.003947300599997 ], [ -61.452100692499997, -34.003654776799998 ], [ -61.448804765, -34.004620063200001 ], [ -61.447455388599998, -34.005776092300003 ], [ -61.447206294, -34.008385058899997 ], [ -61.447904429600001, -34.011391262099998 ], [ -61.447879996799998, -34.013507757100001 ], [ -61.4454604425, -34.015002115 ], [ -61.441609338900001, -34.0166351863 ], [ -61.438989357799997, -34.019523089 ], [ -61.442392184600003, -34.024403571299999 ], [ -61.446398779200003, -34.029277651900003 ], [ -61.448391220600001, -34.034333670199999 ], [ -61.448842632500003, -34.038455421099997 ], [ -61.445840979, -34.041347964400003 ], [ -61.439380660799998, -34.042693650099999 ], [ -61.434853330700001, -34.045603786100003 ], [ -61.434543136899997, -34.047944945899999 ], [ -61.433966310599999, -34.052127148700002 ], [ -61.436396150199997, -34.060675856800003 ], [ -61.438035730899998, -34.0631243789 ], [ -61.438897367499997, -34.065042236399997 ], [ -61.4403385142, -34.068601561400001 ], [ -61.441087377300001, -34.071304850200001 ], [ -61.442244196200001, -34.075056896600003 ], [ -61.443056181800003, -34.077538779 ], [ -61.445495724499999, -34.080143882400002 ], [ -61.4476909308, -34.083463645800002 ], [ -61.451620144800003, -34.088115366899999 ], [ -61.453716876800002, -34.090653162400002 ], [ -61.4576162551, -34.093525456400002 ], [ -61.460829075299998, -34.096263422900002 ], [ -61.463352807100001, -34.098724781800001 ], [ -61.465706810199997, -34.101259294199998 ], [ -61.468590266600003, -34.104712804 ], [ -61.470249053499998, -34.106614889900001 ], [ -61.473048554199998, -34.110140474600001 ], [ -61.474626928200003, -34.112328191700001 ], [ -61.475615086799998, -34.115021258 ], [ -61.476423516600001, -34.117218198099998 ], [ -61.4773299382, -34.120125777 ], [ -61.478228992799998, -34.122606341400001 ], [ -61.479733328199998, -34.125435516 ], [ -61.480983514899997, -34.128410100099998 ], [ -61.482298250500001, -34.130173790900002 ], [ -61.485324675699999, -34.131916769299998 ], [ -61.488874709, -34.134222778800002 ], [ -61.491484737599997, -34.136611288399997 ], [ -61.493235272600003, -34.138796651500002 ], [ -61.495871909199998, -34.142679560300003 ], [ -61.496608107, -34.1455890465 ], [ -61.497113937599998, -34.149996156100002 ], [ -61.497422239099997, -34.152910851500003 ], [ -61.497476262699998, -34.155971011 ], [ -61.497438403099999, -34.158676381299998 ], [ -61.497170356200002, -34.165091570500003 ], [ -61.495925821100002, -34.170389765499998 ], [ -61.489952068800001, -34.1731039585 ], [ -61.529158365800001, -34.209467705400002 ], [ -61.533242979, -34.2131490262 ], [ -61.532653642600003, -34.2101555725 ], [ -61.531681218300001, -34.2081671734 ], [ -61.527614743100003, -34.205217068499998 ], [ -61.524482698100002, -34.202144070300001 ], [ -61.525806034, -34.201349621699997 ], [ -61.527408836399999, -34.201218529899997 ], [ -61.527336683900003, -34.197218322799998 ], [ -61.527296605300002, -34.1949959843 ], [ -61.529914879300001, -34.191851382599999 ], [ -61.533523269, -34.191695182700002 ], [ -61.538371427199998, -34.193523886 ], [ -61.543758733200001, -34.195567892600003 ], [ -61.548858515900001, -34.196503874599998 ], [ -61.5549305881, -34.1967223049 ], [ -61.557320460699998, -34.196802239500002 ], [ -61.559145417, -34.196809693399999 ], [ -61.5644064572, -34.196105665600001 ], [ -61.567206686500001, -34.196295008100002 ], [ -61.570321929400002, -34.1966916019 ], [ -61.571529139500001, -34.197392794599999 ], [ -61.5740119978, -34.198904519400003 ], [ -61.576826600399997, -34.200411927499999 ], [ -61.579319501500002, -34.201695634499998 ], [ -61.581241512200002, -34.202339664199997 ], [ -61.5837497801, -34.201645774900001 ], [ -61.585693293699997, -34.199139944099997 ], [ -61.586317360599999, -34.197037044699996 ], [ -61.586541373400003, -34.194829063 ], [ -61.5866980196, -34.1925668246 ], [ -61.586696598499998, -34.192181702299997 ], [ -61.586681752300002, -34.188156862699998 ], [ -61.5868902566, -34.185122170600003 ], [ -61.587336886099997, -34.183362719199998 ], [ -61.587508008599997, -34.182688581199997 ], [ -61.590821884100002, -34.1790072589 ], [ -61.592524299200001, -34.177827501099998 ], [ -61.597055237, -34.175398135599998 ], [ -61.598532541200001, -34.1740902819 ], [ -61.6010998856, -34.171817282299997 ], [ -61.601560596399999, -34.171247342699999 ], [ -61.603756996400001, -34.168530078099998 ], [ -61.605170845, -34.166141122500001 ], [ -61.605866779700001, -34.164367947199999 ], [ -61.606215523300001, -34.161772405100002 ], [ -61.606236427100001, -34.161335524099997 ], [ -61.606358046799997, -34.1587936703 ], [ -61.606378412200002, -34.1563678057 ], [ -61.605996841299998, -34.153726691499998 ], [ -61.605990093800003, -34.149867870199998 ], [ -61.605161834299999, -34.144641609300002 ], [ -61.605949330100003, -34.141257876300003 ], [ -61.606204207700003, -34.140162657300003 ], [ -61.609145604299997, -34.134446014200002 ], [ -61.610607063800003, -34.131666462 ], [ -61.6108092363, -34.131281934500002 ], [ -61.611375384699997, -34.12967581 ], [ -61.612062549299999, -34.127461692200001 ], [ -61.612812811300003, -34.125081359299998 ], [ -61.6133952936, -34.1228535264 ], [ -61.613492575800002, -34.122481438199998 ], [ -61.615419845700004, -34.119258704400004 ], [ -61.618684856599998, -34.116679842700002 ], [ -61.621255494300001, -34.115929271399999 ], [ -61.624288872800001, -34.115117399200003 ], [ -61.6279164392, -34.114187322 ], [ -61.630566926699998, -34.114152154599999 ], [ -61.635176625500002, -34.112602418500003 ], [ -61.637123027199998, -34.110426519500002 ], [ -61.638689401400001, -34.108561381100003 ], [ -61.638875518399999, -34.101637898500002 ], [ -61.639282943700003, -34.098710710500001 ], [ -61.640291889899999, -34.096051125400002 ], [ -61.642653375400002, -34.094806762899999 ], [ -61.645796934400003, -34.092890350799998 ], [ -61.647771466400002, -34.092202349700003 ], [ -61.654772721900002, -34.087642916299998 ], [ -61.658211858800001, -34.087320902 ], [ -61.665035673299997, -34.087283722899997 ], [ -61.670101299300001, -34.088813641900003 ], [ -61.6726423092, -34.089991863400002 ], [ -61.673395918, -34.091249522 ], [ -61.675265784099999, -34.092209463300001 ], [ -61.676607089599997, -34.092804416299998 ], [ -61.678453459700002, -34.092723908899998 ], [ -61.679389667499997, -34.092624553299999 ], [ -61.680376704700002, -34.092519795500003 ], [ -61.683221649300002, -34.092217805499999 ], [ -61.685991841700002, -34.091573415299997 ], [ -61.687346842899998, -34.089735619300001 ], [ -61.688781161199998, -34.088558241800001 ], [ -61.690169066899998, -34.087568811200001 ], [ -61.691067781699999, -34.0869281019 ], [ -61.691234000400001, -34.086593186100004 ], [ -61.692087027500001, -34.084874369399998 ], [ -61.692819344199997, -34.081722043699997 ], [ -61.694202001400001, -34.078926405099999 ], [ -61.694411533199997, -34.0785027294 ], [ -61.697270765100001, -34.075706912699999 ], [ -61.700277685300001, -34.073680764800002 ], [ -61.702880057199998, -34.072822812200002 ], [ -61.704292210699997, -34.072357222 ], [ -61.708085801300001, -34.069934083600003 ], [ -61.7122801557, -34.070978238199999 ], [ -61.714650952699998, -34.070283652699999 ], [ -61.717029494, -34.069974801400001 ], [ -61.718769693799999, -34.067580017899999 ], [ -61.719227105800002, -34.063990376 ], [ -61.7197796548, -34.061832697500002 ], [ -61.720544195899997, -34.060333570300003 ], [ -61.721368240099999, -34.058502843900001 ], [ -61.722482755100003, -34.057935958199998 ], [ -61.724501932800003, -34.056253834 ], [ -61.726926130700001, -34.0549518742 ], [ -61.728690374499998, -34.053769406400001 ], [ -61.731931384600003, -34.053558392600003 ], [ -61.734578719300004, -34.0534659279 ], [ -61.736887119899997, -34.052992310100002 ], [ -61.738539015100002, -34.052803572 ], [ -61.740528714, -34.052940787899999 ], [ -61.743109801300001, -34.052849078100003 ], [ -61.745158938199999, -34.052654616 ], [ -61.746929654900001, -34.051802558600002 ], [ -61.747724169900003, -34.051791262 ], [ -61.749046096500003, -34.051662202 ], [ -61.750041503, -34.051758284400002 ], [ -61.7510963203, -34.051522752700002 ], [ -61.753482120900003, -34.051598987699997 ], [ -61.7556590087, -34.05182149 ], [ -61.7578727171, -34.051260630599998 ], [ -61.7590955127, -34.051463639600001 ], [ -61.760714270800001, -34.051492262399996 ], [ -61.761851625200002, -34.0515123602 ], [ -61.764705448400001, -34.051162705499998 ], [ -61.766004112899999, -34.051302661299999 ], [ -61.766510891199999, -34.051357272499999 ], [ -61.77054095, -34.051519782500002 ], [ -61.776113119900003, -34.049410729 ], [ -61.778399836600002, -34.049818670199997 ], [ -61.780280786200002, -34.048556608600002 ], [ -61.783418988299999, -34.048097702100002 ], [ -61.784496707300001, -34.047481142300001 ], [ -61.787222145599998, -34.046074408800003 ], [ -61.790432399700002, -34.045811892499998 ], [ -61.793715352299998, -34.0444668982 ], [ -61.795849494499997, -34.043400002299997 ], [ -61.796221047899998, -34.0432142497 ], [ -61.797925580600001, -34.040919360099998 ], [ -61.799652281900002, -34.039678036300003 ], [ -61.801954471599998, -34.0380229023 ], [ -61.804919128900003, -34.035466228200001 ], [ -61.807523456399998, -34.034292976800003 ], [ -61.811599951, -34.033665474599999 ], [ -61.8159021608, -34.034493764499999 ], [ -61.818907339, -34.038421760200002 ], [ -61.820338028599998, -34.040141262299997 ], [ -61.821106233099997, -34.041064506799998 ], [ -61.824089325899998, -34.0439387837 ], [ -61.825678306699999, -34.0453744458 ], [ -61.829873419599998, -34.045717404800001 ], [ -61.832891532600001, -34.045672430800003 ], [ -61.835972054, -34.044005059 ], [ -61.8380666674, -34.041784873 ], [ -61.839442302599998, -34.040657123400003 ], [ -61.839980475399997, -34.040215915799998 ], [ -61.84258618, -34.039122976500003 ], [ -61.844298262800002, -34.034175282699998 ], [ -61.845721856399997, -34.032664935699998 ], [ -61.846384967100001, -34.031636176 ], [ -61.847949318399998, -34.030216505600002 ], [ -61.848289981599997, -34.028951431899998 ], [ -61.849046140900001, -34.027986583100002 ], [ -61.850003754699998, -34.0268824873 ], [ -61.850179433599997, -34.024571877200003 ], [ -61.851465117300002, -34.023289033300003 ], [ -61.852550809599997, -34.022662452299997 ], [ -61.854083187900002, -34.022116301300002 ], [ -61.855127855399999, -34.021861972 ], [ -61.855770474300002, -34.021348754800002 ], [ -61.856491069299999, -34.0207732521 ], [ -61.857465711899998, -34.0199948359 ], [ -61.858048023400002, -34.0190924929 ], [ -61.858602734, -34.0181251833 ], [ -61.859260708599997, -34.017177246300001 ], [ -61.860032731899999, -34.01649082 ], [ -61.860757220499998, -34.016109363699996 ], [ -61.862456429200002, -34.015996587 ], [ -61.865326855799999, -34.016492537300003 ], [ -61.867309674099999, -34.017862021399999 ], [ -61.868509336499997, -34.018737803900002 ], [ -61.870427423599999, -34.019079130800002 ], [ -61.872134743899998, -34.018434992 ], [ -61.87332379, -34.017487680800002 ], [ -61.873434020300003, -34.016548872599998 ], [ -61.873977523900002, -34.0150804126 ], [ -61.876369519400001, -34.013307345599998 ], [ -61.879469916300003, -34.0131522967 ], [ -61.8817880621, -34.0144559083 ], [ -61.882407459, -34.016390018099997 ], [ -61.882591676, -34.018806291899999 ], [ -61.885112663199997, -34.022631842400003 ], [ -61.887317806399999, -34.026579529499998 ], [ -61.890348500599998, -34.029867379400002 ], [ -61.8929268252, -34.0319484041 ], [ -61.894153315499999, -34.033818821700002 ], [ -61.894711761799996, -34.035411160499997 ], [ -61.895611967500002, -34.037021777100001 ], [ -61.897965282400001, -34.038075136 ], [ -61.899267857399998, -34.0377969476 ], [ -61.900400171699999, -34.036916335900003 ], [ -61.900794139699997, -34.036609936700003 ], [ -61.901358452499998, -34.036453560799998 ], [ -61.901679312200002, -34.034527948200001 ], [ -61.902540986600002, -34.031967595600001 ], [ -61.904231357, -34.030610382799999 ], [ -61.9058808582, -34.027999448300001 ], [ -61.9069007867, -34.025010454300002 ], [ -61.907917755699998, -34.021892229199999 ], [ -61.909245031300003, -34.018769177099998 ], [ -61.912150119099998, -34.0167849997 ], [ -61.914940525200002, -34.016612301 ], [ -61.917924914300002, -34.017178568799999 ], [ -61.920567873, -34.0183342805 ], [ -61.923818027, -34.017895660299999 ], [ -61.925012819, -34.015808667 ], [ -61.9261958771, -34.013204773299996 ], [ -61.926892911899998, -34.009703608300001 ], [ -61.926506671600002, -34.006348683799999 ], [ -61.925778060699997, -34.001577164899999 ], [ -61.923527213699998, -33.998122141800003 ], [ -61.918937783, -33.994186508600002 ], [ -61.9121421316, -33.988733784300003 ], [ -61.911888575799999, -33.984342574599999 ], [ -61.913183330899997, -33.979798020600001 ], [ -61.9163276568, -33.974707577399997 ], [ -61.920399066100003, -33.968616524 ], [ -61.9232501165, -33.9651629 ], [ -61.926887718099998, -33.961357178299998 ], [ -61.936163313900003, -33.9599188782 ], [ -61.941924702400001, -33.960862234300002 ], [ -61.950617984600001, -33.961112528900003 ], [ -61.957011742699997, -33.962562219100001 ], [ -61.963235769500002, -33.963367940099999 ], [ -61.967879297, -33.962905953400004 ], [ -61.971374586499998, -33.959747569299999 ], [ -61.974461148700001, -33.959051738299998 ], [ -61.980213824400003, -33.959605629199999 ], [ -61.986533949799998, -33.964545181799998 ], [ -61.992037155200002, -33.967687881800003 ], [ -61.998167176199999, -33.9710786805 ], [ -62.001074663600001, -33.973858003700002 ], [ -62.004742826200001, -33.974288083099999 ], [ -62.0081677863, -33.972708387899999 ], [ -62.009688522200001, -33.969600843899997 ], [ -62.010628506300002, -33.966246331599997 ], [ -62.010917774, -33.959112241900002 ], [ -62.0108383906, -33.955739334900002 ], [ -62.011139183300003, -33.9518704089 ], [ -62.0155752338, -33.943362314 ], [ -62.018297238599999, -33.939725806600002 ], [ -62.022164597100002, -33.937594263800001 ], [ -62.026471066299997, -33.937469010400001 ], [ -62.030972028699999, -33.937285974600002 ], [ -62.038858718599997, -33.9394413216 ], [ -62.043255162599998, -33.9399773528 ], [ -62.043966668800003, -33.940064086900001 ], [ -62.0495929334, -33.940514740700003 ], [ -62.054032612599997, -33.940495145500002 ], [ -62.0584749008, -33.940584190599999 ], [ -62.061739104899999, -33.940438766100002 ], [ -62.062388469, -33.940409825700002 ], [ -62.065260332100003, -33.940361666100003 ], [ -62.068181665799997, -33.939659543499999 ], [ -62.071818261899999, -33.938836469599998 ], [ -62.0743867483, -33.937051701 ], [ -62.076824596100003, -33.9352690849 ], [ -62.079597486700003, -33.928473940300002 ], [ -62.079531357500002, -33.925753957399998 ], [ -62.079284483400002, -33.920968988699997 ], [ -62.079387698799998, -33.917157700600001 ], [ -62.078849002200002, -33.913792628 ], [ -62.079138240299997, -33.912263924599998 ], [ -62.079812812599997, -33.907789916299997 ], [ -62.080308789299998, -33.904026408699998 ], [ -62.0814848865, -33.901394269199997 ], [ -62.083127229200002, -33.896468500899999 ], [ -62.084935959, -33.890342605800001 ], [ -62.085460785, -33.887775875599999 ], [ -62.084931365499997, -33.884791615499999 ], [ -62.084475423900003, -33.883391894399999 ], [ -62.084014613100003, -33.881977172200003 ], [ -62.082590691500002, -33.879769941299998 ], [ -62.079534217, -33.874814721600004 ], [ -62.077178826599997, -33.870214280799999 ], [ -62.076246886, -33.868393898800001 ], [ -62.074199639, -33.864673229600001 ], [ -62.072068964400003, -33.8601920073 ], [ -62.072131829699998, -33.854694263799999 ], [ -62.072203427200002, -33.851568867799998 ], [ -62.072811736699997, -33.8504378604 ], [ -62.074712500300002, -33.848120120799997 ], [ -62.076357640600001, -33.846024351200001 ], [ -62.079266465099998, -33.844941276299998 ], [ -62.080485408400001, -33.8441043646 ], [ -62.082139571699997, -33.842389327 ], [ -62.082802572600002, -33.840146796399999 ], [ -62.082977023600002, -33.839273086 ], [ -62.082805712499997, -33.837588879400002 ], [ -62.081983836100001, -33.8359700858 ], [ -62.080901239200003, -33.834355687699997 ], [ -62.079906279399999, -33.833664986300001 ], [ -62.0778472704, -33.832121454700001 ], [ -62.0770836226, -33.831454414299998 ], [ -62.075416967099997, -33.829998549599999 ], [ -62.0727315412, -33.827675253599999 ], [ -62.070515215500002, -33.825761984899998 ], [ -62.068420781199997, -33.823707305699998 ], [ -62.067293428100001, -33.821949851 ], [ -62.065603743600001, -33.819365870399999 ], [ -62.065151446599998, -33.817910557 ], [ -62.0643378559, -33.815311876400003 ], [ -62.063734114699997, -33.813467079500001 ], [ -62.062131901699999, -33.810522475299997 ], [ -62.060722943800002, -33.808998313899998 ], [ -62.0577692791, -33.806161184799997 ], [ -62.054206287100001, -33.804670797599996 ], [ -62.045487061599999, -33.803336616700001 ], [ -62.0402721341, -33.801591780599999 ], [ -62.038805321799998, -33.799696275700001 ], [ -62.036683673299997, -33.794411787100003 ], [ -62.034953660200003, -33.786689548799998 ], [ -62.032606835, -33.774671427800001 ], [ -62.031265640599997, -33.768982271600002 ], [ -62.029169156400002, -33.760087560199999 ], [ -62.024793337799998, -33.749394369 ], [ -62.022215969299999, -33.745550722200001 ], [ -62.020138404800001, -33.742452132799997 ], [ -62.013428030599997, -33.737308081899997 ], [ -62.010987298, -33.7340550057 ], [ -62.010236341199999, -33.733054047700001 ], [ -62.009275864400003, -33.727969742 ], [ -62.009060460800001, -33.726829402699998 ], [ -62.011093319799997, -33.720023241900002 ], [ -62.012913708900001, -33.714167344 ], [ -62.015846112699997, -33.708804343700002 ], [ -62.015741046400002, -33.704308613499997 ], [ -62.0162137939, -33.6983724412 ], [ -62.017081855299999, -33.693656385899999 ], [ -62.019440478500002, -33.689938110299998 ], [ -62.021808477, -33.686628497500003 ], [ -62.023857546499997, -33.685368363199998 ], [ -62.025618960499997, -33.682273047599999 ], [ -62.027742094499999, -33.678967341499998 ], [ -62.028621383199997, -33.674762098800002 ], [ -62.030554769399998, -33.668597447099998 ], [ -62.031560839100003, -33.664594528599999 ], [ -62.031687740800002, -33.659932962100001 ], [ -62.031361454299997, -33.656113965300001 ], [ -62.031288778399997, -33.652461565499998 ], [ -62.029969257, -33.648879570699997 ], [ -62.027192847800002, -33.6451431793 ], [ -62.021672430899997, -33.639616259 ], [ -62.019760660700001, -33.635736855799998 ], [ -62.018443800199996, -33.631589484099997 ], [ -62.016086956700001, -33.628280972 ], [ -62.014375679399997, -33.6248073808 ], [ -62.009656120300001, -33.621511060499998 ], [ -62.004565796900003, -33.61801613 ], [ -61.999753179899997, -33.615947517800002 ] ] ] ] } },
{ "type": "Feature", "properties": { "N_CCA": 25, "Area": 971.976, "Perim": 171.574, "Cuenca": "25- Río Arrecifes" }, "geometry": { "type": "MultiPolygon", "coordinates": [ [ [ [ -61.433966310599999, -34.052127148700002 ], [ -61.434543136899997, -34.047944945899999 ], [ -61.434853330700001, -34.045603786100003 ], [ -61.439380660799998, -34.042693650099999 ], [ -61.445840979, -34.041347964400003 ], [ -61.448842632500003, -34.038455421099997 ], [ -61.448391220600001, -34.034333670199999 ], [ -61.446398779200003, -34.029277651900003 ], [ -61.442392184600003, -34.024403571299999 ], [ -61.438989357799997, -34.019523089 ], [ -61.441609338900001, -34.0166351863 ], [ -61.4454604425, -34.015002115 ], [ -61.447879996799998, -34.013507757100001 ], [ -61.447904429600001, -34.011391262099998 ], [ -61.447206294, -34.008385058899997 ], [ -61.447455388599998, -34.005776092300003 ], [ -61.448804765, -34.004620063200001 ], [ -61.452100692499997, -34.003654776799998 ], [ -61.457496142799997, -34.003947300599997 ], [ -61.461324294599997, -34.004797697299999 ], [ -61.465936046099998, -34.005720074199999 ], [ -61.472300668700001, -34.006214112899997 ], [ -61.478352296399997, -34.005571449199998 ], [ -61.482343693799997, -34.004546147399999 ], [ -61.485456544100003, -34.003612769599997 ], [ -61.488769109700002, -34.002921210700002 ], [ -61.492775917700001, -34.002791205100003 ], [ -61.496007757500003, -34.003077687900003 ], [ -61.500438536300003, -34.004815346400001 ], [ -61.505351132900003, -34.006139756300001 ], [ -61.509375334799998, -34.0069862478 ], [ -61.514367156500001, -34.007250631 ], [ -61.516615766199997, -34.007222921100002 ], [ -61.518082249099997, -34.007204827400003 ], [ -61.524088416, -34.004035912699997 ], [ -61.526768908299999, -34.000826601200004 ], [ -61.5289210412, -33.995424986700002 ], [ -61.530040045200003, -33.992397880600002 ], [ -61.530232563299997, -33.9867762875 ], [ -61.531122543400002, -33.983804252399999 ], [ -61.533837019099998, -33.980623571400002 ], [ -61.535466289200002, -33.9788116179 ], [ -61.537385567900003, -33.977073890299998 ], [ -61.546035036500001, -33.9740373164 ], [ -61.551405532799997, -33.973725402299998 ], [ -61.560200814799998, -33.973614185099997 ], [ -61.564996796899997, -33.973960461099999 ], [ -61.567357144200002, -33.974744788099997 ], [ -61.569040925300001, -33.975944885499999 ], [ -61.572766556300003, -33.976548813100003 ], [ -61.57677189, -33.9764161083 ], [ -61.579595442900001, -33.975809829200003 ], [ -61.581246242500001, -33.975218564 ], [ -61.582388780499997, -33.973575132800001 ], [ -61.585884162399999, -33.972308572400003 ], [ -61.589848339200003, -33.969977176 ], [ -61.593036636900003, -33.967981450099998 ], [ -61.595014204199998, -33.963965418100003 ], [ -61.596808349, -33.960603231299999 ], [ -61.597396419900001, -33.955465064400002 ], [ -61.5982653437, -33.949671747799997 ], [ -61.601344328099998, -33.947107174899998 ], [ -61.603276806499998, -33.945941897499999 ], [ -61.603659007700003, -33.944455952200002 ], [ -61.604096452, -33.9427551701 ], [ -61.6046245167, -33.939653675300001 ], [ -61.6026174271, -33.936829520400003 ], [ -61.600558101099999, -33.934594464100002 ], [ -61.597892913800003, -33.931701613900003 ], [ -61.595850529499998, -33.930239567800001 ], [ -61.591511976100001, -33.928096918900003 ], [ -61.587343295099998, -33.924567483499999 ], [ -61.583318347, -33.920573940499999 ], [ -61.580468859500002, -33.9173265226 ], [ -61.576216999800003, -33.914530697899998 ], [ -61.573323590400001, -33.911228744100001 ], [ -61.571911593800003, -33.908803635399998 ], [ -61.570496692399999, -33.906215669200002 ], [ -61.570908748500003, -33.90205707 ], [ -61.570850502200003, -33.898881724799999 ], [ -61.569722749100002, -33.895964327400002 ], [ -61.568793324, -33.893207267900003 ], [ -61.566905534100002, -33.891439653900001 ], [ -61.565597645, -33.889338886799997 ], [ -61.565165483400001, -33.887064103699998 ], [ -61.5657051186, -33.884532655199997 ], [ -61.566267046199997, -33.8832224971 ], [ -61.568868544700003, -33.881316310800003 ], [ -61.5721547395, -33.879482773600003 ], [ -61.577011616699998, -33.878117685399999 ], [ -61.579123151399997, -33.8761361193 ], [ -61.579653314200002, -33.873116104300003 ], [ -61.578530248500002, -33.869135761199999 ], [ -61.574790446199998, -33.865792215399999 ], [ -61.574096436300003, -33.862925971 ], [ -61.568284051799999, -33.861559045100002 ], [ -61.560011265299998, -33.861677588200003 ], [ -61.552995657300002, -33.861777681500001 ], [ -61.529066012299999, -33.8616044535 ], [ -61.524799537200003, -33.8621759328 ], [ -61.510238603399998, -33.854010278700002 ], [ -61.496154491, -33.846869258300003 ], [ -61.494049055700003, -33.8458015016 ], [ -61.489995431200001, -33.842142576900002 ], [ -61.484891654, -33.8366701478 ], [ -61.477824056199999, -33.827129164399999 ], [ -61.468718190300002, -33.823402421300003 ], [ -61.4627819651, -33.818646923400003 ], [ -61.457253335099999, -33.816368894199996 ], [ -61.452848914199997, -33.813704191900001 ], [ -61.447706012099999, -33.811370280299997 ], [ -61.445406555300004, -33.807406565599997 ], [ -61.4437629548, -33.804499321900003 ], [ -61.441755938900002, -33.798935851800003 ], [ -61.439762639800001, -33.794170328299998 ], [ -61.436520815, -33.791015569300001 ], [ -61.434253578700002, -33.788913552799997 ], [ -61.432309582599999, -33.787073829299999 ], [ -61.429116997400001, -33.786844804499999 ], [ -61.426243208199999, -33.786612011599999 ], [ -61.4207618111, -33.782950592200002 ], [ -61.414669524499999, -33.780892232100001 ], [ -61.406974874699998, -33.778319746299999 ], [ -61.399573676300001, -33.777181446299998 ], [ -61.390491106900001, -33.765483756800002 ], [ -61.389273433100001, -33.7587516464 ], [ -61.386543722900001, -33.747373687200003 ], [ -61.384703613500001, -33.743515877199997 ], [ -61.381612911, -33.741735053799999 ], [ -61.373941346499997, -33.737612115399997 ], [ -61.367080139499997, -33.734717530799998 ], [ -61.360921045700003, -33.732474988200003 ], [ -61.355068881199998, -33.730888933800003 ], [ -61.349491403800002, -33.730188947400002 ], [ -61.344183433300003, -33.729522539 ], [ -61.342557918899999, -33.729999526900002 ], [ -61.328851395400001, -33.734392223599997 ], [ -61.321276503699998, -33.736371515400002 ], [ -61.3130250301, -33.739347802799998 ], [ -61.307335374499999, -33.741890975 ], [ -61.302455047800002, -33.745813936399998 ], [ -61.2976676611, -33.749330264599998 ], [ -61.295779993399996, -33.750428511800003 ], [ -61.291889652199998, -33.752691739200003 ], [ -61.282458804699999, -33.756255999700002 ], [ -61.276443014800002, -33.756978534600002 ], [ -61.2712969695, -33.763374976900003 ], [ -61.266781525500001, -33.7666438543 ], [ -61.261117871800003, -33.772207212300003 ], [ -61.259706023200003, -33.773923538399998 ], [ -61.258251472399998, -33.7786526473 ], [ -61.252958829, -33.781725386200002 ], [ -61.2480949013, -33.785290073699997 ], [ -61.239719588, -33.788889907799998 ], [ -61.232187392, -33.7953212436 ], [ -61.229476613499997, -33.797695387700003 ], [ -61.2252357534, -33.798861153399997 ], [ -61.221613808699999, -33.799329476700002 ], [ -61.2164185201, -33.798516001800003 ], [ -61.212570064200001, -33.796440981300002 ], [ -61.2086636764, -33.796479318300001 ], [ -61.203830029599999, -33.793709535799998 ], [ -61.2001417854, -33.790513215200001 ], [ -61.191259260499997, -33.783601205799997 ], [ -61.185896335899997, -33.780984074700001 ], [ -61.180703123599997, -33.7777720152 ], [ -61.175704019199998, -33.775744015599997 ], [ -61.170710161199999, -33.773240102300001 ], [ -61.166245074499997, -33.772127103800003 ], [ -61.161402133099998, -33.7684661 ], [ -61.152969629899999, -33.770895397300002 ], [ -61.1479529669, -33.771705553899999 ], [ -61.144734015300003, -33.769956246600003 ], [ -61.141828915700003, -33.76509033 ], [ -61.127512163200002, -33.756325875599998 ], [ -61.119658454, -33.752987196200003 ], [ -61.111108837899998, -33.750692154200003 ], [ -61.102086050600001, -33.752997070799999 ], [ -61.0957533395, -33.757501512099999 ], [ -61.0911818063, -33.760952193400001 ], [ -61.088213069, -33.764833391499998 ], [ -61.082218877400003, -33.768148012099999 ], [ -61.075336620100003, -33.771470086500003 ], [ -61.072882757800002, -33.7740120144 ], [ -61.0667593067, -33.7783914452 ], [ -61.066009506199997, -33.778937560700001 ], [ -61.069861974299997, -33.782492683500003 ], [ -61.0761528317, -33.7883749947 ], [ -61.088564588799997, -33.799937977799999 ], [ -61.101583736899997, -33.811957722 ], [ -61.101728765899999, -33.812091560600003 ], [ -61.113964165500001, -33.823508674700001 ], [ -61.126568846600001, -33.835228022599999 ], [ -61.141243316, -33.8490593334 ], [ -61.148792839199999, -33.856141396699996 ], [ -61.159041869699998, -33.865746733899996 ], [ -61.199912612699997, -33.903774354500001 ], [ -61.219023914200001, -33.921467547799999 ], [ -61.219631415599999, -33.921991323299999 ], [ -61.2283435115, -33.9301794374 ], [ -61.237681403099998, -33.938864710799997 ], [ -61.256431727600003, -33.9562866236 ], [ -61.275771261300001, -33.973152789300002 ], [ -61.313950787862794, -34.009500105052943 ], [ -61.369466332400002, -34.061939582900003 ], [ -61.489952068800001, -34.1731039585 ], [ -61.495925821100002, -34.170389765499998 ], [ -61.497170356200002, -34.165091570500003 ], [ -61.497438403099999, -34.158676381299998 ], [ -61.497476262699998, -34.155971011 ], [ -61.497422239099997, -34.152910851500003 ], [ -61.497113937599998, -34.149996156100002 ], [ -61.496902208599998, -34.1481515077 ], [ -61.496608107, -34.1455890465 ], [ -61.495871909199998, -34.142679560300003 ], [ -61.495032212799998, -34.141443006800003 ], [ -61.493235272600003, -34.138796651500002 ], [ -61.491484737599997, -34.136611288399997 ], [ -61.488874709, -34.134222778800002 ], [ -61.485324675699999, -34.131916769299998 ], [ -61.482298250500001, -34.130173790900002 ], [ -61.481880098600001, -34.129612858500003 ], [ -61.480983514899997, -34.128410100099998 ], [ -61.479733328199998, -34.125435516 ], [ -61.478228992799998, -34.122606341400001 ], [ -61.4773299382, -34.120125777 ], [ -61.476423516600001, -34.117218198099998 ], [ -61.475615086799998, -34.115021258 ], [ -61.474626928200003, -34.112328191700001 ], [ -61.473048554199998, -34.110140474600001 ], [ -61.470249053499998, -34.106614889900001 ], [ -61.469657015599999, -34.105936029 ], [ -61.468590266600003, -34.104712804 ], [ -61.465706810199997, -34.101259294199998 ], [ -61.463352807100001, -34.098724781800001 ], [ -61.460829075299998, -34.096263422900002 ], [ -61.4576162551, -34.093525456400002 ], [ -61.453716876800002, -34.090653162400002 ], [ -61.451620144800003, -34.088115366899999 ], [ -61.4476909308, -34.083463645800002 ], [ -61.445495724499999, -34.080143882400002 ], [ -61.443056181800003, -34.077538779 ], [ -61.442244196200001, -34.075056896600003 ], [ -61.441087377300001, -34.071304850200001 ], [ -61.4403385142, -34.068601561400001 ], [ -61.438897367499997, -34.065042236399997 ], [ -61.438035730899998, -34.0631243789 ], [ -61.436396150199997, -34.060675856800003 ], [ -61.433966310599999, -34.052127148700002 ] ] ] ] } },
{ "type": "Feature", "properties": { "N_CCA": 17, "Area": 3180.57, "Perim": 353.648, "Cuenca": "17- Arroyo Saladillo" }, "geometry": { "type": "MultiPolygon", "coordinates": [ [ [ [ -61.849149802100001, -33.606217042600001 ], [ -61.8564801339, -33.605047033799998 ], [ -61.863463370700003, -33.598568201 ], [ -61.8661417414, -33.588310106599998 ], [ -61.866683785399999, -33.583354632300001 ], [ -61.869171308, -33.578369776300001 ], [ -61.873651006599999, -33.574133213 ], [ -61.874330040799997, -33.570267458099998 ], [ -61.876165759800003, -33.565171672799998 ], [ -61.878137522899998, -33.559711798400002 ], [ -61.880351691800001, -33.5556174154 ], [ -61.883265496100002, -33.551165685299999 ], [ -61.887651648199999, -33.545222338099997 ], [ -61.889320175, -33.541209215899997 ], [ -61.892479209500003, -33.536543672800001 ], [ -61.894881175499997, -33.53167978 ], [ -61.899261004899998, -33.525526238200001 ], [ -61.900969977300001, -33.523401247499997 ], [ -61.903134253600001, -33.519170472699997 ], [ -61.903729995500001, -33.5120254984 ], [ -61.9007983706, -33.5040951971 ], [ -61.897899371100003, -33.497633455699997 ], [ -61.894513355800001, -33.491808707 ], [ -61.890152825199998, -33.487258013500004 ], [ -61.886498957900002, -33.480597594499997 ], [ -61.883565158099998, -33.473170173200003 ], [ -61.881934854699999, -33.467318323400001 ], [ -61.881334014799997, -33.462710098400002 ], [ -61.880983785799998, -33.4580980629 ], [ -61.880847841399998, -33.451803742099997 ], [ -61.880274378800003, -33.4484543648 ], [ -61.8789586392, -33.445535984700001 ], [ -61.875621229, -33.441808692899997 ], [ -61.869511144100002, -33.437283609200001 ], [ -61.865427626900001, -33.433777138700002 ], [ -61.8583258711, -33.429686161600003 ], [ -61.845344946799997, -33.423499619300003 ], [ -61.838007774899999, -33.420040579899997 ], [ -61.821051094600001, -33.4116855169 ], [ -61.813913888499997, -33.405703455 ], [ -61.807550407500003, -33.400759127 ], [ -61.802500028899999, -33.3987337676 ], [ -61.795460092600003, -33.397366656599999 ], [ -61.7886621297, -33.395575892399997 ], [ -61.784138838499999, -33.394801469299999 ], [ -61.776849136099997, -33.393436898399997 ], [ -61.770064541, -33.392274561 ], [ -61.763967519099999, -33.387953771900001 ], [ -61.757021809800001, -33.384003671499997 ], [ -61.752673891400001, -33.379447629 ], [ -61.745055958, -33.374097899399999 ], [ -61.739445243600002, -33.3689294387 ], [ -61.736137546199998, -33.366247206700002 ], [ -61.729806220100002, -33.362557593799998 ], [ -61.722511624900001, -33.360770037499996 ], [ -61.7152502896, -33.360660698799997 ], [ -61.706741810399997, -33.360777983 ], [ -61.6982087823, -33.359635672300001 ], [ -61.6924124186, -33.357615928 ], [ -61.687839176099999, -33.354110037 ], [ -61.684246950099997, -33.349541223800003 ], [ -61.680909375900001, -33.345178709 ], [ -61.678556823599997, -33.339963236199999 ], [ -61.674957650400003, -33.334974427299997 ], [ -61.672334683899997, -33.330899864800003 ], [ -61.670995696, -33.3263002407 ], [ -61.666599202599997, -33.318803160100003 ], [ -61.663751994899997, -33.313803873600001 ], [ -61.660118991200001, -33.306925992399997 ], [ -61.657534592099999, -33.302552704500002 ], [ -61.652687847499998, -33.297579811 ], [ -61.646853233400002, -33.293249489399997 ], [ -61.642808911199999, -33.290994177 ], [ -61.637788106499997, -33.290010978399998 ], [ -61.635014015300001, -33.288788134 ], [ -61.629985607199998, -33.287384917099999 ], [ -61.624953462699999, -33.285771660499996 ], [ -61.619929251099997, -33.284577874900002 ], [ -61.6149051684, -33.283383881699997 ], [ -61.609900481899999, -33.283238915399998 ], [ -61.6028916323, -33.282909730100002 ], [ -61.593640045100003, -33.2830287122 ], [ -61.5870638966, -33.283259432599998 ], [ -61.5810401154, -33.282076822500002 ], [ -61.5737625326, -33.280699898599998 ], [ -61.566962712399999, -33.278057143700003 ], [ -61.558375851199997, -33.273337418399997 ], [ -61.551301056600003, -33.269227928900001 ], [ -61.546215801099997, -33.264463581599998 ], [ -61.5426604914, -33.261359250700004 ], [ -61.537101965200002, -33.258069691700001 ], [ -61.533786232399997, -33.254332419199997 ], [ -61.5287064499, -33.249777151700002 ], [ -61.523369941, -33.244805018 ], [ -61.518552099300003, -33.240875800200001 ], [ -61.510724764599999, -33.236353281100001 ], [ -61.505422458200002, -33.2332690406 ], [ -61.500866692800003, -33.229965653800001 ], [ -61.495797170199999, -33.225828663199998 ], [ -61.492637824799999, -33.221727926500002 ], [ -61.4902963834, -33.216298486500001 ], [ -61.4883945256, -33.207295379199998 ], [ -61.48829507, -33.201419261700003 ], [ -61.488170790799998, -33.194074079899998 ], [ -61.488106893599998, -33.190296570599997 ], [ -61.487993327600002, -33.1835809727 ], [ -61.4891427568, -33.177689880800003 ], [ -61.489496707599997, -33.1690795369 ], [ -61.490881379699999, -33.162345988699997 ], [ -61.4908479801, -33.160372745300002 ], [ -61.490810339600003, -33.158148714 ], [ -61.488221182300002, -33.152722137300003 ], [ -61.484394581399997, -33.1479399818 ], [ -61.479815930800001, -33.142956709 ], [ -61.474024640800003, -33.140086697299999 ], [ -61.466982022, -33.137021242499998 ], [ -61.456205742199998, -33.134628800500003 ], [ -61.447676726200001, -33.132209318199997 ], [ -61.439674799599999, -33.131462429400003 ], [ -61.430469073099999, -33.133457657599998 ], [ -61.421711491, -33.132298464400002 ], [ -61.418891970499999, -33.131413545500003 ], [ -61.412108228199997, -33.128761800100001 ], [ -61.406306587899998, -33.125049064599999 ], [ -61.401021328, -33.122379775299997 ], [ -61.393946053800001, -33.117001468600002 ], [ -61.388421930299998, -33.114964042899999 ], [ -61.381371003700004, -33.111054090099998 ], [ -61.375831208299999, -33.107966711300001 ], [ -61.369050464300003, -33.105312548199997 ], [ -61.3625552978, -33.104963903399998 ], [ -61.355567509499998, -33.105040110099999 ], [ -61.349584373299997, -33.105524880600001 ], [ -61.343604355700002, -33.106219229300002 ], [ -61.3378706146, -33.10670075 ], [ -61.330365448099997, -33.1064747434 ], [ -61.323560877799999, -33.104150116500001 ], [ -61.314953228, -33.100345984500002 ], [ -61.309569928, -33.097705945400001 ], [ -61.305959110499998, -33.094447848500003 ], [ -61.297704931600002, -33.090339142200001 ], [ -61.291962175, -33.087402432499999 ], [ -61.2833574685, -33.083596034400003 ], [ -61.2768557116, -33.077370397499998 ], [ -61.268570043700002, -33.070862931800001 ], [ -61.262434922200001, -33.065232057400003 ], [ -61.255579922400003, -33.059008828899998 ], [ -61.2455173293, -33.0525176425 ], [ -61.2364634184, -33.048594080100003 ], [ -61.223187020499999, -33.041233932399997 ], [ -61.210980666399998, -33.0338619511 ], [ -61.206623305599997, -33.027611670699997 ], [ -61.1997224104, -33.017490314 ], [ -61.196025838799997, -33.007337874199997 ], [ -61.190615443399999, -33.001995982499999 ], [ -61.184518096799998, -32.9984582405 ], [ -61.177009894699999, -32.995832442199998 ], [ -61.167011451, -32.993229506799999 ], [ -61.158116231599998, -32.993312343 ], [ -61.147991237799999, -32.995165321100004 ], [ -61.146045739, -32.995521265 ], [ -61.134334327600001, -32.9980254062 ], [ -61.128682956299997, -33.001372771 ], [ -61.117604848600003, -32.9998845553 ], [ -61.106465295100001, -32.996537132599997 ], [ -61.106231996299996, -32.998256422600001 ], [ -61.104221940800002, -33.002727182699999 ], [ -61.102229656600002, -33.005710827599998 ], [ -61.099804767199998, -33.008543815899998 ], [ -61.097170213600002, -33.011582920499997 ], [ -61.093970622900002, -33.014541063300001 ], [ -61.091876395200003, -33.016647643500001 ], [ -61.0899760482, -33.017895007699998 ], [ -61.087088981599997, -33.019361105199998 ], [ -61.083910829, -33.0198631879 ], [ -61.082723079, -33.020018006500003 ], [ -61.078779625700001, -33.020531935699999 ], [ -61.0763758071, -33.020687201699999 ], [ -61.0750590281, -33.020772234500001 ], [ -61.0709080472, -33.020951771199996 ], [ -61.066742182, -33.020500649699997 ], [ -61.064785468399997, -33.024907221799999 ], [ -61.062137077300001, -33.027183817500003 ], [ -61.058150766600001, -33.029471711299998 ], [ -61.056839886500001, -33.031736846100003 ], [ -61.055010206699997, -33.033309328800001 ], [ -61.052866636, -33.035151475 ], [ -61.050231003900002, -33.038554725700003 ], [ -61.047568492, -33.039704123299998 ], [ -61.044725017, -33.0402708174 ], [ -61.041096722600003, -33.040885312299999 ], [ -61.038216093099997, -33.040909318899999 ], [ -61.034566695400002, -33.040939636700003 ], [ -61.032864226599997, -33.040953743599999 ], [ -61.030793897300001, -33.041369977899997 ], [ -61.028850319, -33.040986911600001 ], [ -61.0272850968, -33.040377786299999 ], [ -61.0256102345, -33.041001124200001 ], [ -61.022437673799999, -33.041794407300003 ], [ -61.018685725399997, -33.0430472392 ], [ -61.0159450186, -33.043968746600001 ], [ -61.012196502499997, -33.0453790193 ], [ -61.009796959900001, -33.047151087800003 ], [ -61.005845624899997, -33.050253866600002 ], [ -61.001831089100001, -33.054123422399996 ], [ -60.999817227900003, -33.056362369200002 ], [ -60.997967631599998, -33.059927830100001 ], [ -60.996651036400003, -33.063349836100002 ], [ -60.9948884095, -33.066035345700001 ], [ -60.993980756699997, -33.067401025800002 ], [ -60.990863979700002, -33.069521737099997 ], [ -60.986057259200003, -33.0716459167 ], [ -60.982598690499998, -33.074087069800001 ], [ -60.979935922, -33.0773268676 ], [ -60.977324049099998, -33.080453191099998 ], [ -60.974910778500004, -33.082878077499998 ], [ -60.971321429699998, -33.085501136799998 ], [ -60.969961915500001, -33.088270226699997 ], [ -60.967783559399997, -33.091614986099998 ], [ -60.966064540600001, -33.093916456700001 ], [ -60.963303430700002, -33.096414004499998 ], [ -60.960958198, -33.098319460600003 ], [ -60.959279402, -33.1000345235 ], [ -60.9583455458, -33.101467919100003 ], [ -60.957190013400002, -33.1025892981 ], [ -60.954712019, -33.103370306 ], [ -60.951392188100002, -33.104907405500001 ], [ -60.948717042600002, -33.1064797222 ], [ -60.946870381899998, -33.107904305399998 ], [ -60.944017296799998, -33.109929747599999 ], [ -60.942116834700002, -33.111355071600002 ], [ -60.938932612, -33.112979902500001 ], [ -60.936636460800003, -33.113510018900001 ], [ -60.9334444486, -33.112364016400001 ], [ -60.930342420400002, -33.110428141900002 ], [ -60.928249476799998, -33.108004032700002 ], [ -60.927469183600003, -33.107240702 ], [ -60.926355135500003, -33.106602448399997 ], [ -60.925094458700002, -33.105333442 ], [ -60.92270795, -33.104194997500002 ], [ -60.922262359199998, -33.10338804 ], [ -60.921299427800001, -33.102227400099999 ], [ -60.9195858183, -33.101146248399999 ], [ -60.9182817031, -33.100397835300001 ], [ -60.916412724200001, -33.0996129595 ], [ -60.914143547099997, -33.098969908900003 ], [ -60.913116837600001, -33.098669305 ], [ -60.911250563800003, -33.0980199587 ], [ -60.909703104199998, -33.097184788600003 ], [ -60.907875758899998, -33.095766110299998 ], [ -60.906593879200003, -33.094768539900002 ], [ -60.905552859399997, -33.093722022900003 ], [ -60.904652676399998, -33.0930124482 ], [ -60.903226150400002, -33.091474476099997 ], [ -60.9020236454, -33.090407809699997 ], [ -60.901033398099997, -33.089202214300002 ], [ -60.900232025900003, -33.088038920800003 ], [ -60.899189859, -33.086924542299997 ], [ -60.898097482399997, -33.085991792599998 ], [ -60.897653511500003, -33.085252544200003 ], [ -60.896770794299997, -33.084045261200004 ], [ -60.896104222600002, -33.082902477499999 ], [ -60.8948456185, -33.081700951899997 ], [ -60.894050023299997, -33.080831436 ], [ -60.893086412899997, -33.0796027584 ], [ -60.892323325600003, -33.0790266403 ], [ -60.890903289599997, -33.077804939700002 ], [ -60.889997343200001, -33.0767788291 ], [ -60.889229554, -33.075954072499997 ], [ -60.888299814600003, -33.075086571299998 ], [ -60.887212009499997, -33.074379737100003 ], [ -60.8863121714, -33.0736700219 ], [ -60.884767523699999, -33.072947536400001 ], [ -60.883738202399996, -33.072488470300001 ], [ -60.882575074099996, -33.0720540441 ], [ -60.881386396, -33.071687821399998 ], [ -60.880098054199998, -33.0717300544 ], [ -60.878807138200003, -33.071636663500001 ], [ -60.8769012586, -33.0716882591 ], [ -60.875799147800002, -33.071637183299998 ], [ -60.8743267053, -33.071885628499999 ], [ -60.873388254300004, -33.071967696599998 ], [ -60.871488339199999, -33.0723356353 ], [ -60.869859464699999, -33.072835090200002 ], [ -60.866976284400003, -33.0737604475 ], [ -60.8650200497, -33.073993489400003 ], [ -60.863304182500002, -33.074155048199998 ], [ -60.861556365299997, -33.074045765400001 ], [ -60.859941531300002, -33.073866629699999 ], [ -60.858619513900003, -33.073547415199997 ], [ -60.856921181399997, -33.073211239199999 ], [ -60.855595378300002, -33.072688574700003 ], [ -60.8543497175, -33.072142083899998 ], [ -60.852881254, -33.0711693668 ], [ -60.852092491699999, -33.070638603200003 ], [ -60.851521063100002, -33.070240225 ], [ -60.850728101500003, -33.069483432399998 ], [ -60.8499343107, -33.068681430300003 ], [ -60.849362904499998, -33.068283041800001 ], [ -60.848626622899999, -33.067683644699997 ], [ -60.848353086700001, -33.067416440599999 ], [ -60.847885301399998, -33.066813018600001 ], [ -60.847414157099998, -33.066028778400003 ], [ -60.846619586599999, -33.0651815497 ], [ -60.845550673799998, -33.0640219008 ], [ -60.845068223699997, -33.062627394800003 ], [ -60.844437306400003, -33.0619133557 ], [ -60.843829888099997, -33.061018095500003 ], [ -60.8429217204, -33.0598334138 ], [ -60.842426328400002, -33.059185166 ], [ -60.8422249893, -33.058464703 ], [ -60.841941020900002, -33.057632430799998 ], [ -60.841440619899998, -33.056712953100003 ], [ -60.841050541900003, -33.055950086499998 ], [ -60.840659214200002, -33.055119412099998 ], [ -60.840189454099999, -33.054402947600003 ], [ -60.839419810499997, -33.0534422578 ], [ -60.8388984734, -33.052839598600002 ], [ -60.838483264300002, -33.052167531400002 ], [ -60.837492640199997, -33.0508709944 ], [ -60.834915798, -33.049462387600002 ], [ -60.834431370899999, -33.0494017623 ], [ -60.833172664499997, -33.049578720200003 ], [ -60.831237876, -33.049494396199997 ], [ -60.829497647499998, -33.049768893200003 ], [ -60.827456730500003, -33.049753908699998 ], [ -60.826169499899997, -33.049840784600001 ], [ -60.824129824300002, -33.049893552500002 ], [ -60.822734385799997, -33.049936775200003 ], [ -60.821228675299999, -33.049823350600001 ], [ -60.819374418700001, -33.049737654200001 ], [ -60.817273208700001, -33.049361657299997 ], [ -60.815009308199997, -33.048897583699997 ], [ -60.812663666799999, -33.048366844199997 ], [ -60.810447745, -33.047585465300003 ], [ -60.807852372900001, -33.046606129799997 ], [ -60.805497817400003, -33.045578000600003 ], [ -60.803008288299999, -33.044506581699999 ], [ -60.801515635100003, -33.043624041599998 ], [ -60.799918504300003, -33.042901266199998 ], [ -60.797811824, -33.042208502400001 ], [ -60.795883696, -33.040993110700001 ], [ -60.794529444299997, -33.040334556799998 ], [ -60.792656938699999, -33.039974180400002 ], [ -60.780107974, -33.039296654600001 ], [ -60.777179223600001, -33.039138346199998 ], [ -60.775063080499997, -33.0393644002 ], [ -60.773113037, -33.039067882200001 ], [ -60.764751413100001, -33.037796068200002 ], [ -60.7609372533, -33.036169389500003 ], [ -60.757897222899999, -33.034925597700003 ], [ -60.7528275142, -33.032839644100001 ], [ -60.746338585499998, -33.031548766299998 ], [ -60.737315367500003, -33.029474654099999 ], [ -60.734070119199998, -33.028338314800003 ], [ -60.732086346199999, -33.027643630699998 ], [ -60.719806514, -33.021142134500003 ], [ -60.719117972200003, -33.020659844400001 ], [ -60.714722381800001, -33.017580730900001 ], [ -60.708689835400001, -33.013891529299997 ], [ -60.702813619300002, -33.009935165 ], [ -60.698524746499999, -33.006900538899998 ], [ -60.695028979900002, -33.004260326199997 ], [ -60.688847463400002, -33.001501869099997 ], [ -60.6846962029, -33.000624187 ], [ -60.683943106900003, -33.000464946500003 ], [ -60.679363916600003, -33.000622925400002 ], [ -60.675894349499998, -33.001306705099999 ], [ -60.6734841058, -33.002775015899999 ], [ -60.67033835, -33.004520783899999 ], [ -60.666399681400001, -33.00587173 ], [ -60.662449995, -33.0057597781 ], [ -60.657867517299998, -33.005518026899999 ], [ -60.652332492100001, -33.004616177 ], [ -60.6501173495, -33.004095778699998 ], [ -60.645378951, -33.0041203663 ], [ -60.642690029699999, -33.003602284199999 ], [ -60.6366785759, -33.002303227799999 ], [ -60.633194304299998, -33.000991069900003 ], [ -60.630035511599999, -33.001007051899997 ], [ -60.624498220200003, -32.9997049941 ], [ -60.621331972500002, -32.998656898299998 ], [ -60.615954718, -32.997619649699999 ], [ -60.612953036199997, -32.997501429700002 ], [ -60.612008190300003, -32.9979050281 ], [ -60.610767611, -33.001235800700002 ], [ -60.609845590399999, -33.004963948799997 ], [ -60.609910424600002, -33.006028885799999 ], [ -60.610023662499998, -33.00788881 ], [ -60.610363395100002, -33.011344816799998 ], [ -60.611804301100001, -33.014130497 ], [ -60.6127695554, -33.016652526400001 ], [ -60.615170505499997, -33.021162286 ], [ -60.617449925700001, -33.023376097800003 ], [ -60.620193209, -33.02867768 ], [ -60.620225122, -33.033233396 ], [ -60.619615320900003, -33.036803479600003 ], [ -60.618481863699998, -33.0419741372 ], [ -60.6162207514, -33.050412803900002 ], [ -60.616264164699999, -33.056644745900002 ], [ -60.619196431100001, -33.061507558300001 ], [ -60.625675340199997, -33.0668944779 ], [ -60.633119306799998, -33.072005192799999 ], [ -60.643159763200003, -33.077461323500003 ], [ -60.650599638499997, -33.081758109900001 ], [ -60.662227741, -33.086032267900002 ], [ -60.672556071, -33.088686585700003 ], [ -60.681598542099998, -33.091618039399997 ], [ -60.690315207799998, -33.094008716 ], [ -60.697756592899999, -33.098031681400002 ], [ -60.701966172100001, -33.100717640900001 ], [ -60.705888476600002, -33.107740427899998 ], [ -60.707873788900002, -33.114232179299997 ], [ -60.710539095199998, -33.121632386599998 ], [ -60.716398857100003, -33.128914700599999 ], [ -60.7193368187, -33.133504053199999 ], [ -60.721654927400003, -33.141077453 ], [ -60.723337630300001, -33.149738316399997 ], [ -60.728239951699997, -33.157838444399999 ], [ -60.731837794900002, -33.164049343800002 ], [ -60.738680822299997, -33.172679518499997 ], [ -60.741957597199999, -33.178892004799998 ], [ -60.746499474, -33.182116312600002 ], [ -60.751677363100001, -33.184252793 ], [ -60.757170959600003, -33.1855742722 ], [ -60.762358692200003, -33.188794060200003 ], [ -60.765611815200003, -33.192025541900001 ], [ -60.768430351399999, -33.196255786099996 ], [ -60.769089856800001, -33.199638641299998 ], [ -60.770755512500003, -33.202803568299998 ], [ -60.774328894600004, -33.207967591299997 ], [ -60.776118994800001, -33.210919988100002 ], [ -60.778913540700003, -33.213442719600003 ], [ -60.7827238442, -33.216805706599999 ], [ -60.788047547, -33.220264861 ], [ -60.791089050099998, -33.222150681099997 ], [ -60.792605930299999, -33.224501528799998 ], [ -60.793877584599997, -33.2286624905 ], [ -60.796234394599999, -33.2286474279 ], [ -60.802771915400001, -33.230126023300002 ], [ -60.809959441300002, -33.2310841555 ], [ -60.817134072899997, -33.230635348500002 ], [ -60.823940592100001, -33.229951482700002 ], [ -60.827664469399998, -33.229102062199999 ], [ -60.835116664499999, -33.227897671100003 ], [ -60.839434241699998, -33.227538725099997 ], [ -60.8451376533, -33.228324808 ], [ -60.850636756, -33.228287327300002 ], [ -60.855364736699997, -33.229739378200001 ], [ -60.857414800800001, -33.230379077499997 ], [ -60.861553796899997, -33.231834948900001 ], [ -60.867084023799997, -33.234930400700001 ], [ -60.871429604299998, -33.237374136600003 ], [ -60.877729745899998, -33.238814320499998 ], [ -60.883241067500002, -33.239929884600002 ], [ -60.889326793800002, -33.239556634899998 ], [ -60.893040298, -33.237715681099999 ], [ -60.899122441800003, -33.237012113 ], [ -60.904623707200003, -33.237137148800002 ], [ -60.913474309800002, -33.238227057300001 ], [ -60.916639355400001, -33.240347979299997 ], [ -60.9241414814, -33.2439211413 ], [ -60.926926262899997, -33.247199209599998 ], [ -60.9293358595, -33.2521294103 ], [ -60.930897547500003, -33.259026304499997 ], [ -60.930013241600001, -33.264574875800001 ], [ -60.930389166099999, -33.270377910100002 ], [ -60.933586292900003, -33.275368070900001 ], [ -60.938372829899997, -33.281929572700001 ], [ -60.941548172499999, -33.284808463899999 ], [ -60.945706913899997, -33.291374416799997 ], [ -60.946718695100003, -33.2977003357 ], [ -60.947090216200003, -33.302975500300001 ], [ -60.949972139499998, -33.307703698899999 ], [ -60.952525535600003, -33.311114847500001 ], [ -60.958891102599999, -33.317927266 ], [ -60.9627091722, -33.321856232199998 ], [ -60.967774198699999, -33.324719752299998 ], [ -60.974756454900003, -33.3302070258 ], [ -60.981092606300003, -33.334115618200002 ], [ -60.988957657599997, -33.334053240800003 ], [ -60.998395679200001, -33.333977730699999 ], [ -61.007201456499999, -33.333642739200002 ], [ -61.012235007699999, -33.333601817599998 ], [ -61.017897755200003, -33.333555536900001 ], [ -61.022638305599997, -33.335363859300003 ], [ -61.029080378899998, -33.337007319199998 ], [ -61.036325760799997, -33.337738765099999 ], [ -61.047333918900001, -33.337382527499997 ], [ -61.053940688, -33.337326635799997 ], [ -61.0649647364, -33.338288173499997 ], [ -61.077588087499997, -33.341346002800002 ], [ -61.087049580699997, -33.343110806699997 ], [ -61.097442102099997, -33.343811084199999 ], [ -61.109719177800002, -33.344229755599997 ], [ -61.114759895900001, -33.344712402200003 ], [ -61.121722307900001, -33.347816401899998 ], [ -61.126814279, -33.352256468599997 ], [ -61.130959369599999, -33.3564410583 ], [ -61.134468633600001, -33.360103521299997 ], [ -61.139876711799999, -33.364540137900001 ], [ -61.144659321, -33.369246165200003 ], [ -61.148180118299997, -33.373699790800003 ], [ -61.1526558937, -33.378936119800002 ], [ -61.1561635272, -33.382334063800002 ], [ -61.161252253500002, -33.386244889499999 ], [ -61.167597071599999, -33.389879801 ], [ -61.173938865, -33.393250523200003 ], [ -61.178721326500003, -33.397691291699999 ], [ -61.1842091627, -33.407666785399996 ], [ -61.184348842200002, -33.417957068699998 ], [ -61.182713497, -33.4286987809 ], [ -61.180644815299999, -33.438746197599997 ], [ -61.177584328400002, -33.445372452299999 ], [ -61.174183521499998, -33.450154677900002 ], [ -61.173621043899999, -33.455173838100002 ], [ -61.174647962500003, -33.461233487400001 ], [ -61.178825645300002, -33.467263195199997 ], [ -61.1823880723, -33.474354180600002 ], [ -61.185589245, -33.478017984600001 ], [ -61.192898050499998, -33.482433886599999 ], [ -61.198309501200001, -33.486339930500002 ], [ -61.201500894799999, -33.489211758099998 ], [ -61.208782064099999, -33.491515891200002 ], [ -61.216712382700003, -33.495132629899999 ], [ -61.226849549, -33.498727016300002 ], [ -61.240821901300002, -33.4993734492 ], [ -61.2477036748, -33.4934724051 ], [ -61.253020133600003, -33.48258806 ], [ -61.256375908800003, -33.4738062132 ], [ -61.262763296800003, -33.468325926799999 ], [ -61.274177937600001, -33.466542859299999 ], [ -61.287139441400001, -33.4684917477 ], [ -61.302140747300001, -33.4737503725 ], [ -61.318648612600001, -33.4798242552 ], [ -61.336593458700001, -33.4821313741 ], [ -61.352504145499999, -33.481542176200001 ], [ -61.365469360200002, -33.483482785600003 ], [ -61.373506886100003, -33.488392641499999 ], [ -61.382520410300003, -33.492041399 ], [ -61.389053884200003, -33.496133893200003 ], [ -61.397551258199996, -33.498537648899998 ], [ -61.410459053399997, -33.496725159199997 ], [ -61.418323650399998, -33.490803618199998 ], [ -61.4291784682, -33.485263671699997 ], [ -61.436605252900002, -33.4830950331 ], [ -61.4485358453, -33.482539584400001 ], [ -61.456501070800002, -33.482862767699999 ], [ -61.470442060300002, -33.483531219600003 ], [ -61.484383241800003, -33.484198078399999 ], [ -61.4910708488, -33.4866048807 ], [ -61.499952351099999, -33.4823322019 ], [ -61.508753505199998, -33.473477829799997 ], [ -61.515995819399997, -33.460892994699996 ], [ -61.5246838833, -33.445790672299999 ], [ -61.527959599299997, -33.434086969399999 ], [ -61.535766408, -33.425659534600001 ], [ -61.544076083699998, -33.417641930800002 ], [ -61.5504408623, -33.412147394800002 ], [ -61.556293018399998, -33.405825872500003 ], [ -61.557657458199998, -33.398727408 ], [ -61.557493991199998, -33.389565357899997 ], [ -61.556893208799998, -33.383741195500001 ], [ -61.5582350042, -33.375393335799998 ], [ -61.561133677199997, -33.370774853299999 ], [ -61.571015829799997, -33.367734317100002 ], [ -61.580934933400002, -33.3667752693 ], [ -61.587392065899998, -33.366692855700002 ], [ -61.593894707899999, -33.369108801899998 ], [ -61.602950122899998, -33.375240393299997 ], [ -61.608055559500002, -33.382672188199997 ], [ -61.613635613500001, -33.3888479381 ], [ -61.621227088799998, -33.396246787099997 ], [ -61.626793432900001, -33.401588991 ], [ -61.632368252900001, -33.407347361500001 ], [ -61.637967273, -33.4143547738 ], [ -61.638123699300003, -33.422683548499997 ], [ -61.6407576191, -33.430562994900001 ], [ -61.6439048417, -33.4392686634 ], [ -61.648654526599998, -33.453784471900001 ], [ -61.649767199800003, -33.4600177441 ], [ -61.6564607798, -33.472008049099998 ], [ -61.663566017400001, -33.479410524199999 ], [ -61.6789895358, -33.499372068299998 ], [ -61.686644923099998, -33.509264839700002 ], [ -61.68940762, -33.5233892599 ], [ -61.692017137900002, -33.529601589099997 ], [ -61.695214115200002, -33.540387629500003 ], [ -61.699440000499997, -33.5528255519 ], [ -61.7050623688, -33.5602457293 ], [ -61.714153993099998, -33.566784563399999 ], [ -61.726723591700001, -33.572857686500001 ], [ -61.738788693799997, -33.578520061100001 ], [ -61.747403583400001, -33.585896098900001 ], [ -61.756551656600003, -33.594930002300003 ], [ -61.761649819699997, -33.6006888004 ], [ -61.768740774800001, -33.606418869099997 ], [ -61.78130116, -33.611856219300002 ], [ -61.788922421599999, -33.608546027499997 ], [ -61.795488291300003, -33.608689631300003 ], [ -61.798812013099997, -33.608762192 ], [ -61.8081530774, -33.6066031903 ], [ -61.811003771700001, -33.605944148299997 ], [ -61.818900056, -33.6034337663 ], [ -61.831826815500001, -33.605041048399997 ], [ -61.833582442100003, -33.605555149300002 ], [ -61.842431360299997, -33.609014203800001 ], [ -61.845623550600003, -33.607633606900002 ], [ -61.849149802100001, -33.606217042600001 ] ] ] ] } },
{ "type": "Feature", "properties": { "N_CCA": 20, "Area": 3406.974, "Perim": 423.38, "Cuenca": "20- Arroyo Pavón" }, "geometry": { "type": "MultiPolygon", "coordinates": [ [ [ [ -60.868411562299997, -33.498105392399999 ], [ -60.8742557968, -33.506106298900001 ], [ -60.885881942799998, -33.515674079900002 ], [ -60.895597220399999, -33.526058772299997 ], [ -60.903737096, -33.5330577183 ], [ -60.906263225, -33.535229427099999 ], [ -60.915451749900001, -33.540791186 ], [ -60.935195990300002, -33.544664579 ], [ -60.948196678599999, -33.546978267299998 ], [ -60.957874065200002, -33.552935174399998 ], [ -60.966115411300002, -33.559304629899998 ], [ -60.968612737299999, -33.567729048099999 ], [ -60.976539973900003, -33.577124208 ], [ -60.980980072900003, -33.5871413582 ], [ -60.989290659300003, -33.599137865899998 ], [ -60.991819100500003, -33.6099740111 ], [ -60.997233840100002, -33.620786840400001 ], [ -61.006413866099997, -33.624331270500001 ], [ -61.016518813600001, -33.624650707400001 ], [ -61.029009491499998, -33.623341140400001 ], [ -61.045842813599997, -33.623199931599999 ], [ -61.058818637, -33.622285355199999 ], [ -61.069920058199997, -33.6254064759 ], [ -61.081047407299998, -33.630536779899998 ], [ -61.095588949300002, -33.639254601899999 ], [ -61.103120098300003, -33.648321124299997 ], [ -61.104872332399999, -33.6504302385 ], [ -61.115094548800002, -33.6595862661 ], [ -61.127651421099998, -33.663091059899998 ], [ -61.137290466499998, -33.664208964899998 ], [ -61.1439575777, -33.658920430899997 ], [ -61.147694555599998, -33.650442164899999 ], [ -61.163013550800002, -33.644669914700003 ], [ -61.183709641, -33.645277633900001 ], [ -61.197654527899999, -33.6447412542 ], [ -61.2031561031, -33.645139131100002 ], [ -61.211390181799999, -33.649079455500001 ], [ -61.232711844, -33.659724637799997 ], [ -61.2424325263, -33.6664625306 ], [ -61.271782490600003, -33.672135203 ], [ -61.278900286800003, -33.673509738699998 ], [ -61.295407604099999, -33.6767610741 ], [ -61.308138864199996, -33.677592876600002 ], [ -61.318889473900001, -33.674902783599997 ], [ -61.319191207300001, -33.669426012700001 ], [ -61.315586093100002, -33.660449179700002 ], [ -61.314487514, -33.656058508199997 ], [ -61.3135159833, -33.6521751995 ], [ -61.315358571899999, -33.650197952600003 ], [ -61.318929275800002, -33.648985313899999 ], [ -61.319825587899999, -33.646365543400002 ], [ -61.318383609900003, -33.643901234799998 ], [ -61.316892878399997, -33.640931354300001 ], [ -61.316670777600002, -33.638151747 ], [ -61.3165581895, -33.636742615400003 ], [ -61.317430615100001, -33.632556985900003 ], [ -61.334581182500003, -33.623667284100001 ], [ -61.347501787600002, -33.616628808800002 ], [ -61.3522045482, -33.6118575502 ], [ -61.3569039498, -33.606904637100001 ], [ -61.360143066600003, -33.602808443199997 ], [ -61.364945608100001, -33.598370028799998 ], [ -61.370624194599998, -33.592564793400001 ], [ -61.372279382400002, -33.588761647699997 ], [ -61.374732586299999, -33.586124208199998 ], [ -61.3781189846, -33.583345820399998 ], [ -61.384363414299997, -33.5837981532 ], [ -61.391414646699999, -33.585937728499999 ], [ -61.402724152799998, -33.588679429099997 ], [ -61.4150169766, -33.5848492995 ], [ -61.426964779800002, -33.586926156300002 ], [ -61.435886027800002, -33.592727142699999 ], [ -61.451923692100003, -33.6017651919 ], [ -61.46258194, -33.605698756199999 ], [ -61.477237882, -33.611059706399999 ], [ -61.487802064199997, -33.618372180500003 ], [ -61.498724548600002, -33.632860838200003 ], [ -61.5016729914, -33.640412853199997 ], [ -61.509289988699997, -33.646337946599999 ], [ -61.518491561, -33.653289702599999 ], [ -61.529259981499997, -33.660221364800002 ], [ -61.5403706894, -33.666481650599998 ], [ -61.545783611899999, -33.674952073599997 ], [ -61.5658934856, -33.686291380299998 ], [ -61.600992568400002, -33.693826331099999 ], [ -61.613072940199999, -33.699785948799999 ], [ -61.6226622955, -33.702796949 ], [ -61.650209597500002, -33.708222575699999 ], [ -61.662987537100001, -33.711670294800001 ], [ -61.676903003200003, -33.714136130200004 ], [ -61.692272914, -33.717063013 ], [ -61.703795060799997, -33.729260564699999 ], [ -61.711124396899997, -33.737017094800002 ], [ -61.722335860299999, -33.743688850600002 ], [ -61.731254565, -33.748994724 ], [ -61.744553022300003, -33.757183352600002 ], [ -61.763157906899998, -33.7686343142 ], [ -61.765343284399997, -33.772042324899999 ], [ -61.773684728399999, -33.784187640299997 ], [ -61.77505309, -33.786208887199997 ], [ -61.7801462352, -33.781570328500003 ], [ -61.785393416300003, -33.777551997099998 ], [ -61.800178112399998, -33.770851110800002 ], [ -61.806446975500002, -33.769099527199998 ], [ -61.814106059700002, -33.766958978300003 ], [ -61.823501081300002, -33.764785661399998 ], [ -61.829945097699998, -33.762989646299999 ], [ -61.834192424900003, -33.7591586084 ], [ -61.8388799449, -33.751898410700001 ], [ -61.845993298400003, -33.747491594499998 ], [ -61.855226139800003, -33.745919614899996 ], [ -61.865481660500002, -33.7440447898 ], [ -61.869368667300002, -33.743298112700003 ], [ -61.873634610099998, -33.740194108499999 ], [ -61.874916991299997, -33.7355525336 ], [ -61.875119158, -33.729563414899999 ], [ -61.872923992600001, -33.723289179200002 ], [ -61.869388334699998, -33.718468734399998 ], [ -61.865086574099998, -33.709932543 ], [ -61.862494087499996, -33.701083700300003 ], [ -61.861971814199997, -33.692777009899999 ], [ -61.865613400500003, -33.686701166299997 ], [ -61.868440978599999, -33.6840104666 ], [ -61.870270566400002, -33.680036429799998 ], [ -61.872305155500001, -33.675593968599998 ], [ -61.872514990799999, -33.672834697 ], [ -61.871019622799999, -33.667123157399999 ], [ -61.865423780699999, -33.662046980500001 ], [ -61.859479692299999, -33.656689063199998 ], [ -61.858012581799997, -33.652924644400002 ], [ -61.858058824899999, -33.649540928299999 ], [ -61.856455003100002, -33.646878510599997 ], [ -61.852120211799999, -33.644456023099998 ], [ -61.845066407499999, -33.639989073499997 ], [ -61.8421784843, -33.633151036199997 ], [ -61.840692015199998, -33.627725626100002 ], [ -61.838940149400003, -33.6232600417 ], [ -61.839184807199999, -33.617982824899997 ], [ -61.840238387200003, -33.611599051600002 ], [ -61.841567531099997, -33.610032418 ], [ -61.842431360299997, -33.609014203800001 ], [ -61.833582442100003, -33.605555149300002 ], [ -61.831826815500001, -33.605041048399997 ], [ -61.818900056, -33.6034337663 ], [ -61.811003771700001, -33.605944148299997 ], [ -61.8081530774, -33.6066031903 ], [ -61.798812013099997, -33.608762192 ], [ -61.795488291300003, -33.608689631300003 ], [ -61.788922421599999, -33.608546027499997 ], [ -61.78130116, -33.611856219300002 ], [ -61.768740774800001, -33.606418869099997 ], [ -61.761649819699997, -33.6006888004 ], [ -61.756551656600003, -33.594930002300003 ], [ -61.747403583400001, -33.585896098900001 ], [ -61.738788693799997, -33.578520061100001 ], [ -61.726723591700001, -33.572857686500001 ], [ -61.714153993099998, -33.566784563399999 ], [ -61.7050623688, -33.5602457293 ], [ -61.699440000499997, -33.5528255519 ], [ -61.695214115200002, -33.540387629500003 ], [ -61.692017137900002, -33.529601589099997 ], [ -61.68940762, -33.5233892599 ], [ -61.686644923099998, -33.509264839700002 ], [ -61.6789895358, -33.499372068299998 ], [ -61.663566017400001, -33.479410524199999 ], [ -61.6564607798, -33.472008049099998 ], [ -61.649767199800003, -33.4600177441 ], [ -61.648654526599998, -33.453784471900001 ], [ -61.6439048417, -33.4392686634 ], [ -61.6407576191, -33.430562994900001 ], [ -61.638123699300003, -33.422683548499997 ], [ -61.637967273, -33.4143547738 ], [ -61.632368252900001, -33.407347361500001 ], [ -61.626793432900001, -33.401588991 ], [ -61.621227088799998, -33.396246787099997 ], [ -61.613635613500001, -33.3888479381 ], [ -61.608055559500002, -33.382672188199997 ], [ -61.602950122899998, -33.375240393299997 ], [ -61.593894707899999, -33.369108801899998 ], [ -61.587392065899998, -33.366692855700002 ], [ -61.580934933400002, -33.3667752693 ], [ -61.571015829799997, -33.367734317100002 ], [ -61.561133677199997, -33.370774853299999 ], [ -61.5582350042, -33.375393335799998 ], [ -61.556893208799998, -33.383741195500001 ], [ -61.557493991199998, -33.389565357899997 ], [ -61.557657458199998, -33.398727408 ], [ -61.556293018399998, -33.405825872500003 ], [ -61.5504408623, -33.412147394800002 ], [ -61.544076083699998, -33.417641930800002 ], [ -61.535766408, -33.425659534600001 ], [ -61.527959599299997, -33.434086969399999 ], [ -61.5246838833, -33.445790672299999 ], [ -61.515995819399997, -33.460892994699996 ], [ -61.508753505199998, -33.473477829799997 ], [ -61.499952351099999, -33.4823322019 ], [ -61.4910708488, -33.4866048807 ], [ -61.484383241800003, -33.484198078399999 ], [ -61.470442060300002, -33.483531219600003 ], [ -61.456501070800002, -33.482862767699999 ], [ -61.4485358453, -33.482539584400001 ], [ -61.436605252900002, -33.4830950331 ], [ -61.4291784682, -33.485263671699997 ], [ -61.418323650399998, -33.490803618199998 ], [ -61.410459053399997, -33.496725159199997 ], [ -61.397551258199996, -33.498537648899998 ], [ -61.389053884200003, -33.496133893200003 ], [ -61.382520410300003, -33.492041399 ], [ -61.373506886100003, -33.488392641499999 ], [ -61.365469360200002, -33.483482785600003 ], [ -61.352504145499999, -33.481542176200001 ], [ -61.336593458700001, -33.4821313741 ], [ -61.318648612600001, -33.4798242552 ], [ -61.302140747300001, -33.4737503725 ], [ -61.287139441400001, -33.4684917477 ], [ -61.274177937600001, -33.466542859299999 ], [ -61.262763296800003, -33.468325926799999 ], [ -61.256375908800003, -33.4738062132 ], [ -61.253020133600003, -33.48258806 ], [ -61.2477036748, -33.4934724051 ], [ -61.240821901300002, -33.4993734492 ], [ -61.226849549, -33.498727016300002 ], [ -61.216712382700003, -33.495132629899999 ], [ -61.208782064099999, -33.491515891200002 ], [ -61.201500894799999, -33.489211758099998 ], [ -61.198309501200001, -33.486339930500002 ], [ -61.192898050499998, -33.482433886599999 ], [ -61.185589245, -33.478017984600001 ], [ -61.1823880723, -33.474354180600002 ], [ -61.178825645300002, -33.467263195199997 ], [ -61.174647962500003, -33.461233487400001 ], [ -61.173621043899999, -33.455173838100002 ], [ -61.174183521499998, -33.450154677900002 ], [ -61.177584328400002, -33.445372452299999 ], [ -61.180644815299999, -33.438746197599997 ], [ -61.182713497, -33.4286987809 ], [ -61.184348842200002, -33.417957068699998 ], [ -61.1842091627, -33.407666785399996 ], [ -61.178721326500003, -33.397691291699999 ], [ -61.173938865, -33.393250523200003 ], [ -61.167597071599999, -33.389879801 ], [ -61.161252253500002, -33.386244889499999 ], [ -61.1561635272, -33.382334063800002 ], [ -61.1526558937, -33.378936119800002 ], [ -61.148180118299997, -33.373699790800003 ], [ -61.144659321, -33.369246165200003 ], [ -61.139876711799999, -33.364540137900001 ], [ -61.134468633600001, -33.360103521299997 ], [ -61.130959369599999, -33.3564410583 ], [ -61.126814279, -33.352256468599997 ], [ -61.121722307900001, -33.347816401899998 ], [ -61.114759895900001, -33.344712402200003 ], [ -61.109719177800002, -33.344229755599997 ], [ -61.097442102099997, -33.343811084199999 ], [ -61.087049580699997, -33.343110806699997 ], [ -61.077588087499997, -33.341346002800002 ], [ -61.0649647364, -33.338288173499997 ], [ -61.053940688, -33.337326635799997 ], [ -61.047333918900001, -33.337382527499997 ], [ -61.036325760799997, -33.337738765099999 ], [ -61.029080378899998, -33.337007319199998 ], [ -61.022638305599997, -33.335363859300003 ], [ -61.017897755200003, -33.333555536900001 ], [ -61.012235007699999, -33.333601817599998 ], [ -61.007201456499999, -33.333642739200002 ], [ -60.998395679200001, -33.333977730699999 ], [ -60.988957657599997, -33.334053240800003 ], [ -60.981092606300003, -33.334115618200002 ], [ -60.974756454900003, -33.3302070258 ], [ -60.967774198699999, -33.324719752299998 ], [ -60.9627091722, -33.321856232199998 ], [ -60.958891102599999, -33.317927266 ], [ -60.952525535600003, -33.311114847500001 ], [ -60.949972139499998, -33.307703698899999 ], [ -60.947090216200003, -33.302975500300001 ], [ -60.946718695100003, -33.2977003357 ], [ -60.945706913899997, -33.291374416799997 ], [ -60.941548172499999, -33.284808463899999 ], [ -60.938372829899997, -33.281929572700001 ], [ -60.933586292900003, -33.275368070900001 ], [ -60.930389166099999, -33.270377910100002 ], [ -60.930013241600001, -33.264574875800001 ], [ -60.930897547500003, -33.259026304499997 ], [ -60.9293358595, -33.2521294103 ], [ -60.926926262899997, -33.247199209599998 ], [ -60.9241414814, -33.2439211413 ], [ -60.916639355400001, -33.240347979299997 ], [ -60.913474309800002, -33.238227057300001 ], [ -60.904623707200003, -33.237137148800002 ], [ -60.899122441800003, -33.237012113 ], [ -60.893040298, -33.237715681099999 ], [ -60.889326793800002, -33.239556634899998 ], [ -60.883241067500002, -33.239929884600002 ], [ -60.877729745899998, -33.238814320499998 ], [ -60.871429604299998, -33.237374136600003 ], [ -60.867084023799997, -33.234930400700001 ], [ -60.861553796899997, -33.231834948900001 ], [ -60.857414800800001, -33.230379077499997 ], [ -60.855364736699997, -33.229739378200001 ], [ -60.850636756, -33.228287327300002 ], [ -60.8451376533, -33.228324808 ], [ -60.839434241699998, -33.227538725099997 ], [ -60.835116664499999, -33.227897671100003 ], [ -60.827664469399998, -33.229102062199999 ], [ -60.823940592100001, -33.229951482700002 ], [ -60.817134072899997, -33.230635348500002 ], [ -60.809959441300002, -33.2310841555 ], [ -60.802771915400001, -33.230126023300002 ], [ -60.796234394599999, -33.2286474279 ], [ -60.793877584599997, -33.2286624905 ], [ -60.789186180199998, -33.231166485599999 ], [ -60.7840987692, -33.233342913500003 ], [ -60.780383055, -33.2351806303 ], [ -60.776478069699998, -33.237844157399998 ], [ -60.775718586899998, -33.2408178552 ], [ -60.775131433399999, -33.243714104 ], [ -60.773560816200003, -33.246610367599999 ], [ -60.772105634699997, -33.248681192200003 ], [ -60.769909155299999, -33.250241132600003 ], [ -60.767463446, -33.251390230699997 ], [ -60.763784466300002, -33.251928321599998 ], [ -60.760837659499998, -33.251946385499998 ], [ -60.7565473059, -33.252797280899998 ], [ -60.753868185800002, -33.255390775800002 ], [ -60.751438003200001, -33.258395051400001 ], [ -60.749993557, -33.2618057153 ], [ -60.749156862600003, -33.264491062600001 ], [ -60.748006185900003, -33.265758141200003 ], [ -60.744953633900003, -33.267838249500002 ], [ -60.7416526453, -33.269610504600003 ], [ -60.738963891499999, -33.271172837400002 ], [ -60.735655738699997, -33.272120257399997 ], [ -60.732103663799997, -33.273275206400001 ], [ -60.728420068699997, -33.273399925299998 ], [ -60.724119012099997, -33.2731157909 ], [ -60.7206734345, -33.2723111098 ], [ -60.718211260099999, -33.271603718800002 ], [ -60.7147649534, -33.270695795800002 ], [ -60.710705491600002, -33.269894346599997 ], [ -60.7087748127, -33.270588021 ], [ -60.7068644517, -33.271770887199999 ], [ -60.704765405, -33.271196809099997 ], [ -60.7018739564, -33.269748187300003 ], [ -60.698408823100003, -33.268005342800002 ], [ -60.696522458700002, -33.267741814399997 ], [ -60.695057751100002, -33.268883996500001 ], [ -60.694460831100002, -33.271052202699998 ], [ -60.694599161100001, -33.2730101191 ], [ -60.694983930699998, -33.275069756500002 ], [ -60.694011175599996, -33.276312256099999 ], [ -60.690456699400002, -33.277259852500002 ], [ -60.687264986700001, -33.277483719599999 ], [ -60.6845669183, -33.278014049299998 ], [ -60.680885470500002, -33.278446629500003 ], [ -60.678558185599996, -33.2792840599 ], [ -60.675624699799997, -33.281155646499997 ], [ -60.672439124599997, -33.282203823499998 ], [ -60.668402276599998, -33.284390466600001 ], [ -60.667306197, -33.285633422 ], [ -60.665485614799998, -33.288529675900001 ], [ -60.664144564799997, -33.289877013800002 ], [ -60.660965488499997, -33.291852649500001 ], [ -60.657895969800002, -33.292075116299998 ], [ -60.6567896432, -33.291977886300003 ], [ -60.655641030799998, -33.291922248299997 ], [ -60.6529331021, -33.291214880399998 ], [ -60.651696276499997, -33.290087404499999 ], [ -60.649725488599998, -33.289376098699996 ], [ -60.646530893300003, -33.289289658 ], [ -60.643835986500001, -33.290334533699998 ], [ -60.643231646399997, -33.291677829599998 ], [ -60.642624226099997, -33.292608776599998 ], [ -60.642642365100002, -33.295082834399999 ], [ -60.643669285900003, -33.296315924699996 ], [ -60.644807062300004, -33.298712017600003 ], [ -60.645205006, -33.302051861099997 ], [ -60.6424829511, -33.304259078900003 ], [ -60.639752331700002, -33.305317523500001 ], [ -60.636645996299997, -33.306064521700002 ], [ -60.634235272600002, -33.304713310300002 ], [ -60.632626906600002, -33.303175181100002 ], [ -60.631137751, -33.301120964299997 ], [ -60.629037350399997, -33.299482185599999 ], [ -60.627062839799997, -33.298255097099997 ], [ -60.624852257599997, -33.298369313199998 ], [ -60.623021170800001, -33.300027936 ], [ -60.622178764700003, -33.302506309100004 ], [ -60.621093492299998, -33.305398233600002 ], [ -60.619018703099997, -33.307367277099999 ], [ -60.617015722399998, -33.3081973408 ], [ -60.614447091099997, -33.309859497300003 ], [ -60.611386878099999, -33.3115240208 ], [ -60.6098017459, -33.313284319700003 ], [ -60.6078479321, -33.315046420400002 ], [ -60.605761921, -33.315468969800001 ], [ -60.603676560899999, -33.315994562599997 ], [ -60.601348230699998, -33.316933658099998 ], [ -60.599637828799999, -33.318385172 ], [ -60.59632918, -33.319741262800001 ], [ -60.594495006199999, -33.321090200900002 ], [ -60.5922935591, -33.322647062100003 ], [ -60.589228310599999, -33.323692524 ], [ -60.587503009099997, -33.322979072 ], [ -60.585893083099997, -33.321131066500001 ], [ -60.584032589300001, -33.318562593099998 ], [ -60.581321004199999, -33.317338242799998 ], [ -60.577384771, -33.316738055199998 ], [ -60.574547702399997, -33.315101776600002 ], [ -60.572815984800002, -33.3133572594 ], [ -60.570712332799999, -33.311098963799999 ], [ -60.567260587299998, -33.309362255400004 ], [ -60.563684774800002, -33.307419831200001 ], [ -60.561055979599999, -33.305749426 ], [ -60.557362208800001, -33.304528958799999 ], [ -60.552203267499998, -33.304758173 ], [ -60.548766982700002, -33.3053919412 ], [ -60.545821463300001, -33.305920360099996 ], [ -60.540657988900001, -33.305427487700001 ], [ -60.538692165299999, -33.305436025399999 ], [ -60.535237449199997, -33.303079887400003 ], [ -60.5327733385, -33.301956483600001 ], [ -60.530672274399997, -33.299903669400003 ], [ -60.525806459199998, -33.2951393508 ], [ -60.522029137700002, -33.291348150200001 ], [ -60.517782067699997, -33.287427495199999 ], [ -60.514810711099997, -33.286165625599999 ], [ -60.512146384200001, -33.285990362500002 ], [ -60.509145953199997, -33.285257682299999 ], [ -60.506147184, -33.2848042822 ], [ -60.503616080599997, -33.281995037599998 ], [ -60.499806283600002, -33.2768928749 ], [ -60.496974311899997, -33.274034522 ], [ -60.492126685599999, -33.270340055600002 ], [ -60.489477441600002, -33.264104668900004 ], [ -60.488646762199998, -33.259381352299997 ], [ -60.486476503900001, -33.251330742100002 ], [ -60.484660905699997, -33.245903410099999 ], [ -60.4810662736, -33.241607293199998 ], [ -60.475011140500001, -33.2361961326 ], [ -60.470518792900002, -33.23077875 ], [ -60.465104819899999, -33.221526275599999 ], [ -60.463966445, -33.21722045 ], [ -60.464156911499998, -33.211035679299997 ], [ -60.463678416599997, -33.2068587467 ], [ -60.460247602899997, -33.201903990200002 ], [ -60.456095733, -33.1960486073 ], [ -60.449283000299999, -33.195320745799997 ], [ -60.4404866235, -33.192040527499998 ], [ -60.434044540499997, -33.193718987799997 ], [ -60.427050791399999, -33.192538925500003 ], [ -60.419714680699997, -33.1946713046 ], [ -60.414602989199999, -33.197372008400002 ], [ -60.410896816799998, -33.197025206699998 ], [ -60.406831498700001, -33.197265786099997 ], [ -60.403277445900002, -33.198024497200002 ], [ -60.399599177699997, -33.199423926 ], [ -60.396187902699999, -33.198645971300003 ], [ -60.391385012400001, -33.199947507099999 ], [ -60.389207376400002, -33.201791964199998 ], [ -60.387685406700001, -33.203634342400001 ], [ -60.384850222300003, -33.205113244099998 ], [ -60.380698609200003, -33.205493538799999 ], [ -60.377410286200003, -33.203298400400001 ], [ -60.3741361959, -33.204410863299998 ], [ -60.369333428399997, -33.205895311900001 ], [ -60.365842836100001, -33.207559487799998 ], [ -60.361693286600001, -33.208490431500003 ], [ -60.351421348700001, -33.209071151099998 ], [ -60.347049342, -33.209083420500001 ], [ -60.3439910922, -33.209643200599999 ], [ -60.344968816700003, -33.213520486299998 ], [ -60.345522671600001, -33.215398750600002 ], [ -60.345532320099998, -33.217853643300003 ], [ -60.345289039699999, -33.220629429 ], [ -60.3423780818, -33.2237327924 ], [ -60.340482466399997, -33.226513102799998 ], [ -60.3366883841, -33.2314332415 ], [ -60.334414331700003, -33.235068366199997 ], [ -60.331475695800002, -33.241113262500001 ], [ -60.330561508899997, -33.2429935997 ], [ -60.330262013400002, -33.248939726800003 ], [ -60.333021084599999, -33.2544625297 ], [ -60.336543683, -33.258937511799999 ], [ -60.340577271400001, -33.265933502199999 ], [ -60.3427634496, -33.269991514399997 ], [ -60.346117466700001, -33.273765984199997 ], [ -60.3501485918, -33.279780669300003 ], [ -60.352341193400001, -33.285239878900001 ], [ -60.355531474800003, -33.289575089400003 ], [ -60.360726662200001, -33.294044555600003 ], [ -60.368639585899999, -33.297953361799998 ], [ -60.373472310099999, -33.303320237 ], [ -60.379925604900002, -33.31249372 ], [ -60.383439191699999, -33.321451751600002 ], [ -60.387617615899998, -33.326576278300003 ], [ -60.388545404699997, -33.3277140406 ], [ -60.391733914600003, -33.3296829043 ], [ -60.396855117800001, -33.332844821499997 ], [ -60.405156459700002, -33.3359571 ], [ -60.4126669638, -33.341313635500001 ], [ -60.415913449100003, -33.349374688099999 ], [ -60.418082370900002, -33.355645539500003 ], [ -60.417543258400002, -33.359093042 ], [ -60.417326179299998, -33.360481138700003 ], [ -60.410684374600002, -33.369696232400003 ], [ -60.404661799099998, -33.375374457299998 ], [ -60.402702829600003, -33.378691096099999 ], [ -60.4027421081, -33.3872112488 ], [ -60.403417503900002, -33.389239224900003 ], [ -60.405726055599999, -33.3961702378 ], [ -60.411922178499999, -33.405342719 ], [ -60.422934662700001, -33.414274326499999 ], [ -60.433016447299998, -33.421876872600002 ], [ -60.437438261300002, -33.4252106231 ], [ -60.447103954500001, -33.431454208600002 ], [ -60.455693463599999, -33.4363556781 ], [ -60.459215643699999, -33.437367887500002 ], [ -60.465926851399999, -33.441154507299998 ], [ -60.472380746399999, -33.446735462299998 ], [ -60.478309922400001, -33.454111818100003 ], [ -60.484509098099998, -33.461711020599999 ], [ -60.495697943, -33.472890156799998 ], [ -60.498815772699999, -33.482281918200002 ], [ -60.505845604199997, -33.4939124972 ], [ -60.511241254600002, -33.5006167222 ], [ -60.518224764700001, -33.503950881599998 ], [ -60.529771799300001, -33.510786609 ], [ -60.537007089399999, -33.515530529899998 ], [ -60.542142854799998, -33.520534544500002 ], [ -60.5479114627, -33.530561916 ], [ -60.555783821600002, -33.540579552799997 ], [ -60.564826825300003, -33.545564992199999 ], [ -60.572367323899996, -33.550305400399999 ], [ -60.579922078, -33.5570558143 ], [ -60.588055012, -33.560284562900002 ], [ -60.5946692204, -33.561006911200003 ], [ -60.601319660100003, -33.560647407399998 ], [ -60.60487974, -33.560454811600003 ], [ -60.615669539599999, -33.5568831983 ], [ -60.620146740499997, -33.552839781899998 ], [ -60.631825071, -33.547754406800003 ], [ -60.637495115599997, -33.5426990136 ], [ -60.647382175700002, -33.539380608 ], [ -60.658171368300003, -33.536307939399997 ], [ -60.666557264399998, -33.533247293199999 ], [ -60.674655939799997, -33.5319468482 ], [ -60.680962384099999, -33.531912332200001 ], [ -60.686073576, -33.532638083 ], [ -60.6914871054, -33.533613230500002 ], [ -60.700224526, -33.537082546199997 ], [ -60.704572242700003, -33.537868583799998 ], [ -60.7117882808, -33.5388325877 ], [ -60.716001166700003, -33.539813553199998 ], [ -60.722610571300002, -33.540026472900003 ], [ -60.731609938600002, -33.538717064099998 ], [ -60.7393927464, -33.535655046800002 ], [ -60.746576582400003, -33.532847486100003 ], [ -60.754367051899997, -33.5307897737 ], [ -60.762130726800002, -33.525715949099997 ], [ -60.772864806299999, -33.517104744100003 ], [ -60.778513259299999, -33.5107864955 ], [ -60.783571803699999, -33.505728305700003 ], [ -60.788948214400001, -33.502678409600001 ], [ -60.795513512500001, -33.498364088499997 ], [ -60.799439919900003, -33.494740694400001 ], [ -60.803004836900001, -33.490696596 ], [ -60.810131969899999, -33.480807592 ], [ -60.819206475599998, -33.4755205875 ], [ -60.828291308600001, -33.471439176899999 ], [ -60.840302586699998, -33.472162532200002 ], [ -60.849948621899998, -33.476519902299998 ], [ -60.859667109500002, -33.488113831500002 ], [ -60.868411562299997, -33.498105392399999 ] ] ] ] } },
{ "type": "Feature", "properties": { "N_CCA": 19, "Area": 329.105, "Perim": 81.779, "Cuenca": "19- Arroyo Seco" }, "geometry": { "type": "MultiPolygon", "coordinates": [ [ [ [ -60.465104819899999, -33.221526275599999 ], [ -60.470518792900002, -33.23077875 ], [ -60.475011140500001, -33.2361961326 ], [ -60.4810662736, -33.241607293199998 ], [ -60.484660905699997, -33.245903410099999 ], [ -60.486476503900001, -33.251330742100002 ], [ -60.488646762199998, -33.259381352299997 ], [ -60.489477441600002, -33.264104668900004 ], [ -60.492126685599999, -33.270340055600002 ], [ -60.496974311899997, -33.274034522 ], [ -60.499806283600002, -33.2768928749 ], [ -60.503616080599997, -33.281995037599998 ], [ -60.506147184, -33.2848042822 ], [ -60.509145953199997, -33.285257682299999 ], [ -60.512146384200001, -33.285990362500002 ], [ -60.514810711099997, -33.286165625599999 ], [ -60.517782067699997, -33.287427495199999 ], [ -60.522029137700002, -33.291348150200001 ], [ -60.525806459199998, -33.2951393508 ], [ -60.530672274399997, -33.299903669400003 ], [ -60.5327733385, -33.301956483600001 ], [ -60.535237449199997, -33.303079887400003 ], [ -60.538692165299999, -33.305436025399999 ], [ -60.540657988900001, -33.305427487700001 ], [ -60.545821463300001, -33.305920360099996 ], [ -60.548766982700002, -33.3053919412 ], [ -60.552203267499998, -33.304758173 ], [ -60.557362208800001, -33.304528958799999 ], [ -60.561055979599999, -33.305749426 ], [ -60.563684774800002, -33.307419831200001 ], [ -60.567260587299998, -33.309362255400004 ], [ -60.570712332799999, -33.311098963799999 ], [ -60.572815984800002, -33.3133572594 ], [ -60.574547702399997, -33.315101776600002 ], [ -60.577384771, -33.316738055199998 ], [ -60.581321004199999, -33.317338242799998 ], [ -60.584032589300001, -33.318562593099998 ], [ -60.585893083099997, -33.321131066500001 ], [ -60.587503009099997, -33.322979072 ], [ -60.589228310599999, -33.323692524 ], [ -60.5922935591, -33.322647062100003 ], [ -60.594495006199999, -33.321090200900002 ], [ -60.59632918, -33.319741262800001 ], [ -60.599637828799999, -33.318385172 ], [ -60.601348230699998, -33.316933658099998 ], [ -60.603676560899999, -33.315994562599997 ], [ -60.605761921, -33.315468969800001 ], [ -60.6078479321, -33.315046420400002 ], [ -60.6098017459, -33.313284319700003 ], [ -60.611386878099999, -33.3115240208 ], [ -60.614447091099997, -33.309859497300003 ], [ -60.617015722399998, -33.3081973408 ], [ -60.619018703099997, -33.307367277099999 ], [ -60.621093492299998, -33.305398233600002 ], [ -60.622178764700003, -33.302506309100004 ], [ -60.623021170800001, -33.300027936 ], [ -60.624852257599997, -33.298369313199998 ], [ -60.627062839799997, -33.298255097099997 ], [ -60.629037350399997, -33.299482185599999 ], [ -60.631137751, -33.301120964299997 ], [ -60.632626906600002, -33.303175181100002 ], [ -60.634235272600002, -33.304713310300002 ], [ -60.636645996299997, -33.306064521700002 ], [ -60.639752331700002, -33.305317523500001 ], [ -60.6424829511, -33.304259078900003 ], [ -60.645205006, -33.302051861099997 ], [ -60.644807062300004, -33.298712017600003 ], [ -60.643669285900003, -33.296315924699996 ], [ -60.642642365100002, -33.295082834399999 ], [ -60.642624226099997, -33.292608776599998 ], [ -60.643231646399997, -33.291677829599998 ], [ -60.643835986500001, -33.290334533699998 ], [ -60.646530893300003, -33.289289658 ], [ -60.649725488599998, -33.289376098699996 ], [ -60.651696276499997, -33.290087404499999 ], [ -60.6529331021, -33.291214880399998 ], [ -60.655641030799998, -33.291922248299997 ], [ -60.6567896432, -33.291977886300003 ], [ -60.657895969800002, -33.292075116299998 ], [ -60.660965488499997, -33.291852649500001 ], [ -60.664144564799997, -33.289877013800002 ], [ -60.665485614799998, -33.288529675900001 ], [ -60.667306197, -33.285633422 ], [ -60.668402276599998, -33.284390466600001 ], [ -60.672439124599997, -33.282203823499998 ], [ -60.675624699799997, -33.281155646499997 ], [ -60.678558185599996, -33.2792840599 ], [ -60.680885470500002, -33.278446629500003 ], [ -60.6845669183, -33.278014049299998 ], [ -60.687264986700001, -33.277483719599999 ], [ -60.690456699400002, -33.277259852500002 ], [ -60.694011175599996, -33.276312256099999 ], [ -60.694983930699998, -33.275069756500002 ], [ -60.694599161100001, -33.2730101191 ], [ -60.694460831100002, -33.271052202699998 ], [ -60.695057751100002, -33.268883996500001 ], [ -60.696522458700002, -33.267741814399997 ], [ -60.698408823100003, -33.268005342800002 ], [ -60.7018739564, -33.269748187300003 ], [ -60.704765405, -33.271196809099997 ], [ -60.7068644517, -33.271770887199999 ], [ -60.7087748127, -33.270588021 ], [ -60.710705491600002, -33.269894346599997 ], [ -60.7147649534, -33.270695795800002 ], [ -60.718211260099999, -33.271603718800002 ], [ -60.7206734345, -33.2723111098 ], [ -60.724119012099997, -33.2731157909 ], [ -60.728420068699997, -33.273399925299998 ], [ -60.732103663799997, -33.273275206400001 ], [ -60.735655738699997, -33.272120257399997 ], [ -60.738963891499999, -33.271172837400002 ], [ -60.7416526453, -33.269610504600003 ], [ -60.744953633900003, -33.267838249500002 ], [ -60.748006185900003, -33.265758141200003 ], [ -60.746199150199999, -33.262966094299998 ], [ -60.740919649, -33.257826532300001 ], [ -60.737813792600001, -33.254742319800002 ], [ -60.732216510500002, -33.248311467199997 ], [ -60.725101824900001, -33.244474792 ], [ -60.714275906799998, -33.238590601299997 ], [ -60.710543355699997, -33.233957933600003 ], [ -60.704947326599999, -33.227267246899999 ], [ -60.696249118300003, -33.217490966100002 ], [ -60.684776562700002, -33.206953683199998 ], [ -60.680443350899999, -33.203874731600003 ], [ -60.675798686900002, -33.200280190500003 ], [ -60.668988229100002, -33.195145767 ], [ -60.665569627799997, -33.1907685539 ], [ -60.659660440700002, -33.182526044500001 ], [ -60.655304292099999, -33.176084998100002 ], [ -60.649095115100003, -33.168619219100002 ], [ -60.641038009799999, -33.159250712 ], [ -60.627340955299999, -33.147509943400003 ], [ -60.6193988148, -33.142013502300003 ], [ -60.612345939400001, -33.137988491500003 ], [ -60.604844579, -33.1324889347 ], [ -60.596915136600003, -33.128467286899998 ], [ -60.589447599899998, -33.127764687800003 ], [ -60.5784829113, -33.129292399900002 ], [ -60.566630407200002, -33.129346867199999 ], [ -60.553021865700003, -33.129408013800003 ], [ -60.529783314200003, -33.126623541 ], [ -60.523267333900002, -33.126651076100003 ], [ -60.517094250900001, -33.126676847799999 ], [ -60.512638439, -33.127127782499997 ], [ -60.510072132799998, -33.128147521599999 ], [ -60.507865815599999, -33.129045739799999 ], [ -60.505714779500003, -33.13810949 ], [ -60.506495254, -33.146132331399997 ], [ -60.5087307059, -33.151679684599998 ], [ -60.510685053300001, -33.1544183233 ], [ -60.514129636299998, -33.157285276499998 ], [ -60.5166083294, -33.162419881 ], [ -60.517123425100003, -33.166739423499997 ], [ -60.5166819672, -33.174973002500003 ], [ -60.512821096800003, -33.184867069900001 ], [ -60.507480156500002, -33.193120702199998 ], [ -60.497229435100003, -33.199747465100003 ], [ -60.487456872199999, -33.204519373 ], [ -60.479865757200002, -33.205166255 ], [ -60.472161643600003, -33.205389989099999 ], [ -60.4674304742, -33.204737293500003 ], [ -60.460247602899997, -33.201903990200002 ], [ -60.463678416599997, -33.2068587467 ], [ -60.464156911499998, -33.211035679299997 ], [ -60.463966445, -33.21722045 ], [ -60.465104819899999, -33.221526275599999 ] ] ] ] } },
{ "type": "Feature", "properties": { "N_CCA": 18, "Area": 182.225, "Perim": 71.31, "Cuenca": "18- Arroyo Frías" }, "geometry": { "type": "MultiPolygon", "coordinates": [ [ [ [ -60.612345939400001, -33.137988491500003 ], [ -60.6193988148, -33.142013502300003 ], [ -60.627340955299999, -33.147509943400003 ], [ -60.641038009799999, -33.159250712 ], [ -60.649095115100003, -33.168619219100002 ], [ -60.655304292099999, -33.176084998100002 ], [ -60.659660440700002, -33.182526044500001 ], [ -60.665569627799997, -33.1907685539 ], [ -60.668988229100002, -33.195145767 ], [ -60.675798686900002, -33.200280190500003 ], [ -60.680443350899999, -33.203874731600003 ], [ -60.684776562700002, -33.206953683199998 ], [ -60.696249118300003, -33.217490966100002 ], [ -60.704947326599999, -33.227267246899999 ], [ -60.710543355699997, -33.233957933600003 ], [ -60.714275906799998, -33.238590601299997 ], [ -60.725101824799999, -33.244474792 ], [ -60.732216510500002, -33.248311467199997 ], [ -60.737813792600001, -33.254742319800002 ], [ -60.740919649, -33.257826532300001 ], [ -60.746199150199999, -33.262966094299998 ], [ -60.748006185900003, -33.265758141200003 ], [ -60.749156862600003, -33.264491062600001 ], [ -60.749993557, -33.2618057153 ], [ -60.751438003200001, -33.258395051400001 ], [ -60.753868185800002, -33.255390775800002 ], [ -60.7565473059, -33.252797280899998 ], [ -60.760837659499998, -33.251946385499998 ], [ -60.763784466300002, -33.251928321599998 ], [ -60.767463446, -33.251390230699997 ], [ -60.769909155299999, -33.250241132600003 ], [ -60.772105634699997, -33.248681192200003 ], [ -60.773560816200003, -33.246610367599999 ], [ -60.775131433399999, -33.243714104 ], [ -60.775718586899998, -33.2408178552 ], [ -60.776478069699998, -33.237844157399998 ], [ -60.780383055, -33.2351806303 ], [ -60.7840987692, -33.233342913500003 ], [ -60.789186180199998, -33.231166485599999 ], [ -60.793877584599997, -33.2286624905 ], [ -60.792605930299999, -33.224501528799998 ], [ -60.791089050099998, -33.222150681099997 ], [ -60.788047547, -33.220264861 ], [ -60.7827238442, -33.216805706599999 ], [ -60.778913540700003, -33.213442719600003 ], [ -60.776118994800001, -33.210919988100002 ], [ -60.774328894600004, -33.207967591299997 ], [ -60.770755512500003, -33.202803568299998 ], [ -60.769089856800001, -33.199638641299998 ], [ -60.768430351399999, -33.196255786099996 ], [ -60.765611815200003, -33.192025541900001 ], [ -60.762358692200003, -33.188794060200003 ], [ -60.757170959600003, -33.1855742722 ], [ -60.751677363100001, -33.184252793 ], [ -60.746499474, -33.182116312600002 ], [ -60.741957597199999, -33.178892004799998 ], [ -60.738680822299997, -33.172679518499997 ], [ -60.731837794900002, -33.164049343800002 ], [ -60.728239951699997, -33.157838444399999 ], [ -60.723337630300001, -33.149738316399997 ], [ -60.721654927400003, -33.141077453 ], [ -60.7193368187, -33.133504053199999 ], [ -60.716398857100003, -33.128914700599999 ], [ -60.710539095199998, -33.121632386599998 ], [ -60.707873788900002, -33.114232179299997 ], [ -60.705888476600002, -33.107740427899998 ], [ -60.701966172100001, -33.100717640900001 ], [ -60.697756592899999, -33.098031681400002 ], [ -60.690315207799998, -33.094008716 ], [ -60.681598542099998, -33.091618039399997 ], [ -60.672556071, -33.088686585700003 ], [ -60.662227741, -33.086032267900002 ], [ -60.650599638499997, -33.081758109900001 ], [ -60.643159763200003, -33.077461323500003 ], [ -60.633119306799998, -33.072005192799999 ], [ -60.625675340199997, -33.0668944779 ], [ -60.619196431100001, -33.061507558300001 ], [ -60.616264164699999, -33.056644745900002 ], [ -60.6162207514, -33.050412803900002 ], [ -60.618481863699998, -33.0419741372 ], [ -60.619615320900003, -33.036803479600003 ], [ -60.614885905599998, -33.036980015700003 ], [ -60.6094286927, -33.037159911800003 ], [ -60.604888482, -33.038407081800003 ], [ -60.600896087700001, -33.03995771 ], [ -60.598604765399998, -33.041505182 ], [ -60.596111302200001, -33.042761343599999 ], [ -60.592480550600001, -33.044022844099999 ], [ -60.590896715100001, -33.045274560800003 ], [ -60.586767193500002, -33.047005061500002 ], [ -60.5842392956, -33.0480072079 ], [ -60.582162383, -33.048778668799997 ], [ -60.579631347899998, -33.049323675399997 ], [ -60.575469948600002, -33.049723826700003 ], [ -60.574570210399997, -33.050565902400002 ], [ -60.573761461, -33.051483730199998 ], [ -60.573226701800003, -33.052781160499997 ], [ -60.572780507799997, -33.053773492 ], [ -60.573227759300003, -33.054680706399999 ], [ -60.574555681200003, -33.056446971299998 ], [ -60.576424680199999, -33.060426219599997 ], [ -60.574863607600001, -33.063313545699998 ], [ -60.573824753499999, -33.065533808200001 ], [ -60.574111084099997, -33.069077250799999 ], [ -60.576519769, -33.073796175699997 ], [ -60.5802297794, -33.077323722099997 ], [ -60.587119534400003, -33.083716331200002 ], [ -60.592160641100001, -33.089231169 ], [ -60.594568376, -33.094758364 ], [ -60.595668299700002, -33.101621053899997 ], [ -60.595984061800003, -33.109373647300004 ], [ -60.596543889400003, -33.114244987600003 ], [ -60.594483978100001, -33.121344284400003 ], [ -60.59207105, -33.1261561763 ], [ -60.589464889399999, -33.127766315 ], [ -60.596915136600003, -33.128467286899998 ], [ -60.604844579, -33.1324889347 ], [ -60.612345939400001, -33.137988491500003 ] ] ] ] } },
{ "type": "Feature", "properties": { "N_CCA": 10, "Area": 12207.562, "Perim": 759.711, "Cuenca": "10- Los Saladillos" }, "geometry": { "type": "MultiPolygon", "coordinates": [ [ [ [ -59.993500905799998, -30.7196766472 ], [ -59.9959096141, -30.738397299799999 ], [ -59.998620471300001, -30.760497929500001 ], [ -60.003743602699998, -30.781818382600001 ], [ -60.006758627499998, -30.799758622300001 ], [ -60.009172369, -30.823418875600002 ], [ -60.014632193600001, -30.8425564082 ], [ -60.024286236, -30.8578951189 ], [ -60.036055699499997, -30.875052521899999 ], [ -60.046318728199999, -30.8880493321 ], [ -60.052960625499999, -30.895846820599999 ], [ -60.054480797099998, -30.916126228300001 ], [ -60.053907404299999, -30.926392864 ], [ -60.055725451299999, -30.938612068800001 ], [ -60.060867773699997, -30.955249694 ], [ -60.068122577300002, -30.9674659756 ], [ -60.070546457200003, -30.978644588800002 ], [ -60.071356389400002, -30.985565348600002 ], [ -60.072423253899998, -30.997404171900001 ], [ -60.078570186, -31.009968551699998 ], [ -60.084716676799999, -31.020164737199998 ], [ -60.088958309, -31.0292690751 ], [ -60.087912957900002, -31.043476976099999 ], [ -60.090889183900003, -31.056407082100002 ], [ -60.094531017599998, -31.076754802 ], [ -60.1009016346, -31.092960617199999 ], [ -60.107059953099998, -31.106798425099999 ], [ -60.1189401277, -31.12008431 ], [ -60.129760874799999, -31.131002322699999 ], [ -60.132741222200004, -31.140834877700001 ], [ -60.133808407700002, -31.146575853600002 ], [ -60.137058653399997, -31.155641413400001 ], [ -60.141479688899999, -31.160626971799999 ], [ -60.145851632300001, -31.165556501400001 ], [ -60.152341744899999, -31.179046609299998 ], [ -60.1542023445, -31.186587171799999 ], [ -60.160691732899998, -31.198091898099999 ], [ -60.168568052, -31.208800471499998 ], [ -60.172187338900002, -31.216632242399999 ], [ -60.179470269799999, -31.219551727399999 ], [ -60.1853882988, -31.2220821853 ], [ -60.198803092299997, -31.220304473500001 ], [ -60.205851634799998, -31.2195122123 ], [ -60.211539007, -31.2202841581 ], [ -60.218143341599998, -31.2241790462 ], [ -60.225881287, -31.226313931499998 ], [ -60.232709812099998, -31.2284500162 ], [ -60.239087625899998, -31.2321489184 ], [ -60.242963858700001, -31.235852251600001 ], [ -60.246391054100002, -31.2417045798 ], [ -60.2486811534, -31.247559014499998 ], [ -60.249084110200002, -31.259195261399999 ], [ -60.248946295400003, -31.274863758199999 ], [ -60.252014373599998, -31.284381589799999 ], [ -60.2568683537, -31.292052459899999 ], [ -60.266737342699997, -31.300173636299998 ], [ -60.270158714700003, -31.307078903899999 ], [ -60.273401538800002, -31.3139844335 ], [ -60.277531221499999, -31.3178157963 ], [ -60.281360487599997, -31.322520925599999 ], [ -60.287694870599999, -31.3263203289 ], [ -60.292246103899998, -31.32842864 ], [ -60.301321355699997, -31.3278178192 ], [ -60.304814135599997, -31.334755143100001 ], [ -60.309685330299999, -31.343810975099998 ], [ -60.3096313673, -31.349133543 ], [ -60.310433646100002, -31.352690799800001 ], [ -60.310831586, -31.362191788699999 ], [ -60.310725517900003, -31.367733816800001 ], [ -60.312610166, -31.3738038736 ], [ -60.319744951499999, -31.388280129599998 ], [ -60.3242570508, -31.398819436 ], [ -60.3287593927, -31.406268000400001 ], [ -60.332880361, -31.4111596861 ], [ -60.338915159, -31.4193178642 ], [ -60.344163608899997, -31.426124455699998 ], [ -60.351396274400003, -31.431113686500002 ], [ -60.358129694299997, -31.4354644762 ], [ -60.362379062, -31.440674512099999 ], [ -60.366748781200002, -31.444711773 ], [ -60.374105477199997, -31.4489533438 ], [ -60.378598785299999, -31.452563544299998 ], [ -60.382511046, -31.455273361500002 ], [ -60.388743359499998, -31.458025441699998 ], [ -60.396726470499999, -31.462796633500002 ], [ -60.406957567699997, -31.469265331 ], [ -60.418447769399997, -31.4787130516 ], [ -60.430855101600002, -31.488189740199999 ], [ -60.442192415199997, -31.495575136599999 ], [ -60.454168864700002, -31.506669253399998 ], [ -60.463489738500002, -31.512601570899999 ], [ -60.475629130900003, -31.524355892700001 ], [ -60.487617991100002, -31.536374736500001 ], [ -60.499561412600002, -31.5426100271 ], [ -60.5193122895, -31.555869058799999 ], [ -60.532628383400002, -31.567484746400002 ], [ -60.5492619738, -31.579251491699999 ], [ -60.563563705100002, -31.591526508 ], [ -60.577886691499998, -31.606633989900001 ], [ -60.584042537400002, -31.6118316343 ], [ -60.589582387199997, -31.615545347699999 ], [ -60.594374195100002, -31.6179392124 ], [ -60.602183387700002, -31.624096874599999 ], [ -60.611474903599998, -31.630215078300001 ], [ -60.620009623500003, -31.635600479600001 ], [ -60.627244363, -31.639520081699999 ], [ -60.631411867200001, -31.640683882499999 ], [ -60.641671701500002, -31.6401811512 ], [ -60.661880009500003, -31.640449341699998 ], [ -60.678133459800002, -31.640048199900001 ], [ -60.6817546702, -31.639440435400001 ], [ -60.676967978, -31.6293198258 ], [ -60.675821737299998, -31.621258248499998 ], [ -60.666322034, -31.611223584200001 ], [ -60.663207182400001, -31.606585365499999 ], [ -60.663154404799997, -31.599138544 ], [ -60.670573922599999, -31.5973931885 ], [ -60.6865041641, -31.594515922399999 ], [ -60.690070517800002, -31.589078798500001 ], [ -60.693821002100002, -31.583914187200001 ], [ -60.695429332099998, -31.5809438842 ], [ -60.699104378400001, -31.574155946400001 ], [ -60.701923569, -31.566871361099999 ], [ -60.703531910700001, -31.562783757 ], [ -60.708939904099999, -31.557911457700001 ], [ -60.717215261100002, -31.5504544104 ], [ -60.720780234800003, -31.539143692500001 ], [ -60.723933205599998, -31.524699394799999 ], [ -60.727449124700001, -31.506674258099999 ], [ -60.729657588800002, -31.485878919099999 ], [ -60.722599776499997, -31.4744003926 ], [ -60.717053021200002, -31.465046061900001 ], [ -60.7070573934, -31.4595556449 ], [ -60.701568456499999, -31.450741761500002 ], [ -60.692854230800002, -31.448028692 ], [ -60.6828405702, -31.4436656522 ], [ -60.680695864400001, -31.436499739199999 ], [ -60.680477061, -31.4284954116 ], [ -60.6791267049, -31.419806945 ], [ -60.679364851300001, -31.417453912300001 ], [ -60.6797276896, -31.4138686396 ], [ -60.678382602600003, -31.405870246599999 ], [ -60.6797851388, -31.399513605500001 ], [ -60.678918002899998, -31.3908225309 ], [ -60.674629121300001, -31.376076299600001 ], [ -60.672693167200002, -31.3659957267 ], [ -60.670649596399997, -31.359395879600001 ], [ -60.667242642600002, -31.35527282 ], [ -60.665097502800002, -31.350792641200002 ], [ -60.663814659800003, -31.348113164699999 ], [ -60.664101398, -31.3431426822 ], [ -60.662411332600001, -31.338179046899999 ], [ -60.662097183500002, -31.332524886800002 ], [ -60.672521550299997, -31.3286059098 ], [ -60.685658358, -31.321911074399999 ], [ -60.689485874100001, -31.317611708800001 ], [ -60.695897448399997, -31.314954586599999 ], [ -60.720943351700001, -31.310399513499998 ], [ -60.736999799099998, -31.307823866 ], [ -60.745554811399998, -31.313258938 ], [ -60.75168422, -31.314778139600001 ], [ -60.757937453300002, -31.312670971900001 ], [ -60.771756099800001, -31.311760497600002 ], [ -60.784118490499999, -31.309753225 ], [ -60.791988539199998, -31.308876765699999 ], [ -60.799533431699999, -31.3075877705 ], [ -60.804829723399997, -31.304234951600002 ], [ -60.812732992199997, -31.300696094599999 ], [ -60.815996478300001, -31.297684757900001 ], [ -60.816515327600001, -31.290537141400002 ], [ -60.814757983299998, -31.285758365 ], [ -60.811761140400002, -31.277607784200001 ], [ -60.804947394199999, -31.261213142399999 ], [ -60.800368114, -31.253142290900001 ], [ -60.799049073699997, -31.250817226500001 ], [ -60.796906256100002, -31.238562908700001 ], [ -60.7922295515, -31.228076683600001 ], [ -60.7896184843, -31.220644515499998 ], [ -60.788272321900003, -31.215168773599999 ], [ -60.791962042900003, -31.209582281199999 ], [ -60.791352227300003, -31.205902342400002 ], [ -60.787621100800003, -31.202938459599999 ], [ -60.7793521129, -31.197413484799998 ], [ -60.773507135499997, -31.1907782593 ], [ -60.771146613, -31.185316639900002 ], [ -60.768498109100001, -31.172123608900002 ], [ -60.765491681599997, -31.163927581 ], [ -60.761922904899997, -31.161477158299999 ], [ -60.7569115107, -31.157325182 ], [ -60.753635987099997, -31.1558330899 ], [ -60.747716736900003, -31.1511065903 ], [ -60.740968183, -31.147525351700001 ], [ -60.735177176100002, -31.141041918900001 ], [ -60.731425280400003, -31.1309537289 ], [ -60.734656404900001, -31.123328220499999 ], [ -60.735955151799999, -31.116907819400002 ], [ -60.735503820700004, -31.1141041763 ], [ -60.733318312199998, -31.108585098399999 ], [ -60.726539460600002, -31.102828543 ], [ -60.721915992900001, -31.0986400082 ], [ -60.714238156500002, -31.094463043800001 ], [ -60.705638896499998, -31.079670912699999 ], [ -60.704992673699998, -31.0782096294 ], [ -60.697108089, -31.060376481399999 ], [ -60.691170186800001, -31.0515624258 ], [ -60.677912360100002, -31.045630113200001 ], [ -60.676860633799997, -31.043973342299999 ], [ -60.6727156432, -31.0374431338 ], [ -60.6750978675, -31.0346334764 ], [ -60.678903703300001, -31.0301443444 ], [ -60.685117991, -31.026636281 ], [ -60.690107082200001, -31.025948309699999 ], [ -60.708970220200001, -31.026191537900001 ], [ -60.724001486, -31.027855714 ], [ -60.733322030700002, -31.025616449600001 ], [ -60.736463022400002, -31.0192984981 ], [ -60.7319698405, -31.010266706100001 ], [ -60.729360468499998, -31.0049106546 ], [ -60.719349565900004, -30.991065893599998 ], [ -60.717479818, -30.986337321499999 ], [ -60.716684769799997, -30.978127518800001 ], [ -60.715005016399999, -30.975279972300001 ], [ -60.7099980379, -30.966790895 ], [ -60.699671058100002, -30.9589489066 ], [ -60.6956025669, -30.952126124 ], [ -60.6932646088, -30.945558365499998 ], [ -60.689653106, -30.938778010699998 ], [ -60.683970681300003, -30.926963583 ], [ -60.677489396200002, -30.909888764800002 ], [ -60.663627082200001, -30.891754888600001 ], [ -60.6472404079, -30.875606202699998 ], [ -60.639578072100001, -30.870599294800002 ], [ -60.622471738800002, -30.859934618200001 ], [ -60.6102078081, -30.850560998 ], [ -60.602565553799998, -30.8442632591 ], [ -60.594939219499999, -30.837164158499998 ], [ -60.5864136661, -30.829226208 ], [ -60.576748908500001, -30.820590640300001 ], [ -60.563865775099998, -30.8090758407 ], [ -60.552622190199997, -30.799023110499999 ], [ -60.534547994599997, -30.796289356799999 ], [ -60.525325192300002, -30.7868770814 ], [ -60.517311972599998, -30.782056601400001 ], [ -60.5098870972, -30.7764670876 ], [ -60.504510858300002, -30.766527280399998 ], [ -60.499915413499998, -30.760553739 ], [ -60.497066922199998, -30.756850573099999 ], [ -60.490800823199997, -30.745891927599999 ], [ -60.488388839300001, -30.736706358700001 ], [ -60.488852951699997, -30.723663139300001 ], [ -60.483630312499997, -30.718704274499999 ], [ -60.483587687799997, -30.710161876499999 ], [ -60.483539223599998, -30.7004447425 ], [ -60.480422822199998, -30.680546130300002 ], [ -60.477117071199999, -30.669320259799999 ], [ -60.474973853199998, -30.6540034603 ], [ -60.475503453400002, -30.641486365900001 ], [ -60.478417665800002, -30.6345777481 ], [ -60.482775839299997, -30.6242440513 ], [ -60.478111547499999, -30.615212671599998 ], [ -60.4735111918, -30.607990639400001 ], [ -60.473231997699997, -30.6027270246 ], [ -60.472194248100003, -30.5979048795 ], [ -60.464192634699998, -30.589668181 ], [ -60.463520159600002, -30.584756905700001 ], [ -60.463976203100003, -30.578297306100001 ], [ -60.462669288, -30.567886704700001 ], [ -60.462181968099998, -30.565487946200001 ], [ -60.460141628800002, -30.555443329300001 ], [ -60.457778720299999, -30.5521099742 ], [ -60.459023288300003, -30.547279636300001 ], [ -60.461028025399997, -30.542446595400001 ], [ -60.460743528800002, -30.535866741500001 ], [ -60.460209816700001, -30.53016521 ], [ -60.457642938600003, -30.523154652100001 ], [ -60.456096469, -30.5225336753 ], [ -60.449519635599998, -30.519892486900002 ], [ -60.447235273099999, -30.519022895300001 ], [ -60.4428951724, -30.511798736399999 ], [ -60.439529593099998, -30.495796593200001 ], [ -60.4392358841, -30.4868036616 ], [ -60.439914803699999, -30.479167454100001 ], [ -60.440186843900001, -30.472980503700001 ], [ -60.441183034, -30.469247939900001 ], [ -60.442429406700001, -30.464856424400001 ], [ -60.444251233499998, -30.459996338300002 ], [ -60.443655791200001, -30.456077663199999 ], [ -60.439589715099999, -30.452800948299998 ], [ -60.432908364100001, -30.448741356500001 ], [ -60.432614384700003, -30.447784556799999 ], [ -60.431369098200001, -30.444590962300001 ], [ -60.430386839199997, -30.442094429600001 ], [ -60.4276233776, -30.4332327935 ], [ -60.425234314, -30.426088817099998 ], [ -60.422253980800001, -30.418435858100001 ], [ -60.421665713599999, -30.414573301499999 ], [ -60.420737699599997, -30.408479316099999 ], [ -60.421598695100002, -30.4031126828 ], [ -60.419510931200001, -30.3972446995 ], [ -60.4138910952, -30.3921541813 ], [ -60.412101861799997, -30.3870513874 ], [ -60.4123685936, -30.380409554300002 ], [ -60.412938460100001, -30.375810141399999 ], [ -60.415858343499998, -30.369670727199999 ], [ -60.414065127900002, -30.363546259500001 ], [ -60.4108027021, -30.358192656699998 ], [ -60.403187897499997, -30.352639497799998 ], [ -60.401726160499997, -30.348041815399998 ], [ -60.405992814400001, -30.337748260600002 ], [ -60.393396391499998, -30.329942936199998 ], [ -60.392998971700003, -30.319351170299999 ], [ -60.389879354400001, -30.3126518885 ], [ -60.387015250399998, -30.3052809048 ], [ -60.386477008699998, -30.2994683483 ], [ -60.384820943, -30.2933361274 ], [ -60.384123691799999, -30.290754044900002 ], [ -60.379582791099999, -30.283888874300001 ], [ -60.375303830900002, -30.275349722800001 ], [ -60.372443616399998, -30.268425599699999 ], [ -60.365726373900003, -30.2633012133 ], [ -60.357721038599998, -30.257956375799999 ], [ -60.346886313600002, -30.253513056100001 ], [ -60.341716831600003, -30.248383306800001 ], [ -60.3391165516, -30.241234108800001 ], [ -60.341153027899999, -30.234296484200001 ], [ -60.3439711105, -30.230040261900001 ], [ -60.343182234399997, -30.225346223500001 ], [ -60.338764638299999, -30.2178088645 ], [ -60.329766486799997, -30.21783181 ], [ -60.319949794199999, -30.207962265900001 ], [ -60.3168379974, -30.2010374414 ], [ -60.318545625, -30.191668987700002 ], [ -60.3201307908, -30.184327408600002 ], [ -60.326153346200002, -30.1811678334 ], [ -60.350233893199999, -30.175347684599998 ], [ -60.349212336100003, -30.172059772 ], [ -60.3466575936, -30.163510885 ], [ -60.342576547, -30.151455904100001 ], [ -60.340275331199997, -30.142906198599999 ], [ -60.339269784, -30.135710427799999 ], [ -60.345264464099998, -30.125561684200001 ], [ -60.348047515600001, -30.116818881099999 ], [ -60.344405996299997, -30.109840105300002 ], [ -60.336429965900003, -30.110783145799999 ], [ -60.327502338199999, -30.1025455274 ], [ -60.321851578, -30.0817419798 ], [ -60.321138304, -30.079115374 ], [ -60.323631475799999, -30.0701147075 ], [ -60.324621747499997, -30.064408397899999 ], [ -60.314723907, -30.044907636400001 ], [ -60.312675642400002, -30.035040395399999 ], [ -60.313176356500001, -30.019767429200002 ], [ -60.312263363299998, -30.011884778199999 ], [ -60.301225529200003, -30.000624225399999 ], [ -60.292085061400002, -29.9778290446 ], [ -60.285280101600002, -29.977405193799999 ], [ -60.271201961400003, -29.977323261599999 ], [ -60.264114238300003, -29.9778881033 ], [ -60.255286738899997, -29.974834143500001 ], [ -60.253501142200001, -29.966281637400002 ], [ -60.245657449100001, -29.952914080100001 ], [ -60.240102401100003, -29.947659097 ], [ -60.238068802400001, -29.939984329800001 ], [ -60.234773053, -29.930995465399999 ], [ -60.242307957, -29.922206431599999 ], [ -60.252378072200003, -29.9206518463 ], [ -60.258162598399998, -29.9175692564 ], [ -60.2664498826, -29.908777362199999 ], [ -60.2759874248, -29.897349704100002 ], [ -60.285018656299997, -29.885703054699999 ], [ -60.298554721599999, -29.865928367 ], [ -60.307827485899999, -29.852743871800001 ], [ -60.305788022100003, -29.844192517100002 ], [ -60.294712727799997, -29.843340147399999 ], [ -60.287359602, -29.8240502347 ], [ -60.284542273100001, -29.8065052663 ], [ -60.289271393600004, -29.788943891500001 ], [ -60.297262823099999, -29.769619899199999 ], [ -60.293958537499996, -29.757560837100002 ], [ -60.2813769204, -29.754077948799999 ], [ -60.264264863199998, -29.7484090771 ], [ -60.260185043200003, -29.726258657500001 ], [ -60.261255611800003, -29.716455833 ], [ -60.255546703299999, -29.681292273699999 ], [ -60.272273873899998, -29.6417681231 ], [ -60.264237118399997, -29.620176170299999 ], [ -60.254715450399999, -29.601235612300002 ], [ -60.262730364299998, -29.559751463 ], [ -60.278223458900001, -29.524898522800001 ], [ -60.291674486600002, -29.502476128200001 ], [ -60.293196862400002, -29.481711993899999 ], [ -60.303573473599997, -29.431862595799998 ], [ -60.3178697735, -29.3824469646 ], [ -60.305272647199999, -29.334712420799999 ], [ -60.293498561600003, -29.311470441899999 ], [ -60.283180217899996, -29.292115426599999 ], [ -60.295657765400001, -29.2715927026 ], [ -60.299661772100002, -29.258827928100001 ], [ -60.3068663022, -29.2357801229 ], [ -60.298292382, -29.204618324799998 ], [ -60.284534803699998, -29.195081287299999 ], [ -60.282096364700003, -29.189417112 ], [ -60.290948928799999, -29.178413818700001 ], [ -60.293312023399999, -29.157502922100001 ], [ -60.275125943399999, -29.149746118700001 ], [ -60.264590362299998, -29.133822196699999 ], [ -60.263756972800003, -29.123548062 ], [ -60.2698441362, -29.1085412752 ], [ -60.2797146801, -29.099832109800001 ], [ -60.286172402799998, -29.091129537400001 ], [ -60.2875135667, -29.082737327899999 ], [ -60.285099552600002, -29.073154645100001 ], [ -60.276554730900003, -29.0662812574 ], [ -60.276538739, -29.060288879 ], [ -60.282278882, -29.039303456599999 ], [ -60.286483286699998, -29.023931974700002 ], [ -60.283593120500001, -29.012111974700002 ], [ -60.277555195200001, -29.0019814467 ], [ -60.2759976854, -28.985084775099999 ], [ -60.279091901699999, -28.9720579984 ], [ -60.291441455499999, -28.960259270800002 ], [ -60.288342177499999, -28.9524839577 ], [ -60.282888557900002, -28.927457756 ], [ -60.264368826199998, -28.904149255099998 ], [ -60.244339497200002, -28.8892996266 ], [ -60.236589075099999, -28.862245279300001 ], [ -60.2039826703, -28.890543149300001 ], [ -60.184025498099999, -28.897188783800001 ], [ -60.166872883, -28.904849845699999 ], [ -60.148557332, -28.920008966499999 ], [ -60.1281169206, -28.947566108499998 ], [ -60.116833390899998, -28.9558811319 ], [ -60.114568243199997, -28.9613086787 ], [ -60.106938397199997, -28.971283502199999 ], [ -60.103033225, -28.985060208899998 ], [ -60.0962171591, -29.002863293899999 ], [ -60.083076444200003, -29.021031180800001 ], [ -60.068513481399997, -29.0276426858 ], [ -60.054893665800002, -29.043744478699999 ], [ -60.0382905564, -29.0614223209 ], [ -60.036735100100003, -29.080708698500001 ], [ -60.034902564299998, -29.092961288 ], [ -60.033437448199997, -29.106503459500001 ], [ -60.034543606900002, -29.118110382400001 ], [ -60.035742264200003, -29.130943526500001 ], [ -60.0336474219, -29.141759503399999 ], [ -60.026041193899999, -29.146133376200002 ], [ -60.020795669499996, -29.151887171599999 ], [ -60.012401006300003, -29.156030282 ], [ -60.006104614199998, -29.159942665 ], [ -60.000834352200002, -29.168275710700001 ], [ -59.998716505099999, -29.1821777635 ], [ -59.997666551899997, -29.193223203100001 ], [ -59.993204577299998, -29.197134977400001 ], [ -59.992679077299996, -29.205188913899999 ], [ -59.992153407300002, -29.214393410300001 ], [ -59.986902138, -29.223137277700001 ], [ -59.9871632045, -29.2348730227 ], [ -59.988721144300001, -29.249956303899999 ], [ -59.983303782699998, -29.257865814799999 ], [ -59.976900330500001, -29.267213137599999 ], [ -59.97312298, -29.274403394299998 ], [ -59.970002177, -29.2802993028 ], [ -59.969671835600003, -29.287058728400002 ], [ -59.971474717, -29.298276991400002 ], [ -59.976343823500002, -29.3122662886 ], [ -59.976968744300002, -29.323255161 ], [ -59.976757196299999, -29.333877576399999 ], [ -59.974872747299997, -29.3415693299 ], [ -59.9821879717, -29.350134243799999 ], [ -59.990869164199999, -29.3560291139 ], [ -60.001854800499999, -29.3613029242 ], [ -60.012310194500003, -29.368282008600001 ], [ -60.020817171399997, -29.373399330600002 ], [ -60.029857447600001, -29.381152743200001 ], [ -60.030569106199998, -29.39030364 ], [ -60.036420806400002, -29.3975919682 ], [ -60.036423514900001, -29.4051919654 ], [ -60.035888130099998, -29.411724319 ], [ -60.037160262500002, -29.4178963114 ], [ -60.0430415322, -29.423754331 ], [ -60.052511732299998, -29.429213453300001 ], [ -60.054528701599999, -29.433970310399999 ], [ -60.054238457099999, -29.443062117699998 ], [ -60.052479422899999, -29.450551730200001 ], [ -60.052736381499997, -29.46046339 ], [ -60.051984947199998, -29.468723496199999 ], [ -60.046571721299998, -29.474562427199999 ], [ -60.034606658500003, -29.477649728 ], [ -60.02415177, -29.4776520363 ], [ -60.012815202100001, -29.478314388200001 ], [ -60.001766107199998, -29.4810291806 ], [ -59.992129912700001, -29.483635143699999 ], [ -59.981560900200002, -29.4869034685 ], [ -59.9679021018, -29.489175230600001 ], [ -59.960259083399997, -29.491305365300001 ], [ -59.957278889500003, -29.4950485036 ], [ -59.949308845600001, -29.499452235900002 ], [ -59.943776775400003, -29.5051358634 ], [ -59.938404086200002, -29.515083710300001 ], [ -59.938725177899997, -29.522048997900001 ], [ -59.937743541300001, -29.531430153500001 ], [ -59.933487555799999, -29.537236306400001 ], [ -59.926900945200003, -29.5407654688 ], [ -59.919739471299998, -29.540256666299999 ], [ -59.909347208699998, -29.535808987399999 ], [ -59.902649168899998, -29.534290273900002 ], [ -59.8949102196, -29.534284380199999 ], [ -59.887731177200003, -29.5325416226 ], [ -59.872025578900001, -29.5301050777 ], [ -59.867486557299998, -29.5303541796 ], [ -59.8584291011, -29.532638212199998 ], [ -59.850686851399999, -29.532629740400001 ], [ -59.842678805699997, -29.5347991941 ], [ -59.838078912199997, -29.539151048800001 ], [ -59.835504028700001, -29.549017271499999 ], [ -59.8325439718, -29.560228207 ], [ -59.831758859799997, -29.564633193700001 ], [ -59.832881375600003, -29.5749202099 ], [ -59.830016321899997, -29.584538569900001 ], [ -59.821075323499997, -29.592158047 ], [ -59.804719110199997, -29.602254660100002 ], [ -59.797293302200003, -29.610538308599999 ], [ -59.779408044900002, -29.622288356799999 ], [ -59.773900282200003, -29.624264668 ], [ -59.779413152, -29.646665019499999 ], [ -59.784671236800001, -29.660519197 ], [ -59.7872827339, -29.6760471698 ], [ -59.791315129399997, -29.702485827699999 ], [ -59.790542760699999, -29.7270287489 ], [ -59.789796233600001, -29.738984938200002 ], [ -59.787975280600001, -29.7555915754 ], [ -59.788234909099998, -29.775886858100002 ], [ -59.795128560599998, -29.805680967800001 ], [ -59.799628033300003, -29.824401157899999 ], [ -59.7984047542, -29.830988489199999 ], [ -59.7908306295, -29.836248043499999 ], [ -59.7944454939, -29.8438971446 ], [ -59.799878543299997, -29.850494662 ], [ -59.807117805700003, -29.8623658964 ], [ -59.814344619300002, -29.8818801048 ], [ -59.820395516600001, -29.896598101799999 ], [ -59.824613837500003, -29.9079370611 ], [ -59.830673706500001, -29.922535735499999 ], [ -59.835753712900001, -29.929373977200001 ], [ -59.844436028799997, -29.939539874899999 ], [ -59.851835986399998, -29.957089457 ], [ -59.8535109034, -29.972601296299999 ], [ -59.849467722599996, -29.9796131234 ], [ -59.846063637500002, -29.980824967899999 ], [ -59.838419954099997, -29.982292942400001 ], [ -59.836926894500003, -29.9867224909 ], [ -59.841572788199997, -30.001868764099999 ], [ -59.848137579199999, -30.012770336599999 ], [ -59.8525734965, -30.028285197199999 ], [ -59.853617898899998, -30.040103351 ], [ -59.851442321100002, -30.051936316100001 ], [ -59.857861963600001, -30.065354303 ], [ -59.863364797599999, -30.080315931 ], [ -59.8684445381, -30.0950922235 ], [ -59.877131515599999, -30.1157801568 ], [ -59.879903078200002, -30.122690716099999 ], [ -59.887115228600003, -30.135806403699998 ], [ -59.8943273139, -30.1507680309 ], [ -59.909411285399997, -30.164073178700001 ], [ -59.9145089943, -30.170908174200001 ], [ -59.918562463900003, -30.177327972699999 ], [ -59.933257620600003, -30.190077295399998 ], [ -59.942608943400003, -30.203375516800001 ], [ -59.947284206600003, -30.212609269 ], [ -59.953233175900003, -30.2297826197 ], [ -59.9636545408, -30.2445567157 ], [ -59.97221588, -30.2561255301 ], [ -59.980301115899998, -30.271082375500001 ], [ -59.983519530599999, -30.287644374199999 ], [ -59.9873328567, -30.304187941 ], [ -59.987288692, -30.318007412899998 ], [ -59.999865684600003, -30.330534800300001 ], [ -60.003612908900003, -30.342133577 ], [ -60.002274901299998, -30.354660313 ], [ -59.997991584600001, -30.3639393638 ], [ -59.990494013300001, -30.378321508799999 ], [ -59.993706225300002, -30.3924721596 ], [ -59.997062180199997, -30.410259121100001 ], [ -59.988597497, -30.4197127823 ], [ -59.979220206500003, -30.428062673100001 ], [ -59.971180658900003, -30.437108084 ], [ -59.969569409499996, -30.449170306799999 ], [ -59.971708009899999, -30.466568711499999 ], [ -59.970082742, -30.480141893500001 ], [ -59.964986936499997, -30.4887235592 ], [ -59.955330996400001, -30.501247049300002 ], [ -59.946479395200001, -30.5093626733 ], [ -59.941872440300003, -30.517953041 ], [ -59.938172739599999, -30.5231432681 ], [ -59.928516462799998, -30.5404637599 ], [ -59.930364025199999, -30.549021871600001 ], [ -59.933841212200001, -30.563405746499999 ], [ -59.941338261299997, -30.5693513147 ], [ -59.946975716099999, -30.572504952599999 ], [ -59.949652287900001, -30.574690063399999 ], [ -59.952867036100002, -30.5846658856 ], [ -59.954202545, -30.597656541599999 ], [ -59.958758481499999, -30.612272002099999 ], [ -59.964658273600001, -30.6261917249 ], [ -59.971097448800002, -30.637559654299999 ], [ -59.974761471100003, -30.644459335299999 ], [ -59.978144817, -30.654860392900002 ], [ -59.980776327400001, -30.665423737 ], [ -59.985101590200003, -30.677612268299999 ], [ -59.990556587900002, -30.6941883844 ], [ -59.991684851400002, -30.704263810800001 ], [ -59.993500905799998, -30.7196766472 ] ] ] ] } },
{ "type": "Feature", "properties": { "N_CCA": 1, "Area": 26559.782, "Perim": 819.259, "Cuenca": "1- Bajos Submeridionales" }, "geometry": { "type": "MultiPolygon", "coordinates": [ [ [ [ -60.042384017, -28.620510215300001 ], [ -60.046320831800003, -28.626012872499999 ], [ -60.043536361400001, -28.629678533900002 ], [ -60.065421908399998, -28.6570527764 ], [ -60.093448940800002, -28.683767081199999 ], [ -60.1187928919, -28.7010037041 ], [ -60.128394082600003, -28.7067470874 ], [ -60.142525716599998, -28.706307665499999 ], [ -60.184081126, -28.728337871 ], [ -60.217508208, -28.743176055500001 ], [ -60.236746871299999, -28.762091802800001 ], [ -60.252577553599998, -28.798267317400001 ], [ -60.254563951, -28.8253320014 ], [ -60.242302633800001, -28.839903809700001 ], [ -60.236589075099999, -28.862245279300001 ], [ -60.244339497200002, -28.8892996266 ], [ -60.264368826199998, -28.904149255099998 ], [ -60.282888557900002, -28.927457756 ], [ -60.288342177499999, -28.9524839577 ], [ -60.291441455499999, -28.960259270800002 ], [ -60.279091901699999, -28.9720579984 ], [ -60.2759976854, -28.985084775099999 ], [ -60.277555195200001, -29.0019814467 ], [ -60.283593120500001, -29.012111974700002 ], [ -60.286483286699998, -29.023931974700002 ], [ -60.282278882, -29.039303456599999 ], [ -60.276538739, -29.060288879 ], [ -60.276554730900003, -29.0662812574 ], [ -60.285099552600002, -29.073154645100001 ], [ -60.2875135667, -29.082737327899999 ], [ -60.286172402799998, -29.091129537400001 ], [ -60.2797146801, -29.099832109800001 ], [ -60.2698441362, -29.1085412752 ], [ -60.263756972800003, -29.123548062 ], [ -60.264590362299998, -29.133822196699999 ], [ -60.275125943399999, -29.149746118700001 ], [ -60.293312023399999, -29.157502922100001 ], [ -60.290948928799999, -29.178413818700001 ], [ -60.282096364700003, -29.189417112 ], [ -60.284534803699998, -29.195081287299999 ], [ -60.298292382, -29.204618324799998 ], [ -60.3068663022, -29.2357801229 ], [ -60.299661772100002, -29.258827928100001 ], [ -60.295657765400001, -29.2715927026 ], [ -60.283180217899996, -29.292115426599999 ], [ -60.293498561600003, -29.311470441899999 ], [ -60.305272647199999, -29.334712420799999 ], [ -60.3178697735, -29.3824469646 ], [ -60.303573473599997, -29.431862595799998 ], [ -60.293196862400002, -29.481711993899999 ], [ -60.291674486600002, -29.502476128200001 ], [ -60.278223458900001, -29.524898522800001 ], [ -60.262730364299998, -29.559751463 ], [ -60.254715450399999, -29.601235612300002 ], [ -60.264237118399997, -29.620176170299999 ], [ -60.272273873899998, -29.6417681231 ], [ -60.255546703299999, -29.681292273699999 ], [ -60.261255611800003, -29.716455833 ], [ -60.260185043200003, -29.726258657500001 ], [ -60.264264863199998, -29.7484090771 ], [ -60.2813769204, -29.754077948799999 ], [ -60.293958537499996, -29.757560837100002 ], [ -60.297262823099999, -29.769619899199999 ], [ -60.289271393600004, -29.788943891500001 ], [ -60.284542273100001, -29.8065052663 ], [ -60.287359602, -29.8240502347 ], [ -60.294712727799997, -29.843340147399999 ], [ -60.305788022100003, -29.844192517100002 ], [ -60.307827485899999, -29.852743871800001 ], [ -60.298554721599999, -29.865928367 ], [ -60.285018656299997, -29.885703054699999 ], [ -60.2759874248, -29.897349704100002 ], [ -60.2664498826, -29.908777362199999 ], [ -60.258162598399998, -29.9175692564 ], [ -60.252378072200003, -29.9206518463 ], [ -60.242307957, -29.922206431599999 ], [ -60.234773053, -29.930995465399999 ], [ -60.238068802400001, -29.939984329800001 ], [ -60.240102401100003, -29.947659097 ], [ -60.245657449100001, -29.952914080100001 ], [ -60.253501142200001, -29.966281637400002 ], [ -60.255286738899997, -29.974834143500001 ], [ -60.264114238300003, -29.9778881033 ], [ -60.271201961400003, -29.977323261599999 ], [ -60.285280101600002, -29.977405193799999 ], [ -60.292085061400002, -29.9778290446 ], [ -60.301225529200003, -30.000624225399999 ], [ -60.342612196799998, -30.0145335779 ], [ -60.365726813400002, -30.0081815538 ], [ -60.389583490299998, -30.0074841315 ], [ -60.421408663, -30.010531004699999 ], [ -60.433012462599997, -30.0186700569 ], [ -60.444685543200002, -30.041903274100001 ], [ -60.457787782799997, -30.060098586100001 ], [ -60.472428401899997, -30.087817809600001 ], [ -60.478322944600002, -30.109810407299999 ], [ -60.478471516399999, -30.1406292106 ], [ -60.478647674500003, -30.177108434299999 ], [ -60.478702841, -30.188518672099999 ], [ -60.478802838900002, -30.209184823299999 ], [ -60.488289154100002, -30.2229868947 ], [ -60.499983944, -30.243069353 ], [ -60.502212430900002, -30.253753046500002 ], [ -60.509564203399997, -30.273851112700001 ], [ -60.529268485700001, -30.286990178 ], [ -60.542305078799998, -30.284421029 ], [ -60.5539051513, -30.2843724606 ], [ -60.570946687199999, -30.280456544500002 ], [ -60.579979314900001, -30.279856912700001 ], [ -60.592299936400003, -30.279172811900001 ], [ -60.602434022899999, -30.2766107924 ], [ -60.6190563, -30.2683569603 ], [ -60.632059742199999, -30.261376447100002 ], [ -60.639275408700001, -30.256309867700001 ], [ -60.647948065, -30.252493575 ], [ -60.6631214425, -30.245499250200002 ], [ -60.673953343599997, -30.2397834832 ], [ -60.681863811900001, -30.230937326 ], [ -60.691257131100002, -30.227114457700001 ], [ -60.714905555599998, -30.228119086300001 ], [ -60.720035178899998, -30.223343895199999 ], [ -60.712124470399999, -30.206876504699999 ], [ -60.712088110700002, -30.196404587 ], [ -60.701785551699999, -30.1701093647 ], [ -60.691549890899999, -30.152596456200001 ], [ -60.691444882699997, -30.137539333100001 ], [ -60.692810257300003, -30.1262388667 ], [ -60.697072018599997, -30.116177818899999 ], [ -60.704220499500003, -30.106101203200001 ], [ -60.714218764100004, -30.090989461100001 ], [ -60.717033459100001, -30.080935626799999 ], [ -60.718368088, -30.065870544199999 ], [ -60.716698981900002, -30.034509116799999 ], [ -60.69627713, -29.9935037214 ], [ -60.680148311499998, -29.9546879896 ], [ -60.684378578100002, -29.940862794099999 ], [ -60.6929226723, -29.925759981199999 ], [ -60.695665447099998, -29.905667948 ], [ -60.692644818700003, -29.885606188800001 ], [ -60.691013918400003, -29.858007861600001 ], [ -60.693764180499997, -29.839170501600002 ], [ -60.706635292100003, -29.826553648099999 ], [ -60.722346255200002, -29.808900573700001 ], [ -60.726546863099998, -29.792564289400001 ], [ -60.726474364799998, -29.782525725300001 ], [ -60.719099450900003, -29.757468565500002 ], [ -60.729089043, -29.746120023700001 ], [ -60.711297032300003, -29.717553805400001 ], [ -60.714537922300003, -29.7161476301 ], [ -60.721949376399998, -29.706311009299998 ], [ -60.727625939500001, -29.704150285899999 ], [ -60.732529376700001, -29.694263835 ], [ -60.737980061400002, -29.689443840300001 ], [ -60.739188510399998, -29.6842119284 ], [ -60.738386439800003, -29.6768140625 ], [ -60.7351122022, -29.672260228300001 ], [ -60.7353044846, -29.664421374700002 ], [ -60.740227839, -29.655903029600001 ], [ -60.742410407599998, -29.647617591700001 ], [ -60.745067019799997, -29.636063693800001 ], [ -60.745266537900001, -29.629313339399999 ], [ -60.739393733100002, -29.6099693243 ], [ -60.742333989800002, -29.603203646600001 ], [ -60.745072150799999, -29.5851703007 ], [ -60.825940588800002, -29.568790290900001 ], [ -60.870934129200002, -29.5632023585 ], [ -60.905533367099999, -29.558049113700001 ], [ -60.944025748100003, -29.552859293600001 ], [ -60.974287588700001, -29.547718982399999 ], [ -61.031886432900002, -29.5487985141 ], [ -61.056572908900002, -29.549361677699999 ], [ -61.076993534099998, -29.5466861592 ], [ -61.076864140700003, -29.537104923800001 ], [ -61.078313151300001, -29.527967869699999 ], [ -61.09403268, -29.516348299299999 ], [ -61.1123095337, -29.496848525899999 ], [ -61.128801470100001, -29.4817226232 ], [ -61.142037073099999, -29.4753661427 ], [ -61.152229279700002, -29.467865381799999 ], [ -61.168214549699996, -29.449805774800002 ], [ -61.175298555300003, -29.444742423899999 ], [ -61.188455722400001, -29.4421100695 ], [ -61.217483539100002, -29.4350526586 ], [ -61.234334961499997, -29.4377288335 ], [ -61.245310309799997, -29.435927865299998 ], [ -61.267133219800002, -29.4221318076 ], [ -61.2961194353, -29.403532519199999 ], [ -61.346078599800002, -29.402278543800001 ], [ -61.359931811099997, -29.403859871400002 ], [ -61.373763079600003, -29.401598699800001 ], [ -61.370949368600002, -29.389790604600002 ], [ -61.374036647300002, -29.388923763699999 ], [ -61.380380330599998, -29.387142326799999 ], [ -61.374906154400001, -29.3312141438 ], [ -61.399153078200001, -29.327176348399998 ], [ -61.393914449, -29.301921570299999 ], [ -61.386745879099998, -29.266390976 ], [ -61.378281856100003, -29.2246378249 ], [ -61.392857149, -29.226068238700002 ], [ -61.397988250899999, -29.225311863600002 ], [ -61.403042928600001, -29.2238532527 ], [ -61.406609471899998, -29.219496574299999 ], [ -61.412058089399999, -29.214211459400001 ], [ -61.4205123371, -29.212423429400001 ], [ -61.437670820400001, -29.212474427899998 ], [ -61.446564398500001, -29.213491387400001 ], [ -61.454210507399999, -29.215985555500001 ], [ -61.4618808229, -29.217058791300001 ], [ -61.468677565900002, -29.214538985800001 ], [ -61.487899517400002, -29.214150875600001 ], [ -61.492272338699998, -29.212913082499998 ], [ -61.498752162199999, -29.210094716899999 ], [ -61.498664807799997, -29.168220113499999 ], [ -61.499386596699999, -29.128166856899998 ], [ -61.53761608, -29.1226995074 ], [ -61.529376450599997, -29.076570224 ], [ -61.536342636800001, -29.074965099700002 ], [ -61.548076962, -29.072923329200002 ], [ -61.566605596099997, -29.075225397600001 ], [ -61.577238111200003, -29.072126078099998 ], [ -61.590769677499999, -29.071279864699999 ], [ -61.59618565, -29.067783152499999 ], [ -61.601382033, -29.0501016001 ], [ -61.607292442400002, -29.044996783799998 ], [ -61.6223607007, -29.0427561222 ], [ -61.627614547199997, -29.0393300241 ], [ -61.633443853700001, -29.035528166 ], [ -61.636730632899997, -29.029309864799998 ], [ -61.6411414389, -29.028340740299999 ], [ -61.648632190800001, -29.0245878066 ], [ -61.679592502600002, -29.023288946899999 ], [ -61.697413987600001, -29.014598512500001 ], [ -61.708175745799998, -29.004165143400002 ], [ -61.7142930726, -28.996307313700001 ], [ -61.718886148099998, -28.990756937800001 ], [ -61.725089241, -28.9881604393 ], [ -61.7347126493, -28.987807775499999 ], [ -61.739338699800001, -28.984315694100001 ], [ -61.742039703, -28.974670268600001 ], [ -61.749472707499997, -28.967937982599999 ], [ -61.753644444400003, -28.9530103397 ], [ -61.762604720900001, -28.944426900900002 ], [ -61.770507732299997, -28.934941533700002 ], [ -61.779077858, -28.934142054500001 ], [ -61.784231892100003, -28.931327994499998 ], [ -61.787739045499997, -28.923501612199999 ], [ -61.797292888500003, -28.919484477 ], [ -61.802493136400003, -28.920278189800001 ], [ -61.815178996500002, -28.9201077341 ], [ -61.828515458699997, -28.9225852782 ], [ -61.843740048, -28.929288455599998 ], [ -61.8571350757, -28.9349519015 ], [ -61.869815521299998, -28.9429885226 ], [ -61.856347089800003, -28.862004187899998 ], [ -61.852110814600003, -28.837677103099999 ], [ -61.848615000099997, -28.816257595500002 ], [ -61.843782173199997, -28.787429085900001 ], [ -61.843213991600003, -28.7837786425 ], [ -61.841836055900004, -28.775703137600001 ], [ -61.839675119900001, -28.7627137146 ], [ -61.838333034400002, -28.7545386042 ], [ -61.834435471100001, -28.728396915200001 ], [ -61.833486388200001, -28.722472950299998 ], [ -61.826731631199998, -28.6825462292 ], [ -61.823181248799997, -28.661571632899999 ], [ -61.818108252899997, -28.631788777299999 ], [ -61.816454176500002, -28.621504179399999 ], [ -61.814214066700004, -28.608752812199999 ], [ -61.8107206683, -28.588109888 ], [ -61.807098188300003, -28.5665106981 ], [ -61.804665486399998, -28.5523678124 ], [ -61.797651169700003, -28.510760057399999 ], [ -61.793193749099999, -28.483854663799999 ], [ -61.789396907700002, -28.4614132522 ], [ -61.787373176, -28.4497729785 ], [ -61.781665026299997, -28.416520831 ], [ -61.774014294499999, -28.372082620899999 ], [ -61.772634793899996, -28.3625692669 ], [ -61.771984092, -28.358796828500001 ], [ -61.770451595700003, -28.349747279900001 ], [ -61.766841051199997, -28.328622592799999 ], [ -61.766777106200003, -28.327893992700002 ], [ -61.763845083200003, -28.3108518602 ], [ -61.763669401800001, -28.309286564400001 ], [ -61.760971790699998, -28.293659987600002 ], [ -61.759200085800003, -28.283174237 ], [ -61.757532940499999, -28.273198401 ], [ -61.757529283700002, -28.272609468900001 ], [ -61.754922082100002, -28.257502438 ], [ -61.7527135319, -28.2451427755 ], [ -61.751713324100002, -28.239324228899999 ], [ -61.750814404499998, -28.237018693900001 ], [ -61.749045435100001, -28.226950310799999 ], [ -61.7434315028, -28.191965623600002 ], [ -61.741228312399997, -28.1796638814 ], [ -61.739149008699997, -28.167382686100002 ], [ -61.731861433799999, -28.122219614799999 ], [ -61.720449536899999, -28.0513511501 ], [ -61.717653055200003, -28.0340187991 ], [ -61.7122211358, -27.999678378700001 ], [ -61.496205773600003, -27.999646196099999 ], [ -61.246207319299998, -27.9996400261 ], [ -60.9962072796, -27.999632226700001 ], [ -60.746208136500002, -27.999625400300001 ], [ -60.648345176200003, -27.999676862600001 ], [ -60.639197554200003, -28.004351504100001 ], [ -60.638858177400003, -28.004524914 ], [ -60.636735654699997, -28.0060704791 ], [ -60.573362295, -28.0521820855 ], [ -60.530224050900003, -28.083531260099999 ], [ -60.4981788491, -28.105793429399998 ], [ -60.312775844199997, -28.1060382153 ], [ -60.310758370499997, -28.118175581599999 ], [ -60.315232447299998, -28.127264938100002 ], [ -60.315937188500001, -28.134239643699999 ], [ -60.3142688613, -28.148802750600002 ], [ -60.308194151800002, -28.165175107700001 ], [ -60.300445997700002, -28.1695688199 ], [ -60.296376794, -28.1704692876 ], [ -60.293049129700002, -28.173648736400001 ], [ -60.284942811800001, -28.176479305 ], [ -60.277540032600001, -28.178682757 ], [ -60.265920395400002, -28.1877714118 ], [ -60.255341739099997, -28.190292404800001 ], [ -60.2489944489, -28.1918671303 ], [ -60.241250356, -28.2000087668 ], [ -60.232791860799999, -28.2047125104 ], [ -60.229628661, -28.2079227989 ], [ -60.219745025899996, -28.2094231767 ], [ -60.209161303400002, -28.211002795599999 ], [ -60.203873181900001, -28.213824233 ], [ -60.194703268700003, -28.216963651499999 ], [ -60.186263091100002, -28.234168721 ], [ -60.186989752300001, -28.246046723399999 ], [ -60.190538222199997, -28.2563577747 ], [ -60.1912560341, -28.262921459800001 ], [ -60.191269430399998, -28.270423933499998 ], [ -60.182108666600001, -28.282002779399999 ], [ -60.183556047700002, -28.302320021700002 ], [ -60.187838921800001, -28.327634932599999 ], [ -60.188560936400002, -28.336386761699998 ], [ -60.1846831597, -28.341393675700001 ], [ -60.169981794100003, -28.3486578636 ], [ -60.165265414, -28.354545258600002 ], [ -60.155565685, -28.3634683055 ], [ -60.146919612700003, -28.372386985 ], [ -60.125006121699997, -28.371783641699999 ], [ -60.108745480800003, -28.3689841849 ], [ -60.09584603, -28.371560539299999 ], [ -60.090726341100002, -28.3752493625 ], [ -60.084919796800001, -28.375128352299999 ], [ -60.071707049899999, -28.380492871600001 ], [ -60.064701419800002, -28.381687997 ], [ -60.056346336099999, -28.3793084675 ], [ -60.044074605299997, -28.3815244227 ], [ -60.041127320599998, -28.3918685073 ], [ -60.0397426794, -28.3971239641 ], [ -60.0369715892, -28.4036059622 ], [ -60.0344002629, -28.416218718 ], [ -60.030835524700002, -28.421824934299998 ], [ -60.024298129400002, -28.4274316158 ], [ -60.018156101099997, -28.4314614217 ], [ -60.003690660099998, -28.437593434099998 ], [ -59.996492389099998, -28.438645332699998 ], [ -59.98903173, -28.4418030627 ], [ -59.984665126400003, -28.445299968800001 ], [ -59.9801046324, -28.457210717900001 ], [ -59.976930077200002, -28.472099361400002 ], [ -59.977523077800001, -28.480157101900001 ], [ -59.978908638100002, -28.4911927735 ], [ -59.975139558899997, -28.499424920599999 ], [ -59.973749689599998, -28.506956772 ], [ -59.9749361386, -28.521145371799999 ], [ -59.979892686699998, -28.529729273099999 ], [ -59.988817703099997, -28.5337590888 ], [ -59.997810731199998, -28.534553712299999 ], [ -60.000718752099999, -28.5348105349 ], [ -60.007859591200003, -28.536737119800001 ], [ -60.013165412799999, -28.541767750199998 ], [ -60.015397868, -28.5418162446 ], [ -60.017382417299999, -28.547246099900001 ], [ -60.017182299, -28.551045868399999 ], [ -60.016893656800001, -28.556526011500001 ], [ -60.019568374599999, -28.567915156200002 ], [ -60.025921122699998, -28.5821023399 ], [ -60.027907015700002, -28.587707171600002 ], [ -60.0302894919, -28.591385087399999 ], [ -60.033070710399997, -28.600317751599999 ], [ -60.035851329499998, -28.606097418200001 ], [ -60.037553085799999, -28.613756865199999 ], [ -60.042384017, -28.620510215300001 ] ] ] ] } },
{ "type": "Feature", "properties": { "N_CCA": 9, "Area": 936.496, "Perim": 135.769, "Cuenca": "9- Río Dulce" }, "geometry": { "type": "MultiPolygon", "coordinates": [ [ [ [ -61.911057583599998, -30.387787618200001 ], [ -61.890477946, -30.428240007900001 ], [ -61.8879058777, -30.436813094400001 ], [ -61.884731294, -30.44254957 ], [ -61.878928433, -30.4540144178 ], [ -61.880178132600001, -30.462058055699998 ], [ -61.888025869499998, -30.471428916299999 ], [ -61.897481089599999, -30.478879040599999 ], [ -61.898332402100003, -30.494515563499998 ], [ -61.89906308, -30.4974229219 ], [ -61.902489067600001, -30.511052234299999 ], [ -61.906127246700002, -30.529018904200001 ], [ -61.912571754, -30.550263607800002 ], [ -61.931532377899998, -30.566698093 ], [ -61.939393859100001, -30.5760651678 ], [ -61.945707101700002, -30.590196828500002 ], [ -61.9402913678, -30.5935971004 ], [ -61.933372294599998, -30.597736321 ], [ -61.932162375499999, -30.598460062699999 ], [ -61.928123660099999, -30.6019884247 ], [ -61.922617343, -30.606798337299999 ], [ -61.970843203400001, -30.637371857400002 ], [ -62.0013704785, -30.6628408081 ], [ -62.154897824400003, -30.581477216100001 ], [ -62.113657137099999, -30.3760826032 ], [ -62.110209419100002, -30.355562611500002 ], [ -62.107824398200002, -30.340746646500001 ], [ -62.1041049934, -30.320761924500001 ], [ -62.102560093400001, -30.311626758399999 ], [ -62.101074049300003, -30.311638349300001 ], [ -62.101069454700003, -30.309908401 ], [ -62.101057012399998, -30.308955172299999 ], [ -62.10233232, -30.3089491074 ], [ -62.090854854299998, -30.2394862686 ], [ -62.090602204200003, -30.239487957200001 ], [ -62.090119075399997, -30.239493684300001 ], [ -62.080031485799999, -30.182434005299999 ], [ -62.080027459500002, -30.179388317800001 ], [ -62.076578917900001, -30.159463936400002 ], [ -62.0488171505, -30.165135728 ], [ -62.0292199457, -30.1701936569 ], [ -62.007019757800002, -30.1819431865 ], [ -61.985965900799997, -30.196523723199999 ], [ -61.9521917008, -30.232681212 ], [ -61.947965230599998, -30.241241260300001 ], [ -61.940604907100003, -30.256144786099998 ], [ -61.934359706099997, -30.272873928300001 ], [ -61.929858297400003, -30.2948057513 ], [ -61.930544986199997, -30.305681042300002 ], [ -61.9308033513, -30.309771934099999 ], [ -61.931447869300001, -30.319974906799999 ], [ -61.935564014599997, -30.334173965800002 ], [ -61.933963348100001, -30.345682464 ], [ -61.933642790100002, -30.347986957300002 ], [ -61.927624129100003, -30.358596670899999 ], [ -61.911057583599998, -30.387787618200001 ] ] ] ] } },
{ "type": "Feature", "properties": { "N_CCA": 7, "Area": 359.922, "Perim": 99.297, "Cuenca": "7- Arroyo El Gusano" }, "geometry": { "type": "MultiPolygon", "coordinates": [ [ [ [ -59.795190761299999, -29.454003126100002 ], [ -59.782565956699997, -29.463733744199999 ], [ -59.782587965700003, -29.473363404400001 ], [ -59.786944283, -29.484646346600002 ], [ -59.794707169500001, -29.4967854611 ], [ -59.796883189299997, -29.5040223799 ], [ -59.799052371599998, -29.514876037400001 ], [ -59.801204500099999, -29.534665179699999 ], [ -59.800199249499997, -29.550619999 ], [ -59.802725235899999, -29.557054032500002 ], [ -59.800445255699998, -29.565127395200001 ], [ -59.791754603900003, -29.5703886489 ], [ -59.786852757600002, -29.574570320900001 ], [ -59.778771000600003, -29.582524862700001 ], [ -59.774393817300002, -29.588868625900002 ], [ -59.768432536399999, -29.5938237714 ], [ -59.7664212237, -29.598154510699999 ], [ -59.763621673700001, -29.607849412299998 ], [ -59.763445622600003, -29.611017088899999 ], [ -59.761559485699998, -29.613858186400002 ], [ -59.760171882900003, -29.617794182 ], [ -59.767027173199999, -29.622174245 ], [ -59.773900282200003, -29.624264668 ], [ -59.779408044900002, -29.622288356799999 ], [ -59.797293302200003, -29.610538308599999 ], [ -59.804719110199997, -29.602254660100002 ], [ -59.821075323499997, -29.592158047 ], [ -59.830016321899997, -29.584538569900001 ], [ -59.832881375600003, -29.5749202099 ], [ -59.831758859799997, -29.564633193700001 ], [ -59.8325439718, -29.560228207 ], [ -59.835504028700001, -29.549017271499999 ], [ -59.838078912199997, -29.539151048800001 ], [ -59.842678805699997, -29.5347991941 ], [ -59.850686851399999, -29.532629740400001 ], [ -59.8584291011, -29.532638212199998 ], [ -59.867486557299998, -29.5303541796 ], [ -59.872025578900001, -29.5301050777 ], [ -59.887731177200003, -29.5325416226 ], [ -59.8949102196, -29.534284380199999 ], [ -59.902649168899998, -29.534290273900002 ], [ -59.909347208699998, -29.535808987399999 ], [ -59.919739471299998, -29.540256666299999 ], [ -59.926900945200003, -29.5407654688 ], [ -59.933487555799999, -29.537236306400001 ], [ -59.937743541300001, -29.531430153500001 ], [ -59.938725177899997, -29.522048997900001 ], [ -59.938404086200002, -29.515083710300001 ], [ -59.943776775400003, -29.5051358634 ], [ -59.949308845600001, -29.499452235900002 ], [ -59.957278889500003, -29.4950485036 ], [ -59.960259083399997, -29.491305365300001 ], [ -59.9679021018, -29.489175230600001 ], [ -59.981560900200002, -29.4869034685 ], [ -59.992129912700001, -29.483635143699999 ], [ -60.001766107199998, -29.4810291806 ], [ -60.012815202100001, -29.478314388200001 ], [ -60.02415177, -29.4776520363 ], [ -60.034606658500003, -29.477649728 ], [ -60.046571721299998, -29.474562427199999 ], [ -60.051984947199998, -29.468723496199999 ], [ -60.052736381499997, -29.46046339 ], [ -60.052479422899999, -29.450551730200001 ], [ -60.054238457099999, -29.443062117699998 ], [ -60.054528701599999, -29.433970310399999 ], [ -60.052511732299998, -29.429213453300001 ], [ -60.0430415322, -29.423754331 ], [ -60.037160262500002, -29.4178963114 ], [ -60.035888130099998, -29.411724319 ], [ -60.036423514900001, -29.4051919654 ], [ -60.036420806400002, -29.3975919682 ], [ -60.030569106199998, -29.39030364 ], [ -60.029857447600001, -29.381152743200001 ], [ -60.020817171399997, -29.373399330600002 ], [ -60.012310194500003, -29.368282008600001 ], [ -60.001854800499999, -29.3613029242 ], [ -59.990869164199999, -29.3560291139 ], [ -59.9821879717, -29.350134243799999 ], [ -59.981772447600001, -29.361716405500001 ], [ -59.975703452399998, -29.367026635599998 ], [ -59.969843914199998, -29.369589459299998 ], [ -59.959381062200002, -29.370685556200002 ], [ -59.946482575600001, -29.370172928300001 ], [ -59.937520602600003, -29.372456496400002 ], [ -59.928931480099997, -29.374903049299999 ], [ -59.9220229274, -29.376369689400001 ], [ -59.914551913799997, -29.380449851600002 ], [ -59.906706272699999, -29.385182903 ], [ -59.901846265400003, -29.391061439800001 ], [ -59.8945560298, -29.399061941799999 ], [ -59.884172077300001, -29.412295511100002 ], [ -59.8770313367, -29.417282754599999 ], [ -59.868226830600001, -29.420811483800001 ], [ -59.860137835800003, -29.422467788500001 ], [ -59.850383640799997, -29.424121723500001 ], [ -59.845390323, -29.423075687200001 ], [ -59.833011969799998, -29.429302768399999 ], [ -59.819639228, -29.4340737524 ], [ -59.812675940299997, -29.435799408499999 ], [ -59.803936149800002, -29.443841712899999 ], [ -59.795190761299999, -29.454003126100002 ] ] ] ] } },
{ "type": "Feature", "properties": { "N_CCA": 4, "Area": 703.381, "Perim": 118.157, "Cuenca": "4- Río Tapenaga" }, "geometry": { "type": "MultiPolygon", "coordinates": [ [ [ [ -59.176435688700003, -28.092303470899999 ], [ -59.176181839900003, -28.105003742299999 ], [ -59.174131816799999, -28.113775515899999 ], [ -59.178348733699998, -28.12201603 ], [ -59.179693592699998, -28.132766992499999 ], [ -59.182475184799998, -28.1422626421 ], [ -59.213957370800003, -28.152925725100001 ], [ -59.221604535499999, -28.175288650300001 ], [ -59.223783332399996, -28.187338382299998 ], [ -59.238763521, -28.205905015399999 ], [ -59.250845906599999, -28.208048344600002 ], [ -59.2646139959, -28.2058804925 ], [ -59.276587167899997, -28.201459223200001 ], [ -59.2845595, -28.199899316 ], [ -59.297959856200002, -28.198366892300001 ], [ -59.307753455399997, -28.194892756600002 ], [ -59.316080651299998, -28.194293885499999 ], [ -59.327310753399999, -28.192427352300001 ], [ -59.338518753300001, -28.194083805 ], [ -59.344658885299999, -28.196035531 ], [ -59.350464462200001, -28.193500278199998 ], [ -59.3580771691, -28.191293621100002 ], [ -59.363512759199999, -28.1900375285 ], [ -59.370384374499999, -28.190710045199999 ], [ -59.375446755200002, -28.191373974899999 ], [ -59.3823038086, -28.194608765200002 ], [ -59.398180685600003, -28.194276180199999 ], [ -59.398870485899998, -28.184025226900001 ], [ -59.423039164499997, -28.156321463 ], [ -59.494309768, -28.1238877145 ], [ -59.527206189700003, -28.097014748100001 ], [ -59.560086241699999, -28.0701335929 ], [ -59.6167038404, -27.999650982199999 ], [ -59.4962118288, -27.999590989800001 ], [ -59.246214167799998, -27.9995834156 ], [ -59.164525049, -27.999631434200001 ], [ -59.168359987700001, -28.029692565200001 ], [ -59.173281305, -28.038569472700001 ], [ -59.175181038300003, -28.048325800099999 ], [ -59.177462296800002, -28.0528733702 ], [ -59.1823655914, -28.0626377082 ], [ -59.176580319099997, -28.073346127400001 ], [ -59.174383347599999, -28.080916225399999 ], [ -59.176435688700003, -28.092303470899999 ] ] ] ] } },
{ "type": "Feature", "properties": { "N_CCA": 3, "Area": 3440.597, "Perim": 407.734, "Cuenca": "3- Arroyo Los Amores" }, "geometry": { "type": "MultiPolygon", "coordinates": [ [ [ [ -59.68961660469995, -28.210920841699931 ], [ -59.690257261400006, -28.205123481200019 ], [ -59.699955574900002, -28.199012543700007 ], [ -59.71445822499993, -28.199871973100016 ], [ -59.72958290759999, -28.201559501500014 ], [ -59.743303370699948, -28.203656944699958 ], [ -59.754226242699986, -28.201605976299959 ], [ -59.759845817299947, -28.199544948499977 ], [ -59.761568183599934, -28.196510472299963 ], [ -59.767840550100004, -28.181057744699956 ], [ -59.772716356899991, -28.168200007399946 ], [ -59.776481314799923, -28.156429502299943 ], [ -59.768602991000023, -28.148319940600004 ], [ -59.769593749299986, -28.13635215459999 ], [ -59.790448261999984, -28.13635076629987 ], [ -59.827391514300018, -28.124003015399978 ], [ -59.862592267900027, -28.108347261400013 ], [ -59.98328492389993, -28.108725609600015 ], [ -59.984280443399996, -28.105419848499935 ], [ -60.312775844199962, -28.106038215299918 ], [ -60.498178849099929, -28.105793429400023 ], [ -60.648345176199939, -27.999676862599983 ], [ -59.616703840400021, -27.999650982200023 ], [ -59.560086241699935, -28.070133592899992 ], [ -59.494309768, -28.123887714500029 ], [ -59.423039164499983, -28.156321462999927 ], [ -59.39887048589992, -28.184025226900019 ], [ -59.398180685599925, -28.194276180200006 ], [ -59.394297670599997, -28.20421555690001 ], [ -59.400192939100009, -28.21717495059994 ], [ -59.403309167599957, -28.228395900900011 ], [ -59.40023276309995, -28.234274447299981 ], [ -59.390099085200006, -28.243320095099989 ], [ -59.386445003400013, -28.25020578340002 ], [ -59.385528223699964, -28.253065546400023 ], [ -59.385847121599966, -28.265917635099925 ], [ -59.387752466999984, -28.275998287599975 ], [ -59.386124202299925, -28.286063084599903 ], [ -59.374662146399999, -28.298861667200015 ], [ -59.370696312799964, -28.305442384599985 ], [ -59.36945872339993, -28.315508717599982 ], [ -59.370197176100021, -28.323500284399927 ], [ -59.370549064600027, -28.330448121499956 ], [ -59.375002177800013, -28.346405067899923 ], [ -59.376265645999922, -28.355125325500012 ], [ -59.37621017150002, -28.364614165700004 ], [ -59.37662008259997, -28.369457411700012 ], [ -59.373309518399992, -28.373508969299962 ], [ -59.370433564999928, -28.378143421400011 ], [ -59.365573596600029, -28.384705119599914 ], [ -59.366201065599967, -28.389743047699938 ], [ -59.366805569199983, -28.398653925199994 ], [ -59.366200794400015, -28.41333942809996 ], [ -59.367042404100005, -28.422023955999975 ], [ -59.365889344200014, -28.439291036199961 ], [ -59.364870616899964, -28.443026415299869 ], [ -59.365080296399981, -28.449627617699946 ], [ -59.363792594799861, -28.456661824799937 ], [ -59.363017476300001, -28.461278343599986 ], [ -59.359989332400005, -28.467644323400009 ], [ -59.357964145100027, -28.472914928999955 ], [ -59.354955404199927, -28.475980785799948 ], [ -59.351772493300018, -28.486082049899949 ], [ -59.348896333500022, -28.488677563400017 ], [ -59.342255657500004, -28.492627921599933 ], [ -59.335998581599995, -28.497096544700014 ], [ -59.33001937829988, -28.502316085599944 ], [ -59.323753248900005, -28.508033814800001 ], [ -59.323422248300005, -28.515530546100024 ], [ -59.320806214799859, -28.52601521150001 ], [ -59.320743916099957, -28.539391270799911 ], [ -59.324946031400032, -28.554129224999883 ], [ -59.325871767900026, -28.56751289890002 ], [ -59.331369287299992, -28.577574393900022 ], [ -59.33840990829998, -28.583629476199974 ], [ -59.347176868399913, -28.58982329529988 ], [ -59.353104191199975, -28.59755296000003 ], [ -59.35763374290002, -28.608518385899913 ], [ -59.357601683999917, -28.613787507999973 ], [ -59.358481605199927, -28.62027693259995 ], [ -59.363059137399887, -28.623541164799974 ], [ -59.366247987199927, -28.628420044300015 ], [ -59.362090671499971, -28.631643164699938 ], [ -59.351980977200014, -28.630784549599923 ], [ -59.348270427499983, -28.636036007999962 ], [ -59.350504392299911, -28.64658524539999 ], [ -59.347717877500031, -28.651030431100025 ], [ -59.338940197099987, -28.657473106999987 ], [ -59.338411641800008, -28.668414304500004 ], [ -59.342515441899934, -28.674108825699932 ], [ -59.347534639599985, -28.680618318000029 ], [ -59.349796929700005, -28.686709060800013 ], [ -59.350661914399893, -28.695630343699918 ], [ -59.363471830499918, -28.707445592300019 ], [ -59.365740484399964, -28.712725467300004 ], [ -59.372145755900021, -28.718835191499977 ], [ -59.373463820299946, -28.723585137700013 ], [ -59.374398191599994, -28.726952098100014 ], [ -59.378470245100004, -28.738725228299984 ], [ -59.378884928399941, -28.746428255500007 ], [ -59.383919248200016, -28.751315165599976 ], [ -59.391250886899968, -28.757022878399937 ], [ -59.395358610599999, -28.763121155699992 ], [ -59.395304873600026, -28.772443297099926 ], [ -59.399890106699957, -28.775706311100009 ], [ -59.40823568830001, -28.777685862399949 ], [ -59.432809605800003, -28.77963322239998 ], [ -59.444300100399971, -28.782904366099956 ], [ -59.461550225999986, -28.785276667999938 ], [ -59.474611629399988, -28.788551516299947 ], [ -59.486115751899945, -28.78951673710003 ], [ -59.493757336399995, -28.785660830799998 ], [ -59.494958565299953, -28.784749197899998 ], [ -59.502018324300025, -28.779390884199984 ], [ -59.511209224399863, -28.77592451480001 ], [ -59.525534162799943, -28.773097585400023 ], [ -59.530950230100018, -28.770209549399965 ], [ -59.541474369099944, -28.766017355599956 ], [ -59.550030397199919, -28.765649714099993 ], [ -59.560092037900006, -28.764097240900014 ], [ -59.573454458799972, -28.76268659279998 ], [ -59.580368313699978, -28.760065529500025 ], [ -59.584745898200026, -28.753604422900025 ], [ -59.586137040699953, -28.748000240199985 ], [ -59.592617407799878, -28.740752465699984 ], [ -59.596382611699994, -28.737063965899893 ], [ -59.602099455799987, -28.732984687799956 ], [ -59.613068652399988, -28.728391765000026 ], [ -59.619976370899963, -28.726561441699971 ], [ -59.644724678399996, -28.703631656599896 ], [ -59.658414592899987, -28.689696983299939 ], [ -59.663231908499995, -28.68223675889999 ], [ -59.67320589749994, -28.676088436600025 ], [ -59.693149447099984, -28.664114405000021 ], [ -59.705695741199975, -28.659593867800027 ], [ -59.721559274800029, -28.654754154599971 ], [ -59.733375962999958, -28.646330901299962 ], [ -59.740399642300019, -28.637897518399939 ], [ -59.744475697799999, -28.628808444400022 ], [ -59.745233880299963, -28.62003794019995 ], [ -59.738626953199969, -28.609628979499917 ], [ -59.726480020199972, -28.605056595800022 ], [ -59.710645564199979, -28.602099751200001 ], [ -59.698504474099934, -28.59622533939995 ], [ -59.693736956799967, -28.588742246599963 ], [ -59.695235729099863, -28.579973641399988 ], [ -59.69416171179995, -28.569249916 ], [ -59.694954792700003, -28.558688925500007 ], [ -59.692782905499996, -28.545688457199958 ], [ -59.69650609309997, -28.531401662300027 ], [ -59.696173333199908, -28.519055071099956 ], [ -59.69584156849993, -28.506383570100013 ], [ -59.690350624099949, -28.4959746376 ], [ -59.679708616900029, -28.485553437100009 ], [ -59.669791492, -28.479356769799949 ], [ -59.658569953999972, -28.466065728999979 ], [ -59.660653278099915, -28.453799401500021 ], [ -59.664002365699901, -28.441786638 ], [ -59.668463292199988, -28.426852428100005 ], [ -59.673648478799976, -28.415168738099965 ], [ -59.670013083599997, -28.401514344299983 ], [ -59.661274743599961, -28.389084824199983 ], [ -59.646894047700016, -28.387160968499984 ], [ -59.638466268399895, -28.378691552199996 ], [ -59.63776853280001, -28.36764321359999 ], [ -59.640374610200013, -28.357903188600005 ], [ -59.64334229979994, -28.349788539899919 ], [ -59.653651425099952, -28.344291839099981 ], [ -59.658836008499975, -28.335371321399975 ], [ -59.661810909300016, -28.324332156200001 ], [ -59.660383424399924, -28.311007701699964 ], [ -59.663346211299995, -28.30354234689986 ], [ -59.664536247199976, -28.289682134099962 ], [ -59.673179486100025, -28.271417835000022 ], [ -59.681167968099999, -28.258496333699952 ], [ -59.686606198999925, -28.247256391900009 ], [ -59.690639260399962, -28.234946738999952 ], [ -59.689571484199973, -28.226522271900023 ], [ -59.690217425699984, -28.218930078899973 ], [ -59.68961660469995, -28.210920841699931 ] ] ] ] } },
{ "type": "Feature", "properties": { "N_CCA": 12, "Area": 760.8, "Perim": 135.076, "Cuenca": "12- Arroyo Los Padres" }, "geometry": { "type": "MultiPolygon", "coordinates": [ [ [ [ -61.067865115899998, -31.783577146900001 ], [ -61.076324860299998, -31.782637664399999 ], [ -61.090112618600003, -31.781000930800001 ], [ -61.099508630300001, -31.780486021600002 ], [ -61.112460784100001, -31.779867049100002 ], [ -61.120219433499997, -31.777049572599999 ], [ -61.122715506299997, -31.7663191599 ], [ -61.125846651499998, -31.759128443200002 ], [ -61.1300463675, -31.749323416199999 ], [ -61.130595341300001, -31.7387547917 ], [ -61.131962337700003, -31.732809582600002 ], [ -61.134945356099998, -31.727501168 ], [ -61.1380347845, -31.724000599899998 ], [ -61.140706991800002, -31.721010175 ], [ -61.140604224500002, -31.712617953399999 ], [ -61.139182008, -31.7070593533 ], [ -61.134901338100001, -31.703045655699999 ], [ -61.136042850300001, -31.6994901011 ], [ -61.137602947700003, -31.695569027800001 ], [ -61.139859276700001, -31.693233522900002 ], [ -61.141931207600003, -31.6896695961 ], [ -61.144903467900001, -31.683637488900001 ], [ -61.145560073299997, -31.6750937015 ], [ -61.149315263299997, -31.6708633332 ], [ -61.153079053799999, -31.6673563296 ], [ -61.154897064799997, -31.663866843600001 ], [ -61.154521622200001, -31.654029942600001 ], [ -61.153794940700003, -31.649984622200002 ], [ -61.155603656899999, -31.645771653800001 ], [ -61.160837129400001, -31.644928256299998 ], [ -61.162605885600001, -31.644333316099999 ], [ -61.166562553399999, -31.6428501123 ], [ -61.167260209, -31.635741385300001 ], [ -61.1682837253, -31.6316916677 ], [ -61.166636050100003, -31.628855850499999 ], [ -61.1656910604, -31.627229336300001 ], [ -61.165469365100002, -31.626897833400001 ], [ -61.163623053800002, -31.6241369183 ], [ -61.1618250123, -31.6223444056 ], [ -61.158994534199998, -31.619114130700002 ], [ -61.157364873, -31.617247667200001 ], [ -61.154796371, -31.614666118300001 ], [ -61.150644505599999, -31.612170738 ], [ -61.146873592200002, -31.6098173249 ], [ -61.1436248738, -31.606879867899998 ], [ -61.140367541800003, -31.603218841899999 ], [ -61.134119500399997, -31.596907141100001 ], [ -61.128456978400003, -31.5900110965 ], [ -61.125671409500001, -31.5833065379 ], [ -61.1215029241, -31.574009218699999 ], [ -61.113454381700002, -31.565252093200002 ], [ -61.1056360766, -31.561557411 ], [ -61.094953229399998, -31.558538019299998 ], [ -61.087900797800003, -31.5551974529 ], [ -61.0837933866, -31.550746200599999 ], [ -61.082831445899998, -31.547932423 ], [ -61.082636582699998, -31.545691001 ], [ -61.085944659600003, -31.539512588400001 ], [ -61.087288578500001, -31.5337081154 ], [ -61.088277815399998, -31.5294350976 ], [ -61.089475950900002, -31.5234915976 ], [ -61.089665504800003, -31.517990822600002 ], [ -61.090161359299998, -31.5145128554 ], [ -61.090119322200003, -31.513428438599998 ], [ -61.090851661499997, -31.5110344004 ], [ -61.0922441807, -31.506869946799998 ], [ -61.092864968100002, -31.5050133073 ], [ -61.093008057200002, -31.500379443900002 ], [ -61.092452614899997, -31.496187446899999 ], [ -61.090930663800002, -31.488747590100001 ], [ -61.089022890099997, -31.484422371499999 ], [ -61.087121989899998, -31.480675923500002 ], [ -61.083068237600003, -31.473257419599999 ], [ -61.084587060600001, -31.465864047099998 ], [ -61.0837961792, -31.461714039499999 ], [ -61.070208816700003, -31.466923252499999 ], [ -61.053139748699998, -31.4732926754 ], [ -61.0234862812, -31.474679687 ], [ -61.024657397600002, -31.4953428456 ], [ -61.025408007, -31.504611596 ], [ -61.026297849400002, -31.515596816 ], [ -61.020121767, -31.520326741800002 ], [ -60.991884280100003, -31.529204348699999 ], [ -60.962654992499999, -31.538385486900001 ], [ -60.962443832, -31.563923689700001 ], [ -60.969772123399999, -31.580909334 ], [ -60.973600898500003, -31.5897810138 ], [ -60.978006372099998, -31.603528907800001 ], [ -60.960529809400001, -31.617646737699999 ], [ -60.944978649500001, -31.615179323900001 ], [ -60.935301287100003, -31.613642845699999 ], [ -60.922273564599998, -31.613841796599999 ], [ -60.9103507194, -31.6140227096 ], [ -60.898470783500002, -31.6155038956 ], [ -60.878828822199999, -31.610052320499999 ], [ -60.850417036899998, -31.614435853500002 ], [ -60.835101944599998, -31.623118903799998 ], [ -60.823207195099997, -31.623196138600001 ], [ -60.810134137, -31.621882675 ], [ -60.798329794499999, -31.632534848799999 ], [ -60.794886589699999, -31.662003216799999 ], [ -60.793229341900002, -31.676180562100001 ], [ -60.819962178600001, -31.6873821123 ], [ -60.828751357599998, -31.701748009500001 ], [ -60.833449914, -31.717309451599998 ], [ -60.833505721100003, -31.7235459019 ], [ -60.835483686899998, -31.740684160200001 ], [ -60.8378414007, -31.749244265200002 ], [ -60.8558640858, -31.774461314900002 ], [ -60.857757496799998, -31.781854708600001 ], [ -60.858792605799998, -31.795100786900001 ], [ -60.848873695, -31.808420350700001 ], [ -60.853966175300002, -31.8161821773 ], [ -60.865681482500001, -31.808204026799999 ], [ -60.871475720500001, -31.801706020699999 ], [ -60.873053564300001, -31.7999363311 ], [ -60.876102166400003, -31.7940837194 ], [ -60.883232467, -31.793239227 ], [ -60.889835929, -31.8022058078 ], [ -60.905038764499999, -31.801568480499999 ], [ -60.916267556100003, -31.802612663 ], [ -60.927353207400003, -31.8014364609 ], [ -60.935042568, -31.791278823500001 ], [ -60.949587291, -31.787195071500001 ], [ -60.962318325399998, -31.787894711 ], [ -60.985969107400003, -31.790462795500002 ], [ -61.019812924599997, -31.790407951700001 ], [ -61.021346696400002, -31.7899642446 ], [ -61.025413343799997, -31.790003913100001 ], [ -61.031514519700004, -31.790171695 ], [ -61.039896267400003, -31.789741738299998 ], [ -61.049870123700003, -31.787778660299999 ], [ -61.0579603527, -31.784093954599999 ], [ -61.067865115899998, -31.783577146900001 ] ] ] ] } },
{ "type": "Feature", "properties": { "N_CCA": 16, "Area": 739.6, "Perim": 130.781, "Cuenca": "16- Arroyo Ludueña" }, "geometry": { "type": "MultiPolygon", "coordinates": [ [ [ [ -60.756528271599997, -33.031309312600001 ], [ -60.757897222899999, -33.034925597700003 ], [ -60.7609372533, -33.036169389500003 ], [ -60.764751413100001, -33.037796068200002 ], [ -60.773113037, -33.039067882200001 ], [ -60.775063080499997, -33.0393644002 ], [ -60.777179223600001, -33.039138346199998 ], [ -60.780107974, -33.039296654600001 ], [ -60.792656938699999, -33.039974180400002 ], [ -60.794529444299997, -33.040334556799998 ], [ -60.795883696, -33.040993110700001 ], [ -60.797811824, -33.042208502400001 ], [ -60.799918504300003, -33.042901266199998 ], [ -60.801515635100003, -33.043624041599998 ], [ -60.803008288299999, -33.044506581699999 ], [ -60.805497817400003, -33.045578000600003 ], [ -60.807852372900001, -33.046606129799997 ], [ -60.810447745, -33.047585465300003 ], [ -60.812663666799999, -33.048366844199997 ], [ -60.815009308199997, -33.048897583699997 ], [ -60.817273208700001, -33.049361657299997 ], [ -60.819374418700001, -33.049737654200001 ], [ -60.821228675299999, -33.049823350600001 ], [ -60.822734385799997, -33.049936775200003 ], [ -60.824129824300002, -33.049893552500002 ], [ -60.826169499899997, -33.049840784600001 ], [ -60.827456730500003, -33.049753908699998 ], [ -60.829497647499998, -33.049768893200003 ], [ -60.831237876, -33.049494396199997 ], [ -60.833172664499997, -33.049578720200003 ], [ -60.834431370899999, -33.0494017623 ], [ -60.834915798, -33.049462387600002 ], [ -60.837492640199997, -33.0508709944 ], [ -60.838483264300002, -33.052167531400002 ], [ -60.8388984734, -33.052839598600002 ], [ -60.839419810499997, -33.0534422578 ], [ -60.840189454099999, -33.054402947600003 ], [ -60.840659214200002, -33.055119412099998 ], [ -60.841050541900003, -33.055950086499998 ], [ -60.841440619899998, -33.056712953100003 ], [ -60.841941020900002, -33.057632430799998 ], [ -60.8422249893, -33.058464703 ], [ -60.842426328400002, -33.059185166 ], [ -60.8429217204, -33.0598334138 ], [ -60.843829888099997, -33.061018095500003 ], [ -60.844437306400003, -33.0619133557 ], [ -60.845068223699997, -33.062627394800003 ], [ -60.845550673799998, -33.0640219008 ], [ -60.846619586599999, -33.0651815497 ], [ -60.847414157099998, -33.066028778400003 ], [ -60.847885301399998, -33.066813018600001 ], [ -60.848353086700001, -33.067416440599999 ], [ -60.848626622899999, -33.067683644699997 ], [ -60.849362904499998, -33.068283041800001 ], [ -60.8499343107, -33.068681430300003 ], [ -60.850728101500003, -33.069483432399998 ], [ -60.851521063100002, -33.070240225 ], [ -60.852092491699999, -33.070638603200003 ], [ -60.852881254, -33.0711693668 ], [ -60.8543497175, -33.072142083899998 ], [ -60.855595378300002, -33.072688574700003 ], [ -60.856921181399997, -33.073211239199999 ], [ -60.858619513900003, -33.073547415199997 ], [ -60.859941531300002, -33.073866629699999 ], [ -60.861556365299997, -33.074045765400001 ], [ -60.863304182500002, -33.074155048199998 ], [ -60.8650200497, -33.073993489400003 ], [ -60.866976284400003, -33.0737604475 ], [ -60.869859464699999, -33.072835090200002 ], [ -60.871488339199999, -33.0723356353 ], [ -60.873388254300004, -33.071967696599998 ], [ -60.8743267053, -33.071885628499999 ], [ -60.875799147800002, -33.071637183299998 ], [ -60.8769012586, -33.0716882591 ], [ -60.878807138200003, -33.071636663500001 ], [ -60.880098054199998, -33.0717300544 ], [ -60.881386396, -33.071687821399998 ], [ -60.882575074099996, -33.0720540441 ], [ -60.883738202399996, -33.072488470300001 ], [ -60.884767523699999, -33.072947536400001 ], [ -60.8863121714, -33.0736700219 ], [ -60.887212009499997, -33.074379737100003 ], [ -60.888299814600003, -33.075086571299998 ], [ -60.889229554, -33.075954072499997 ], [ -60.889997343200001, -33.0767788291 ], [ -60.890903289599997, -33.077804939700002 ], [ -60.892323325600003, -33.0790266403 ], [ -60.893086412899997, -33.0796027584 ], [ -60.894050023299997, -33.080831436 ], [ -60.8948456185, -33.081700951899997 ], [ -60.896104222600002, -33.082902477499999 ], [ -60.896770794299997, -33.084045261200004 ], [ -60.897653511500003, -33.085252544200003 ], [ -60.898097482399997, -33.085991792599998 ], [ -60.899189859, -33.086924542299997 ], [ -60.900232025900003, -33.088038920800003 ], [ -60.901033398099997, -33.089202214300002 ], [ -60.9020236454, -33.090407809699997 ], [ -60.903226150400002, -33.091474476099997 ], [ -60.904652676399998, -33.0930124482 ], [ -60.905552859399997, -33.093722022900003 ], [ -60.906593879200003, -33.094768539900002 ], [ -60.907875758899998, -33.095766110299998 ], [ -60.909703104199998, -33.097184788600003 ], [ -60.911250563800003, -33.0980199587 ], [ -60.913116837600001, -33.098669305 ], [ -60.914143547099997, -33.098969908900003 ], [ -60.916412724200001, -33.0996129595 ], [ -60.9182817031, -33.100397835300001 ], [ -60.9195858183, -33.101146248399999 ], [ -60.921299427800001, -33.102227400099999 ], [ -60.922262359199998, -33.10338804 ], [ -60.92270795, -33.104194997500002 ], [ -60.925094458700002, -33.105333442 ], [ -60.926355135500003, -33.106602448399997 ], [ -60.927469183600003, -33.107240702 ], [ -60.928249476799998, -33.108004032700002 ], [ -60.930342420400002, -33.110428141900002 ], [ -60.9334444486, -33.112364016400001 ], [ -60.936636460800003, -33.113510018900001 ], [ -60.938932612, -33.112979902500001 ], [ -60.942116834700002, -33.111355071600002 ], [ -60.944017296799998, -33.109929747599999 ], [ -60.946870381899998, -33.107904305399998 ], [ -60.948717042600002, -33.1064797222 ], [ -60.951392188100002, -33.104907405500001 ], [ -60.954712019, -33.103370306 ], [ -60.957190013400002, -33.1025892981 ], [ -60.9583455458, -33.101467919100003 ], [ -60.959279402, -33.1000345235 ], [ -60.960958198, -33.098319460600003 ], [ -60.963303430700002, -33.096414004499998 ], [ -60.966064540600001, -33.093916456700001 ], [ -60.967783559399997, -33.091614986099998 ], [ -60.969961915500001, -33.088270226699997 ], [ -60.971321429699998, -33.085501136799998 ], [ -60.974910778500004, -33.082878077499998 ], [ -60.977324049099998, -33.080453191099998 ], [ -60.979935922, -33.0773268676 ], [ -60.982598690499998, -33.074087069800001 ], [ -60.986057259200003, -33.0716459167 ], [ -60.990863979700002, -33.069521737099997 ], [ -60.993980756699997, -33.067401025800002 ], [ -60.9948884095, -33.066035345700001 ], [ -60.996651036400003, -33.063349836100002 ], [ -60.997967631599998, -33.059927830100001 ], [ -60.999817227900003, -33.056362369200002 ], [ -61.001831089100001, -33.054123422399996 ], [ -61.005845624899997, -33.050253866600002 ], [ -61.009796959900001, -33.047151087800003 ], [ -61.012196502499997, -33.0453790193 ], [ -61.0159450186, -33.043968746600001 ], [ -61.018685725399997, -33.0430472392 ], [ -61.022437673799999, -33.041794407300003 ], [ -61.0256102345, -33.041001124200001 ], [ -61.0272850968, -33.040377786299999 ], [ -61.028850319, -33.040986911600001 ], [ -61.030793897300001, -33.041369977899997 ], [ -61.032864226599997, -33.040953743599999 ], [ -61.034566695400002, -33.040939636700003 ], [ -61.038216093099997, -33.040909318899999 ], [ -61.041096722600003, -33.040885312299999 ], [ -61.044725017, -33.0402708174 ], [ -61.047568492, -33.039704123299998 ], [ -61.050231003900002, -33.038554725700003 ], [ -61.052866636, -33.035151475 ], [ -61.055010206699997, -33.033309328800001 ], [ -61.056839886500001, -33.031736846100003 ], [ -61.058150766600001, -33.029471711299998 ], [ -61.062137077300001, -33.027183817500003 ], [ -61.064785468399997, -33.024907221799999 ], [ -61.066742182, -33.020500649699997 ], [ -61.0709080472, -33.020951771199996 ], [ -61.0750590281, -33.020772234500001 ], [ -61.0763758071, -33.020687201699999 ], [ -61.078779625700001, -33.020531935699999 ], [ -61.082723079, -33.020018006500003 ], [ -61.083910829, -33.0198631879 ], [ -61.087088981599997, -33.019361105199998 ], [ -61.0899760482, -33.017895007699998 ], [ -61.091876395200003, -33.016647643500001 ], [ -61.093970622900002, -33.014541063300001 ], [ -61.097170213600002, -33.011582920499997 ], [ -61.099804767199998, -33.008543815899998 ], [ -61.102229656600002, -33.005710827599998 ], [ -61.104221940800002, -33.002727182699999 ], [ -61.106231996299996, -32.998256422600001 ], [ -61.106465295100001, -32.996537132599997 ], [ -61.105926016300003, -32.995935636900001 ], [ -61.104302764, -32.994919598300001 ], [ -61.101134064299998, -32.9929334423 ], [ -61.096932778800003, -32.990376645700003 ], [ -61.094685796, -32.989495225900001 ], [ -61.0913699026, -32.9887225302 ], [ -61.088736182700003, -32.988205147899997 ], [ -61.085794093099999, -32.987669030200003 ], [ -61.0831675389, -32.986830150400003 ], [ -61.080250043699998, -32.98611735 ], [ -61.075836567, -32.985839138400003 ], [ -61.0717746117, -32.984642781399998 ], [ -61.069445133, -32.983640272800002 ], [ -61.066591288600002, -32.981700867299999 ], [ -61.065330887499996, -32.980920828400002 ], [ -61.063645174900003, -32.979880800300002 ], [ -61.062065568900003, -32.979247984899999 ], [ -61.061179602300001, -32.979005538599999 ], [ -61.057822607, -32.979429422 ], [ -61.054588503799998, -32.980985657700003 ], [ -61.053701428700002, -32.981085866699999 ], [ -61.050717084600002, -32.981416298399999 ], [ -61.046791878599997, -32.981850791900001 ], [ -61.042714963900004, -32.982349911100002 ], [ -61.039140277800001, -32.982485895799996 ], [ -61.037715694699997, -32.982547243399999 ], [ -61.034053162200003, -32.982080006899999 ], [ -61.0333171706, -32.981993839499999 ], [ -61.029472302099997, -32.980826214499999 ], [ -61.025710065799998, -32.979495277700003 ], [ -61.022144655600002, -32.976942715200003 ], [ -61.019092505400003, -32.9746440308 ], [ -61.014762015800002, -32.970165385900003 ], [ -61.010432825300001, -32.965687468699997 ], [ -61.008427134400002, -32.963612664800003 ], [ -61.006957993, -32.961905248800001 ], [ -61.004490886100001, -32.958292416900001 ], [ -61.002049540800002, -32.955712316800003 ], [ -61.000394478499999, -32.953674247800002 ], [ -60.998251316599998, -32.950590786 ], [ -60.996074169, -32.948353594799997 ], [ -60.994933152500003, -32.947437541299998 ], [ -60.993086957300001, -32.945894856599999 ], [ -60.989758207599998, -32.943617701599997 ], [ -60.985148067700003, -32.940793185799997 ], [ -60.981758779099998, -32.938200296799998 ], [ -60.9783511113, -32.9354024111 ], [ -60.976209059399999, -32.932104341699997 ], [ -60.974866153900003, -32.929102007399997 ], [ -60.970893924800002, -32.925216264 ], [ -60.966605406600003, -32.922782220400002 ], [ -60.963592603, -32.921757808899997 ], [ -60.961077678400002, -32.9210290368 ], [ -60.957590719, -32.920720101800001 ], [ -60.9524466047, -32.922210094500002 ], [ -60.947633009599997, -32.923237397299999 ], [ -60.942929012800001, -32.922742236 ], [ -60.938234207900003, -32.921321114599998 ], [ -60.933860014799997, -32.9199968414 ], [ -60.932976175299999, -32.919729238099997 ], [ -60.929025296799999, -32.918207942 ], [ -60.924650741500002, -32.917240379299997 ], [ -60.920076099100001, -32.916853846400002 ], [ -60.917130232, -32.9169877044 ], [ -60.915129764600003, -32.917078564400001 ], [ -60.9131207123, -32.917209199600002 ], [ -60.9099930677, -32.917174037700001 ], [ -60.9068569995, -32.916312769100003 ], [ -60.904711165800002, -32.914821067200002 ], [ -60.9042590914, -32.912606938300002 ], [ -60.903478578399998, -32.910979090399998 ], [ -60.902749480799997, -32.909458415099998 ], [ -60.902020050099999, -32.907109937900003 ], [ -60.902648382700001, -32.904575061899997 ], [ -60.903486886, -32.902554501 ], [ -60.9042418553, -32.899547676600001 ], [ -60.905518692900003, -32.896249908500003 ], [ -60.906115071899997, -32.894254547300001 ], [ -60.906314539199997, -32.893278604 ], [ -60.906689432199997, -32.891444290599999 ], [ -60.907894479699998, -32.888600709899997 ], [ -60.908383603399997, -32.887446458600003 ], [ -60.909047915499997, -32.886052272599997 ], [ -60.9107366836, -32.882507861699999 ], [ -60.912402495800002, -32.879011338300003 ], [ -60.912320299, -32.877019147 ], [ -60.912196865299997, -32.874027287 ], [ -60.911840747100001, -32.869732148499999 ], [ -60.911753209099999, -32.868100995799999 ], [ -60.911611042899999, -32.865451762500001 ], [ -60.91011945, -32.8624981476 ], [ -60.9106747055, -32.857849800700002 ], [ -60.911372122800003, -32.853844673600001 ], [ -60.913015811299999, -32.850526171200002 ], [ -60.914230866, -32.848429789100003 ], [ -60.914991989800001, -32.8468471515 ], [ -60.915706752200002, -32.842885348300001 ], [ -60.914880971499997, -32.839813255599999 ], [ -60.914528684099999, -32.838502596799998 ], [ -60.913832319599997, -32.835884456499997 ], [ -60.912713109499997, -32.833639381799998 ], [ -60.911821242599999, -32.832057320799997 ], [ -60.91121317, -32.831570152499999 ], [ -60.909221461, -32.829845478099998 ], [ -60.908371239399997, -32.8289530857 ], [ -60.9066184713, -32.827081703799998 ], [ -60.90503771, -32.825238038400002 ], [ -60.9028831396, -32.822659348099997 ], [ -60.901730001, -32.820653129900002 ], [ -60.899629463300002, -32.818305879 ], [ -60.899064641700001, -32.816759181800002 ], [ -60.898109342300003, -32.815635581400002 ], [ -60.897064180199997, -32.814106812 ], [ -60.896301786099997, -32.81338762 ], [ -60.895278493500001, -32.812322455699999 ], [ -60.894583612799998, -32.811486825400003 ], [ -60.893334803400002, -32.8101768736 ], [ -60.8919331759, -32.809027421099998 ], [ -60.890560053199998, -32.807621414 ], [ -60.890177012499997, -32.807648789799998 ], [ -60.888642759200003, -32.806050751100003 ], [ -60.8877315971, -32.804719093499997 ], [ -60.8869364488, -32.803775512100003 ], [ -60.885476917299997, -32.802413323700002 ], [ -60.884761471799997, -32.801745572900003 ], [ -60.883614380499999, -32.8008025902 ], [ -60.882586407399998, -32.800008891600001 ], [ -60.881229787099997, -32.799419155099997 ], [ -60.880614868099997, -32.798940332400001 ], [ -60.880343699500003, -32.798787602300003 ], [ -60.879039254799999, -32.798052885 ], [ -60.877745384699999, -32.7971738309 ], [ -60.8770285724, -32.796855751300001 ], [ -60.875964667700003, -32.796518036099997 ], [ -60.874943660299998, -32.796193926800001 ], [ -60.874333209900001, -32.796165980300003 ], [ -60.873224663899997, -32.795899930499999 ], [ -60.8724005511, -32.79547084 ], [ -60.870827358699998, -32.794483280900003 ], [ -60.870476004899999, -32.793648264700003 ], [ -60.869360449799998, -32.792657504600001 ], [ -60.867382581500003, -32.7912217696 ], [ -60.866486288300003, -32.790420775299999 ], [ -60.865366645800002, -32.789786265499998 ], [ -60.864122424199998, -32.789349886899998 ], [ -60.86310775, -32.788851657599999 ], [ -60.861882760900002, -32.788360838099997 ], [ -60.860166347099998, -32.788107215099998 ], [ -60.858791269800001, -32.788076078700001 ], [ -60.857111071699997, -32.787829907800003 ], [ -60.855582973, -32.787585154299997 ], [ -60.8546107799, -32.787557102599997 ], [ -60.853979257900001, -32.7871499731 ], [ -60.852771407600002, -32.786381406099999 ], [ -60.851714162599997, -32.785708650099998 ], [ -60.850706224900001, -32.784608582099999 ], [ -60.850001637, -32.784061464700002 ], [ -60.849058309299998, -32.783101560200002 ], [ -60.847328345800001, -32.781615505200001 ], [ -60.846175983400002, -32.7807214121 ], [ -60.8444354174, -32.780121165700002 ], [ -60.8432710278, -32.779967959099999 ], [ -60.842758152499997, -32.779728995299998 ], [ -60.840580611199996, -32.779149185800001 ], [ -60.839659883099998, -32.778904011599998 ], [ -60.838303897300001, -32.778854370099999 ], [ -60.837066805200003, -32.778510302800001 ], [ -60.8354444048, -32.777845815 ], [ -60.8342578452, -32.7770863119 ], [ -60.832629723799997, -32.776044130300001 ], [ -60.831958693799997, -32.775608139 ], [ -60.830147081200003, -32.774431032099997 ], [ -60.829148041700002, -32.7735127543 ], [ -60.828223286700002, -32.773107807199999 ], [ -60.826591726700002, -32.772188442100003 ], [ -60.8258249728, -32.771200446199998 ], [ -60.824650767199998, -32.770121796200002 ], [ -60.823985890400003, -32.7696270211 ], [ -60.823136201200001, -32.768553232499997 ], [ -60.8223332771, -32.767538513300003 ], [ -60.821089527, -32.766445604 ], [ -60.820550363800002, -32.765873910499998 ], [ -60.819732834, -32.765007036500002 ], [ -60.818720175400003, -32.763933224900001 ], [ -60.817454002799998, -32.7629042696 ], [ -60.816340025499997, -32.7619989652 ], [ -60.815148949099999, -32.760949694099999 ], [ -60.8139375027, -32.759822917 ], [ -60.813569002199998, -32.759168891 ], [ -60.8127453723, -32.758396147200003 ], [ -60.811589132800002, -32.757346614900001 ], [ -60.809822603, -32.7560514412 ], [ -60.808513255900003, -32.755355211299999 ], [ -60.8060223138, -32.754637211 ], [ -60.804995601400002, -32.754452958400002 ], [ -60.8038301749, -32.754298949 ], [ -60.8018686327, -32.754487687199997 ], [ -60.799893383200001, -32.755087548699997 ], [ -60.797657356899997, -32.75587539 ], [ -60.7948561348, -32.7568788488 ], [ -60.792792360599996, -32.757339949600002 ], [ -60.790620149799999, -32.7575328844 ], [ -60.786642109299997, -32.757378709100003 ], [ -60.781338594099999, -32.757232679 ], [ -60.7775180776, -32.7568980203 ], [ -60.774908550100001, -32.7570048332 ], [ -60.773648829300001, -32.757056376400001 ], [ -60.771584161600003, -32.757427528800001 ], [ -60.769518320099998, -32.757664246 ], [ -60.768670772299998, -32.757759053400001 ], [ -60.767397525699998, -32.757677251600001 ], [ -60.765648252600002, -32.757732754800003 ], [ -60.7641884146, -32.758121939900001 ], [ -60.763139374, -32.758672063500001 ], [ -60.761190361200001, -32.759485917600003 ], [ -60.760755777299998, -32.759957946100002 ], [ -60.759747915399998, -32.761052622699999 ], [ -60.758973945100003, -32.762164261800002 ], [ -60.758040158599997, -32.763638530100003 ], [ -60.757345524599998, -32.764365199300002 ], [ -60.756330745299998, -32.765613485199999 ], [ -60.755342037, -32.766590139199998 ], [ -60.754191713700003, -32.767227977200001 ], [ -60.753183669899997, -32.767799123800003 ], [ -60.752318423200002, -32.768331355699999 ], [ -60.750418436700002, -32.768848461600001 ], [ -60.749588854199999, -32.7692135494 ], [ -60.748973025, -32.769351575 ], [ -60.747073829800001, -32.770535148699999 ], [ -60.746994955, -32.771146372399997 ], [ -60.746836427399998, -32.772052041099997 ], [ -60.746623485199997, -32.772618499799997 ], [ -60.746035908099998, -32.7733673432 ], [ -60.7454479361, -32.773957794700003 ], [ -60.744940440299999, -32.774593205 ], [ -60.744887900400002, -32.775023313600002 ], [ -60.744943789399997, -32.775973453600002 ], [ -60.744918205499999, -32.776471345600001 ], [ -60.7450544179, -32.777398565799999 ], [ -60.745218635699999, -32.7788234824 ], [ -60.745434298200003, -32.7793657498 ], [ -60.745275576700003, -32.780203534800002 ], [ -60.744769362600003, -32.781381992500002 ], [ -60.744503347299997, -32.7821749123 ], [ -60.743916784900001, -32.783376285800003 ], [ -60.742100322200002, -32.785690844800001 ], [ -60.741727253599997, -32.786552027500001 ], [ -60.741165800799997, -32.787074481399998 ], [ -60.741033498500002, -32.787776402 ], [ -60.740780033100002, -32.788839524799997 ], [ -60.740315700899998, -32.790218575899999 ], [ -60.740380578699998, -32.792103777599998 ], [ -60.740426433400003, -32.793436149800002 ], [ -60.7406639668, -32.794590038599999 ], [ -60.7408464954, -32.795476703600002 ], [ -60.741022249099998, -32.79633044 ], [ -60.741031063599998, -32.797393080399999 ], [ -60.741037633799998, -32.79818512 ], [ -60.741047621699998, -32.799389092299997 ], [ -60.741156808100001, -32.800415882300001 ], [ -60.740522084399998, -32.801898099 ], [ -60.739774165100002, -32.802287942200003 ], [ -60.739645825799997, -32.802945008899997 ], [ -60.739434836800001, -32.803421631900001 ], [ -60.739301829200002, -32.803603566200003 ], [ -60.739008633300003, -32.803944995400002 ], [ -60.738554579899997, -32.804378042400003 ], [ -60.7378850853, -32.804835201499998 ], [ -60.737296013, -32.805246548699998 ], [ -60.736599769199998, -32.805726512299998 ], [ -60.736116302799999, -32.805910857599997 ], [ -60.735254320700001, -32.805984671399997 ], [ -60.734824765500001, -32.806168640899998 ], [ -60.734232799200001, -32.806285844400001 ], [ -60.733668892499999, -32.806515986800001 ], [ -60.733159560600001, -32.806813632699999 ], [ -60.732488476900002, -32.807112385899998 ], [ -60.731846329100001, -32.807614579099997 ], [ -60.730987406899999, -32.808005118799997 ], [ -60.730130235700003, -32.808576655700001 ], [ -60.729380449, -32.809102199199998 ], [ -60.729166755900003, -32.809307301 ], [ -60.7286335063, -32.809921868099998 ], [ -60.7284550587, -32.810607292 ], [ -60.728106481899999, -32.811234989 ], [ -60.715007699399997, -32.848683631500002 ], [ -60.711596483900003, -32.859045433200002 ], [ -60.7116020944, -32.859748100799997 ], [ -60.711610623399999, -32.860816225800001 ], [ -60.7117661248, -32.861545634800002 ], [ -60.711868427, -32.862025495799998 ], [ -60.7120042926, -32.862662781600001 ], [ -60.712085454899999, -32.863043474 ], [ -60.712147221599999, -32.863333188399999 ], [ -60.712256399099999, -32.8634944103 ], [ -60.712517950900001, -32.8638806397 ], [ -60.712644184, -32.864309294199998 ], [ -60.712966115199997, -32.865077371 ], [ -60.713395354500001, -32.865913153100003 ], [ -60.713533906899997, -32.8662968772 ], [ -60.713755333899996, -32.866883684900003 ], [ -60.713792614200003, -32.867399593199998 ], [ -60.713933172499999, -32.867645528200001 ], [ -60.714079263499997, -32.86811722 ], [ -60.713992151399999, -32.868954439699998 ], [ -60.713641711100003, -32.869492363200003 ], [ -60.713188261900001, -32.870188393500001 ], [ -60.712730552399996, -32.87071979 ], [ -60.712312217, -32.8710627102 ], [ -60.711982916399997, -32.871600323800003 ], [ -60.711688194499999, -32.8717140933 ], [ -60.711158738899996, -32.871918473100003 ], [ -60.7105478613, -32.872245549100001 ], [ -60.709426501199999, -32.872604293400002 ], [ -60.708851107500003, -32.873015966 ], [ -60.708162885, -32.873508354899997 ], [ -60.707548853699997, -32.873947656 ], [ -60.706272142700001, -32.874557574900003 ], [ -60.705478460400002, -32.875113729799999 ], [ -60.705013596500002, -32.875912480799997 ], [ -60.704634375300003, -32.876912979099998 ], [ -60.704410474200003, -32.877662277399999 ], [ -60.704108629099998, -32.878525886600002 ], [ -60.703619590499997, -32.879437988799999 ], [ -60.703395674900001, -32.880187285200002 ], [ -60.703092160099999, -32.880983164600003 ], [ -60.702794144899997, -32.882004800799997 ], [ -60.7025268756, -32.883183989199999 ], [ -60.7022304981, -32.884273351099999 ], [ -60.701889668299998, -32.885747454 ], [ -60.701667374, -32.8865644742 ], [ -60.701311671799999, -32.887429030299998 ], [ -60.700935662699997, -32.888564971100003 ], [ -60.700582695800001, -32.8895424038 ], [ -60.6999239222, -32.890957824499999 ], [ -60.699484982500003, -32.891823466799998 ], [ -60.698997243800001, -32.892958316799998 ], [ -60.698701342200003, -32.894070245400002 ], [ -60.698273115200003, -32.895274857899999 ], [ -60.697913500799999, -32.895981374 ], [ -60.6976536787, -32.896405769700003 ], [ -60.697810298299999, -32.897270572 ], [ -60.697954707599997, -32.897674553800002 ], [ -60.698148530499999, -32.8978969769 ], [ -60.698393414900004, -32.898005568400002 ], [ -60.6987448171, -32.898067102100001 ], [ -60.699286198099998, -32.898193026100003 ], [ -60.6998297803, -32.898409250699999 ], [ -60.700183872300002, -32.898571058800002 ], [ -60.700468209199997, -32.899019566100002 ], [ -60.700424472800002, -32.899618326899997 ], [ -60.700250441900003, -32.900208632800002 ], [ -60.699997343900002, -32.900868095699998 ], [ -60.700338906, -32.901629948100002 ], [ -60.700511339800002, -32.902078601 ], [ -60.701367418499999, -32.902966843199998 ], [ -60.701766258, -32.903382992700003 ], [ -60.702189528300003, -32.903641200099997 ], [ -60.702896711, -32.903865722299997 ], [ -60.703737403300003, -32.904121828900003 ], [ -60.7044660671, -32.904199235500002 ], [ -60.705251300900002, -32.904388560199997 ], [ -60.705766374699998, -32.904537509 ], [ -60.706468137500003, -32.904615381799999 ], [ -60.7079402337, -32.904919050700002 ], [ -60.693447876900002, -32.918351615100001 ], [ -60.693114134399998, -32.931096189500003 ], [ -60.708107871, -32.929836705500001 ], [ -60.707632297700002, -32.934610669100003 ], [ -60.722933451400003, -32.931604869499999 ], [ -60.721729835700003, -32.951614423400002 ], [ -60.735801055400003, -32.964077401099999 ], [ -60.737856195600003, -32.965485842600003 ], [ -60.7385623694, -32.966805646099999 ], [ -60.739278096900001, -32.968509222400002 ], [ -60.756528271599997, -33.031309312600001 ] ] ] ] } },
{ "type": "Feature", "properties": { "N_CCA": 8, "Area": 30567.11, "Perim": 1051.115, "Cuenca": "8- Río Salado" }, "geometry": { "type": "MultiPolygon", "coordinates": [ [ [ [ -61.79729288850001, -28.919484477000026 ], [ -61.787739045500018, -28.923501612199971 ], [ -61.784231892100024, -28.931327994499952 ], [ -61.779077858, -28.934142054500001 ], [ -61.770507732299961, -28.934941533699998 ], [ -61.762604720900015, -28.944426900899941 ], [ -61.753644444399924, -28.953010339699972 ], [ -61.74947270749999, -28.967937982599949 ], [ -61.742039702999932, -28.974670268599937 ], [ -61.739338699799987, -28.984315694100019 ], [ -61.734712649299979, -28.987807775499959 ], [ -61.725089240999978, -28.988160439299918 ], [ -61.718886148100012, -28.990756937800029 ], [ -61.714293072599958, -28.996307313699958 ], [ -61.70817574580002, -29.004165143399973 ], [ -61.697413987599987, -29.014598512500015 ], [ -61.67959250260003, -29.023288946899925 ], [ -61.648632190800015, -29.024587806599925 ], [ -61.641141438899979, -29.028340740299996 ], [ -61.636730632899969, -29.029309864799927 ], [ -61.633443853699987, -29.035528166 ], [ -61.627614547199983, -29.039330024100025 ], [ -61.622360700700028, -29.042756122199989 ], [ -61.607292442399967, -29.044996783800002 ], [ -61.601382033, -29.050101600099936 ], [ -61.596185649999939, -29.067783152499942 ], [ -61.59076967750002, -29.071279864699932 ], [ -61.577238111199961, -29.072126078099984 ], [ -61.566605596099976, -29.075225397599979 ], [ -61.548076961999982, -29.072923329199966 ], [ -61.536342636799986, -29.074965099700023 ], [ -61.529376450600012, -29.076570224000022 ], [ -61.537616080000021, -29.1226995074 ], [ -61.499386596699935, -29.128166856900009 ], [ -61.498664807799912, -29.168220113500013 ], [ -61.498752162199992, -29.21009471689996 ], [ -61.492272338699991, -29.212913082499995 ], [ -61.487899517400024, -29.214150875600012 ], [ -61.468677565900009, -29.214538985800004 ], [ -61.461880822900014, -29.217058791299962 ], [ -61.454210507399921, -29.215985555500026 ], [ -61.446564398499959, -29.213491387399984 ], [ -61.437670820399944, -29.212474427899963 ], [ -61.420512337099979, -29.212423429399962 ], [ -61.41205808939992, -29.214211459400019 ], [ -61.406609471899912, -29.219496574299967 ], [ -61.40304292860003, -29.223853252699996 ], [ -61.397988250899971, -29.225311863599927 ], [ -61.392857149, -29.226068238700009 ], [ -61.378281856099989, -29.224637824899958 ], [ -61.386745879099976, -29.266390976000025 ], [ -61.393914448999965, -29.301921570299953 ], [ -61.399153078200015, -29.327176348399973 ], [ -61.37490615439998, -29.331214143800025 ], [ -61.380380330600019, -29.38714232679996 ], [ -61.374036647299931, -29.388923763700006 ], [ -61.370949368599952, -29.389790604600023 ], [ -61.373763079599996, -29.40159869979999 ], [ -61.359931811099955, -29.403859871399959 ], [ -61.346078599800023, -29.402278543799923 ], [ -61.2961194353, -29.403532519199985 ], [ -61.26713321980003, -29.422131807599953 ], [ -61.245310309800004, -29.435927865300016 ], [ -61.23433496149994, -29.437728833499932 ], [ -61.217483539099931, -29.435052658599943 ], [ -61.188455722400022, -29.442110069499961 ], [ -61.175298555300003, -29.444742423899925 ], [ -61.16821454969994, -29.449805774799927 ], [ -61.152229279700009, -29.467865381799982 ], [ -61.142037073100028, -29.475366142699954 ], [ -61.128801470099972, -29.481722623199971 ], [ -61.1123095337, -29.49684852590002 ], [ -61.09403268, -29.516348299299977 ], [ -61.078313151299938, -29.527967869699978 ], [ -61.076864140699968, -29.537104923799973 ], [ -61.076993534099984, -29.546686159199965 ], [ -61.056572908900023, -29.549361677700006 ], [ -61.031886432899967, -29.548798514099985 ], [ -60.974287588700008, -29.547718982399999 ], [ -60.944025748099932, -29.552859293600022 ], [ -60.905533367099963, -29.558049113699951 ], [ -60.870934129200009, -29.563202358500007 ], [ -60.825940588799995, -29.568790290899926 ], [ -60.745072150800013, -29.585170300699929 ], [ -60.742333989799931, -29.603203646599923 ], [ -60.739393733099973, -29.609969324299982 ], [ -60.745266537900022, -29.629313339400028 ], [ -60.745067019799933, -29.636063693799997 ], [ -60.742410407599948, -29.647617591699941 ], [ -60.740227838999942, -29.655903029599983 ], [ -60.735304484599965, -29.664421374699941 ], [ -60.735112202200014, -29.672260228299933 ], [ -60.738386439799967, -29.6768140625 ], [ -60.73918851039997, -29.684211928399975 ], [ -60.737980061399981, -29.68944384029993 ], [ -60.732529376699972, -29.694263835000015 ], [ -60.727625939499944, -29.704150285899971 ], [ -60.721949376400005, -29.706311009300009 ], [ -60.714537922299996, -29.716147630099954 ], [ -60.711297032299967, -29.717553805399973 ], [ -60.729089042999988, -29.746120023699973 ], [ -60.719099450899989, -29.757468565499948 ], [ -60.726474364799913, -29.78252572529999 ], [ -60.726546863099998, -29.792564289399991 ], [ -60.722346255199966, -29.80890057369993 ], [ -60.706635292099975, -29.826553648100003 ], [ -60.693764180499954, -29.839170501599995 ], [ -60.69101391839996, -29.858007861600015 ], [ -60.692644818699989, -29.885606188799954 ], [ -60.695665447099941, -29.905667947999973 ], [ -60.692922672300028, -29.925759981199917 ], [ -60.684378578099995, -29.940862794099928 ], [ -60.680148311499977, -29.954687989600018 ], [ -60.69627713, -29.993503721399975 ], [ -60.716698981899981, -30.034509116799939 ], [ -60.718368087999977, -30.065870544199925 ], [ -60.717033459099923, -30.080935626799999 ], [ -60.71421876409994, -30.090989461099923 ], [ -60.704220499500025, -30.106101203200012 ], [ -60.697072018600011, -30.116177818899985 ], [ -60.692810257299982, -30.126238866700021 ], [ -60.691444882700011, -30.137539333099994 ], [ -60.691549890899921, -30.152596456200001 ], [ -60.701785551700027, -30.170109364700011 ], [ -60.712088110699995, -30.196404587000018 ], [ -60.712124470399942, -30.206876504700006 ], [ -60.720035178899934, -30.223343895199946 ], [ -60.714905555599955, -30.228119086300012 ], [ -60.691257131099974, -30.22711445769994 ], [ -60.681863811899973, -30.230937326 ], [ -60.673953343599976, -30.239783483199915 ], [ -60.663121442499971, -30.245499250199998 ], [ -60.647948064999923, -30.252493575000017 ], [ -60.639275408699973, -30.256309867699997 ], [ -60.632059742199999, -30.26137644710002 ], [ -60.619056300000011, -30.268356960300025 ], [ -60.602434022900013, -30.276610792399993 ], [ -60.592299936400025, -30.279172811899969 ], [ -60.579979314900015, -30.279856912699984 ], [ -60.570946687199978, -30.280456544499941 ], [ -60.553905151299944, -30.284372460600025 ], [ -60.542305078799984, -30.284421028999986 ], [ -60.529268485700015, -30.28699017799994 ], [ -60.509564203399975, -30.273851112700015 ], [ -60.502212430899931, -30.253753046499924 ], [ -60.49998394399995, -30.24306935300001 ], [ -60.488289154100016, -30.222986894699943 ], [ -60.478802838899981, -30.209184823300006 ], [ -60.478702840999972, -30.188518672099917 ], [ -60.478647674499996, -30.177108434299953 ], [ -60.478471516399964, -30.140629210600025 ], [ -60.478322944599938, -30.10981040729996 ], [ -60.472428401899947, -30.087817809599926 ], [ -60.457787782799983, -30.060098586100025 ], [ -60.444685543200023, -30.04190327409998 ], [ -60.433012462599947, -30.018670056900021 ], [ -60.421408662999966, -30.010531004699999 ], [ -60.38958349029997, -30.00748413149995 ], [ -60.365726813399988, -30.008181553799943 ], [ -60.342612196800019, -30.014533577900011 ], [ -60.301225529199996, -30.000624225399974 ], [ -60.312263363300019, -30.011884778199942 ], [ -60.313176356499923, -30.019767429199987 ], [ -60.312675642399938, -30.035040395400017 ], [ -60.31472390700003, -30.044907636400012 ], [ -60.324621747499918, -30.064408397900024 ], [ -60.323631475799914, -30.070114707499954 ], [ -60.321138303999987, -30.079115373999969 ], [ -60.321851578, -30.081741979799972 ], [ -60.32750233820002, -30.102545527400025 ], [ -60.336429965899981, -30.110783145799928 ], [ -60.34440599629994, -30.109840105300009 ], [ -60.348047515600001, -30.116818881100016 ], [ -60.345264464100012, -30.125561684200022 ], [ -60.339269783999953, -30.135710427800007 ], [ -60.340275331200019, -30.142906198599917 ], [ -60.342576547000021, -30.151455904099919 ], [ -60.346657593600014, -30.163510884999937 ], [ -60.349212336099981, -30.172059772000011 ], [ -60.35023389319997, -30.175347684599956 ], [ -60.326153346199987, -30.181167833400025 ], [ -60.320130790799965, -30.184327408599984 ], [ -60.318545624999956, -30.191668987699927 ], [ -60.3168379974, -30.201037441399933 ], [ -60.319949794199999, -30.207962265899994 ], [ -60.32976648679994, -30.21783181 ], [ -60.338764638300006, -30.217808864499943 ], [ -60.34318223439999, -30.225346223500026 ], [ -60.343971110499979, -30.230040261900001 ], [ -60.341153027899963, -30.234296484199945 ], [ -60.339116551599943, -30.241234108799915 ], [ -60.341716831599967, -30.248383306800008 ], [ -60.346886313599953, -30.253513056100019 ], [ -60.357721038600005, -30.257956375800006 ], [ -60.365726373899975, -30.263301213299997 ], [ -60.372443616400005, -30.268425599699981 ], [ -60.375303830899952, -30.275349722800001 ], [ -60.379582791100006, -30.283888874299976 ], [ -60.384123691800028, -30.290754044899984 ], [ -60.384820942999966, -30.293336127399982 ], [ -60.386477008700012, -30.299468348300024 ], [ -60.387015250399941, -30.305280904799929 ], [ -60.389879354400023, -30.3126518885 ], [ -60.392998971699967, -30.319351170300024 ], [ -60.393396391500005, -30.329942936199927 ], [ -60.405992814400008, -30.337748260599994 ], [ -60.401726160499948, -30.348041815399995 ], [ -60.403187897499947, -30.352639497799942 ], [ -60.4108027021, -30.358192656699941 ], [ -60.41406512789996, -30.363546259500026 ], [ -60.415858343499963, -30.369670727199946 ], [ -60.412938460099951, -30.375810141399995 ], [ -60.412368593599922, -30.380409554300002 ], [ -60.412101861799954, -30.387051387399936 ], [ -60.413891095199972, -30.392154181299986 ], [ -60.419510931200023, -30.397244699499993 ], [ -60.421598695099988, -30.403112682799986 ], [ -60.420737699599954, -30.408479316099942 ], [ -60.421665713600021, -30.414573301500013 ], [ -60.422253980800008, -30.418435858099997 ], [ -60.425234313999965, -30.426088817099924 ], [ -60.427623377600014, -30.433232793499997 ], [ -60.430386839199912, -30.44209442959999 ], [ -60.43136909819998, -30.444590962300026 ], [ -60.432614384699946, -30.447784556800002 ], [ -60.432908364100001, -30.448741356500022 ], [ -60.439589715099999, -30.452800948299966 ], [ -60.443655791200001, -30.456077663200006 ], [ -60.444251233499983, -30.459996338299959 ], [ -60.442429406700001, -30.464856424400011 ], [ -60.441183034, -30.469247939900015 ], [ -60.440186843899994, -30.472980503700001 ], [ -60.439914803699935, -30.479167454099979 ], [ -60.439235884100015, -30.486803661599993 ], [ -60.439529593100019, -30.495796593199998 ], [ -60.442895172399972, -30.511798736399953 ], [ -60.447235273099921, -30.519022895299941 ], [ -60.449519635599984, -30.519892486900005 ], [ -60.456096468999931, -30.522533675299997 ], [ -60.457642938599975, -30.523154652100004 ], [ -60.460209816700001, -30.53016521 ], [ -60.460743528799924, -30.535866741500001 ], [ -60.461028025399969, -30.542446595400008 ], [ -60.459023288299989, -30.547279636299947 ], [ -60.457778720299984, -30.552109974199936 ], [ -60.460141628799931, -30.555443329299976 ], [ -60.462181968100026, -30.565487946199994 ], [ -60.462669288000029, -30.567886704700015 ], [ -60.463976203100003, -30.578297306099955 ], [ -60.463520159600023, -30.584756905699976 ], [ -60.464192634699998, -30.589668180999922 ], [ -60.472194248099981, -30.597904879499993 ], [ -60.473231997699997, -30.602727024599915 ], [ -60.473511191800014, -30.607990639399929 ], [ -60.478111547500021, -30.615212671599977 ], [ -60.482775839300018, -30.624244051299968 ], [ -60.478417665800009, -30.634577748100014 ], [ -60.475503453399938, -30.641486365899993 ], [ -60.474973853200026, -30.654003460299975 ], [ -60.477117071199984, -30.669320259799974 ], [ -60.480422822200012, -30.680546130300002 ], [ -60.483539223599962, -30.70044474249994 ], [ -60.483587687799911, -30.710161876499967 ], [ -60.48363031249994, -30.718704274499942 ], [ -60.488852951699982, -30.723663139299958 ], [ -60.488388839300001, -30.736706358700019 ], [ -60.490800823200004, -30.745891927599985 ], [ -60.49706692220002, -30.756850573099996 ], [ -60.499915413499934, -30.760553738999988 ], [ -60.504510858300023, -30.766527280399998 ], [ -60.509887097200021, -30.776467087599997 ], [ -60.517311972599941, -30.782056601399972 ], [ -60.525325192299931, -30.786877081400007 ], [ -60.534547994600018, -30.796289356800003 ], [ -60.552622190199997, -30.799023110499945 ], [ -60.563865775099941, -30.809075840700018 ], [ -60.576748908500008, -30.820590640299997 ], [ -60.586413666099929, -30.829226208000023 ], [ -60.59493921950002, -30.837164158499945 ], [ -60.602565553799991, -30.844263259099932 ], [ -60.610207808099915, -30.850560997999935 ], [ -60.622471738799959, -30.859934618199986 ], [ -60.639578072099994, -30.870599294800002 ], [ -60.647240407899972, -30.875606202699942 ], [ -60.663627082199923, -30.891754888600019 ], [ -60.677489396200031, -30.90988876480003 ], [ -60.683970681300025, -30.926963582999974 ], [ -60.689653105999923, -30.938778010699934 ], [ -60.69326460879995, -30.945558365500005 ], [ -60.695602566899993, -30.95212612399996 ], [ -60.699671058100023, -30.958948906599915 ], [ -60.709998037899993, -30.966790894999974 ], [ -60.715005016399971, -30.975279972299973 ], [ -60.716684769799997, -30.978127518799965 ], [ -60.717479818000015, -30.986337321499946 ], [ -60.719349565899961, -30.991065893600023 ], [ -60.72936046849992, -31.004910654599996 ], [ -60.731969840500028, -31.010266706099969 ], [ -60.73646302239996, -31.0192984981 ], [ -60.733322030699981, -31.025616449599966 ], [ -60.72400148600002, -31.027855713999941 ], [ -60.708970220200001, -31.02619153789999 ], [ -60.690107082200029, -31.025948309699913 ], [ -60.68511799099997, -31.026636280999924 ], [ -60.678903703299966, -31.030144344399957 ], [ -60.675097867499971, -31.034633476399961 ], [ -60.672715643199922, -31.037443133800025 ], [ -60.676860633800004, -31.043973342299921 ], [ -60.677912360099924, -31.045630113199991 ], [ -60.69117018679998, -31.051562425799943 ], [ -60.697108088999926, -31.060376481399999 ], [ -60.704992673700019, -31.078209629400021 ], [ -60.705638896499977, -31.079670912699953 ], [ -60.71423815649996, -31.094463043799976 ], [ -60.721915992899937, -31.098640008199936 ], [ -60.726539460599952, -31.102828542999987 ], [ -60.73331831219997, -31.108585098399999 ], [ -60.735503820699932, -31.114104176299975 ], [ -60.735955151799999, -31.116907819400012 ], [ -60.734656404900022, -31.123328220499957 ], [ -60.731425280399947, -31.130953728899954 ], [ -60.735177176099967, -31.14104191889993 ], [ -60.740968183, -31.147525351699926 ], [ -60.747716736899974, -31.151106590300003 ], [ -60.753635987099926, -31.155833089899943 ], [ -60.756911510699922, -31.157325181999965 ], [ -60.761922904900018, -31.161477158299988 ], [ -60.76549168159994, -31.163927580999939 ], [ -60.768498109099937, -31.172123608899938 ], [ -60.771146612999985, -31.185316639899952 ], [ -60.773507135499926, -31.190778259299975 ], [ -60.779352112900028, -31.197413484799995 ], [ -60.787621100799981, -31.20293845959992 ], [ -60.791352227299967, -31.205902342400009 ], [ -60.791962042899968, -31.209582281200028 ], [ -60.788272321900024, -31.215168773599999 ], [ -60.789618484299979, -31.220644515499998 ], [ -60.792229551499929, -31.228076683600023 ], [ -60.796906256099987, -31.238562908699919 ], [ -60.799049073699962, -31.250817226499976 ], [ -60.80036811399998, -31.253142290899916 ], [ -60.804947394199985, -31.261213142399924 ], [ -60.811761140399938, -31.277607784199915 ], [ -60.814757983300012, -31.285758365 ], [ -60.816515327599973, -31.290537141399966 ], [ -60.815996478300008, -31.297684757900015 ], [ -60.812732992199983, -31.300696094599971 ], [ -60.804829723400019, -31.304234951599938 ], [ -60.799533431699956, -31.307587770499993 ], [ -60.791988539199963, -31.308876765700006 ], [ -60.78411849050002, -31.309753224999952 ], [ -60.771756099799916, -31.311760497600005 ], [ -60.757937453299974, -31.31267097189999 ], [ -60.751684220000016, -31.314778139599923 ], [ -60.745554811399927, -31.313258937999933 ], [ -60.736999799099976, -31.307823865999922 ], [ -60.72094335169993, -31.310399513499931 ], [ -60.69589744839999, -31.314954586599981 ], [ -60.689485874100001, -31.317611708799916 ], [ -60.685658358000012, -31.32191107440002 ], [ -60.672521550300019, -31.32860590979999 ], [ -60.662097183499952, -31.332524886800002 ], [ -60.662411332600016, -31.338179046899938 ], [ -60.664101398000014, -31.343142682199982 ], [ -60.663814659799982, -31.348113164699953 ], [ -60.665097502799995, -31.350792641199916 ], [ -60.667242642600002, -31.355272819999982 ], [ -60.670649596399983, -31.359395879600015 ], [ -60.672693167200009, -31.365995726700021 ], [ -60.674629121299972, -31.376076299600015 ], [ -60.678918002899991, -31.390822530899982 ], [ -60.679785138799957, -31.399513605499976 ], [ -60.678382602599982, -31.405870246599932 ], [ -60.679727689599986, -31.413868639600025 ], [ -60.679364851300022, -31.417453912300005 ], [ -60.6791267049, -31.419806945 ], [ -60.68047706099992, -31.428495411600011 ], [ -60.680695864399979, -31.436499739199974 ], [ -60.682840570200028, -31.443665652200025 ], [ -60.692854230799924, -31.448028691999923 ], [ -60.701568456500013, -31.450741761500012 ], [ -60.707057393400021, -31.459555644899979 ], [ -60.717053021199945, -31.465046061900011 ], [ -60.722599776499919, -31.474400392599932 ], [ -60.729657588800023, -31.485878919100003 ], [ -60.727449124700001, -31.50667425810002 ], [ -60.723933205600019, -31.524699394799995 ], [ -60.720780234800031, -31.53914369249992 ], [ -60.717215261099966, -31.550454410399993 ], [ -60.708939904099964, -31.557911457700015 ], [ -60.703531910700008, -31.56278375699992 ], [ -60.701923568999916, -31.566871361099913 ], [ -60.699104378400023, -31.574155946399969 ], [ -60.695429332099934, -31.580943884199996 ], [ -60.693821002099924, -31.58391418719998 ], [ -60.690070517799995, -31.589078798499941 ], [ -60.686504164100029, -31.594515922399978 ], [ -60.670573922599942, -31.597393188500007 ], [ -60.663154404799968, -31.59913854399997 ], [ -60.663207182399958, -31.606585365499996 ], [ -60.666322033999961, -31.61122358419999 ], [ -60.675821737299998, -31.621258248499998 ], [ -60.676967977999936, -31.629319825799939 ], [ -60.68175467019995, -31.63944043539999 ], [ -60.682677292499932, -31.641390875699926 ], [ -60.697067835300004, -31.653189037299967 ], [ -60.705676107800002, -31.664630680499954 ], [ -60.723299557600001, -31.673297616699983 ], [ -60.738745623, -31.678797398399979 ], [ -60.746546000299986, -31.691126015899954 ], [ -60.764302716599957, -31.693216232700024 ], [ -60.782921775899979, -31.686716732899981 ], [ -60.793229341899917, -31.676180562100001 ], [ -60.794886589700013, -31.662003216799917 ], [ -60.798329794499921, -31.632534848799935 ], [ -60.81013413699992, -31.621882674999938 ], [ -60.823207195099997, -31.623196138599951 ], [ -60.835101944600012, -31.623118903799991 ], [ -60.850417036899955, -31.614435853500026 ], [ -60.878828822199978, -31.610052320500017 ], [ -60.898470783499988, -31.615503895599943 ], [ -60.910350719400014, -31.614022709599965 ], [ -60.922273564600005, -31.613841796600013 ], [ -60.935301287100003, -31.613642845699985 ], [ -60.944978649499944, -31.615179323899952 ], [ -60.960529809399929, -31.617646737699999 ], [ -60.978006372099969, -31.603528907800012 ], [ -60.973600898500024, -31.589781013800007 ], [ -60.969772123399935, -31.580909333999955 ], [ -60.962443832000019, -31.563923689700005 ], [ -60.962654992500006, -31.538385486899926 ], [ -60.99188428010001, -31.529204348699921 ], [ -61.020121766999921, -31.52032674179992 ], [ -61.026297849400009, -31.515596815999913 ], [ -61.02540800700001, -31.504611595999961 ], [ -61.024657397599924, -31.495342845599964 ], [ -61.023486281200007, -31.474679687 ], [ -61.053139748699948, -31.473292675399989 ], [ -61.07020881669996, -31.466923252499953 ], [ -61.083796179200021, -31.461714039500009 ], [ -61.084086217300012, -31.460556199599921 ], [ -61.085048239099933, -31.456715585499921 ], [ -61.08611823559994, -31.452443555800016 ], [ -61.088216061000026, -31.442293873599965 ], [ -61.088512939599923, -31.432800619799991 ], [ -61.086078335399918, -31.423826609699915 ], [ -61.081062549799981, -31.418372270099951 ], [ -61.077512435799974, -31.413654966100012 ], [ -61.075924013600002, -31.406968138699995 ], [ -61.076637194799957, -31.406034041800012 ], [ -61.081718647800017, -31.399377914299976 ], [ -61.089755670800002, -31.398642004499948 ], [ -61.090739078299976, -31.398551923499951 ], [ -61.095052997899927, -31.399141806399996 ], [ -61.099465506499939, -31.400519314900009 ], [ -61.104189572, -31.402934119099939 ], [ -61.115893348099974, -31.40659279 ], [ -61.122590105100016, -31.40702177259999 ], [ -61.136846041599938, -31.409960323900009 ], [ -61.147367127700022, -31.408301479499926 ], [ -61.149601576399959, -31.40814196140002 ], [ -61.163375295199955, -31.407157780700004 ], [ -61.173272495499987, -31.406567868500019 ], [ -61.187870807799982, -31.409181746099989 ], [ -61.197220342600019, -31.411343388299997 ], [ -61.203932695300011, -31.412279902199998 ], [ -61.212415409799974, -31.414948258499919 ], [ -61.218555235899942, -31.416638955700023 ], [ -61.224688780599934, -31.417829720999976 ], [ -61.240221255999927, -31.421965018700007 ], [ -61.244596353299926, -31.42396476 ], [ -61.250525619500024, -31.427749658699952 ], [ -61.253771606199962, -31.429095164099977 ], [ -61.257064509899976, -31.429658828800029 ], [ -61.263968203299953, -31.430578275900018 ], [ -61.264081178799927, -31.43059331889998 ], [ -61.271514083900001, -31.431582802299999 ], [ -61.273785498099983, -31.427504794499953 ], [ -61.27710612339996, -31.42189991639998 ], [ -61.282148834400004, -31.416277736299946 ], [ -61.29587081989996, -31.412139176699952 ], [ -61.305437128199969, -31.405709789499952 ], [ -61.309738661200015, -31.404104432 ], [ -61.314327952599967, -31.402391464 ], [ -61.326905347100023, -31.397695760799934 ], [ -61.344520598799988, -31.39848641049997 ], [ -61.36390985839995, -31.404126722599926 ], [ -61.384415576399931, -31.408290719399986 ], [ -61.388563497900009, -31.409200548599983 ], [ -61.399229926499913, -31.41153948129994 ], [ -61.408182305099956, -31.412866281899994 ], [ -61.41513395209995, -31.414509392599939 ], [ -61.420889038300004, -31.416659154499996 ], [ -61.436878725200017, -31.422325905499974 ], [ -61.439418235099993, -31.423281583800019 ], [ -61.453467342199986, -31.429713714599927 ], [ -61.468929400600018, -31.43560142689995 ], [ -61.475274572300009, -31.436469467200027 ], [ -61.487990712700025, -31.438970347599934 ], [ -61.500007813699938, -31.4396994576 ], [ -61.515213884299953, -31.441027221000013 ], [ -61.525187312599996, -31.441897075899931 ], [ -61.541639362500007, -31.440733737599999 ], [ -61.555852931699917, -31.439726964099975 ], [ -61.569994285399957, -31.437209991200007 ], [ -61.573774920300025, -31.436277383300023 ], [ -61.582356802599918, -31.434641670299982 ], [ -61.59432287509992, -31.428743761199939 ], [ -61.598378007599933, -31.423660065599961 ], [ -61.607096848799983, -31.414893724500018 ], [ -61.610319728799993, -31.411598402599964 ], [ -61.609449181599985, -31.410002743400014 ], [ -61.604756024899928, -31.401399389699975 ], [ -61.601720141599969, -31.393341026399924 ], [ -61.601243984800021, -31.390577324599974 ], [ -61.595917895699984, -31.383554763300026 ], [ -61.591268770200031, -31.376721197800009 ], [ -61.588019746899988, -31.368503075899923 ], [ -61.583318264900015, -31.360810191699954 ], [ -61.576206054099998, -31.346825585199952 ], [ -61.570617392399981, -31.335517998199975 ], [ -61.563744699599965, -31.331705290700029 ], [ -61.560401806199934, -31.328206160100024 ], [ -61.553670812099995, -31.326234210699965 ], [ -61.551700080999979, -31.322766913300029 ], [ -61.552546553399964, -31.32096552289994 ], [ -61.553517355899942, -31.319624910100003 ], [ -61.555800389399963, -31.31895506310002 ], [ -61.558843306499966, -31.31900315089996 ], [ -61.561044898700004, -31.319447960499929 ], [ -61.562883587100032, -31.319140095499961 ], [ -61.565008948299919, -31.317901237 ], [ -61.565953103799927, -31.316286166199973 ], [ -61.566601865, -31.31471364570001 ], [ -61.566874077299985, -31.313083429599942 ], [ -61.566255955699944, -31.311892208099948 ], [ -61.565385739299927, -31.31053280499998 ], [ -61.564833109499943, -31.309443337199923 ], [ -61.564296418000026, -31.308385262800016 ], [ -61.556611338099913, -31.303545580700018 ], [ -61.555398135100006, -31.300550291299999 ], [ -61.555068798899981, -31.298713312699988 ], [ -61.555171754699984, -31.295699534400001 ], [ -61.556279829499942, -31.291855272600003 ], [ -61.561583459199994, -31.283833770799959 ], [ -61.566816715699986, -31.281215382699997 ], [ -61.600212631499915, -31.277402876400004 ], [ -61.60544399600002, -31.275694721899981 ], [ -61.618296530299972, -31.27224770250001 ], [ -61.62810744939992, -31.269892620400014 ], [ -61.632623711, -31.267249227499974 ], [ -61.635722895599997, -31.261802549499976 ], [ -61.639152102200001, -31.25848312879998 ], [ -61.64311882599992, -31.254643005199966 ], [ -61.643437756000026, -31.254259337099995 ], [ -61.647891785699926, -31.252959216500017 ], [ -61.652422877700019, -31.251636408799925 ], [ -61.66087829060001, -31.250431458100024 ], [ -61.677177687299945, -31.248903212199934 ], [ -61.687953378999964, -31.249994280300029 ], [ -61.69967782279997, -31.250661181499936 ], [ -61.706726193799966, -31.251939499300022 ], [ -61.710229712799958, -31.252574751899942 ], [ -61.718653469800017, -31.255748055500021 ], [ -61.722379956899942, -31.263501647599981 ], [ -61.740732709499923, -31.273521997399996 ], [ -61.749030155699984, -31.282650178499978 ], [ -61.753909972599956, -31.287922800800004 ], [ -61.763818552299995, -31.293536951000021 ], [ -61.772062353699994, -31.299583992599992 ], [ -61.778610327899912, -31.304421874799971 ], [ -61.784002109499966, -31.311328978699919 ], [ -61.796027512500018, -31.324962958800029 ], [ -61.797972670699949, -31.329526219599927 ], [ -61.800138835600023, -31.334607360499945 ], [ -61.796399302399948, -31.342435017000014 ], [ -61.79177940400001, -31.348334853499978 ], [ -61.788058304, -31.361629977199982 ], [ -61.791444020799986, -31.378164744 ], [ -61.797810711699981, -31.389825002900011 ], [ -61.805074380899953, -31.404814660900001 ], [ -61.81397332329999, -31.411897928299936 ], [ -61.816289505199961, -31.413741248299971 ], [ -61.826871921099951, -31.424802091300023 ], [ -61.839146658699917, -31.430038782499992 ], [ -61.851816465599995, -31.432369102599978 ], [ -61.862378218800018, -31.430669607699997 ], [ -61.872791039599917, -31.432837334999988 ], [ -61.890177990499922, -31.43410096529999 ], [ -61.905978386399966, -31.43524720399995 ], [ -61.913984135100009, -31.440926612800013 ], [ -61.918111875699992, -31.444344126399926 ], [ -61.922860837199948, -31.445046077100017 ], [ -61.928096505999974, -31.446071422499983 ], [ -61.930187148799916, -31.44713143780001 ], [ -61.935123643999987, -31.448000905999947 ], [ -61.939900422699964, -31.448722424099969 ], [ -61.955923812799995, -31.445649410300007 ], [ -61.95886090700003, -31.445651144800024 ], [ -61.986376866299963, -31.444721347399991 ], [ -61.998956165899983, -31.441331141499973 ], [ -62.005577786499998, -31.439545983100004 ], [ -62.018601167999975, -31.438293508699985 ], [ -62.020380621099946, -31.438128250199952 ], [ -62.036162488699972, -31.43666148 ], [ -62.041344428599928, -31.43498371599992 ], [ -62.04668583299997, -31.433254044199998 ], [ -62.066169106099949, -31.432385434099956 ], [ -62.056733430099996, -31.404190122099976 ], [ -62.054460306599935, -31.397197142299945 ], [ -62.050249115499923, -31.384432519500024 ], [ -62.038302807100024, -31.347975144100019 ], [ -62.032643762099951, -31.330787675199986 ], [ -62.024587150400009, -31.305995523899981 ], [ -62.002196516799927, -31.238079095600028 ], [ -61.994638916499923, -31.213777344399944 ], [ -61.991502390200026, -31.203687552299982 ], [ -61.990583859600008, -31.200732296899957 ], [ -61.983596850000026, -31.179540878599994 ], [ -61.969787654100003, -31.13715187189996 ], [ -61.94027787790003, -31.046600317699983 ], [ -61.917396003399972, -30.976777310099919 ], [ -61.889153980699973, -30.889469096699997 ], [ -61.865879878100031, -30.817837661300018 ], [ -61.860659458200018, -30.802135192499975 ], [ -61.859878904399977, -30.799608751099981 ], [ -61.857011946900002, -30.790538183799924 ], [ -61.848712612499924, -30.764851049699985 ], [ -61.843973431599977, -30.75064259589999 ], [ -61.842872856700012, -30.745978490299933 ], [ -61.843902012800015, -30.744900674699977 ], [ -61.841647228099987, -30.734350943399932 ], [ -61.884986253600005, -30.727234715199984 ], [ -61.883107257499944, -30.71856032 ], [ -61.915947077300018, -30.713324404700018 ], [ -61.91397934539998, -30.704253059400003 ], [ -61.947163113499926, -30.698865823099993 ], [ -61.94522893369998, -30.689960245599934 ], [ -61.975690689299938, -30.685064534499986 ], [ -61.97338562549993, -30.674464098999977 ], [ -61.994190231300024, -30.671105110799942 ], [ -61.993318261100001, -30.667099602699921 ], [ -62.00137047849995, -30.662840808099986 ], [ -61.970843203399966, -30.637371857400012 ], [ -61.922617342999956, -30.606798337299949 ], [ -61.928123660100027, -30.601988424699925 ], [ -61.932162375500013, -30.598460062699928 ], [ -61.933372294600019, -30.597736321000014 ], [ -61.9402913678, -30.593597100399961 ], [ -61.945707101700009, -30.590196828499927 ], [ -61.939393859099937, -30.576065167799982 ], [ -61.931532377899941, -30.566698093000014 ], [ -61.912571753999941, -30.550263607799991 ], [ -61.906127246699953, -30.529018904200029 ], [ -61.902489067600015, -30.511052234299996 ], [ -61.899063080000019, -30.497422921900011 ], [ -61.898332402099925, -30.494515563499988 ], [ -61.897481089599978, -30.478879040599963 ], [ -61.888025869499984, -30.471428916299999 ], [ -61.880178132600008, -30.46205805569997 ], [ -61.878928433, -30.454014417799954 ], [ -61.884731294, -30.442549569999926 ], [ -61.887905877700007, -30.436813094400009 ], [ -61.890477945999919, -30.428240007900001 ], [ -61.911057583599927, -30.38778761819998 ], [ -61.927624129099968, -30.358596670899999 ], [ -61.933642790099952, -30.347986957299952 ], [ -61.933963348100008, -30.345682464 ], [ -61.935564014600004, -30.334173965799948 ], [ -61.931447869299916, -30.319974906799985 ], [ -61.930803351299971, -30.309771934100013 ], [ -61.930544986200005, -30.305681042299966 ], [ -61.929858297400017, -30.294805751299975 ], [ -61.93435970609994, -30.27287392829993 ], [ -61.940604907099953, -30.256144786099981 ], [ -61.947965230599948, -30.241241260300001 ], [ -61.952191700799915, -30.232681211999989 ], [ -61.985965900800011, -30.196523723200016 ], [ -62.007019757799924, -30.181943186500007 ], [ -62.029219945699936, -30.170193656899983 ], [ -62.048817150499929, -30.165135728 ], [ -62.076578917900008, -30.159463936399959 ], [ -62.067728251199924, -30.108640809899953 ], [ -62.062810285999944, -30.078627805499991 ], [ -62.058807482999953, -30.056067805699968 ], [ -62.056200059700018, -30.039855301899991 ], [ -62.053778060800028, -30.020345184699977 ], [ -62.046163226699946, -29.981367671799944 ], [ -62.03787640820002, -29.933833614499974 ], [ -62.031837429699976, -29.89724616299992 ], [ -62.029133361099923, -29.875762492899923 ], [ -62.023813666099954, -29.836966646900009 ], [ -62.012457947500025, -29.785742281299918 ], [ -61.995353010599956, -29.684961374800025 ], [ -61.951700504299993, -29.429894976100002 ], [ -61.948823223399984, -29.412442529500026 ], [ -61.927798395299931, -29.288383983100005 ], [ -61.924495590700019, -29.268982379699992 ], [ -61.917980153500025, -29.228977697400012 ], [ -61.912454152099997, -29.19558486630001 ], [ -61.910975145199927, -29.187020018999988 ], [ -61.901635513600013, -29.131915367599959 ], [ -61.901529240700029, -29.131287581799995 ], [ -61.895270215300002, -29.09431927269992 ], [ -61.870912339399979, -28.949576937099948 ], [ -61.869815521299984, -28.942988522599933 ], [ -61.857135075699944, -28.934951901499971 ], [ -61.843740047999972, -28.929288455599988 ], [ -61.82851545869994, -28.922585278199961 ], [ -61.815178996499924, -28.920107734099986 ], [ -61.802493136400017, -28.920278189800001 ], [ -61.79729288850001, -28.919484477000026 ] ] ] ] } },
{ "type": "Feature", "properties": { "N_CCA": 11, "Area": 5929.48, "Perim": 457.303, "Cuenca": "11- Arroyo Colastiné" }, "geometry": { "type": "MultiPolygon", "coordinates": [ [ [ [ -61.562883587100032, -31.319140095499961 ], [ -61.561044898700004, -31.319447960499929 ], [ -61.558843306499966, -31.31900315089996 ], [ -61.555800389399963, -31.31895506310002 ], [ -61.553517355899942, -31.319624910100003 ], [ -61.552546553399964, -31.32096552289994 ], [ -61.551700080999979, -31.322766913300029 ], [ -61.553670812099995, -31.326234210699965 ], [ -61.560401806199934, -31.328206160100024 ], [ -61.563744699599965, -31.331705290700029 ], [ -61.570617392399981, -31.335517998199975 ], [ -61.576206054099998, -31.346825585199952 ], [ -61.583318264900015, -31.360810191699954 ], [ -61.588019746899988, -31.368503075899923 ], [ -61.591268770200031, -31.376721197800009 ], [ -61.595917895699984, -31.383554763300026 ], [ -61.601243984800021, -31.390577324599974 ], [ -61.601720141599969, -31.393341026399924 ], [ -61.604756024899928, -31.401399389699975 ], [ -61.609449181599985, -31.410002743400014 ], [ -61.610319728799993, -31.411598402599964 ], [ -61.607096848799983, -31.414893724500018 ], [ -61.598378007599933, -31.423660065599961 ], [ -61.59432287509992, -31.428743761199939 ], [ -61.582356802599918, -31.434641670299982 ], [ -61.573774920300025, -31.436277383300023 ], [ -61.569994285399957, -31.437209991200007 ], [ -61.555852931699917, -31.439726964099975 ], [ -61.541639362500007, -31.440733737599999 ], [ -61.525187312599996, -31.441897075899931 ], [ -61.515213884299953, -31.441027221000013 ], [ -61.500007813699938, -31.4396994576 ], [ -61.487990712700025, -31.438970347599934 ], [ -61.475274572300009, -31.436469467200027 ], [ -61.468929400600018, -31.43560142689995 ], [ -61.453467342199986, -31.429713714599927 ], [ -61.439418235099993, -31.423281583800019 ], [ -61.436878725200017, -31.422325905499974 ], [ -61.420889038300004, -31.416659154499996 ], [ -61.41513395209995, -31.414509392599939 ], [ -61.408182305099956, -31.412866281899994 ], [ -61.399229926499913, -31.41153948129994 ], [ -61.388563497900009, -31.409200548599983 ], [ -61.384415576399931, -31.408290719399986 ], [ -61.36390985839995, -31.404126722599926 ], [ -61.344520598799988, -31.39848641049997 ], [ -61.326905347100023, -31.397695760799934 ], [ -61.314327952599967, -31.402391464 ], [ -61.309738661200015, -31.404104432 ], [ -61.305437128199969, -31.405709789499952 ], [ -61.29587081989996, -31.412139176699952 ], [ -61.282148834400004, -31.416277736299946 ], [ -61.27710612339996, -31.42189991639998 ], [ -61.273785498099983, -31.427504794499953 ], [ -61.271514083900001, -31.431582802299999 ], [ -61.264081178799927, -31.43059331889998 ], [ -61.263968203299953, -31.430578275900018 ], [ -61.257064509899976, -31.429658828800029 ], [ -61.253771606199962, -31.429095164099977 ], [ -61.250525619500024, -31.427749658699952 ], [ -61.244596353299926, -31.42396476 ], [ -61.240221255999927, -31.421965018700007 ], [ -61.224688780599934, -31.417829720999976 ], [ -61.218555235899942, -31.416638955700023 ], [ -61.212415409799974, -31.414948258499919 ], [ -61.203932695300011, -31.412279902199998 ], [ -61.197220342600019, -31.411343388299997 ], [ -61.187870807799982, -31.409181746099989 ], [ -61.173272495499987, -31.406567868500019 ], [ -61.163375295199955, -31.407157780700004 ], [ -61.149601576399959, -31.40814196140002 ], [ -61.147367127700022, -31.408301479499926 ], [ -61.136846041599938, -31.409960323900009 ], [ -61.122590105100016, -31.40702177259999 ], [ -61.115893348099974, -31.40659279 ], [ -61.104189572, -31.402934119099939 ], [ -61.099465506499939, -31.400519314900009 ], [ -61.095052997899927, -31.399141806399996 ], [ -61.090739078299976, -31.398551923499951 ], [ -61.089755670800002, -31.398642004499948 ], [ -61.081718647800017, -31.399377914299976 ], [ -61.076637194799957, -31.406034041800012 ], [ -61.075924013600002, -31.406968138699995 ], [ -61.077512435799974, -31.413654966100012 ], [ -61.081062549799981, -31.418372270099951 ], [ -61.086078335399918, -31.423826609699915 ], [ -61.088512939599923, -31.432800619799991 ], [ -61.088216061000026, -31.442293873599965 ], [ -61.08611823559994, -31.452443555800016 ], [ -61.085048239099933, -31.456715585499921 ], [ -61.084086217300012, -31.460556199599921 ], [ -61.083796179200021, -31.461714039500009 ], [ -61.084587060600029, -31.465864047099956 ], [ -61.083068237600003, -31.473257419599975 ], [ -61.08712198989997, -31.48067592350003 ], [ -61.089022890100011, -31.484422371499932 ], [ -61.090930663800009, -31.488747590099933 ], [ -61.092452614899969, -31.496187446899967 ], [ -61.093008057199938, -31.500379443899988 ], [ -61.092864968100002, -31.505013307299919 ], [ -61.092244180699936, -31.506869946800009 ], [ -61.090851661499983, -31.511034400399922 ], [ -61.090119322199939, -31.513428438599988 ], [ -61.090161359299998, -31.514512855399971 ], [ -61.089665504799939, -31.517990822599984 ], [ -61.089475950899953, -31.523491597600014 ], [ -61.08827781539992, -31.529435097600015 ], [ -61.087288578499965, -31.533708115399975 ], [ -61.085944659599988, -31.539512588399987 ], [ -61.082636582699934, -31.545691001000023 ], [ -61.082831445900013, -31.54793242300002 ], [ -61.08379338659995, -31.550746200599974 ], [ -61.087900797799932, -31.555197452900018 ], [ -61.094953229400005, -31.558538019299931 ], [ -61.105636076599978, -31.561557410999967 ], [ -61.113454381700024, -31.565252093200002 ], [ -61.121502924099957, -31.574009218699928 ], [ -61.125671409500001, -31.583306537899944 ], [ -61.128456978399981, -31.590011096500007 ], [ -61.134119500400004, -31.596907141099962 ], [ -61.140367541800003, -31.603218841899945 ], [ -61.143624873799922, -31.606879867899977 ], [ -61.146873592199938, -31.60981732489995 ], [ -61.150644505599928, -31.612170737999975 ], [ -61.154796370999975, -31.614666118299965 ], [ -61.157364872999949, -31.61724766719999 ], [ -61.158994534199962, -31.619114130699984 ], [ -61.161825012299971, -31.622344405600018 ], [ -61.163623053799995, -31.624136918299939 ], [ -61.165469365100023, -31.626897833399994 ], [ -61.165691060399922, -31.627229336299933 ], [ -61.16663605010001, -31.628855850499974 ], [ -61.168283725299943, -31.631691667699954 ], [ -61.167260208999949, -31.63574138529998 ], [ -61.166562553400013, -31.642850112299925 ], [ -61.16260588559993, -31.64433331609996 ], [ -61.160837129400022, -31.64492825629992 ], [ -61.155603656899984, -31.645771653800011 ], [ -61.153794940699925, -31.649984622199952 ], [ -61.154521622199979, -31.654029942599948 ], [ -61.154897064800025, -31.663866843599919 ], [ -61.153079053799956, -31.667356329600011 ], [ -61.149315263299911, -31.670863333199975 ], [ -61.145560073299976, -31.675093701499975 ], [ -61.144903467899951, -31.683637488899933 ], [ -61.141931207599953, -31.689669596099975 ], [ -61.139859276699951, -31.693233522899959 ], [ -61.137602947699975, -31.695569027799934 ], [ -61.136042850299987, -31.699490101100025 ], [ -61.134901338100008, -31.703045655700009 ], [ -61.139182007999977, -31.707059353299996 ], [ -61.140604224500009, -31.712617953400013 ], [ -61.140706991800016, -31.721010175 ], [ -61.138034784499951, -31.724000599900023 ], [ -61.13494535609999, -31.727501167999947 ], [ -61.131962337699974, -31.732809582599941 ], [ -61.130595341299966, -31.738754791699989 ], [ -61.130046367499972, -31.749323416200014 ], [ -61.125846651500012, -31.759128443199984 ], [ -61.122715506299926, -31.766319159899922 ], [ -61.120219433499926, -31.777049572599935 ], [ -61.112460784099994, -31.779867049099948 ], [ -61.099508630300022, -31.780486021599984 ], [ -61.09011261859996, -31.781000930800019 ], [ -61.076324860300019, -31.782637664399999 ], [ -61.067865115899963, -31.783577146900029 ], [ -61.057960352699979, -31.784093954599939 ], [ -61.049870123699975, -31.787778660299978 ], [ -61.039896267400024, -31.789741738299995 ], [ -61.031514519700011, -31.79017169499997 ], [ -61.025413343799983, -31.790003913099952 ], [ -61.021346696399974, -31.789964244600014 ], [ -61.019812924599933, -31.79040795169999 ], [ -61.013080155699924, -31.792625921900026 ], [ -61.010804040700009, -31.796830586199917 ], [ -61.00937044, -31.797580767599982 ], [ -61.004390381500002, -31.800186538599917 ], [ -61.004068331799999, -31.800640141200006 ], [ -61.001086454099948, -31.804839829299965 ], [ -60.998537273400018, -31.807724349299974 ], [ -60.999265812399983, -31.819979668399981 ], [ -60.998480717199925, -31.823869344899947 ], [ -60.998571389999938, -31.828268949900007 ], [ -61.000725953799929, -31.843182742699923 ], [ -61.001638384799946, -31.855955536199986 ], [ -61.002002159799929, -31.864589513199974 ], [ -61.002613145700025, -31.874456737800017 ], [ -60.999045160500032, -31.884871655999973 ], [ -61.000947872399991, -31.891496540199967 ], [ -61.004304813999966, -31.905530894899925 ], [ -61.004478796499939, -31.921543212100005 ], [ -61.003784913699917, -31.928651525100008 ], [ -61.0070477342, -31.941314615299973 ], [ -61.007423917100027, -31.942774347599993 ], [ -61.004081606199975, -31.959040636199973 ], [ -61.003925286399976, -31.966456830600009 ], [ -61.004197692300011, -31.970757930700017 ], [ -61.004461599299987, -31.974924368699931 ], [ -61.002443109699925, -31.981241249899995 ], [ -61.001688514699993, -31.983602540099923 ], [ -60.999943256099982, -31.990046137399986 ], [ -60.992297816699988, -31.993646090399977 ], [ -60.984838617299999, -31.992261343399946 ], [ -60.982929079799931, -31.992010092899989 ], [ -60.978584422599965, -31.995249740499958 ], [ -60.971613207100006, -32.002011047499934 ], [ -60.963131197199971, -32.005635221700004 ], [ -60.95243098309993, -32.007146171599913 ], [ -60.948886895699957, -32.009651299899929 ], [ -60.944528522499922, -32.010134476999951 ], [ -60.942067189, -32.01510991829997 ], [ -60.938402918499946, -32.018854933999933 ], [ -60.935779020200016, -32.020902240400005 ], [ -60.93194895269994, -32.021381091900025 ], [ -60.928653445699979, -32.022419226099998 ], [ -60.929751121199956, -32.026354360199946 ], [ -60.932526803199949, -32.035994748499945 ], [ -60.930032721399925, -32.050940763199947 ], [ -60.931763761900015, -32.060987898 ], [ -60.932141020299923, -32.06317722489996 ], [ -60.931234828999948, -32.071594409499937 ], [ -60.934959494700024, -32.075514335299999 ], [ -60.935073384399971, -32.076724559900015 ], [ -60.941759136099961, -32.076352642199993 ], [ -60.948041803799924, -32.073619117900023 ], [ -60.95331672089992, -32.071107804500002 ], [ -60.961106287300026, -32.067717492299948 ], [ -60.965311690699934, -32.065769922699985 ], [ -60.974125161699988, -32.065205924499992 ], [ -60.978997359, -32.064893873500012 ], [ -60.984421259999976, -32.064636923900025 ], [ -60.991460163, -32.066467793100003 ], [ -60.996837477999918, -32.067866156200012 ], [ -60.998368359199958, -32.07069914440001 ], [ -60.999265811600026, -32.07235984139993 ], [ -61.000566433900019, -32.074766465200014 ], [ -61.001650827899937, -32.076535823900031 ], [ -61.018808726399982, -32.076701036399982 ], [ -61.018734221699958, -32.078692174599951 ], [ -61.017701610599943, -32.080449343799955 ], [ -61.01732824919992, -32.082926353599987 ], [ -61.017410953400031, -32.085868908500004 ], [ -61.017176525399918, -32.087321072500004 ], [ -61.016793679499926, -32.088945048399978 ], [ -61.016363080699932, -32.090782682699967 ], [ -61.015839917199969, -32.092355257300028 ], [ -61.015549106199956, -32.094201635599973 ], [ -61.015117045499949, -32.095911310599945 ], [ -61.014810634599939, -32.097123748499996 ], [ -61.015187907299946, -32.097787574999984 ], [ -61.016056693899941, -32.099316198 ], [ -61.01602217089993, -32.100724098399951 ], [ -61.015284726499999, -32.102009669599965 ], [ -61.014318946099991, -32.102748903299982 ], [ -61.013595206599973, -32.103302859999985 ], [ -61.012047497600008, -32.103827100499984 ], [ -61.009850702999927, -32.104569776 ], [ -61.007206779, -32.105085889599934 ], [ -61.007059113600008, -32.105914318799933 ], [ -61.006887226699916, -32.106878616599943 ], [ -61.006709683699967, -32.107874625299985 ], [ -61.006991196099932, -32.108858071699956 ], [ -61.007929284699969, -32.112135061499998 ], [ -61.009574565299999, -32.118171241500022 ], [ -61.011151035099942, -32.123580392500003 ], [ -61.011723927699961, -32.127383933299939 ], [ -61.012723421199951, -32.128602283899966 ], [ -61.012963787800004, -32.1297621585 ], [ -61.013299269400022, -32.130502175199979 ], [ -61.013663512999983, -32.131305620700005 ], [ -61.013299983699994, -32.132728505499927 ], [ -61.010961556599966, -32.13390900029998 ], [ -61.008313993800016, -32.134575560899918 ], [ -61.005745781200005, -32.135564157700003 ], [ -61.004921350299924, -32.136474326199959 ], [ -61.006446141799927, -32.137172198499968 ], [ -61.009025761099963, -32.137216204900028 ], [ -61.012102880999919, -32.13696701729998 ], [ -61.014330988099971, -32.136786535999931 ], [ -61.015727286800029, -32.136877927800015 ], [ -61.017913342599968, -32.137020980099976 ], [ -61.022325342299951, -32.139016468199998 ], [ -61.029200836699999, -32.141747907000024 ], [ -61.034993167099913, -32.143780639799957 ], [ -61.038231656199912, -32.144794097399995 ], [ -61.042689162199963, -32.145506238399946 ], [ -61.046619068399991, -32.144751441499977 ], [ -61.055684510300011, -32.143267672200011 ], [ -61.057941443599987, -32.145254858499982 ], [ -61.061038850599914, -32.146726498499959 ], [ -61.064078766500018, -32.147449759699953 ], [ -61.066623518399979, -32.147636332700017 ], [ -61.070243883300009, -32.147813762499936 ], [ -61.076055362299996, -32.148039034899966 ], [ -61.077288102900013, -32.14808678549997 ], [ -61.079437840600008, -32.147943669799986 ], [ -61.081971332899968, -32.14757081559992 ], [ -61.086315677199991, -32.146553647799976 ], [ -61.091739503700012, -32.146257379799977 ], [ -61.098143699700017, -32.145362881700009 ], [ -61.11218085609994, -32.142501882099964 ], [ -61.125903863199937, -32.140217404800012 ], [ -61.12777219109995, -32.14602293050001 ], [ -61.129106857099998, -32.147208665800008 ], [ -61.131981058299971, -32.147338984099974 ], [ -61.134544552299985, -32.147056035699961 ], [ -61.135736988299982, -32.148105344199962 ], [ -61.136297613599936, -32.150420202000021 ], [ -61.136543794100021, -32.151397017399916 ], [ -61.137069070199971, -32.153481175099955 ], [ -61.140299166099965, -32.152724131399964 ], [ -61.142867969999941, -32.15285695139994 ], [ -61.144723433100012, -32.153126654699975 ], [ -61.148256577600023, -32.153640139499998 ], [ -61.149590036500001, -32.152744061799979 ], [ -61.150364292199924, -32.151125079599922 ], [ -61.151443434200019, -32.149451320600008 ], [ -61.151731348400006, -32.148044747399922 ], [ -61.153012743299939, -32.147877083899971 ], [ -61.156147108100015, -32.154088272100012 ], [ -61.158709384400026, -32.153700847399932 ], [ -61.164215205599987, -32.153694918600024 ], [ -61.165127210600019, -32.153693913399991 ], [ -61.16630582480002, -32.150251179299971 ], [ -61.169011539299959, -32.141958507600009 ], [ -61.171848563799983, -32.139764735500023 ], [ -61.173436032699954, -32.138445499899944 ], [ -61.17438702919992, -32.137874101900024 ], [ -61.175126079200027, -32.137430040299989 ], [ -61.176514799100005, -32.136117185199964 ], [ -61.178785674700009, -32.134993181699997 ], [ -61.180583299100022, -32.134103372899972 ], [ -61.182175984799983, -32.134400496599994 ], [ -61.183165708, -32.135327215100006 ], [ -61.184776982199992, -32.136205091799923 ], [ -61.185802912099973, -32.136529598600021 ], [ -61.186597915800007, -32.136781054799997 ], [ -61.188553779799975, -32.136999911699945 ], [ -61.194074560700017, -32.137720677199979 ], [ -61.208034547000011, -32.135092305799958 ], [ -61.217118766499993, -32.133497341 ], [ -61.221629159899919, -32.132621925000024 ], [ -61.224555034399941, -32.132073674999958 ], [ -61.228403637399992, -32.131984386300019 ], [ -61.231716305499958, -32.132940151599939 ], [ -61.233420820599974, -32.132455574099993 ], [ -61.234629515200027, -32.131455833799919 ], [ -61.235645775599949, -32.129781990599952 ], [ -61.236516970000025, -32.129149656899983 ], [ -61.237824249000028, -32.12820077549992 ], [ -61.239945770199995, -32.126932067699954 ], [ -61.240749593600015, -32.126288063799961 ], [ -61.242968154399989, -32.124510533700004 ], [ -61.243857401400021, -32.123161608999965 ], [ -61.245003714199981, -32.121422667399997 ], [ -61.245887604799975, -32.119022077599993 ], [ -61.246041546099946, -32.112364852099972 ], [ -61.24706817769993, -32.108959628499974 ], [ -61.247464627300019, -32.107644582799992 ], [ -61.247351798000011, -32.10538424869992 ], [ -61.246581377899986, -32.102635950299998 ], [ -61.247164974200018, -32.101219051399994 ], [ -61.248548205099951, -32.100658175999968 ], [ -61.24990677789998, -32.100107277899951 ], [ -61.2522781829, -32.099303884400001 ], [ -61.252827398599948, -32.098410955299983 ], [ -61.253533115100026, -32.097263554999984 ], [ -61.253773830999933, -32.096079443899953 ], [ -61.254096412899969, -32.094492578799986 ], [ -61.25485557090002, -32.09379125060002 ], [ -61.255023108399996, -32.092357973399999 ], [ -61.255177124499937, -32.091038197399939 ], [ -61.255281813500005, -32.090141090099962 ], [ -61.255976107099912, -32.088923819299964 ], [ -61.256676655999968, -32.087695545799988 ], [ -61.256381478799938, -32.086289014399938 ], [ -61.256195406099948, -32.085402345699947 ], [ -61.25591270169997, -32.084055174100001 ], [ -61.254461998299973, -32.082182004699973 ], [ -61.253731895399994, -32.081239248899976 ], [ -61.252632907699933, -32.080172779199927 ], [ -61.250837245599939, -32.078430173000015 ], [ -61.250410280399933, -32.077465371000017 ], [ -61.249854938499936, -32.076210445199933 ], [ -61.250901875799968, -32.073861951799984 ], [ -61.251682015899974, -32.072111858100016 ], [ -61.252395456299951, -32.070511331799992 ], [ -61.254504198, -32.067965019499923 ], [ -61.255286951299922, -32.066967675799958 ], [ -61.255887015899987, -32.065990436800007 ], [ -61.256293136999943, -32.064996762199996 ], [ -61.257206425999925, -32.062531895699919 ], [ -61.258246197400013, -32.06144952530002 ], [ -61.259236165900006, -32.060660871499977 ], [ -61.260130413499951, -32.059955619599918 ], [ -61.261110847899943, -32.059258669299936 ], [ -61.261750368199955, -32.058812494400001 ], [ -61.262518615399927, -32.058337549399937 ], [ -61.263926984399916, -32.05746221179993 ], [ -61.264899378099983, -32.056966888100021 ], [ -61.267495389700002, -32.05482422839998 ], [ -61.268549273500014, -32.052440277599999 ], [ -61.268740290399933, -32.05068806909992 ], [ -61.268645512099965, -32.049277775399958 ], [ -61.267028032799942, -32.048240044400018 ], [ -61.265654955800017, -32.04775884299994 ], [ -61.265081506599984, -32.047526273100004 ], [ -61.263777277799932, -32.047355920399923 ], [ -61.262846811399982, -32.046980240999972 ], [ -61.259946409599934, -32.046532322400026 ], [ -61.25704377720001, -32.045919341700028 ], [ -61.255351174300017, -32.045670141900018 ], [ -61.254079006600023, -32.045480947700014 ], [ -61.251739579999935, -32.045137148699951 ], [ -61.249869933899959, -32.044511300099998 ], [ -61.247389679999912, -32.042521692499975 ], [ -61.246635155599961, -32.040036367699997 ], [ -61.246306689499988, -32.038820723400022 ], [ -61.246078538300026, -32.037948760099937 ], [ -61.245989233300008, -32.036958368499938 ], [ -61.24583651949996, -32.035264713699974 ], [ -61.24580162929999, -32.034096981399955 ], [ -61.245860995399937, -32.032126164600015 ], [ -61.245911923400001, -32.02953227979998 ], [ -61.246115442499956, -32.028672154999981 ], [ -61.246359614399978, -32.02764020059999 ], [ -61.247770510699979, -32.024593341799971 ], [ -61.248172336399989, -32.021702818499989 ], [ -61.24813763949993, -32.016763773799994 ], [ -61.255086931799951, -32.01355714189998 ], [ -61.256089935200009, -32.013094273799936 ], [ -61.255359546600005, -32.000702728299927 ], [ -61.255068635499924, -31.9957660078 ], [ -61.254758013399965, -31.993487203799987 ], [ -61.254428776300017, -31.991419349799969 ], [ -61.255780490799964, -31.989610021799933 ], [ -61.257068897099998, -31.987892924099981 ], [ -61.259033170799967, -31.985280261599939 ], [ -61.260025704499924, -31.983950895099952 ], [ -61.260743461, -31.98297245029994 ], [ -61.263259131899986, -31.979813550499955 ], [ -61.264085018199921, -31.978100881200021 ], [ -61.264439516199957, -31.976512004099959 ], [ -61.264683775799995, -31.975499109999987 ], [ -61.265212599499989, -31.97330611529992 ], [ -61.26642154030003, -31.968180612499964 ], [ -61.263526758699982, -31.967961858999956 ], [ -61.261050932799947, -31.967720522399986 ], [ -61.255960291099939, -31.968870111400008 ], [ -61.253319068899998, -31.969115781000028 ], [ -61.250125468899967, -31.969852379099962 ], [ -61.246966862699992, -31.970148193999933 ], [ -61.245015605700019, -31.970020424799998 ], [ -61.243370446799986, -31.969912675399939 ], [ -61.244144254499929, -31.967997185199977 ], [ -61.244621401000018, -31.966486450999923 ], [ -61.244933581399948, -31.965656362799962 ], [ -61.245403663999923, -31.964406383999915 ], [ -61.246193668200021, -31.962901901300029 ], [ -61.247169980900026, -31.96203612629995 ], [ -61.249327498299976, -31.961334953199923 ], [ -61.251367072299956, -31.960343281900009 ], [ -61.25272094730002, -31.959261365799932 ], [ -61.254639882599974, -31.957785110399982 ], [ -61.256667416100015, -31.95591928259995 ], [ -61.25702241519997, -31.955062718399972 ], [ -61.259499302099925, -31.952706537299946 ], [ -61.261294449700017, -31.950551454199967 ], [ -61.263189142499982, -31.947326793199977 ], [ -61.264878151400012, -31.945755556700021 ], [ -61.26724999190003, -31.944080368299979 ], [ -61.269507504799947, -31.942406279400018 ], [ -61.270964447399933, -31.940545931999964 ], [ -61.271719760199971, -31.937429526099947 ], [ -61.272472349899942, -31.934118907699997 ], [ -61.27314538419995, -31.931643854400022 ], [ -61.274336428799984, -31.927065892599956 ], [ -61.275316980799914, -31.923753104199989 ], [ -61.275857323399919, -31.921610412300026 ], [ -61.278886540500025, -31.918082495699991 ], [ -61.281478798299986, -31.915919106999979 ], [ -61.281525718699925, -31.914235810200012 ], [ -61.281587803399987, -31.912008452899954 ], [ -61.282784739699991, -31.910560324100004 ], [ -61.2873138068, -31.905080271600013 ], [ -61.289987652299942, -31.901990492999914 ], [ -61.291453242700015, -31.895767506699997 ], [ -61.298059699499959, -31.89502734749999 ], [ -61.302037778099987, -31.895479244899946 ], [ -61.30358160640003, -31.895654584099987 ], [ -61.305429474099981, -31.895801375199994 ], [ -61.308032473199944, -31.896106128600024 ], [ -61.309833717499998, -31.896102658999951 ], [ -61.310804179699915, -31.896081813299929 ], [ -61.316749294299996, -31.895953949099976 ], [ -61.322698380799977, -31.895871448899982 ], [ -61.325032826600022, -31.896075048400007 ], [ -61.325941851199957, -31.896160677599994 ], [ -61.327805271099919, -31.896336188799978 ], [ -61.331574535699929, -31.896669706699925 ], [ -61.333671802799927, -31.896852777200024 ], [ -61.336048937300006, -31.897057860100006 ], [ -61.339575118099958, -31.897372975199971 ], [ -61.341427865299977, -31.897850706300005 ], [ -61.344693596799971, -31.898624262599981 ], [ -61.346692095499918, -31.899100373599936 ], [ -61.353346410399922, -31.900728697899979 ], [ -61.356442038599994, -31.901483040199992 ], [ -61.36038187989999, -31.901834596199933 ], [ -61.362010455799975, -31.901920748800023 ], [ -61.364560616400013, -31.901914108199946 ], [ -61.369651015899933, -31.90194920069996 ], [ -61.377681617500002, -31.901925225199989 ], [ -61.381941616699976, -31.901872744899947 ], [ -61.383215712700007, -31.901858881800024 ], [ -61.385445717799939, -31.901857234499971 ], [ -61.387956298500001, -31.901977044699947 ], [ -61.390237193100006, -31.902061544599917 ], [ -61.394012447499961, -31.902201315299919 ], [ -61.396716227599939, -31.902301347699961 ], [ -61.400175245799971, -31.902431821499988 ], [ -61.404558550899935, -31.902621242400016 ], [ -61.410532060700007, -31.902907480400017 ], [ -61.413009848599927, -31.903026127700002 ], [ -61.420275731800018, -31.904108464899934 ], [ -61.423082036199958, -31.904566894600009 ], [ -61.427923857599978, -31.906256151200012 ], [ -61.432066833699935, -31.907711059199983 ], [ -61.435031082299929, -31.909085868499972 ], [ -61.444283933099996, -31.913431576999983 ], [ -61.450416112799985, -31.913361713500024 ], [ -61.453574928100011, -31.913314286299965 ], [ -61.457214266899996, -31.913393736899934 ], [ -61.460007437199977, -31.913454644000012 ], [ -61.467236096699992, -31.913361065199922 ], [ -61.476041937199966, -31.912901985699989 ], [ -61.481709225799989, -31.913544111799922 ], [ -61.484307333999936, -31.913524714599987 ], [ -61.488039037899966, -31.913496761100021 ], [ -61.492632211199975, -31.913442876399927 ], [ -61.4985525843, -31.91334256289997 ], [ -61.503566376200013, -31.912671044299941 ], [ -61.505242526199936, -31.912486131099968 ], [ -61.510593587699987, -31.911955382399981 ], [ -61.513169134199984, -31.911699842799919 ], [ -61.515225455199925, -31.911119989999918 ], [ -61.518572681699993, -31.910176034599942 ], [ -61.521766811899965, -31.909866052200016 ], [ -61.524308002699968, -31.909609924499989 ], [ -61.526484777499945, -31.909390485100005 ], [ -61.532362227000021, -31.909195172199929 ], [ -61.537922055299987, -31.90906005 ], [ -61.539925740599983, -31.909013132099972 ], [ -61.541035606799994, -31.908956291300001 ], [ -61.54317035189996, -31.908743835099983 ], [ -61.552993169599915, -31.907744379400015 ], [ -61.561625894000031, -31.903751098800001 ], [ -61.562265577299968, -31.903072608699915 ], [ -61.56554034949994, -31.899598969199985 ], [ -61.567117062899968, -31.897561120700004 ], [ -61.568181792399912, -31.896166537499937 ], [ -61.571093096599952, -31.892529754699979 ], [ -61.573096340199925, -31.890138395099939 ], [ -61.574013661899926, -31.886445095799957 ], [ -61.574690298699977, -31.884552516499923 ], [ -61.575729001699926, -31.881647075599972 ], [ -61.580837804300018, -31.877167704800002 ], [ -61.585562207599935, -31.875636828699953 ], [ -61.589420716900008, -31.872372816700022 ], [ -61.591095071599966, -31.870970425400003 ], [ -61.59672234300001, -31.865533697299952 ], [ -61.604120872800024, -31.858507804699968 ], [ -61.612593814200011, -31.852729255300005 ], [ -61.618078958599995, -31.850229521799974 ], [ -61.628037200199969, -31.845935983699917 ], [ -61.632030438399966, -31.84171836219997 ], [ -61.638529677499946, -31.836346885800026 ], [ -61.640849516199921, -31.834429364399966 ], [ -61.646338015799984, -31.829772131899972 ], [ -61.646862889100021, -31.829326717799972 ], [ -61.649173749099987, -31.82750460029996 ], [ -61.653276635999987, -31.824573143299972 ], [ -61.655640294899968, -31.823036369100009 ], [ -61.656948792799938, -31.821680635599932 ], [ -61.666165479500023, -31.819988649499919 ], [ -61.674449692699966, -31.81872186429996 ], [ -61.675397644599968, -31.818576871299967 ], [ -61.686864420800021, -31.81785985869999 ], [ -61.697289425599934, -31.816765655200015 ], [ -61.705372806499952, -31.81591662430003 ], [ -61.711314289799986, -31.816374383600021 ], [ -61.718494674, -31.815792842799965 ], [ -61.724107989800018, -31.814344639400019 ], [ -61.729044243599958, -31.813226103500028 ], [ -61.737675326899932, -31.811700046300018 ], [ -61.740926540299938, -31.811125037500005 ], [ -61.752060696499996, -31.809517936499958 ], [ -61.762213054799986, -31.809864146099983 ], [ -61.76889096339994, -31.811965971799964 ], [ -61.773517719899928, -31.813421945900018 ], [ -61.789281453900003, -31.817026318200021 ], [ -61.792709840599969, -31.816765616999987 ], [ -61.804491100800021, -31.81586903409999 ], [ -61.818431858800011, -31.81343573909993 ], [ -61.821027948400001, -31.81298242219998 ], [ -61.831402011999955, -31.811771923100025 ], [ -61.844297876499979, -31.812357737199989 ], [ -61.856283367999936, -31.813630526400004 ], [ -61.860798197599991, -31.815746851699998 ], [ -61.86378001449998, -31.81714443369998 ], [ -61.865261974100008, -31.818448591899994 ], [ -61.869180291199996, -31.821896530799961 ], [ -61.874296124699924, -31.832778910699915 ], [ -61.873817505999966, -31.841516769999942 ], [ -61.873518145300011, -31.846981579700014 ], [ -61.878295363099937, -31.852863748599987 ], [ -61.885572498600027, -31.856539078599951 ], [ -61.892236184800026, -31.859903948599936 ], [ -61.900451515499981, -31.863706802000024 ], [ -61.903696881999963, -31.866677773399942 ], [ -61.90830586200002, -31.868397559599941 ], [ -61.915304735099937, -31.868993738699999 ], [ -61.928106657299963, -31.871956672400017 ], [ -61.933044255500022, -31.872232396399966 ], [ -61.934554912800024, -31.872380943699966 ], [ -61.939221789200019, -31.872839734199943 ], [ -61.942327528000021, -31.874028266199957 ], [ -61.946020170399947, -31.875441258500018 ], [ -61.951791433899928, -31.876737670199986 ], [ -61.955326642700015, -31.876450884699977 ], [ -61.959719937299951, -31.875845659299955 ], [ -61.962879039100017, -31.875644833099955 ], [ -61.967018922500017, -31.875381538199917 ], [ -61.97291269249996, -31.876607817799936 ], [ -61.978364437999915, -31.877462104099948 ], [ -61.981072482, -31.877886359800016 ], [ -61.983368385999938, -31.878020694200018 ], [ -61.988397431199985, -31.878314799099996 ], [ -61.992925872800015, -31.87857945549996 ], [ -61.997613788699994, -31.87893479669998 ], [ -62.00842628099997, -31.879753704099926 ], [ -62.019103005500028, -31.881678625 ], [ -62.033224079200011, -31.883966391599927 ], [ -62.046849876800025, -31.889143910600012 ], [ -62.048734629399974, -31.889859913300029 ], [ -62.054282027699969, -31.890671759599968 ], [ -62.063012741399973, -31.895089470599999 ], [ -62.068963095299978, -31.900474161999966 ], [ -62.07002704599995, -31.903336461999913 ], [ -62.071432103299969, -31.90270818060003 ], [ -62.074238885299962, -31.901042325599974 ], [ -62.077569990899917, -31.896854332099963 ], [ -62.079906153399918, -31.888933011099937 ], [ -62.08099356309998, -31.885245454699998 ], [ -62.081448388999945, -31.883825902500007 ], [ -62.082460527000023, -31.88066678079997 ], [ -62.082944525000016, -31.878852592199962 ], [ -62.084629940399964, -31.872534574200017 ], [ -62.090392874200006, -31.867679641099926 ], [ -62.094067432299937, -31.863045062899971 ], [ -62.099733450199949, -31.858377508600029 ], [ -62.103413839099971, -31.85403579049995 ], [ -62.111093046699921, -31.842756686399923 ], [ -62.120265762399981, -31.831388592700023 ], [ -62.127919601299993, -31.821900359899928 ], [ -62.137871601799986, -31.811247166399994 ], [ -62.144859192199931, -31.807021666100013 ], [ -62.151859550799941, -31.803587890799975 ], [ -62.158336743800021, -31.798361435099935 ], [ -62.164543698999978, -31.787209844899962 ], [ -62.168637911299925, -31.777935013099977 ], [ -62.168026675600004, -31.77021309700001 ], [ -62.165210173999981, -31.760319442699995 ], [ -62.154193224999972, -31.749828245099991 ], [ -62.138033471299991, -31.7486259012 ], [ -62.122543833899954, -31.749841134699977 ], [ -62.119361703700008, -31.740551355299999 ], [ -62.123165200500011, -31.734324002199969 ], [ -62.125318482899957, -31.730798096799958 ], [ -62.125881922199994, -31.729654979799989 ], [ -62.128612223, -31.724115282500009 ], [ -62.133834610400015, -31.719614271999944 ], [ -62.141742769799976, -31.712797280000018 ], [ -62.149879869699987, -31.712343689600004 ], [ -62.17155536109999, -31.699825305199965 ], [ -62.179179427199927, -31.690647796699977 ], [ -62.179932901399923, -31.689740680199918 ], [ -62.184387370099955, -31.679758865899998 ], [ -62.196778754499974, -31.664349990400012 ], [ -62.140069839600017, -31.618767695399981 ], [ -62.128099509100025, -31.620987545999924 ], [ -62.127062839299981, -31.617846827499989 ], [ -62.123312910899926, -31.606407564800008 ], [ -62.113109310899972, -31.575264957099932 ], [ -62.112087719200019, -31.572087293899983 ], [ -62.110661618700021, -31.567825452400029 ], [ -62.108822506499962, -31.562428794399978 ], [ -62.107592123100005, -31.558591667100018 ], [ -62.105809368899941, -31.553225846399982 ], [ -62.10496676409997, -31.551013840599921 ], [ -62.104503822900028, -31.549325721699972 ], [ -62.102856037399988, -31.544196366999984 ], [ -62.098500776399931, -31.531061336899938 ], [ -62.095387450499913, -31.521416369500002 ], [ -62.093177902499974, -31.515060925099988 ], [ -62.091396274899978, -31.50961780979992 ], [ -62.089919931499992, -31.505133951399955 ], [ -62.085811570500027, -31.492634345900001 ], [ -62.08062671459993, -31.47689098730001 ], [ -62.066169106099949, -31.432385434099956 ], [ -62.04668583299997, -31.433254044199998 ], [ -62.041344428599928, -31.43498371599992 ], [ -62.036162488699972, -31.43666148 ], [ -62.020380621099946, -31.438128250199952 ], [ -62.018601167999975, -31.438293508699985 ], [ -62.005577786499998, -31.439545983100004 ], [ -61.998956165899983, -31.441331141499973 ], [ -61.986376866299963, -31.444721347399991 ], [ -61.95886090700003, -31.445651144800024 ], [ -61.955923812799995, -31.445649410300007 ], [ -61.939900422699964, -31.448722424099969 ], [ -61.935123643999987, -31.448000905999947 ], [ -61.930187148799916, -31.44713143780001 ], [ -61.928096505999974, -31.446071422499983 ], [ -61.922860837199948, -31.445046077100017 ], [ -61.918111875699992, -31.444344126399926 ], [ -61.913984135100009, -31.440926612800013 ], [ -61.905978386399966, -31.43524720399995 ], [ -61.890177990499922, -31.43410096529999 ], [ -61.872791039599917, -31.432837334999988 ], [ -61.862378218800018, -31.430669607699997 ], [ -61.851816465599995, -31.432369102599978 ], [ -61.839146658699917, -31.430038782499992 ], [ -61.826871921099951, -31.424802091300023 ], [ -61.816289505199961, -31.413741248299971 ], [ -61.81397332329999, -31.411897928299936 ], [ -61.805074380899953, -31.404814660900001 ], [ -61.797810711699981, -31.389825002900011 ], [ -61.791444020799986, -31.378164744 ], [ -61.788058304, -31.361629977199982 ], [ -61.79177940400001, -31.348334853499978 ], [ -61.796399302399948, -31.342435017000014 ], [ -61.800138835600023, -31.334607360499945 ], [ -61.797972670699949, -31.329526219599927 ], [ -61.796027512500018, -31.324962958800029 ], [ -61.784002109499966, -31.311328978699919 ], [ -61.778610327899912, -31.304421874799971 ], [ -61.772062353699994, -31.299583992599992 ], [ -61.763818552299995, -31.293536951000021 ], [ -61.753909972599956, -31.287922800800004 ], [ -61.749030155699984, -31.282650178499978 ], [ -61.740732709499923, -31.273521997399996 ], [ -61.722379956899942, -31.263501647599981 ], [ -61.718653469800017, -31.255748055500021 ], [ -61.710229712799958, -31.252574751899942 ], [ -61.706726193799966, -31.251939499300022 ], [ -61.69967782279997, -31.250661181499936 ], [ -61.687953378999964, -31.249994280300029 ], [ -61.677177687299945, -31.248903212199934 ], [ -61.66087829060001, -31.250431458100024 ], [ -61.652422877700019, -31.251636408799925 ], [ -61.647891785699926, -31.252959216500017 ], [ -61.643437756000026, -31.254259337099995 ], [ -61.64311882599992, -31.254643005199966 ], [ -61.639152102200001, -31.25848312879998 ], [ -61.635722895599997, -31.261802549499976 ], [ -61.632623711, -31.267249227499974 ], [ -61.62810744939992, -31.269892620400014 ], [ -61.618296530299972, -31.27224770250001 ], [ -61.60544399600002, -31.275694721899981 ], [ -61.600212631499915, -31.277402876400004 ], [ -61.566816715699986, -31.281215382699997 ], [ -61.561583459199994, -31.283833770799959 ], [ -61.556279829499942, -31.291855272600003 ], [ -61.555171754699984, -31.295699534400001 ], [ -61.555068798899981, -31.298713312699988 ], [ -61.555398135100006, -31.300550291299999 ], [ -61.556611338099913, -31.303545580700018 ], [ -61.564296418000026, -31.308385262800016 ], [ -61.564833109499943, -31.309443337199923 ], [ -61.565385739299927, -31.31053280499998 ], [ -61.566255955699944, -31.311892208099948 ], [ -61.566874077299985, -31.313083429599942 ], [ -61.566601865, -31.31471364570001 ], [ -61.565953103799927, -31.316286166199973 ], [ -61.565008948299919, -31.317901237 ], [ -61.562883587100032, -31.319140095499961 ] ] ] ] } },
{ "type": "Feature", "properties": { "N_CCA": 13, "Area": 7719.133, "Perim": 444.1, "Cuenca": "13- Cañada Carrizales" }, "geometry": { "type": "MultiPolygon", "coordinates": [ [ [ [ -61.718494674, -31.815792842799965 ], [ -61.711314289799986, -31.816374383600021 ], [ -61.705372806499952, -31.81591662430003 ], [ -61.697289425599934, -31.816765655200015 ], [ -61.686864420800021, -31.81785985869999 ], [ -61.675397644599968, -31.818576871299967 ], [ -61.674449692699966, -31.81872186429996 ], [ -61.666165479500023, -31.819988649499919 ], [ -61.656948792799938, -31.821680635599932 ], [ -61.655640294899968, -31.823036369100009 ], [ -61.653276635999987, -31.824573143299972 ], [ -61.649173749099987, -31.82750460029996 ], [ -61.646862889100021, -31.829326717799972 ], [ -61.646338015799984, -31.829772131899972 ], [ -61.640849516199921, -31.834429364399966 ], [ -61.638529677499946, -31.836346885800026 ], [ -61.632030438399966, -31.84171836219997 ], [ -61.628037200199969, -31.845935983699917 ], [ -61.618078958599995, -31.850229521799974 ], [ -61.612593814200011, -31.852729255300005 ], [ -61.604120872800024, -31.858507804699968 ], [ -61.59672234300001, -31.865533697299952 ], [ -61.591095071599966, -31.870970425400003 ], [ -61.589420716900008, -31.872372816700022 ], [ -61.585562207599935, -31.875636828699953 ], [ -61.580837804300018, -31.877167704800002 ], [ -61.575729001699926, -31.881647075599972 ], [ -61.574690298699977, -31.884552516499923 ], [ -61.574013661899926, -31.886445095799957 ], [ -61.573096340199925, -31.890138395099939 ], [ -61.571093096599952, -31.892529754699979 ], [ -61.568181792399912, -31.896166537499937 ], [ -61.567117062899968, -31.897561120700004 ], [ -61.56554034949994, -31.899598969199985 ], [ -61.562265577299968, -31.903072608699915 ], [ -61.561625894000031, -31.903751098800001 ], [ -61.552993169599915, -31.907744379400015 ], [ -61.54317035189996, -31.908743835099983 ], [ -61.541035606799994, -31.908956291300001 ], [ -61.539925740599983, -31.909013132099972 ], [ -61.537922055299987, -31.90906005 ], [ -61.532362227000021, -31.909195172199929 ], [ -61.526484777499945, -31.909390485100005 ], [ -61.524308002699968, -31.909609924499989 ], [ -61.521766811899965, -31.909866052200016 ], [ -61.518572681699993, -31.910176034599942 ], [ -61.515225455199925, -31.911119989999918 ], [ -61.513169134199984, -31.911699842799919 ], [ -61.510593587699987, -31.911955382399981 ], [ -61.505242526199936, -31.912486131099968 ], [ -61.503566376200013, -31.912671044299941 ], [ -61.4985525843, -31.91334256289997 ], [ -61.492632211199975, -31.913442876399927 ], [ -61.488039037899966, -31.913496761100021 ], [ -61.484307333999936, -31.913524714599987 ], [ -61.481709225799989, -31.913544111799922 ], [ -61.476041937199966, -31.912901985699989 ], [ -61.467236096699992, -31.913361065199922 ], [ -61.460007437199977, -31.913454644000012 ], [ -61.457214266899996, -31.913393736899934 ], [ -61.453574928100011, -31.913314286299965 ], [ -61.450416112799985, -31.913361713500024 ], [ -61.444283933099996, -31.913431576999983 ], [ -61.435031082299929, -31.909085868499972 ], [ -61.432066833699935, -31.907711059199983 ], [ -61.427923857599978, -31.906256151200012 ], [ -61.423082036199958, -31.904566894600009 ], [ -61.420275731800018, -31.904108464899934 ], [ -61.413009848599927, -31.903026127700002 ], [ -61.410532060700007, -31.902907480400017 ], [ -61.404558550899935, -31.902621242400016 ], [ -61.400175245799971, -31.902431821499988 ], [ -61.396716227599939, -31.902301347699961 ], [ -61.394012447499961, -31.902201315299919 ], [ -61.390237193100006, -31.902061544599917 ], [ -61.387956298500001, -31.901977044699947 ], [ -61.385445717799939, -31.901857234499971 ], [ -61.383215712700007, -31.901858881800024 ], [ -61.381941616699976, -31.901872744899947 ], [ -61.377681617500002, -31.901925225199989 ], [ -61.369651015899933, -31.90194920069996 ], [ -61.364560616400013, -31.901914108199946 ], [ -61.362010455799975, -31.901920748800023 ], [ -61.36038187989999, -31.901834596199933 ], [ -61.356442038599994, -31.901483040199992 ], [ -61.353346410399922, -31.900728697899979 ], [ -61.346692095499918, -31.899100373599936 ], [ -61.344693596799971, -31.898624262599981 ], [ -61.341427865299977, -31.897850706300005 ], [ -61.339575118099958, -31.897372975199971 ], [ -61.336048937300006, -31.897057860100006 ], [ -61.333671802799927, -31.896852777200024 ], [ -61.331574535699929, -31.896669706699925 ], [ -61.327805271099919, -31.896336188799978 ], [ -61.325941851199957, -31.896160677599994 ], [ -61.325032826600022, -31.896075048400007 ], [ -61.322698380799977, -31.895871448899982 ], [ -61.316749294299996, -31.895953949099976 ], [ -61.310804179699915, -31.896081813299929 ], [ -61.309833717499998, -31.896102658999951 ], [ -61.308032473199944, -31.896106128600024 ], [ -61.305429474099981, -31.895801375199994 ], [ -61.30358160640003, -31.895654584099987 ], [ -61.302037778099987, -31.895479244899946 ], [ -61.298059699499959, -31.89502734749999 ], [ -61.291453242700015, -31.895767506699997 ], [ -61.289987652299942, -31.901990492999914 ], [ -61.2873138068, -31.905080271600013 ], [ -61.282784739699991, -31.910560324100004 ], [ -61.281587803399987, -31.912008452899954 ], [ -61.281525718699925, -31.914235810200012 ], [ -61.281478798299986, -31.915919106999979 ], [ -61.278886540500025, -31.918082495699991 ], [ -61.275857323399919, -31.921610412300026 ], [ -61.275316980799914, -31.923753104199989 ], [ -61.274336428799984, -31.927065892599956 ], [ -61.27314538419995, -31.931643854400022 ], [ -61.272472349899942, -31.934118907699997 ], [ -61.271719760199971, -31.937429526099947 ], [ -61.270964447399933, -31.940545931999964 ], [ -61.269507504799947, -31.942406279400018 ], [ -61.26724999190003, -31.944080368299979 ], [ -61.264878151400012, -31.945755556700021 ], [ -61.263189142499982, -31.947326793199977 ], [ -61.261294449700017, -31.950551454199967 ], [ -61.259499302099925, -31.952706537299946 ], [ -61.25702241519997, -31.955062718399972 ], [ -61.256667416100015, -31.95591928259995 ], [ -61.254639882599974, -31.957785110399982 ], [ -61.25272094730002, -31.959261365799932 ], [ -61.251367072299956, -31.960343281900009 ], [ -61.249327498299976, -31.961334953199923 ], [ -61.247169980900026, -31.96203612629995 ], [ -61.246193668200021, -31.962901901300029 ], [ -61.245403663999923, -31.964406383999915 ], [ -61.244933581399948, -31.965656362799962 ], [ -61.244621401000018, -31.966486450999923 ], [ -61.244144254499929, -31.967997185199977 ], [ -61.243370446799986, -31.969912675399939 ], [ -61.245015605700019, -31.970020424799998 ], [ -61.246966862699992, -31.970148193999933 ], [ -61.250125468899967, -31.969852379099962 ], [ -61.253319068899998, -31.969115781000028 ], [ -61.255960291099939, -31.968870111400008 ], [ -61.261050932799947, -31.967720522399986 ], [ -61.263526758699982, -31.967961858999956 ], [ -61.26642154030003, -31.968180612499964 ], [ -61.265212599499989, -31.97330611529992 ], [ -61.264683775799995, -31.975499109999987 ], [ -61.264439516199957, -31.976512004099959 ], [ -61.264085018199921, -31.978100881200021 ], [ -61.263259131899986, -31.979813550499955 ], [ -61.260743461, -31.98297245029994 ], [ -61.260025704499924, -31.983950895099952 ], [ -61.259033170799967, -31.985280261599939 ], [ -61.257068897099998, -31.987892924099981 ], [ -61.255780490799964, -31.989610021799933 ], [ -61.254428776300017, -31.991419349799969 ], [ -61.254758013399965, -31.993487203799987 ], [ -61.255068635499924, -31.9957660078 ], [ -61.255359546600005, -32.000702728299927 ], [ -61.256089935200009, -32.013094273799936 ], [ -61.255086931799951, -32.01355714189998 ], [ -61.24813763949993, -32.016763773799994 ], [ -61.248172336399989, -32.021702818499989 ], [ -61.247770510699979, -32.024593341799971 ], [ -61.246359614399978, -32.02764020059999 ], [ -61.246115442499956, -32.028672154999981 ], [ -61.245911923400001, -32.02953227979998 ], [ -61.245860995399937, -32.032126164600015 ], [ -61.24580162929999, -32.034096981399955 ], [ -61.24583651949996, -32.035264713699974 ], [ -61.245989233300008, -32.036958368499938 ], [ -61.246078538300026, -32.037948760099937 ], [ -61.246306689499988, -32.038820723400022 ], [ -61.246635155599961, -32.040036367699997 ], [ -61.247389679999912, -32.042521692499975 ], [ -61.249869933899959, -32.044511300099998 ], [ -61.251739579999935, -32.045137148699951 ], [ -61.254079006600023, -32.045480947700014 ], [ -61.255351174300017, -32.045670141900018 ], [ -61.25704377720001, -32.045919341700028 ], [ -61.259946409599934, -32.046532322400026 ], [ -61.262846811399982, -32.046980240999972 ], [ -61.263777277799932, -32.047355920399923 ], [ -61.265081506599984, -32.047526273100004 ], [ -61.265654955800017, -32.04775884299994 ], [ -61.267028032799942, -32.048240044400018 ], [ -61.268645512099965, -32.049277775399958 ], [ -61.268740290399933, -32.05068806909992 ], [ -61.268549273500014, -32.052440277599999 ], [ -61.267495389700002, -32.05482422839998 ], [ -61.264899378099983, -32.056966888100021 ], [ -61.263926984399916, -32.05746221179993 ], [ -61.262518615399927, -32.058337549399937 ], [ -61.261750368199955, -32.058812494400001 ], [ -61.261110847899943, -32.059258669299936 ], [ -61.260130413499951, -32.059955619599918 ], [ -61.259236165900006, -32.060660871499977 ], [ -61.258246197400013, -32.06144952530002 ], [ -61.257206425999925, -32.062531895699919 ], [ -61.256293136999943, -32.064996762199996 ], [ -61.255887015899987, -32.065990436800007 ], [ -61.255286951299922, -32.066967675799958 ], [ -61.254504198, -32.067965019499923 ], [ -61.252395456299951, -32.070511331799992 ], [ -61.251682015899974, -32.072111858100016 ], [ -61.250901875799968, -32.073861951799984 ], [ -61.249854938499936, -32.076210445199933 ], [ -61.250410280399933, -32.077465371000017 ], [ -61.250837245599939, -32.078430173000015 ], [ -61.252632907699933, -32.080172779199927 ], [ -61.253731895399994, -32.081239248899976 ], [ -61.254461998299973, -32.082182004699973 ], [ -61.25591270169997, -32.084055174100001 ], [ -61.256195406099948, -32.085402345699947 ], [ -61.256381478799938, -32.086289014399938 ], [ -61.256676655999968, -32.087695545799988 ], [ -61.255976107099912, -32.088923819299964 ], [ -61.255281813500005, -32.090141090099962 ], [ -61.255177124499937, -32.091038197399939 ], [ -61.255023108399996, -32.092357973399999 ], [ -61.25485557090002, -32.09379125060002 ], [ -61.254096412899969, -32.094492578799986 ], [ -61.253773830999933, -32.096079443899953 ], [ -61.253533115100026, -32.097263554999984 ], [ -61.252827398599948, -32.098410955299983 ], [ -61.2522781829, -32.099303884400001 ], [ -61.24990677789998, -32.100107277899951 ], [ -61.248548205099951, -32.100658175999911 ], [ -61.247164974200018, -32.101219051399994 ], [ -61.246581377899986, -32.102635950299998 ], [ -61.247351798000011, -32.10538424869992 ], [ -61.247464627300019, -32.107644582799992 ], [ -61.24706817769993, -32.108959628499974 ], [ -61.246041546099946, -32.112364852099972 ], [ -61.245887604799975, -32.119022077599993 ], [ -61.245003714199981, -32.121422667399997 ], [ -61.243857401400021, -32.123161608999965 ], [ -61.242968154399989, -32.124510533700004 ], [ -61.240749593600015, -32.126288063799905 ], [ -61.239945770199995, -32.126932067699954 ], [ -61.237824249000028, -32.128200775499863 ], [ -61.236516970000025, -32.129149656899983 ], [ -61.235645775599949, -32.129781990599952 ], [ -61.234629515200027, -32.131455833799919 ], [ -61.233420820599974, -32.132455574099993 ], [ -61.231716305499958, -32.132940151599939 ], [ -61.228403637399992, -32.131984386300019 ], [ -61.224555034399941, -32.132073674999958 ], [ -61.221629159899919, -32.132621925000024 ], [ -61.217118766499993, -32.133497341 ], [ -61.208034547000011, -32.135092305799958 ], [ -61.194074560700017, -32.137720677199979 ], [ -61.188553779799918, -32.136999911699945 ], [ -61.186597915800007, -32.136781054799997 ], [ -61.185802912099973, -32.136529598600021 ], [ -61.184776982199992, -32.136205091799923 ], [ -61.183165708, -32.135327215100006 ], [ -61.182175984799983, -32.134400496599994 ], [ -61.180583299100022, -32.134103372899972 ], [ -61.178785674700009, -32.134993181699997 ], [ -61.176514799100005, -32.136117185199964 ], [ -61.175126079200027, -32.137430040299989 ], [ -61.17438702919992, -32.137874101900024 ], [ -61.173436032699954, -32.138445499899944 ], [ -61.171848563799983, -32.139764735500023 ], [ -61.169011539299959, -32.141958507600009 ], [ -61.16630582480002, -32.150251179299971 ], [ -61.165127210600019, -32.153693913399991 ], [ -61.164215205599987, -32.153694918600024 ], [ -61.158709384400026, -32.153700847399932 ], [ -61.156147108100015, -32.154088272100012 ], [ -61.153012743299939, -32.147877083899971 ], [ -61.151731348400006, -32.148044747399865 ], [ -61.151443434200019, -32.149451320600008 ], [ -61.150364292199924, -32.151125079599922 ], [ -61.149590036500001, -32.152744061799979 ], [ -61.148256577600023, -32.153640139499998 ], [ -61.144723433100012, -32.153126654699975 ], [ -61.142867969999941, -32.15285695139994 ], [ -61.140299166099965, -32.152724131399964 ], [ -61.137069070199971, -32.153481175099955 ], [ -61.136543794100021, -32.151397017399916 ], [ -61.136297613599936, -32.150420202000021 ], [ -61.135736988299982, -32.148105344199962 ], [ -61.134544552299985, -32.147056035699961 ], [ -61.131981058299971, -32.147338984099974 ], [ -61.129106857099998, -32.147208665800008 ], [ -61.127772191099893, -32.14602293050001 ], [ -61.125903863199937, -32.140217404800012 ], [ -61.11218085609994, -32.142501882099964 ], [ -61.098143699700017, -32.145362881700009 ], [ -61.091739503700012, -32.146257379799977 ], [ -61.086315677199991, -32.146553647799976 ], [ -61.081971332899968, -32.14757081559992 ], [ -61.079437840600008, -32.147943669799986 ], [ -61.077288102900013, -32.14808678549997 ], [ -61.076055362299996, -32.148039034899966 ], [ -61.070243883300009, -32.147813762499936 ], [ -61.066623518399979, -32.147636332700017 ], [ -61.064078766500018, -32.147449759699953 ], [ -61.061038850599914, -32.146726498499959 ], [ -61.057941443599987, -32.145254858499982 ], [ -61.055684510300011, -32.143267672200011 ], [ -61.046619068399991, -32.144751441499977 ], [ -61.042689162199963, -32.145506238399946 ], [ -61.038231656199912, -32.144794097399995 ], [ -61.034993167099913, -32.143780639799957 ], [ -61.029200836699999, -32.141747907000024 ], [ -61.022325342299951, -32.139016468199998 ], [ -61.017913342599968, -32.137020980099976 ], [ -61.015727286800029, -32.136877927800015 ], [ -61.014330988099971, -32.136786535999931 ], [ -61.015164682199952, -32.138327974800006 ], [ -61.017695935599988, -32.142882366499862 ], [ -61.019211042799895, -32.147914597899955 ], [ -61.019141195299994, -32.152055505399971 ], [ -61.019093854799962, -32.15486204550001 ], [ -61.020802059900006, -32.159727369599977 ], [ -61.023602962499979, -32.166568499099924 ], [ -61.024761711, -32.171382008799924 ], [ -61.025848228200005, -32.175894964299971 ], [ -61.027005368699974, -32.180392879199985 ], [ -61.028799465099951, -32.187365750199945 ], [ -61.030047497, -32.194467362099999 ], [ -61.030292535399951, -32.198930917899929 ], [ -61.027639717400007, -32.20540285239997 ], [ -61.025423276799984, -32.208461897900008 ], [ -61.023149320199991, -32.211600075700005 ], [ -61.019918015299993, -32.214039208399925 ], [ -61.017385038200018, -32.215951064899969 ], [ -61.012230184099906, -32.218695085799993 ], [ -61.008087275700007, -32.222381674000019 ], [ -61.008145832599951, -32.227686322400018 ], [ -61.008442342900025, -32.233189281099953 ], [ -61.009486867600003, -32.242389855800013 ], [ -61.012037837399987, -32.249175992900007 ], [ -61.011431991699908, -32.257561766599963 ], [ -61.012066856700017, -32.261955713500015 ], [ -61.013557857299986, -32.266128841199929 ], [ -61.014695077900001, -32.269311500400022 ], [ -61.016200898599948, -32.27481719619999 ], [ -61.015144479699927, -32.277177322499995 ], [ -61.012777662799976, -32.28246452190001 ], [ -61.009765123699992, -32.287535057800028 ], [ -61.007915030699962, -32.290648720899981 ], [ -61.006349214499892, -32.293856649099951 ], [ -61.004181067599916, -32.298298192199923 ], [ -61.006949473500015, -32.305983530300011 ], [ -61.006929992700009, -32.312637011999982 ], [ -61.006920534099947, -32.315868818900015 ], [ -61.005545540699927, -32.318730686700007 ], [ -61.003758020000021, -32.322450891199935 ], [ -60.998656265999955, -32.327921505400013 ], [ -60.991047507600001, -32.330784152700005 ], [ -60.988240084899928, -32.33329368319994 ], [ -60.985116531900019, -32.336085566099996 ], [ -60.982245697099927, -32.339108226599933 ], [ -60.979501406999873, -32.341997403999926 ], [ -60.977189200700025, -32.345087554499969 ], [ -60.971489671500024, -32.352703634199997 ], [ -60.969568940700015, -32.355631425799913 ], [ -60.967589545199985, -32.358648416599976 ], [ -60.964008520999982, -32.364106028399931 ], [ -60.958708827800024, -32.368923488799965 ], [ -60.953612843799931, -32.368457456700014 ], [ -60.947856207200005, -32.367930753199914 ], [ -60.942804017000014, -32.368847492299949 ], [ -60.938931787300021, -32.369549974099982 ], [ -60.934918473499977, -32.369648233000021 ], [ -60.924924668699987, -32.369892358000016 ], [ -60.916247633099999, -32.368968855299954 ], [ -60.914304082900003, -32.368761917299992 ], [ -60.912341925299984, -32.368670874600014 ], [ -60.906140216200015, -32.36838291739997 ], [ -60.902917547199934, -32.366610422 ], [ -60.90032434029996, -32.365184024499968 ], [ -60.898274101100014, -32.363183811199917 ], [ -60.895422731599979, -32.360401809199971 ], [ -60.892988204499943, -32.357341287499992 ], [ -60.889880641699904, -32.353434294400017 ], [ -60.886148918499941, -32.348428423799987 ], [ -60.884230088899926, -32.345854171099916 ], [ -60.882716375699999, -32.343085914100016 ], [ -60.881285511200019, -32.340468992599995 ], [ -60.879778571700001, -32.33771275069995 ], [ -60.878909346299906, -32.336122822099981 ], [ -60.877936396699909, -32.334565333899945 ], [ -60.876310015, -32.331961698499981 ], [ -60.873296405899964, -32.331761351699924 ], [ -60.871459088, -32.331639169799985 ], [ -60.871300833500015, -32.334886877799988 ], [ -60.871057994999944, -32.338026867200028 ], [ -60.870881861800001, -32.340304217300002 ], [ -60.87064317979997, -32.343390147899981 ], [ -60.869311968599959, -32.347168641700023 ], [ -60.868404287399983, -32.349744810099992 ], [ -60.868674548099932, -32.353967235000027 ], [ -60.868983713899979, -32.358796921100009 ], [ -60.871556947499982, -32.364835030399945 ], [ -60.872154883900009, -32.369950617299992 ], [ -60.874038286999962, -32.375522738299992 ], [ -60.875320098399925, -32.380734954299953 ], [ -60.87594278009999, -32.383266725300018 ], [ -60.877382632499973, -32.385511079799926 ], [ -60.878915541099957, -32.387900340800002 ], [ -60.881190339499994, -32.389856567499919 ], [ -60.884821242499868, -32.392978719999917 ], [ -60.88846040439995, -32.396094856499872 ], [ -60.893014735799966, -32.39999417529998 ], [ -60.898480089100019, -32.404672818800009 ], [ -60.899618130799922, -32.408698405899997 ], [ -60.903588023800012, -32.412832195400028 ], [ -60.907017170799975, -32.416402501499988 ], [ -60.90757701550001, -32.41806422439987 ], [ -60.907826395899974, -32.418804410500002 ], [ -60.908523715899946, -32.42087405640001 ], [ -60.909176280700024, -32.422810775799974 ], [ -60.910881225200001, -32.423604911999973 ], [ -60.915275749700015, -32.425651639600005 ], [ -60.918545507999966, -32.427174351500014 ], [ -60.921586640899875, -32.429017636500021 ], [ -60.926516241699971, -32.432005235600002 ], [ -60.928882608899926, -32.433439238699975 ], [ -60.931620853100014, -32.435097939699972 ], [ -60.937439091700014, -32.438621952699975 ], [ -60.942029028599961, -32.441401614099959 ], [ -60.948968240999989, -32.445179290499937 ], [ -60.953919231699956, -32.447874155399973 ], [ -60.958717343199964, -32.453657920599994 ], [ -60.962298487499936, -32.457974107099915 ], [ -60.964264132300002, -32.460342983699945 ], [ -60.965703684, -32.463021710799921 ], [ -60.968436845299948, -32.468107097299992 ], [ -60.970100155400019, -32.471201573299993 ], [ -60.972704670899986, -32.473656684099979 ], [ -60.974744065300001, -32.475578957799996 ], [ -60.977243140200017, -32.477238389599961 ], [ -60.984363135099954, -32.481965581200029 ], [ -60.992507412899954, -32.488248748599972 ], [ -60.995800211100004, -32.490788679599973 ], [ -60.998445497600017, -32.493885165799952 ], [ -61.004391935300021, -32.500844870199955 ], [ -61.007030563599983, -32.506176754000023 ], [ -61.009396250799966, -32.510956501599992 ], [ -61.009851901800005, -32.5142447769 ], [ -61.010161062, -32.516393912900014 ], [ -61.011282360499933, -32.524558140499948 ], [ -61.011505985699898, -32.527280751299884 ], [ -61.011729626600015, -32.530003360399917 ], [ -61.01356503189993, -32.532930940899973 ], [ -61.021337751200008, -32.537158705299987 ], [ -61.021856494000019, -32.537440829999923 ], [ -61.028742870600013, -32.540484059999926 ], [ -61.050635579699986, -32.551745463799989 ], [ -61.062449905899996, -32.559819304600012 ], [ -61.071790775899956, -32.565515673099924 ], [ -61.084676251999952, -32.573434259099997 ], [ -61.089148955599967, -32.581132755099986 ], [ -61.091661166899939, -32.585857651599952 ], [ -61.096296123999934, -32.58895051519994 ], [ -61.102105420800001, -32.593247823699926 ], [ -61.106725709800003, -32.596204820699995 ], [ -61.114703415499946, -32.602812540300022 ], [ -61.120637194300002, -32.61059942869997 ], [ -61.1269513588, -32.62128607569997 ], [ -61.130154909499993, -32.630258377099949 ], [ -61.135182023699997, -32.640524204500025 ], [ -61.139406182599998, -32.648615849499947 ], [ -61.149257377200001, -32.666818377299933 ], [ -61.154843555400021, -32.673735526699943 ], [ -61.157685662, -32.680968181200001 ], [ -61.16326962949995, -32.687594648599998 ], [ -61.171966025099948, -32.695643645199993 ], [ -61.180973410999968, -32.701075826600004 ], [ -61.186204979400031, -32.706833404899896 ], [ -61.192171050199931, -32.716068008600018 ], [ -61.200154419799901, -32.721798900099941 ], [ -61.218542348299991, -32.734106447999977 ], [ -61.22752029109995, -32.736922354799958 ], [ -61.239909006599987, -32.737671398799876 ], [ -61.245736620999935, -32.737424269199892 ], [ -61.246027855099953, -32.737411911799995 ], [ -61.248494581099976, -32.736733943199965 ], [ -61.250617226299994, -32.736962512599973 ], [ -61.253628438499959, -32.737286700099958 ], [ -61.256579471699979, -32.738602611499971 ], [ -61.264474231899953, -32.742122467699971 ], [ -61.267969586599975, -32.74480514179993 ], [ -61.273967106699956, -32.747361635199923 ], [ -61.279447811799969, -32.747104464699987 ], [ -61.282206089, -32.747930609999912 ], [ -61.286273026699973, -32.749148578500012 ], [ -61.292980796, -32.751294193799993 ], [ -61.304128399399985, -32.757529272099987 ], [ -61.304855736200011, -32.75792734060002 ], [ -61.31779792789996, -32.764916457000027 ], [ -61.320305602899964, -32.767278617399938 ], [ -61.323354567000024, -32.770357934699859 ], [ -61.333470388099897, -32.784947688499983 ], [ -61.334245953099924, -32.785454637800001 ], [ -61.339983049299917, -32.789204364700026 ], [ -61.34291435699987, -32.7911642949 ], [ -61.343543017699972, -32.791295116000015 ], [ -61.346501542099929, -32.79325459170002 ], [ -61.347420075599871, -32.79380184799993 ], [ -61.35051538629989, -32.79564591329995 ], [ -61.366609808799922, -32.802819747099932 ], [ -61.376235024200014, -32.801327309099918 ], [ -61.386777235699981, -32.799505123199992 ], [ -61.388055036900028, -32.797971302199983 ], [ -61.392213669299963, -32.792270009999925 ], [ -61.393505085999948, -32.790156651500013 ], [ -61.395163497699912, -32.787442557100007 ], [ -61.396907621499963, -32.78458799349994 ], [ -61.403875154899993, -32.782878803199992 ], [ -61.40942657529996, -32.782245036299969 ], [ -61.417566451099958, -32.78131530419995 ], [ -61.422640823499989, -32.781101923700021 ], [ -61.424121070799856, -32.781029067299983 ], [ -61.42484280369996, -32.780993537900031 ], [ -61.431363561199987, -32.778943800100024 ], [ -61.432418824600006, -32.778729417199941 ], [ -61.437589132699998, -32.777726502199926 ], [ -61.438099400999931, -32.777326912600017 ], [ -61.442432050999969, -32.776845712500005 ], [ -61.445232938, -32.776365122299921 ], [ -61.449960472999976, -32.776128958799973 ], [ -61.451730474199906, -32.775972436400025 ], [ -61.459167382600015, -32.775196941799948 ], [ -61.461671350900019, -32.775167746699992 ], [ -61.462451559700014, -32.775233217800007 ], [ -61.464003263099983, -32.775345028099991 ], [ -61.47096876159992, -32.775943069300013 ], [ -61.473255466500007, -32.776139313800002 ], [ -61.475988514799951, -32.776745579900023 ], [ -61.477564626499884, -32.777095174099998 ], [ -61.479803256900027, -32.777445666999938 ], [ -61.482823214199925, -32.777918420600031 ], [ -61.487069094800006, -32.778582951699946 ], [ -61.488110669700006, -32.778755610100006 ], [ -61.488988443700009, -32.778989444700017 ], [ -61.492089348699949, -32.779971595899951 ], [ -61.493220953200023, -32.780329984800005 ], [ -61.494462353099891, -32.780484730199987 ], [ -61.504116253199925, -32.786686392600018 ], [ -61.505259913700002, -32.788024330100029 ], [ -61.507523155599927, -32.790671881499918 ], [ -61.509406850999937, -32.791978539899958 ], [ -61.51110986430001, -32.793159806399956 ], [ -61.521645585699957, -32.80046649259998 ], [ -61.531795859800013, -32.810269554199976 ], [ -61.535360548699998, -32.816366164999977 ], [ -61.535908072599909, -32.816723295600013 ], [ -61.542480224099904, -32.821009658899925 ], [ -61.550195308699983, -32.825524370299945 ], [ -61.557427073499923, -32.829682620599954 ], [ -61.560057951699946, -32.830363174199931 ], [ -61.562487667299933, -32.830924272400011 ], [ -61.571647521599971, -32.82958986609998 ], [ -61.575012790799917, -32.82892155939993 ], [ -61.577929396099933, -32.828419196299933 ], [ -61.578610577, -32.828294919499967 ], [ -61.582878651799888, -32.827853889899927 ], [ -61.585313520999932, -32.827621258199997 ], [ -61.587214067199966, -32.827702851500021 ], [ -61.588538005599958, -32.828586640000026 ], [ -61.589423463599871, -32.829446103899954 ], [ -61.59014153009997, -32.82995396369995 ], [ -61.59255825829996, -32.831522464499926 ], [ -61.594349544499948, -32.832784634899951 ], [ -61.595767855299869, -32.83325054659997 ], [ -61.596998512799928, -32.83349510390002 ], [ -61.597702669400007, -32.833641973699912 ], [ -61.598369486699937, -32.833752241599996 ], [ -61.599074065100012, -32.833878655299998 ], [ -61.599678210100024, -32.833478199699982 ], [ -61.601378688000011, -32.83207491069993 ], [ -61.603373721999958, -32.830930132499986 ], [ -61.60758421700001, -32.828316343299946 ], [ -61.60796827159993, -32.827508612399924 ], [ -61.608746648500016, -32.825871509500018 ], [ -61.609991621199981, -32.82268011550002 ], [ -61.612201985699869, -32.820783432300004 ], [ -61.614713330299878, -32.818717921899974 ], [ -61.618109849999939, -32.817586775999985 ], [ -61.624384231299985, -32.813100741899973 ], [ -61.637003236699968, -32.80687263530001 ], [ -61.639434675199936, -32.80545850819999 ], [ -61.642314782299934, -32.803783317699981 ], [ -61.648623122899949, -32.796553669200023 ], [ -61.649805969199974, -32.789316196400023 ], [ -61.650132301600024, -32.787411902899976 ], [ -61.651499978300023, -32.777718150099929 ], [ -61.652472756699979, -32.765827606500011 ], [ -61.651914983499978, -32.759943019499985 ], [ -61.647374170599903, -32.75582374859988 ], [ -61.64633706310002, -32.754882841199958 ], [ -61.645693288699988, -32.754094396299934 ], [ -61.645117319400015, -32.753388978699945 ], [ -61.644936047800002, -32.75268108649999 ], [ -61.644089776300007, -32.749376105299973 ], [ -61.645118092799919, -32.746946792000017 ], [ -61.64651687029999, -32.745217213499984 ], [ -61.650072034299967, -32.744063198599974 ], [ -61.656729570700008, -32.743069426600016 ], [ -61.657724541999926, -32.742954656700022 ], [ -61.660273665100021, -32.742572474100029 ], [ -61.663478563500007, -32.742290770499949 ], [ -61.674381966, -32.743411729699915 ], [ -61.678081929600012, -32.743791893299999 ], [ -61.684670415299991, -32.746982532799962 ], [ -61.686114175199975, -32.747711223199985 ], [ -61.687928860900001, -32.747585308199973 ], [ -61.689224836099925, -32.746055092300026 ], [ -61.68930784219998, -32.744670424699962 ], [ -61.689378408700009, -32.743493248499988 ], [ -61.689807516899975, -32.739743452899972 ], [ -61.69031908019997, -32.735272785599989 ], [ -61.69219966229997, -32.72743811419997 ], [ -61.689453292300016, -32.716602842499924 ], [ -61.690526281099892, -32.71591828819993 ], [ -61.696258204999936, -32.712261060800017 ], [ -61.698295652900015, -32.710960943899977 ], [ -61.707236322399979, -32.707457261599984 ], [ -61.71413240149991, -32.707551076999948 ], [ -61.721487580499968, -32.708389816599947 ], [ -61.728961308199985, -32.709602286999939 ], [ -61.736905388299931, -32.71212311 ], [ -61.741984546599951, -32.714674304499965 ], [ -61.744227526600014, -32.715999212099973 ], [ -61.746187865699994, -32.716943982399982 ], [ -61.747486882499913, -32.717168896200008 ], [ -61.748630448699885, -32.716788427099971 ], [ -61.749128930100028, -32.716538457699983 ], [ -61.749546120099922, -32.715803590699977 ], [ -61.749605185599876, -32.715134542999976 ], [ -61.749654449399941, -32.713979601699975 ], [ -61.749419769399992, -32.713010815999951 ], [ -61.748739471299984, -32.711319336699944 ], [ -61.747849427099936, -32.709934478099967 ], [ -61.746672795099926, -32.708614291 ], [ -61.744984748699949, -32.706876001500007 ], [ -61.742938681300018, -32.705203350600016 ], [ -61.739988131799976, -32.702499864599929 ], [ -61.740708620600003, -32.700376381899957 ], [ -61.741891712299946, -32.699446610999985 ], [ -61.742670804699969, -32.698828245799916 ], [ -61.743379280599981, -32.698271543399926 ], [ -61.745161043799953, -32.697457025299968 ], [ -61.747165851700004, -32.697003898699961 ], [ -61.748955845599994, -32.696614422399875 ], [ -61.750250140099979, -32.696596364099946 ], [ -61.752049605699995, -32.696692743100016 ], [ -61.755157635899934, -32.697499833999984 ], [ -61.756825452200019, -32.698205388499957 ], [ -61.75828477579995, -32.699278503100004 ], [ -61.760859080599971, -32.701309098299987 ], [ -61.763048381299882, -32.702918616699947 ], [ -61.764656214399963, -32.704232443299929 ], [ -61.76634338179997, -32.705909788600025 ], [ -61.767592046399955, -32.707228634399939 ], [ -61.768393791, -32.7077641793 ], [ -61.769544024500021, -32.707747950300018 ], [ -61.769964603599988, -32.707195163300014 ], [ -61.769739324499994, -32.706712451099918 ], [ -61.769153578600026, -32.706173867099949 ], [ -61.768635723800003, -32.705452129899982 ], [ -61.767601550999984, -32.704069448499979 ], [ -61.766865963700013, -32.703229401599913 ], [ -61.766199782, -32.70226672870001 ], [ -61.765610187199911, -32.701545988100008 ], [ -61.76479532860003, -32.700134418299967 ], [ -61.763460685799998, -32.698087704700015 ], [ -61.763436792299956, -32.696872965699981 ], [ -61.763343506699982, -32.695780709799919 ], [ -61.763535276899972, -32.694563074100017 ], [ -61.763797627199949, -32.693283623299976 ], [ -61.764774215999921, -32.692062603599936 ], [ -61.766528218699989, -32.691359184500016 ], [ -61.768658639500018, -32.69181775620001 ], [ -61.770035109499929, -32.692345187499939 ], [ -61.771632356699968, -32.693112362899967 ], [ -61.773735123099982, -32.69399387539994 ], [ -61.774900807700021, -32.69476724750001 ], [ -61.776271651699972, -32.694990851899945 ], [ -61.776838101500005, -32.694557483699953 ], [ -61.776898158400002, -32.693949096799997 ], [ -61.776308540699972, -32.69322854310002 ], [ -61.775215848499954, -32.692514972299932 ], [ -61.774052282699984, -32.691863079699942 ], [ -61.773102294399962, -32.691086785300001 ], [ -61.770914633499899, -32.68953823649997 ], [ -61.769675765700015, -32.688705171700008 ], [ -61.768434525399925, -32.687750620100019 ], [ -61.767484316999969, -32.686974283999973 ], [ -61.767321617199855, -32.686004516100013 ], [ -61.766284116199984, -32.684439668600021 ], [ -61.76588182, -32.683170043299981 ], [ -61.76580024359987, -32.681773312699931 ], [ -61.766640023700006, -32.68060723239995 ], [ -61.767851221999933, -32.680043450899973 ], [ -61.767869805200007, -32.680035268600022 ], [ -61.768849176699973, -32.679604036599926 ], [ -61.772297731899982, -32.679264748600019 ], [ -61.773589358399931, -32.679124984400005 ], [ -61.775030524899933, -32.679286791499976 ], [ -61.776400818499951, -32.679510407500004 ], [ -61.778497283499973, -32.680088236299923 ], [ -61.780017474599902, -32.680613523399984 ], [ -61.781889916999944, -32.680769129699968 ], [ -61.78331663480003, -32.680202138799984 ], [ -61.78395624929999, -32.67982852169996 ], [ -61.784152542900017, -32.678853671699926 ], [ -61.783995722700013, -32.678187680399958 ], [ -61.783616940800016, -32.677221008799961 ], [ -61.782799704900015, -32.675896045999934 ], [ -61.781691505299989, -32.674393017200032 ], [ -61.780734102400004, -32.673252359300022 ], [ -61.780132862799974, -32.671924446799949 ], [ -61.779466790900017, -32.67096183670003 ], [ -61.779296462899936, -32.669627669699992 ], [ -61.779624583100031, -32.6680435536 ], [ -61.780178805999981, -32.667002808099994 ], [ -61.780735740900013, -32.666083665600013 ], [ -61.781292664899922, -32.665164521 ], [ -61.78199791399993, -32.664486282399992 ], [ -61.782630188700011, -32.663748254999973 ], [ -61.783405071300024, -32.662947511899972 ], [ -61.784452784999985, -32.661413838899989 ], [ -61.784876096599987, -32.660699500999954 ], [ -61.785247173900018, -32.657656668699985 ], [ -61.7851328502, -32.655531980099909 ], [ -61.784882281299872, -32.653773751699987 ], [ -61.784702262499991, -32.651953696799922 ], [ -61.783948873499924, -32.65020261519993 ], [ -61.783420706999948, -32.648934358799977 ], [ -61.781161884299991, -32.647386973299945 ], [ -61.78014026919999, -32.646611599200014 ], [ -61.778172755899959, -32.645242218499959 ], [ -61.776261433, -32.643082275699953 ], [ -61.775946548200011, -32.64168945659992 ], [ -61.776060569899983, -32.64056031299998 ], [ -61.77609989339993, -32.638919464499963 ], [ -61.776217265599996, -32.637581213499971 ], [ -61.776547752200031, -32.636118574199998 ], [ -61.776881518499863, -32.634838081699968 ], [ -61.776780966099921, -32.6333814061 ], [ -61.776809474799961, -32.631193989999929 ], [ -61.776264729299953, -32.629075371999875 ], [ -61.775596638500019, -32.627991248099988 ], [ -61.77446760700002, -32.625394849100019 ], [ -61.772767510400001, -32.622988833600004 ], [ -61.770707074100017, -32.62052705239995 ], [ -61.768277830399938, -32.617672354799879 ], [ -61.76724982479999, -32.616532563000021 ], [ -61.766580437400023, -32.615387717099964 ], [ -61.765978638399929, -32.613998898699947 ], [ -61.765883953599939, -32.612845963899986 ], [ -61.766143255600014, -32.612149737499976 ], [ -61.766498128199999, -32.611196886500011 ], [ -61.767277501899912, -32.610639198 ], [ -61.768386227699978, -32.609981081199976 ], [ -61.769478992100005, -32.609332419999873 ], [ -61.770685728599972, -32.60890982410001 ], [ -61.772190205699928, -32.608382938499972 ], [ -61.773691165899891, -32.607997220699929 ], [ -61.775188518199911, -32.607429341199975 ], [ -61.776176051899881, -32.606503993599915 ], [ -61.776585355, -32.605404761399996 ], [ -61.776420349499972, -32.604313516800005 ], [ -61.775171977599996, -32.602655138499983 ], [ -61.774427301899948, -32.601329064699939 ], [ -61.772879791200012, -32.599346226699936 ], [ -61.771416003099944, -32.597969459299861 ], [ -61.770621373499978, -32.59712248430003 ], [ -61.769728482599987, -32.596170748999953 ], [ -61.769055957399928, -32.594843622799999 ], [ -61.767947855099976, -32.593279741999936 ], [ -61.767213218800009, -32.592439515500018 ], [ -61.766970739800001, -32.59143778859999 ], [ -61.766744251899922, -32.590502100799938 ], [ -61.766720412499978, -32.589287343100011 ], [ -61.766768190400001, -32.588801086200021 ], [ -61.766839967800024, -32.588070568399985 ], [ -61.767467096899964, -32.587089807799998 ], [ -61.768029670999965, -32.586474344500004 ], [ -61.768923437500007, -32.585298549699985 ], [ -61.770365914599893, -32.584740311399969 ], [ -61.771574317099976, -32.584115729600001 ], [ -61.772930300200017, -32.583671385800017 ], [ -61.774137786200015, -32.582986106399972 ], [ -61.775995942099996, -32.581765504899977 ], [ -61.777649545299994, -32.582040759200027 ], [ -61.779168982399938, -32.581715545199984 ], [ -61.780946326300011, -32.581690361599954 ], [ -61.781874747900019, -32.58143417849999 ], [ -61.782433581899909, -32.580636510499971 ], [ -61.782483633299989, -32.579542219100006 ], [ -61.782397519600011, -32.578814386600015 ], [ -61.782098123799926, -32.578211088499927 ], [ -61.781654156599984, -32.577549153399957 ], [ -61.781065619499998, -32.576828443400018 ], [ -61.78033069729986, -32.575988431899987 ], [ -61.779154408099942, -32.574265331899994 ], [ -61.778381306100016, -32.571824038799946 ], [ -61.778502203500011, -32.570668057500029 ], [ -61.778549905200009, -32.569452289199944 ], [ -61.779159450900011, -32.567733388000022 ], [ -61.781008465199989, -32.566683711199914 ], [ -61.782495789699965, -32.56562972490002 ], [ -61.783695437999938, -32.564579941700003 ], [ -61.784025591599971, -32.563117279999972 ], [ -61.783856681799875, -32.561843898400014 ], [ -61.782690299899912, -32.560949061499969 ], [ -61.781608057299934, -32.560209577799981 ], [ -61.779939074199945, -32.559321974699969 ], [ -61.778466589499999, -32.557459491799989 ], [ -61.777853948899974, -32.555524143000014 ], [ -61.777955363599972, -32.553396358499867 ], [ -61.77883708249999, -32.550771493799971 ], [ -61.779940940199992, -32.548508006599889 ], [ -61.781358415299962, -32.547576672099979 ], [ -61.783493736999958, -32.546635138900001 ], [ -61.786062904599987, -32.545869602499977 ], [ -61.789781687000016, -32.54514847400003 ], [ -61.790494061099992, -32.544981316699932 ], [ -61.791710905800016, -32.54469577569995 ], [ -61.793010589399955, -32.544251324599941 ], [ -61.793564817999879, -32.544061790399951 ], [ -61.795599249100007, -32.542346543199926 ], [ -61.796014509799932, -32.542027149999967 ], [ -61.797387826899978, -32.540477006199978 ], [ -61.798465353200015, -32.538422666699944 ], [ -61.799133234799967, -32.537393714099949 ], [ -61.799541691499996, -32.536295511599974 ], [ -61.800272285300025, -32.534100475199978 ], [ -61.800421415199935, -32.532193994500005 ], [ -61.800691124399975, -32.528745882800024 ], [ -61.801175201199953, -32.526621592199945 ], [ -61.803207384099949, -32.525505846899989 ], [ -61.805038780500013, -32.524655929599987 ], [ -61.806893868099962, -32.52487033609998 ], [ -61.809536246899995, -32.524956541 ], [ -61.811767819000011, -32.525711349099936 ], [ -61.814759471, -32.526723163600025 ], [ -61.815864274399985, -32.526051800999937 ], [ -61.81643563800003, -32.524514389200021 ], [ -61.815389009800015, -32.523801404299945 ], [ -61.813719800499996, -32.522077724099972 ], [ -61.813006866199942, -32.520850138699927 ], [ -61.811171979099925, -32.519420241600017 ], [ -61.809696669899949, -32.51841517609995 ], [ -61.808441333799976, -32.516234440199923 ], [ -61.809701423999911, -32.513844133600003 ], [ -61.811923540299972, -32.514020865799978 ], [ -61.813730850799971, -32.514067638000029 ], [ -61.814177847099927, -32.513304161 ], [ -61.814992313499943, -32.511913003199936 ], [ -61.814444533299991, -32.509686432899969 ], [ -61.814567817699924, -32.507400308499996 ], [ -61.814721037399977, -32.504558989399982 ], [ -61.817138103799948, -32.50314384839993 ], [ -61.818684405900001, -32.503048676700018 ], [ -61.820742215899941, -32.502965250600028 ], [ -61.824270227999989, -32.502822142099944 ], [ -61.825981057699948, -32.502360376399963 ], [ -61.827155238599914, -32.500886989199898 ], [ -61.827985587900002, -32.499418588500021 ], [ -61.828032617799977, -32.498168599199971 ], [ -61.828104171500001, -32.496266782099951 ], [ -61.828757399200015, -32.492966593 ], [ -61.830592113000023, -32.49048421279997 ], [ -61.833669376300008, -32.489389440399918 ], [ -61.83631961439994, -32.488622550099933 ], [ -61.838121971699877, -32.488450720099934 ], [ -61.840778071299951, -32.487974945599888 ], [ -61.843088909799974, -32.487431350299914 ], [ -61.844358955699988, -32.486466169700009 ], [ -61.844487092500003, -32.48534488979999 ], [ -61.844650697899965, -32.483913205799922 ], [ -61.844354281300014, -32.48202427519999 ], [ -61.843905321000022, -32.481084148699949 ], [ -61.842340151199949, -32.480233328099928 ], [ -61.840689078699995, -32.479383607499926 ], [ -61.839293172799955, -32.478384624 ], [ -61.83677222770001, -32.47703793200003 ], [ -61.835541717199931, -32.476005942799986 ], [ -61.833791573099973, -32.474502294999922 ], [ -61.832774709199953, -32.471837952100032 ], [ -61.832397661099947, -32.469352377199982 ], [ -61.832788905399923, -32.467453395099994 ], [ -61.833189614200023, -32.465487945299913 ], [ -61.835509790899948, -32.464268188299968 ], [ -61.838215995099972, -32.462845396100022 ], [ -61.841045707700005, -32.463400673299986 ], [ -61.843499218499971, -32.46414349709994 ], [ -61.846322469899917, -32.464998187899937 ], [ -61.848060032999911, -32.465460637299884 ], [ -61.851768263099871, -32.466447478999953 ], [ -61.854361597100024, -32.467137395399959 ], [ -61.857062677499982, -32.4675187446 ], [ -61.859965993300023, -32.46792857739996 ], [ -61.861181095399957, -32.467583726899989 ], [ -61.862185429799979, -32.466258185699985 ], [ -61.862671252899929, -32.464794664799967 ], [ -61.862924608999947, -32.463314253299927 ], [ -61.863208487799966, -32.461655441999937 ], [ -61.862492415999895, -32.460282530500024 ], [ -61.861262414099997, -32.4589900382 ], [ -61.859740413999987, -32.457469126600017 ], [ -61.85895845189998, -32.455295748399863 ], [ -61.861072679100005, -32.453968512400024 ], [ -61.862776595099945, -32.453214991300001 ], [ -61.864720296499968, -32.451584233699919 ], [ -61.865192906700031, -32.44993176920002 ], [ -61.865682394299995, -32.448220233500024 ], [ -61.865400386999966, -32.447059371899911 ], [ -61.864349822699978, -32.446128363400021 ], [ -61.861877141500031, -32.444330318100015 ], [ -61.860058125299929, -32.442207132899966 ], [ -61.858052093499964, -32.440780414000017 ], [ -61.857292440399988, -32.438955391099967 ], [ -61.85877090029993, -32.436837594499934 ], [ -61.861322289700013, -32.436799905899989 ], [ -61.863474590099997, -32.436986543499927 ], [ -61.865280348099986, -32.437032630600015 ], [ -61.868069800299963, -32.437290318699922 ], [ -61.871394061599972, -32.437597328999971 ], [ -61.872941855900024, -32.437647139499973 ], [ -61.872961013400015, -32.436688711800002 ], [ -61.872984079199966, -32.435534765499995 ], [ -61.872440166, -32.434159207099981 ], [ -61.870848514399938, -32.431998428999975 ], [ -61.86944553459989, -32.430635615299877 ], [ -61.86727506099993, -32.429575598200017 ], [ -61.865098952300002, -32.428224330799992 ], [ -61.862157174599986, -32.427248330400005 ], [ -61.859480564299929, -32.426632600599987 ], [ -61.856885385700025, -32.425797004300023 ], [ -61.855395033699892, -32.424362626400011 ], [ -61.85407232030002, -32.422707289900018 ], [ -61.852580401900013, -32.420375477499988 ], [ -61.852237894600023, -32.417697146899911 ], [ -61.851680717500017, -32.415666400399971 ], [ -61.850518046700017, -32.413426074199947 ], [ -61.850461574199926, -32.410659857700011 ], [ -61.851765238700011, -32.408672637199857 ], [ -61.85410984189997, -32.407707425599938 ], [ -61.856785968, -32.406605657400007 ], [ -61.858771794699862, -32.407086142000026 ], [ -61.861347012500005, -32.406975295499933 ], [ -61.864126297399935, -32.40670389669998 ], [ -61.868377620299952, -32.406288631099926 ], [ -61.86939772119996, -32.405763730899992 ], [ -61.870155736699928, -32.405024378099881 ], [ -61.870734514499929, -32.403923426699976 ], [ -61.871050899500005, -32.402608034399975 ], [ -61.87136608499992, -32.401219835199981 ], [ -61.872211491899975, -32.399610724599995 ], [ -61.874678363399937, -32.398448309900004 ], [ -61.877225503999966, -32.397928555900023 ], [ -61.879018412699963, -32.397392064099961 ], [ -61.881068847699964, -32.396851839100009 ], [ -61.883209947699925, -32.396528561100013 ], [ -61.885174484499942, -32.39598941769998 ], [ -61.886788039199928, -32.395091518000015 ], [ -61.887867993300006, -32.393327709599987 ], [ -61.888952451600005, -32.391782159700028 ], [ -61.890641115400001, -32.390373320799995 ], [ -61.892075241499981, -32.389113929699931 ], [ -61.893858761499928, -32.388140430699877 ], [ -61.895898240199983, -32.387090369399914 ], [ -61.89734562389998, -32.386232887300025 ], [ -61.899397206399954, -32.385765040899969 ], [ -61.901028734400029, -32.38574044 ], [ -61.902312022499927, -32.385502604599992 ], [ -61.904716384199958, -32.385466287600025 ], [ -61.906179287499981, -32.385589815499941 ], [ -61.908755008199989, -32.385550829399904 ], [ -61.911412270499966, -32.385292083799925 ], [ -61.913729242399995, -32.385184096999978 ], [ -61.918310529700022, -32.382493079500023 ], [ -61.919636434300003, -32.380215506000013 ], [ -61.919941534100019, -32.378870063899967 ], [ -61.920507665, -32.376373419900006 ], [ -61.920622330599883, -32.373677483300014 ], [ -61.920574586999976, -32.371420823999927 ], [ -61.92029248130001, -32.370259948400019 ], [ -61.919387789100028, -32.368089298399923 ], [ -61.918397322199951, -32.36591980930001 ], [ -61.917411516400023, -32.363968710199856 ], [ -61.916154488899963, -32.361366312799987 ], [ -61.915933720999931, -32.359039451199919 ], [ -61.915461370299965, -32.357007704800026 ], [ -61.91574811619995, -32.354309148099958 ], [ -61.916747392499985, -32.352331940099987 ], [ -61.917973306099952, -32.349906176499928 ], [ -61.918546567000021, -32.34858676709996 ], [ -61.919335779400001, -32.346638289599923 ], [ -61.922172982800021, -32.344933592099949 ], [ -61.924536162200013, -32.343004272899918 ], [ -61.925267468599998, -32.342208198799938 ], [ -61.926424889500026, -32.341541896799981 ], [ -61.928099117700015, -32.340983750299927 ], [ -61.92908028629995, -32.340658091699936 ], [ -61.928419122899925, -32.339886504799949 ], [ -61.927626612599965, -32.338952050899991 ], [ -61.926576743699968, -32.338021386799994 ], [ -61.924915267900019, -32.336590420499988 ], [ -61.925151366299929, -32.335567422599979 ], [ -61.926518121599997, -32.335255258699988 ], [ -61.930817239600003, -32.334051479499976 ], [ -61.932513479199997, -32.333078795599931 ], [ -61.933936534899999, -32.331382179900004 ], [ -61.934846392599866, -32.329766245599956 ], [ -61.934973346599975, -32.327652552599943 ], [ -61.935110829899997, -32.32604846229998 ], [ -61.935124306999967, -32.325598206 ], [ -61.935160983300023, -32.324372887699951 ], [ -61.935112969800002, -32.322116230099937 ], [ -61.935768499499943, -32.32064983779992 ], [ -61.936760899100022, -32.318886976700014 ], [ -61.938990064699965, -32.317143242499924 ], [ -61.942456639399893, -32.316323545800003 ], [ -61.945435458600002, -32.31609682620001 ], [ -61.949325034999958, -32.316436080400024 ], [ -61.952423340999985, -32.316825110600007 ], [ -61.955249968199951, -32.316562865500032 ], [ -61.957386982799903, -32.31616561200002 ], [ -61.95951174399994, -32.315185927500011 ], [ -61.961536258499905, -32.313552494500016 ], [ -61.963314402799995, -32.312432626299994 ], [ -61.964878095099948, -32.312366963299951 ], [ -61.965801370199983, -32.311405881099915 ], [ -61.966805671100019, -32.310225196500028 ], [ -61.967206155999918, -32.308908137199921 ], [ -61.96632778679998, -32.307975264300012 ], [ -61.963869321799962, -32.305392053300011 ], [ -61.960925950699959, -32.304199968700004 ], [ -61.956779880899944, -32.302953645399953 ], [ -61.955043808499966, -32.30203384969991 ], [ -61.949307911, -32.299267600699977 ], [ -61.946098010900016, -32.297642334499983 ], [ -61.941745214199898, -32.294723882099959 ], [ -61.939739795199955, -32.293225556999971 ], [ -61.9348713876999, -32.290241818499965 ], [ -61.933538533899934, -32.288077798000018 ], [ -61.932484715699957, -32.285663072500029 ], [ -61.932157562899988, -32.283656953399998 ], [ -61.93190542169998, -32.281000790399958 ], [ -61.93345088679996, -32.278722479799967 ], [ -61.938848898999936, -32.27784367719994 ], [ -61.941222164299973, -32.277518638099991 ], [ -61.944609033199981, -32.276889241299955 ], [ -61.947666001199934, -32.27674597259994 ], [ -61.956700104099923, -32.274622716299916 ], [ -61.957453851699995, -32.272783212799993 ], [ -61.957525907399997, -32.270857995899974 ], [ -61.958390909999935, -32.268920482 ], [ -61.958683477500017, -32.26670327629995 ], [ -61.958069449899995, -32.264499995 ], [ -61.957902386800015, -32.262001348699982 ], [ -61.95763643250001, -32.260177513299936 ], [ -61.957156483299968, -32.258934401699946 ], [ -61.955974354399871, -32.256643764800003 ], [ -61.95398473009999, -32.253692194199971 ], [ -61.950461421699913, -32.248319631299978 ], [ -61.949392638299912, -32.246027171799994 ], [ -61.948655395300023, -32.243344873900014 ], [ -61.948849198299968, -32.241802621700003 ], [ -61.949378571899956, -32.240062766199969 ], [ -61.95049039739996, -32.239083479700014 ], [ -61.951378971899999, -32.237942280699997 ], [ -61.951703499099949, -32.237525481100022 ], [ -61.952460151499963, -32.236545709999916 ], [ -61.952823976099921, -32.234442960600006 ], [ -61.953269099400018, -32.231870227400009 ], [ -61.959183604699945, -32.230153339299932 ], [ -61.960515647600005, -32.228882120999913 ], [ -61.9626464392, -32.227886916499926 ], [ -61.966008524500012, -32.226199242899952 ], [ -61.967919097499987, -32.225496082899951 ], [ -61.970383431900018, -32.224206987699972 ], [ -61.972163997399946, -32.222736095599998 ], [ -61.973833589599963, -32.221363193199977 ], [ -61.974938685099971, -32.22009523739996 ], [ -61.976262034499996, -32.218439147500021 ], [ -61.979595067700018, -32.210209569299934 ], [ -61.980243244, -32.208756438399973 ], [ -61.982010836100017, -32.206708346099958 ], [ -61.984361180400015, -32.205420915200023 ], [ -61.989856114999952, -32.202929432399969 ], [ -61.995185644199978, -32.201535819499952 ], [ -61.997245044199985, -32.200943071899985 ], [ -61.999210071299956, -32.200351920499941 ], [ -62.000896463499998, -32.199925116299994 ], [ -62.005932093599995, -32.197604686600016 ], [ -62.006662460899975, -32.196552700399991 ], [ -62.01016150129999, -32.192896164999922 ], [ -62.011549150699977, -32.191753784099944 ], [ -62.012022850099925, -32.190413058499985 ], [ -62.012367877699944, -32.188967053399949 ], [ -62.012615091999919, -32.18653173109999 ], [ -62.013201920799986, -32.184072420099938 ], [ -62.013452585899927, -32.182628050599931 ], [ -62.014532832600025, -32.177887126199948 ], [ -62.014146717599942, -32.175654983799973 ], [ -62.013365216699981, -32.174387015899981 ], [ -62.010538518299995, -32.170030793999956 ], [ -62.009361777100025, -32.167888786299955 ], [ -62.009200321499975, -32.165609448099985 ], [ -62.011984033199951, -32.16356186609994 ], [ -62.015923383599954, -32.162262860299961 ], [ -62.017706414399925, -32.161605311199992 ], [ -62.020336533499972, -32.161712272499983 ], [ -62.022218937699961, -32.161682190399972 ], [ -62.024192105499935, -32.161490525200009 ], [ -62.024805387199933, -32.161704361599959 ], [ -62.025577068299924, -32.161788933100013 ], [ -62.030991907199962, -32.162382228199988 ], [ -62.032705553999961, -32.16235469930001 ], [ -62.034964711899931, -32.161152789699997 ], [ -62.037337791799985, -32.159924603699949 ], [ -62.039497373599943, -32.15942871430002 ], [ -62.04108164259992, -32.158723203299985 ], [ -62.042890172400007, -32.157819856 ], [ -62.043780175799952, -32.156736996400014 ], [ -62.04432739790002, -32.155659807699976 ], [ -62.044301378, -32.1544946482 ], [ -62.044036224499962, -32.152847728299946 ], [ -62.043660962600029, -32.151396917799957 ], [ -62.043466791800029, -32.148759800999926 ], [ -62.044341372699932, -32.146043779799982 ], [ -62.047928993799928, -32.142974775799985 ], [ -62.050201961499965, -32.141467446399929 ], [ -62.053287358100022, -32.141085215600015 ], [ -62.056140655600018, -32.140941781599963 ], [ -62.060248134400013, -32.140680769899973 ], [ -62.062519189999932, -32.140060912600006 ], [ -62.06396037159999, -32.138094920699984 ], [ -62.064950934799981, -32.136427559799984 ], [ -62.065148854799986, -32.135064558599993 ], [ -62.064934578799921, -32.130636517699998 ], [ -62.067099484899927, -32.130370402799997 ], [ -62.068691492499966, -32.130053095999926 ], [ -62.071649739599991, -32.129519080000023 ], [ -62.072769871199966, -32.128529357200023 ], [ -62.072521877799943, -32.127659271399978 ], [ -62.07148513970003, -32.127287720399977 ], [ -62.068483134299981, -32.125879954500022 ], [ -62.066750502200023, -32.125034112399931 ], [ -62.066372832000013, -32.12348617549992 ], [ -62.06717659659995, -32.123667244600028 ], [ -62.06616679900003, -32.119410082899947 ], [ -62.066797621399928, -32.117386614 ], [ -62.068953648399997, -32.116353584199942 ], [ -62.072930190299928, -32.115414374099942 ], [ -62.076118937300009, -32.114329090500007 ], [ -62.079638612299959, -32.113397165700007 ], [ -62.080872561100023, -32.112405506099947 ], [ -62.081537912699957, -32.11152041959997 ], [ -62.081961531899935, -32.110056586499979 ], [ -62.082856484599972, -32.107900702300014 ], [ -62.084051391, -32.10652561 ], [ -62.084819719999984, -32.105153053700008 ], [ -62.08524105609996, -32.103592150800011 ], [ -62.085324234899986, -32.1022308748 ], [ -62.08397356170002, -32.098076569199918 ], [ -62.081977938600005, -32.095681284500017 ], [ -62.080225656099969, -32.093961649400001 ], [ -62.078807473999916, -32.091848113500021 ], [ -62.07910599959996, -32.089900716799946 ], [ -62.078708510900015, -32.087478985500013 ], [ -62.078096115800008, -32.085643636600025 ], [ -62.076919418499983, -32.084108832299933 ], [ -62.072150400099986, -32.080263492200004 ], [ -62.07096104430002, -32.078146110399985 ], [ -62.070458545299971, -32.076114587500001 ], [ -62.069940440300002, -32.073403358 ], [ -62.069662019999953, -32.071173971500002 ], [ -62.069954133500005, -32.068935261799936 ], [ -62.070601482500024, -32.067273470099963 ], [ -62.072338449699942, -32.06360525499997 ], [ -62.072516142499978, -32.061368410999989 ], [ -62.069918083499942, -32.05752559439992 ], [ -62.068963710899993, -32.055695770499995 ], [ -62.067546422799978, -32.053582060999986 ], [ -62.067046347200005, -32.051647571200022 ], [ -62.066431970299959, -32.049715078699933 ], [ -62.065921033800009, -32.047295130900011 ], [ -62.066086090599981, -32.04447563010001 ], [ -62.065932551699973, -32.043381419799914 ], [ -62.065814123999985, -32.042537412 ], [ -62.065086147799946, -32.040606759999946 ], [ -62.066393838499948, -32.031966120399943 ], [ -62.065301478199956, -32.024422492399992 ], [ -62.065081380499976, -32.022902358699923 ], [ -62.064479947899997, -32.015001758700009 ], [ -62.059018896400005, -32.007549505299949 ], [ -62.054427497699919, -32.00128282299994 ], [ -62.05440614470001, -31.993038330899992 ], [ -62.054404536200025, -31.992416536 ], [ -62.054575810099948, -31.985515847099975 ], [ -62.051668069699929, -31.971217520499977 ], [ -62.051207767499932, -31.968953586800012 ], [ -62.048567246699974, -31.959383692799918 ], [ -62.046922321500006, -31.954667191199974 ], [ -62.04616867430002, -31.947919571899945 ], [ -62.048648498500029, -31.943625425099924 ], [ -62.051067118099922, -31.939436851399989 ], [ -62.052726471699941, -31.936562942699993 ], [ -62.053121250999936, -31.935879178699963 ], [ -62.059282715999927, -31.925206023099975 ], [ -62.062973465500022, -31.918976351599952 ], [ -62.069592285299962, -31.910521339099944 ], [ -62.07120412339998, -31.906502865899995 ], [ -62.07069626029994, -31.905136716299978 ], [ -62.07002704599995, -31.903336461999913 ], [ -62.068963095299978, -31.900474161999966 ], [ -62.063012741399973, -31.895089470599999 ], [ -62.054282027699969, -31.890671759599968 ], [ -62.048734629399974, -31.889859913300029 ], [ -62.046849876800025, -31.889143910600012 ], [ -62.033224079200011, -31.883966391599927 ], [ -62.019103005500028, -31.881678625 ], [ -62.00842628099997, -31.879753704099926 ], [ -61.997613788699994, -31.87893479669998 ], [ -61.992925872800015, -31.87857945549996 ], [ -61.988397431199985, -31.878314799099996 ], [ -61.983368385999938, -31.878020694200018 ], [ -61.981072482, -31.877886359800016 ], [ -61.978364437999915, -31.877462104099948 ], [ -61.97291269249996, -31.876607817799936 ], [ -61.967018922500017, -31.875381538199917 ], [ -61.962879039100017, -31.875644833099955 ], [ -61.959719937299951, -31.875845659299955 ], [ -61.955326642700015, -31.876450884699977 ], [ -61.951791433899928, -31.876737670199986 ], [ -61.946020170399947, -31.875441258500018 ], [ -61.942327528000021, -31.874028266199957 ], [ -61.939221789200019, -31.872839734199943 ], [ -61.934554912800024, -31.872380943699966 ], [ -61.933044255500022, -31.872232396399966 ], [ -61.928106657299963, -31.871956672400017 ], [ -61.915304735099937, -31.868993738699999 ], [ -61.90830586200002, -31.868397559599941 ], [ -61.903696881999963, -31.866677773399942 ], [ -61.900451515499981, -31.863706802000024 ], [ -61.892236184800026, -31.859903948599936 ], [ -61.885572498600027, -31.856539078599951 ], [ -61.878295363099937, -31.852863748599987 ], [ -61.873518145300011, -31.846981579700014 ], [ -61.873817505999966, -31.841516769999942 ], [ -61.874296124699924, -31.832778910699915 ], [ -61.869180291199996, -31.821896530799961 ], [ -61.865261974100008, -31.818448591899994 ], [ -61.86378001449998, -31.81714443369998 ], [ -61.860798197599991, -31.815746851699998 ], [ -61.856283367999936, -31.813630526400004 ], [ -61.844297876499979, -31.812357737199989 ], [ -61.831402011999955, -31.811771923100025 ], [ -61.821027948400001, -31.81298242219998 ], [ -61.818431858800011, -31.81343573909993 ], [ -61.804491100800021, -31.81586903409999 ], [ -61.792709840599969, -31.816765616999987 ], [ -61.789281453900003, -31.817026318200021 ], [ -61.773517719899928, -31.813421945900018 ], [ -61.76889096339994, -31.811965971799964 ], [ -61.762213054799986, -31.809864146099983 ], [ -61.752060696499996, -31.809517936499958 ], [ -61.740926540299938, -31.811125037500005 ], [ -61.737675326899932, -31.811700046300018 ], [ -61.729044243599958, -31.813226103500028 ], [ -61.724107989800018, -31.814344639400019 ], [ -61.718494674, -31.815792842799965 ] ] ] ] } },
{ "type": "Feature", "properties": { "N_CCA": 6, "Area": 2009.467, "Perim": 233.866, "Cuenca": "6- Arroyo Malabrigo" }, "geometry": { "type": "MultiPolygon", "coordinates": [ [ [ [ -59.688656765299982, -29.201872657399974 ], [ -59.697468498700005, -29.209638138499997 ], [ -59.707210215399982, -29.217069042899993 ], [ -59.717482556799951, -29.227182081299929 ], [ -59.720911426999919, -29.228959625699986 ], [ -59.723328580599969, -29.231443124999942 ], [ -59.732392783999899, -29.241198458299948 ], [ -59.735609000299917, -29.247401049799919 ], [ -59.73720925509997, -29.262353178199987 ], [ -59.737394106400018, -29.269080812600009 ], [ -59.739590342200017, -29.279530077 ], [ -59.739756075399953, -29.293870058799939 ], [ -59.743575436499896, -29.302197984200006 ], [ -59.744342136099988, -29.321417846899976 ], [ -59.741686765099985, -29.332211664799956 ], [ -59.737414057999956, -29.342648195299944 ], [ -59.732139022799913, -29.349364900099943 ], [ -59.730695525300007, -29.359983861799947 ], [ -59.731064598600028, -29.375499192900008 ], [ -59.729423933900023, -29.383993335599996 ], [ -59.731420779099949, -29.393911071299954 ], [ -59.734027343399987, -29.402944822499933 ], [ -59.737861554299968, -29.406847078599981 ], [ -59.739660949199902, -29.415348013399978 ], [ -59.737820206699951, -29.422956678599917 ], [ -59.739222771999948, -29.428447329499988 ], [ -59.737374045100012, -29.439065442000015 ], [ -59.735738342899936, -29.445435244499947 ], [ -59.736070434199917, -29.450183373299978 ], [ -59.736052368900005, -29.457163344799937 ], [ -59.736632929300015, -29.461300781799991 ], [ -59.738662210899918, -29.462830196200002 ], [ -59.744400008900016, -29.463112582500003 ], [ -59.750911350299873, -29.464209887999971 ], [ -59.757115199299903, -29.464221353099958 ], [ -59.768280955600005, -29.464783749399999 ], [ -59.782565956699955, -29.463733744199942 ], [ -59.795190761299921, -29.454003126099963 ], [ -59.803936149799938, -29.443841712899939 ], [ -59.812675940299982, -29.435799408499975 ], [ -59.819639228000028, -29.434073752400025 ], [ -59.833011969799998, -29.429302768399964 ], [ -59.845390322999947, -29.423075687200026 ], [ -59.850383640799976, -29.424121723499923 ], [ -59.860137835799947, -29.422467788499944 ], [ -59.868226830600008, -29.42081148379998 ], [ -59.877031336699986, -29.417282754600024 ], [ -59.884172077299979, -29.412295511100012 ], [ -59.894556029799958, -29.399061941800028 ], [ -59.901846265399968, -29.391061439799955 ], [ -59.906706272699864, -29.385182902999929 ], [ -59.914551913799926, -29.380449851599963 ], [ -59.922022927399951, -29.376369689399951 ], [ -59.928931480100005, -29.374903049299917 ], [ -59.937520602599989, -29.372456496399934 ], [ -59.946482575599987, -29.370172928300008 ], [ -59.959381062200009, -29.37068555619993 ], [ -59.969843914199942, -29.369589459300016 ], [ -59.975703452400012, -29.367026635599927 ], [ -59.981772447600008, -29.361716405499919 ], [ -59.982192959700001, -29.349995195999952 ], [ -59.974872747299912, -29.341569329899983 ], [ -59.976757196299957, -29.333877576400027 ], [ -59.976968744299995, -29.32325516100002 ], [ -59.976343823499974, -29.312266288599972 ], [ -59.971474716999921, -29.29827699140003 ], [ -59.969671835600025, -29.287058728399984 ], [ -59.970002176999969, -29.280299302800017 ], [ -59.973122979999971, -29.274403394299952 ], [ -59.97690033050003, -29.267213137599981 ], [ -59.983303782699977, -29.257865814799914 ], [ -59.988721144299973, -29.249956303899978 ], [ -59.987163204499893, -29.234873022700015 ], [ -59.986902138, -29.223137277699948 ], [ -59.992153407300009, -29.214393410299976 ], [ -59.992679077300011, -29.205188913899974 ], [ -59.993204577299878, -29.197134977400026 ], [ -59.997666551899897, -29.19322320309999 ], [ -59.998716505099992, -29.182177763499965 ], [ -60.000834352200002, -29.168275710700016 ], [ -60.006104614199899, -29.15994266499996 ], [ -60.012401006300024, -29.156030281999904 ], [ -60.020795669499989, -29.151887171599981 ], [ -60.026041193899971, -29.146133376199941 ], [ -60.033647421899957, -29.14175950340001 ], [ -60.035742264199939, -29.130943526500005 ], [ -60.034543606899945, -29.118110382400005 ], [ -60.033437448199948, -29.106503459499947 ], [ -60.034902564300012, -29.092961288000026 ], [ -60.036735100100032, -29.080708698499961 ], [ -60.038290556399943, -29.061422320900022 ], [ -60.054893665800023, -29.043744478699921 ], [ -60.068513481399975, -29.027642685800004 ], [ -60.083076444199889, -29.02103118079998 ], [ -60.096217159099922, -29.00286329390002 ], [ -60.103033225, -28.985060208899938 ], [ -60.106938397199997, -28.971283502199981 ], [ -60.114568243199983, -28.961308678699993 ], [ -60.116833390899956, -28.955881131900014 ], [ -60.12811692059995, -28.947566108499984 ], [ -60.148557332, -28.920008966500006 ], [ -60.166872883, -28.904849845700028 ], [ -60.184025498100027, -28.897188783799891 ], [ -60.203982670299979, -28.890543149300015 ], [ -60.236589075099914, -28.862245279299998 ], [ -60.242302633800023, -28.839903809699933 ], [ -60.254563950999966, -28.825332001399943 ], [ -60.252577553599906, -28.798267317399961 ], [ -60.236746871299999, -28.762091802800001 ], [ -60.21750820799997, -28.74317605549993 ], [ -60.184081125999967, -28.728337871 ], [ -60.142525716599948, -28.706307665499878 ], [ -60.128394082599982, -28.706747087400004 ], [ -60.1187928919, -28.701003704100003 ], [ -60.093448940799988, -28.683767081200017 ], [ -60.065421908400026, -28.657052776400008 ], [ -60.043023835874465, -28.683843947123876 ], [ -60.014470303804501, -28.705972934478041 ], [ -59.988058286639841, -28.73809565805675 ], [ -59.985202933432845, -28.759510807109223 ], [ -59.960218592871627, -28.783781309368749 ], [ -59.912391426654381, -28.830894637284132 ], [ -59.890976277601908, -28.860875845957594 ], [ -59.870274966851241, -28.889429378027558 ], [ -59.859567392325005, -28.917982910097521 ], [ -59.855998200816259, -28.937256544244804 ], [ -59.848859817798768, -28.977231489142696 ], [ -59.851715171005708, -29.010068051023211 ], [ -59.854570524212761, -29.036480068187927 ], [ -59.849573656100517, -29.067175115163138 ], [ -59.84743214119527, -29.080738042896314 ], [ -59.805315681392017, -29.104294706854091 ], [ -59.775334472718555, -29.119999149492514 ], [ -59.758202353476634, -29.142841975148485 ], [ -59.749636293855644, -29.167826315709704 ], [ -59.728221144803172, -29.180675405141187 ], [ -59.707519834052391, -29.191382979667424 ], [ -59.698953774431459, -29.201376715891968 ], [ -59.688656765299982, -29.201872657399974 ] ] ] ] } }
]
}
