{
"type": "FeatureCollection",
"name": "Infraestructura",
"crs": { "type": "name", "properties": { "name": "urn:ogc:def:crs:OGC:1.3:CRS84" } },
"features": [
{ "type": "Feature", "properties": { "Nombre": "Alc. Progr. 33100", "Estado": "Finalizado", "Obra": "Canal Traza N°3 y Obras de Arte - Distritos Capivara, Monigotes y Suardi - dpto. San Cristobal", "Datos": null, "Tipo": "Alcantarilla", "Region": "Región 3", "Código": "6057", "Cuenca": "8- Río Salado", "C Cuenca": null, "Direccion": "Direccion General de Obras por Terceros - MOP", "Localidad": "San Cristobal, Monigotes, Suardi", "Resp.": null, "Dpto": "San Cristobal" }, "geometry": { "type": "Point", "coordinates": [ -61.569005193881587, -30.46052624589905 ] } },
{ "type": "Feature", "properties": { "Nombre": "Alc. Progr. 32000", "Estado": "Finalizado", "Obra": "Canal Traza N°3 y Obras de Arte - Distritos Capivara, Monigotes y Suardi - dpto. San Cristobal", "Datos": null, "Tipo": "Alcantarilla", "Region": "Región 3", "Código": "6057", "Cuenca": "8- Río Salado", "C Cuenca": null, "Direccion": "Direccion General de Obras por Terceros - MOP", "Localidad": "San Cristobal, Monigotes, Suardi", "Resp.": null, "Dpto": "San Cristobal" }, "geometry": { "type": "Point", "coordinates": [ -61.557803735680999, -30.462351810597287 ] } },
{ "type": "Feature", "properties": { "Nombre": "Alc. Progr. 30850", "Estado": "Finalizado", "Obra": "Canal Traza N°3 y Obras de Arte - Distritos Capivara, Monigotes y Suardi - dpto. San Cristobal", "Datos": null, "Tipo": "Alcantarilla", "Region": "Región 3", "Código": "6057", "Cuenca": "8- Río Salado", "C Cuenca": null, "Direccion": "Direccion General de Obras por Terceros - MOP", "Localidad": "San Cristobal, Monigotes, Suardi", "Resp.": null, "Dpto": "San Cristobal" }, "geometry": { "type": "Point", "coordinates": [ -61.54797150455245, -30.458376442624846 ] } },
{ "type": "Feature", "properties": { "Nombre": "Alc. Progr. 30600", "Estado": "Finalizado", "Obra": "Canal Traza N°3 y Obras de Arte - Distritos Capivara, Monigotes y Suardi - dpto. San Cristobal", "Datos": null, "Tipo": "Alcantarilla", "Region": "Región 3", "Código": "6057", "Cuenca": "8- Río Salado", "C Cuenca": null, "Direccion": "Direccion General de Obras por Terceros - MOP", "Localidad": "San Cristobal, Monigotes, Suardi", "Resp.": null, "Dpto": "San Cristobal" }, "geometry": { "type": "Point", "coordinates": [ -61.54512280434033, -30.458556695020327 ] } },
{ "type": "Feature", "properties": { "Nombre": "Alc. Progr. 30300", "Estado": "Finalizado", "Obra": "Canal Traza N°3 y Obras de Arte - Distritos Capivara, Monigotes y Suardi - dpto. San Cristobal", "Datos": null, "Tipo": "Alcantarilla", "Region": "Región 3", "Código": "6057", "Cuenca": "8- Río Salado", "C Cuenca": null, "Direccion": "Direccion General de Obras por Terceros - MOP", "Localidad": "San Cristobal, Monigotes, Suardi", "Resp.": null, "Dpto": "San Cristobal" }, "geometry": { "type": "Point", "coordinates": [ -61.541961164258161, -30.458745378201193 ] } },
{ "type": "Feature", "properties": { "Nombre": "Alc. Progr. 29900", "Estado": "Finalizado", "Obra": "Canal Traza N°3 y Obras de Arte - Distritos Capivara, Monigotes y Suardi - dpto. San Cristobal", "Datos": null, "Tipo": "Alcantarilla", "Region": "Región 3", "Código": "6057", "Cuenca": "8- Río Salado", "C Cuenca": null, "Direccion": "Direccion General de Obras por Terceros - MOP", "Localidad": "San Cristobal, Monigotes, Suardi", "Resp.": null, "Dpto": "San Cristobal" }, "geometry": { "type": "Point", "coordinates": [ -61.537874818573165, -30.458389863204747 ] } },
{ "type": "Feature", "properties": { "Nombre": "Alc. Progr. 28400", "Estado": "Finalizado", "Obra": "Canal Traza N°3 y Obras de Arte - Distritos Capivara, Monigotes y Suardi - dpto. San Cristobal", "Datos": null, "Tipo": "Alcantarilla", "Region": "Región 3", "Código": "6057", "Cuenca": "8- Río Salado", "C Cuenca": null, "Direccion": "Direccion General de Obras por Terceros - MOP", "Localidad": "San Cristobal, Monigotes, Suardi", "Resp.": null, "Dpto": "San Cristobal" }, "geometry": { "type": "Point", "coordinates": [ -61.522733201364105, -30.454925480141558 ] } },
{ "type": "Feature", "properties": { "Nombre": "P14562", "Estado": "Finalizado", "Obra": "Canal Traza N°3 y Obras de Arte - Distritos Capivara, Monigotes y Suardi - dpto. San Cristobal", "Datos": null, "Tipo": "Alcantarilla", "Region": "Región 3", "Código": "6057", "Cuenca": "8- Río Salado", "C Cuenca": null, "Direccion": "Direccion General de Obras por Terceros - MOP", "Localidad": "San Cristobal, Monigotes, Suardi", "Resp.": null, "Dpto": "San Cristobal" }, "geometry": { "type": "Point", "coordinates": [ -61.392300463306093, -30.405065819509957 ] } },
{ "type": "Feature", "properties": { "Nombre": "P14806", "Estado": "Finalizado", "Obra": "Canal Traza N°3 y Obras de Arte - Distritos Capivara, Monigotes y Suardi - dpto. San Cristobal", "Datos": null, "Tipo": "Alcantarilla", "Region": "Región 3", "Código": "6057", "Cuenca": "8- Río Salado", "C Cuenca": null, "Direccion": "Direccion General de Obras por Terceros - MOP", "Localidad": "San Cristobal, Monigotes, Suardi", "Resp.": null, "Dpto": "San Cristobal" }, "geometry": { "type": "Point", "coordinates": [ -61.39483220437085, -30.405254841429215 ] } },
{ "type": "Feature", "properties": { "Nombre": "15277", "Estado": "Finalizado", "Obra": "Canal Traza N°3 y Obras de Arte - Distritos Capivara, Monigotes y Suardi - dpto. San Cristobal", "Datos": null, "Tipo": "Alcantarilla", "Region": "Región 3", "Código": "6057", "Cuenca": "8- Río Salado", "C Cuenca": null, "Direccion": "Direccion General de Obras por Terceros - MOP", "Localidad": "San Cristobal, Monigotes, Suardi", "Resp.": null, "Dpto": "San Cristobal" }, "geometry": { "type": "Point", "coordinates": [ -61.399730087532348, -30.405612048918826 ] } },
{ "type": "Feature", "properties": { "Nombre": "Alc. Progr. 24600", "Estado": "Finalizado", "Obra": "Canal Traza N°3 y Obras de Arte - Distritos Capivara, Monigotes y Suardi - dpto. San Cristobal", "Datos": null, "Tipo": "Alcantarilla", "Region": "Región 3", "Código": "6057", "Cuenca": "8- Río Salado", "C Cuenca": null, "Direccion": "Direccion General de Obras por Terceros - MOP", "Localidad": "San Cristobal, Monigotes, Suardi", "Resp.": null, "Dpto": "San Cristobal" }, "geometry": { "type": "Point", "coordinates": [ -61.488291638547942, -30.437361778022019 ] } },
{ "type": "Feature", "properties": { "Nombre": "Alc. Progr. 22600", "Estado": "Finalizado", "Obra": "Canal Traza N°3 y Obras de Arte - Distritos Capivara, Monigotes y Suardi - dpto. San Cristobal", "Datos": null, "Tipo": "Alcantarilla", "Region": "Región 3", "Código": "6057", "Cuenca": "8- Río Salado", "C Cuenca": null, "Direccion": "Direccion General de Obras por Terceros - MOP", "Localidad": "San Cristobal, Monigotes, Suardi", "Resp.": null, "Dpto": "San Cristobal" }, "geometry": { "type": "Point", "coordinates": [ -61.470025641288437, -30.428918596198447 ] } },
{ "type": "Feature", "properties": { "Nombre": "Alc. Progr. 26891", "Estado": "Finalizado", "Obra": "Canal Traza N°3 y Obras de Arte - Distritos Capivara, Monigotes y Suardi - dpto. San Cristobal", "Datos": null, "Tipo": "Alcantarilla", "Region": "Región 3", "Código": "6057", "Cuenca": "8- Río Salado", "C Cuenca": null, "Direccion": "Direccion General de Obras por Terceros - MOP", "Localidad": "San Cristobal, Monigotes, Suardi", "Resp.": null, "Dpto": "San Cristobal" }, "geometry": { "type": "Point", "coordinates": [ -61.506987182280142, -30.450390319003162 ] } },
{ "type": "Feature", "properties": { "Nombre": "Alc. Progr. 26200", "Estado": "Finalizado", "Obra": "Canal Traza N°3 y Obras de Arte - Distritos Capivara, Monigotes y Suardi - dpto. San Cristobal", "Datos": null, "Tipo": "Alcantarilla", "Region": "Región 3", "Código": "6057", "Cuenca": "8- Río Salado", "C Cuenca": null, "Direccion": "Direccion General de Obras por Terceros - MOP", "Localidad": "San Cristobal, Monigotes, Suardi", "Resp.": null, "Dpto": "San Cristobal" }, "geometry": { "type": "Point", "coordinates": [ -61.501341116680699, -30.446526029440282 ] } },
{ "type": "Feature", "properties": { "Nombre": "Alc. Progr. 27500", "Estado": "Finalizado", "Obra": "Canal Traza N°3 y Obras de Arte - Distritos Capivara, Monigotes y Suardi - dpto. San Cristobal", "Datos": null, "Tipo": "Alcantarilla", "Region": "Región 3", "Código": "6057", "Cuenca": "8- Río Salado", "C Cuenca": null, "Direccion": "Direccion General de Obras por Terceros - MOP", "Localidad": "San Cristobal, Monigotes, Suardi", "Resp.": null, "Dpto": "San Cristobal" }, "geometry": { "type": "Point", "coordinates": [ -61.513452108139518, -30.452323873321738 ] } },
{ "type": "Feature", "properties": { "Nombre": "Ruta Provincial N° 71-S", "Estado": "Finalizado", "Obra": "Canal Traza N°3 y Obras de Arte - Distritos Capivara, Monigotes y Suardi - dpto. San Cristobal", "Datos": null, "Tipo": "Alcantarilla", "Region": "Región 3", "Código": "6057", "Cuenca": "8- Río Salado", "C Cuenca": null, "Direccion": "Direccion General de Obras por Terceros - MOP", "Localidad": "San Cristobal, Monigotes, Suardi", "Resp.": null, "Dpto": "San Cristobal" }, "geometry": { "type": "Point", "coordinates": [ -61.519801208498862, -30.454171039603612 ] } },
{ "type": "Feature", "properties": { "Nombre": "Alc. Progr. 38700", "Estado": "Finalizado", "Obra": "Canal Traza N°3 y Obras de Arte - Distritos Capivara, Monigotes y Suardi - dpto. San Cristobal", "Datos": null, "Tipo": "Alcantarilla", "Region": "Región 3", "Código": "6057", "Cuenca": "8- Río Salado", "C Cuenca": null, "Direccion": "Direccion General de Obras por Terceros - MOP", "Localidad": "San Cristobal, Monigotes, Suardi", "Resp.": null, "Dpto": "San Cristobal" }, "geometry": { "type": "Point", "coordinates": [ -61.625007813446409, -30.461946969781184 ] } },
{ "type": "Feature", "properties": { "Nombre": "Alc. Progr. 34536", "Estado": "Finalizado", "Obra": "Canal Traza N°3 y Obras de Arte - Distritos Capivara, Monigotes y Suardi - dpto. San Cristobal", "Datos": null, "Tipo": "Alcantarilla", "Region": "Región 3", "Código": "6057", "Cuenca": "8- Río Salado", "C Cuenca": null, "Direccion": "Direccion General de Obras por Terceros - MOP", "Localidad": "San Cristobal, Monigotes, Suardi", "Resp.": null, "Dpto": "San Cristobal" }, "geometry": { "type": "Point", "coordinates": [ -61.583668670211559, -30.460151181239578 ] } },
{ "type": "Feature", "properties": { "Nombre": "Alc. Progr. 40000", "Estado": "Finalizado", "Obra": "Canal Traza N°3 y Obras de Arte - Distritos Capivara, Monigotes y Suardi - dpto. San Cristobal", "Datos": null, "Tipo": "Alcantarilla", "Region": "Región 3", "Código": "6057", "Cuenca": "8- Río Salado", "C Cuenca": null, "Direccion": "Direccion General de Obras por Terceros - MOP", "Localidad": "San Cristobal, Monigotes, Suardi", "Resp.": null, "Dpto": "San Cristobal" }, "geometry": { "type": "Point", "coordinates": [ -61.63828791425869, -30.465233015600461 ] } },
{ "type": "Feature", "properties": { "Nombre": "Alc. Progr. 39200", "Estado": "Finalizado", "Obra": "Canal Traza N°3 y Obras de Arte - Distritos Capivara, Monigotes y Suardi - dpto. San Cristobal", "Datos": null, "Tipo": "Alcantarilla", "Region": "Región 3", "Código": "6057", "Cuenca": "8- Río Salado", "C Cuenca": null, "Direccion": "Direccion General de Obras por Terceros - MOP", "Localidad": "San Cristobal, Monigotes, Suardi", "Resp.": null, "Dpto": "San Cristobal" }, "geometry": { "type": "Point", "coordinates": [ -61.630085955787472, -30.463235369016161 ] } },
{ "type": "Feature", "properties": { "Nombre": "Alc. progr. 56554", "Estado": "Finalizado", "Obra": "Canal Traza N°3 y Obras de Arte - Distritos Capivara, Monigotes y Suardi - dpto. San Cristobal", "Datos": null, "Tipo": "Alcantarilla", "Region": "Región 3", "Código": "6057", "Cuenca": "8- Río Salado", "C Cuenca": null, "Direccion": "Direccion General de Obras por Terceros - MOP", "Localidad": "San Cristobal, Monigotes, Suardi", "Resp.": null, "Dpto": "San Cristobal" }, "geometry": { "type": "Point", "coordinates": [ -61.792718833784328, -30.511788946142989 ] } },
{ "type": "Feature", "properties": { "Nombre": "Alc. Progr. 44700", "Estado": "Finalizado", "Obra": "Canal Traza N°3 y Obras de Arte - Distritos Capivara, Monigotes y Suardi - dpto. San Cristobal", "Datos": null, "Tipo": "Alcantarilla", "Region": "Región 3", "Código": "6057", "Cuenca": "8- Río Salado", "C Cuenca": null, "Direccion": "Direccion General de Obras por Terceros - MOP", "Localidad": "San Cristobal, Monigotes, Suardi", "Resp.": null, "Dpto": "San Cristobal" }, "geometry": { "type": "Point", "coordinates": [ -61.67854115824548, -30.485582619476613 ] } },
{ "type": "Feature", "properties": { "Nombre": "Alc. Progr. 54800", "Estado": "Finalizado", "Obra": "Canal Traza N°3 y Obras de Arte - Distritos Capivara, Monigotes y Suardi - dpto. San Cristobal", "Datos": null, "Tipo": "Alcantarilla", "Region": "Región 3", "Código": "6057", "Cuenca": "8- Río Salado", "C Cuenca": null, "Direccion": "Direccion General de Obras por Terceros - MOP", "Localidad": "San Cristobal, Monigotes, Suardi", "Resp.": null, "Dpto": "San Cristobal" }, "geometry": { "type": "Point", "coordinates": [ -61.775612750988003, -30.505946168482815 ] } },
{ "type": "Feature", "properties": { "Nombre": "Alc. Progr. 54009", "Estado": "Finalizado", "Obra": "Canal Traza N°3 y Obras de Arte - Distritos Capivara, Monigotes y Suardi - dpto. San Cristobal", "Datos": null, "Tipo": "Alcantarilla", "Region": "Región 3", "Código": "6057", "Cuenca": "8- Río Salado", "C Cuenca": null, "Direccion": "Direccion General de Obras por Terceros - MOP", "Localidad": "San Cristobal, Monigotes, Suardi", "Resp.": null, "Dpto": "San Cristobal" }, "geometry": { "type": "Point", "coordinates": [ -61.76846419861328, -30.503684487581218 ] } },
{ "type": "Feature", "properties": { "Nombre": "Alc. Progr. 54100", "Estado": "Finalizado", "Obra": "Canal Traza N°3 y Obras de Arte - Distritos Capivara, Monigotes y Suardi - dpto. San Cristobal", "Datos": null, "Tipo": "Alcantarilla", "Region": "Región 3", "Código": "6057", "Cuenca": "8- Río Salado", "C Cuenca": null, "Direccion": "Direccion General de Obras por Terceros - MOP", "Localidad": "San Cristobal, Monigotes, Suardi", "Resp.": null, "Dpto": "San Cristobal" }, "geometry": { "type": "Point", "coordinates": [ -61.768828176651631, -30.503806040513545 ] } },
{ "type": "Feature", "properties": { "Nombre": "Alc. Progr. 53300", "Estado": "Finalizado", "Obra": "Canal Traza N°3 y Obras de Arte - Distritos Capivara, Monigotes y Suardi - dpto. San Cristobal", "Datos": null, "Tipo": "Alcantarilla", "Region": "Región 3", "Código": "6057", "Cuenca": "8- Río Salado", "C Cuenca": null, "Direccion": "Direccion General de Obras por Terceros - MOP", "Localidad": "San Cristobal, Monigotes, Suardi", "Resp.": null, "Dpto": "San Cristobal" }, "geometry": { "type": "Point", "coordinates": [ -61.762154151952977, -30.500482738617087 ] } },
{ "type": "Feature", "properties": { "Nombre": "Alc. Progr. 51500", "Estado": "Finalizado", "Obra": "Canal Traza N°3 y Obras de Arte - Distritos Capivara, Monigotes y Suardi - dpto. San Cristobal", "Datos": null, "Tipo": "Alcantarilla", "Region": "Región 3", "Código": "6057", "Cuenca": "8- Río Salado", "C Cuenca": null, "Direccion": "Direccion General de Obras por Terceros - MOP", "Localidad": "San Cristobal, Monigotes, Suardi", "Resp.": null, "Dpto": "San Cristobal" }, "geometry": { "type": "Point", "coordinates": [ -61.747561476535623, -30.490331034497522 ] } },
{ "type": "Feature", "properties": { "Nombre": "Alc. Progr. 50354", "Estado": "Finalizado", "Obra": "Canal Traza N°3 y Obras de Arte - Distritos Capivara, Monigotes y Suardi - dpto. San Cristobal", "Datos": null, "Tipo": "Alcantarilla", "Region": "Región 3", "Código": "6057", "Cuenca": "8- Río Salado", "C Cuenca": null, "Direccion": "Direccion General de Obras por Terceros - MOP", "Localidad": "San Cristobal, Monigotes, Suardi", "Resp.": null, "Dpto": "San Cristobal" }, "geometry": { "type": "Point", "coordinates": [ -61.735009601852404, -30.490934877108284 ] } },
{ "type": "Feature", "properties": { "Nombre": "Alc. Progr. 48335", "Estado": "Finalizado", "Obra": "Canal Traza N°3 y Obras de Arte - Distritos Capivara, Monigotes y Suardi - dpto. San Cristobal", "Datos": null, "Tipo": "Alcantarilla", "Region": "Región 3", "Código": "6057", "Cuenca": "8- Río Salado", "C Cuenca": null, "Direccion": "Direccion General de Obras por Terceros - MOP", "Localidad": "San Cristobal, Monigotes, Suardi", "Resp.": null, "Dpto": "San Cristobal" }, "geometry": { "type": "Point", "coordinates": [ -61.714138152899672, -30.490556090679014 ] } },
{ "type": "Feature", "properties": { "Nombre": "Alc. Progr. 48600", "Estado": "Finalizado", "Obra": "Canal Traza N°3 y Obras de Arte - Distritos Capivara, Monigotes y Suardi - dpto. San Cristobal", "Datos": null, "Tipo": "Alcantarilla", "Region": "Región 3", "Código": "6057", "Cuenca": "8- Río Salado", "C Cuenca": null, "Direccion": "Direccion General de Obras por Terceros - MOP", "Localidad": "San Cristobal, Monigotes, Suardi", "Resp.": null, "Dpto": "San Cristobal" }, "geometry": { "type": "Point", "coordinates": [ -61.716924268627452, -30.490802431656931 ] } },
{ "type": "Feature", "properties": { "Nombre": "Alc. Progr. 49500", "Estado": "Finalizado", "Obra": "Canal Traza N°3 y Obras de Arte - Distritos Capivara, Monigotes y Suardi - dpto. San Cristobal", "Datos": null, "Tipo": "Alcantarilla", "Region": "Región 3", "Código": "6057", "Cuenca": "8- Río Salado", "C Cuenca": null, "Direccion": "Direccion General de Obras por Terceros - MOP", "Localidad": "San Cristobal, Monigotes, Suardi", "Resp.": null, "Dpto": "San Cristobal" }, "geometry": { "type": "Point", "coordinates": [ -61.727293688994934, -30.491654706623795 ] } },
{ "type": "Feature", "properties": { "Nombre": "Alc. Progr. 48000", "Estado": "Finalizado", "Obra": "Canal Traza N°3 y Obras de Arte - Distritos Capivara, Monigotes y Suardi - dpto. San Cristobal", "Datos": null, "Tipo": "Alcantarilla", "Region": "Región 3", "Código": "6057", "Cuenca": "8- Río Salado", "C Cuenca": null, "Direccion": "Direccion General de Obras por Terceros - MOP", "Localidad": "San Cristobal, Monigotes, Suardi", "Resp.": null, "Dpto": "San Cristobal" }, "geometry": { "type": "Point", "coordinates": [ -61.710705356582089, -30.491044997776573 ] } },
{ "type": "Feature", "properties": { "Nombre": "Alc. Progr. 46345", "Estado": "Finalizado", "Obra": "Canal Traza N°3 y Obras de Arte - Distritos Capivara, Monigotes y Suardi - dpto. San Cristobal", "Datos": null, "Tipo": "Alcantarilla", "Region": "Región 3", "Código": "6057", "Cuenca": "8- Río Salado", "C Cuenca": null, "Direccion": "Direccion General de Obras por Terceros - MOP", "Localidad": "San Cristobal, Monigotes, Suardi", "Resp.": null, "Dpto": "San Cristobal" }, "geometry": { "type": "Point", "coordinates": [ -61.693618839117455, -30.492677161827949 ] } },
{ "type": "Feature", "properties": { "Nombre": "Alc. Progr. 45600", "Estado": "Finalizado", "Obra": "Canal Traza N°3 y Obras de Arte - Distritos Capivara, Monigotes y Suardi - dpto. San Cristobal", "Datos": null, "Tipo": "Alcantarilla", "Region": "Región 3", "Código": "6057", "Cuenca": "8- Río Salado", "C Cuenca": null, "Direccion": "Direccion General de Obras por Terceros - MOP", "Localidad": "San Cristobal, Monigotes, Suardi", "Resp.": null, "Dpto": "San Cristobal" }, "geometry": { "type": "Point", "coordinates": [ -61.686668219710853, -30.489590937198233 ] } },
{ "type": "Feature", "properties": { "Nombre": "Alc. Progr. 44382 RP 76-S", "Estado": "Finalizado", "Obra": "Canal Traza N°3 y Obras de Arte - Distritos Capivara, Monigotes y Suardi - dpto. San Cristobal", "Datos": null, "Tipo": "Alcantarilla", "Region": "Región 3", "Código": "6057", "Cuenca": "8- Río Salado", "C Cuenca": null, "Direccion": "Direccion General de Obras por Terceros - MOP", "Localidad": "San Cristobal, Monigotes, Suardi", "Resp.": null, "Dpto": "San Cristobal" }, "geometry": { "type": "Point", "coordinates": [ -61.675159203740961, -30.484172096944594 ] } },
{ "type": "Feature", "properties": { "Nombre": "Alc. Progr. 43400", "Estado": "Finalizado", "Obra": "Canal Traza N°3 y Obras de Arte - Distritos Capivara, Monigotes y Suardi - dpto. San Cristobal", "Datos": null, "Tipo": "Alcantarilla", "Region": "Región 3", "Código": "6057", "Cuenca": "8- Río Salado", "C Cuenca": null, "Direccion": "Direccion General de Obras por Terceros - MOP", "Localidad": "San Cristobal, Monigotes, Suardi", "Resp.": null, "Dpto": "San Cristobal" }, "geometry": { "type": "Point", "coordinates": [ -61.665776301574361, -30.482508526483276 ] } },
{ "type": "Feature", "properties": { "Nombre": "Alc. Progr. 42800", "Estado": "Finalizado", "Obra": "Canal Traza N°3 y Obras de Arte - Distritos Capivara, Monigotes y Suardi - dpto. San Cristobal", "Datos": null, "Tipo": "Alcantarilla", "Region": "Región 3", "Código": "6057", "Cuenca": "8- Río Salado", "C Cuenca": null, "Direccion": "Direccion General de Obras por Terceros - MOP", "Localidad": "San Cristobal, Monigotes, Suardi", "Resp.": null, "Dpto": "San Cristobal" }, "geometry": { "type": "Point", "coordinates": [ -61.660621468907834, -30.4799119289667 ] } },
{ "type": "Feature", "properties": { "Nombre": "Alc. Progr. 42280", "Estado": "Finalizado", "Obra": "Canal Traza N°3 y Obras de Arte - Distritos Capivara, Monigotes y Suardi - dpto. San Cristobal", "Datos": null, "Tipo": "Alcantarilla", "Region": "Región 3", "Código": "6057", "Cuenca": "8- Río Salado", "C Cuenca": null, "Direccion": "Direccion General de Obras por Terceros - MOP", "Localidad": "San Cristobal, Monigotes, Suardi", "Resp.": null, "Dpto": "San Cristobal" }, "geometry": { "type": "Point", "coordinates": [ -61.656967125092791, -30.478085718948602 ] } },
{ "type": "Feature", "properties": { "Nombre": "Alc. Progr. 42200", "Estado": "Finalizado", "Obra": "Canal Traza N°3 y Obras de Arte - Distritos Capivara, Monigotes y Suardi - dpto. San Cristobal", "Datos": null, "Tipo": "Alcantarilla", "Region": "Región 3", "Código": "6057", "Cuenca": "8- Río Salado", "C Cuenca": null, "Direccion": "Direccion General de Obras por Terceros - MOP", "Localidad": "San Cristobal, Monigotes, Suardi", "Resp.": null, "Dpto": "San Cristobal" }, "geometry": { "type": "Point", "coordinates": [ -61.655553898671329, -30.47735517525496 ] } },
{ "type": "Feature", "properties": { "Nombre": "Alc. Progr. 41300", "Estado": "Finalizado", "Obra": "Canal Traza N°3 y Obras de Arte - Distritos Capivara, Monigotes y Suardi - dpto. San Cristobal", "Datos": null, "Tipo": "Alcantarilla", "Region": "Región 3", "Código": "6057", "Cuenca": "8- Río Salado", "C Cuenca": null, "Direccion": "Direccion General de Obras por Terceros - MOP", "Localidad": "San Cristobal, Monigotes, Suardi", "Resp.": null, "Dpto": "San Cristobal" }, "geometry": { "type": "Point", "coordinates": [ -61.647514312166415, -30.473169242346167 ] } },
{ "type": "Feature", "properties": { "Nombre": "Alc. Progr. 39875", "Estado": "En Ejecucion", "Obra": "Canal Traza N°3 y Obras de Arte - Distritos Capivara, Monigotes y Suardi - dpto. San Cristobal", "Datos": null, "Tipo": "Alcantarilla", "Region": "Región 3", "Código": "6057", "Cuenca": "8- Río Salado", "C Cuenca": null, "Direccion": "Direccion General de Obras por Terceros - MOP", "Localidad": "San Cristobal, Monigotes, Suardi", "Resp.": null, "Dpto": "San Cristobal" }, "geometry": { "type": "Point", "coordinates": [ -61.636800679483969, -30.465029701182566 ] } },
{ "type": "Feature", "properties": { "Nombre": "Alc. Progr. 37591", "Estado": "Finalizado", "Obra": "Canal Traza N°3 y Obras de Arte - Distritos Capivara, Monigotes y Suardi - dpto. San Cristobal", "Datos": null, "Tipo": "Alcantarilla", "Region": "Región 3", "Código": "6057", "Cuenca": "8- Río Salado", "C Cuenca": null, "Direccion": "Direccion General de Obras por Terceros - MOP", "Localidad": "San Cristobal, Monigotes, Suardi", "Resp.": null, "Dpto": "San Cristobal" }, "geometry": { "type": "Point", "coordinates": [ -61.615675926622046, -30.458349400030244 ] } },
{ "type": "Feature", "properties": { "Nombre": "Progr. 5000", "Estado": "Finalizado", "Obra": "Canal Traza N°3 y Obras de Arte - Distritos Capivara, Monigotes y Suardi - dpto. San Cristobal", "Datos": null, "Tipo": "Alcantarilla", "Region": "Región 3", "Código": "6057", "Cuenca": "8- Río Salado", "C Cuenca": null, "Direccion": "Direccion General de Obras por Terceros - MOP", "Localidad": "San Cristobal, Monigotes, Suardi", "Resp.": null, "Dpto": "San Cristobal" }, "geometry": { "type": "Point", "coordinates": [ -61.301937386625774, -30.389504756675958 ] } },
{ "type": "Feature", "properties": { "Nombre": "Progr. 4000", "Estado": "Finalizado", "Obra": "Canal Traza N°3 y Obras de Arte - Distritos Capivara, Monigotes y Suardi - dpto. San Cristobal", "Datos": null, "Tipo": "Alcantarilla", "Region": "Región 3", "Código": "6057", "Cuenca": "8- Río Salado", "C Cuenca": null, "Direccion": "Direccion General de Obras por Terceros - MOP", "Localidad": "San Cristobal, Monigotes, Suardi", "Resp.": null, "Dpto": "San Cristobal" }, "geometry": { "type": "Point", "coordinates": [ -61.291718459522698, -30.387988185731352 ] } },
{ "type": "Feature", "properties": { "Nombre": "Progr. 3000", "Estado": "Finalizado", "Obra": "Canal Traza N°3 y Obras de Arte - Distritos Capivara, Monigotes y Suardi - dpto. San Cristobal", "Datos": null, "Tipo": "Alcantarilla", "Region": "Región 3", "Código": "6057", "Cuenca": "8- Río Salado", "C Cuenca": null, "Direccion": "Direccion General de Obras por Terceros - MOP", "Localidad": "San Cristobal, Monigotes, Suardi", "Resp.": null, "Dpto": "San Cristobal" }, "geometry": { "type": "Point", "coordinates": [ -61.281396466774936, -30.388253264616736 ] } },
{ "type": "Feature", "properties": { "Nombre": "Progr. 2000", "Estado": "Finalizado", "Obra": "Canal Traza N°3 y Obras de Arte - Distritos Capivara, Monigotes y Suardi - dpto. San Cristobal", "Datos": null, "Tipo": "Alcantarilla", "Region": "Región 3", "Código": "6057", "Cuenca": "8- Río Salado", "C Cuenca": null, "Direccion": "Direccion General de Obras por Terceros - MOP", "Localidad": "San Cristobal, Monigotes, Suardi", "Resp.": null, "Dpto": "San Cristobal" }, "geometry": { "type": "Point", "coordinates": [ -61.271304104341475, -30.387362182554693 ] } },
{ "type": "Feature", "properties": { "Nombre": "Progr. 0", "Estado": "Finalizado", "Obra": "Canal Traza N°3 y Obras de Arte - Distritos Capivara, Monigotes y Suardi - dpto. San Cristobal", "Datos": null, "Tipo": "Alcantarilla", "Region": "Región 3", "Código": "6057", "Cuenca": "8- Río Salado", "C Cuenca": null, "Direccion": "Direccion General de Obras por Terceros - MOP", "Localidad": "San Cristobal, Monigotes, Suardi", "Resp.": null, "Dpto": "San Cristobal" }, "geometry": { "type": "Point", "coordinates": [ -61.254134135508124, -30.381762369606975 ] } },
{ "type": "Feature", "properties": { "Nombre": "Progr. 1000", "Estado": "Finalizado", "Obra": "Canal Traza N°3 y Obras de Arte - Distritos Capivara, Monigotes y Suardi - dpto. San Cristobal", "Datos": null, "Tipo": "Alcantarilla", "Region": "Región 3", "Código": "6057", "Cuenca": "8- Río Salado", "C Cuenca": null, "Direccion": "Direccion General de Obras por Terceros - MOP", "Localidad": "San Cristobal, Monigotes, Suardi", "Resp.": null, "Dpto": "San Cristobal" }, "geometry": { "type": "Point", "coordinates": [ -61.261984399357864, -30.386863477826807 ] } },
{ "type": "Feature", "properties": { "Nombre": "Progr. 22000", "Estado": "Finalizado", "Obra": "Canal Traza N°3 y Obras de Arte - Distritos Capivara, Monigotes y Suardi - dpto. San Cristobal", "Datos": null, "Tipo": "Alcantarilla", "Region": "Región 3", "Código": "6057", "Cuenca": "8- Río Salado", "C Cuenca": null, "Direccion": "Direccion General de Obras por Terceros - MOP", "Localidad": "San Cristobal, Monigotes, Suardi", "Resp.": null, "Dpto": "San Cristobal" }, "geometry": { "type": "Point", "coordinates": [ -61.46471920640618, -30.426283872074908 ] } },
{ "type": "Feature", "properties": { "Nombre": "Progr. 20000", "Estado": "Finalizado", "Obra": "Canal Traza N°3 y Obras de Arte - Distritos Capivara, Monigotes y Suardi - dpto. San Cristobal", "Datos": null, "Tipo": "Alcantarilla", "Region": "Región 3", "Código": "6057", "Cuenca": "8- Río Salado", "C Cuenca": null, "Direccion": "Direccion General de Obras por Terceros - MOP", "Localidad": "San Cristobal, Monigotes, Suardi", "Resp.": null, "Dpto": "San Cristobal" }, "geometry": { "type": "Point", "coordinates": [ -61.446263385637359, -30.418135247889047 ] } },
{ "type": "Feature", "properties": { "Nombre": "Progr. 19000", "Estado": "Finalizado", "Obra": "Canal Traza N°3 y Obras de Arte - Distritos Capivara, Monigotes y Suardi - dpto. San Cristobal", "Datos": null, "Tipo": "Alcantarilla", "Region": "Región 3", "Código": "6057", "Cuenca": "8- Río Salado", "C Cuenca": null, "Direccion": "Direccion General de Obras por Terceros - MOP", "Localidad": "San Cristobal, Monigotes, Suardi", "Resp.": null, "Dpto": "San Cristobal" }, "geometry": { "type": "Point", "coordinates": [ -61.436733277331072, -30.415638884911498 ] } },
{ "type": "Feature", "properties": { "Nombre": "Progr. 21000", "Estado": "Finalizado", "Obra": "Canal Traza N°3 y Obras de Arte - Distritos Capivara, Monigotes y Suardi - dpto. San Cristobal", "Datos": null, "Tipo": "Alcantarilla", "Region": "Región 3", "Código": "6057", "Cuenca": "8- Río Salado", "C Cuenca": null, "Direccion": "Direccion General de Obras por Terceros - MOP", "Localidad": "San Cristobal, Monigotes, Suardi", "Resp.": null, "Dpto": "San Cristobal" }, "geometry": { "type": "Point", "coordinates": [ -61.455556404768714, -30.421892939552045 ] } },
{ "type": "Feature", "properties": { "Nombre": "Progr. 18000", "Estado": "Finalizado", "Obra": "Canal Traza N°3 y Obras de Arte - Distritos Capivara, Monigotes y Suardi - dpto. San Cristobal", "Datos": null, "Tipo": "Alcantarilla", "Region": "Región 3", "Código": "6057", "Cuenca": "8- Río Salado", "C Cuenca": null, "Direccion": "Direccion General de Obras por Terceros - MOP", "Localidad": "San Cristobal, Monigotes, Suardi", "Resp.": null, "Dpto": "San Cristobal" }, "geometry": { "type": "Point", "coordinates": [ -61.426604660060818, -30.413651377775363 ] } },
{ "type": "Feature", "properties": { "Nombre": "Progr. 17000", "Estado": "Finalizado", "Obra": "Canal Traza N°3 y Obras de Arte - Distritos Capivara, Monigotes y Suardi - dpto. San Cristobal", "Datos": null, "Tipo": "Alcantarilla", "Region": "Región 3", "Código": "6057", "Cuenca": "8- Río Salado", "C Cuenca": null, "Direccion": "Direccion General de Obras por Terceros - MOP", "Localidad": "San Cristobal, Monigotes, Suardi", "Resp.": null, "Dpto": "San Cristobal" }, "geometry": { "type": "Point", "coordinates": [ -61.416779689074431, -30.410659440757097 ] } },
{ "type": "Feature", "properties": { "Nombre": "Progr. 14000", "Estado": "Finalizado", "Obra": "Canal Traza N°3 y Obras de Arte - Distritos Capivara, Monigotes y Suardi - dpto. San Cristobal", "Datos": null, "Tipo": "Alcantarilla", "Region": "Región 3", "Código": "6057", "Cuenca": "8- Río Salado", "C Cuenca": null, "Direccion": "Direccion General de Obras por Terceros - MOP", "Localidad": "San Cristobal, Monigotes, Suardi", "Resp.": null, "Dpto": "San Cristobal" }, "geometry": { "type": "Point", "coordinates": [ -61.386588163673437, -30.404393399661753 ] } },
{ "type": "Feature", "properties": { "Nombre": "Progr. 16000", "Estado": "Finalizado", "Obra": "Canal Traza N°3 y Obras de Arte - Distritos Capivara, Monigotes y Suardi - dpto. San Cristobal", "Datos": null, "Tipo": "Alcantarilla", "Region": "Región 3", "Código": "6057", "Cuenca": "8- Río Salado", "C Cuenca": null, "Direccion": "Direccion General de Obras por Terceros - MOP", "Localidad": "San Cristobal, Monigotes, Suardi", "Resp.": null, "Dpto": "San Cristobal" }, "geometry": { "type": "Point", "coordinates": [ -61.406881944495041, -30.40780014370797 ] } },
{ "type": "Feature", "properties": { "Nombre": "Progr. 12000", "Estado": "Finalizado", "Obra": "Canal Traza N°3 y Obras de Arte - Distritos Capivara, Monigotes y Suardi - dpto. San Cristobal", "Datos": null, "Tipo": "Alcantarilla", "Region": "Región 3", "Código": "6057", "Cuenca": "8- Río Salado", "C Cuenca": null, "Direccion": "Direccion General de Obras por Terceros - MOP", "Localidad": "San Cristobal, Monigotes, Suardi", "Resp.": null, "Dpto": "San Cristobal" }, "geometry": { "type": "Point", "coordinates": [ -61.36715473285296, -30.400670699882077 ] } },
{ "type": "Feature", "properties": { "Nombre": "Progr. 15000", "Estado": "Finalizado", "Obra": "Canal Traza N°3 y Obras de Arte - Distritos Capivara, Monigotes y Suardi - dpto. San Cristobal", "Datos": null, "Tipo": "Alcantarilla", "Region": "Región 3", "Código": "6057", "Cuenca": "8- Río Salado", "C Cuenca": null, "Direccion": "Direccion General de Obras por Terceros - MOP", "Localidad": "San Cristobal, Monigotes, Suardi", "Resp.": null, "Dpto": "San Cristobal" }, "geometry": { "type": "Point", "coordinates": [ -61.396857933588329, -30.405387942706021 ] } },
{ "type": "Feature", "properties": { "Nombre": "Progr. 11000", "Estado": "Finalizado", "Obra": "Canal Traza N°3 y Obras de Arte - Distritos Capivara, Monigotes y Suardi - dpto. San Cristobal", "Datos": null, "Tipo": "Alcantarilla", "Region": "Región 3", "Código": "6057", "Cuenca": "8- Río Salado", "C Cuenca": null, "Direccion": "Direccion General de Obras por Terceros - MOP", "Localidad": "San Cristobal, Monigotes, Suardi", "Resp.": null, "Dpto": "San Cristobal" }, "geometry": { "type": "Point", "coordinates": [ -61.359524092016791, -30.39447514239972 ] } },
{ "type": "Feature", "properties": { "Nombre": "Progr. 9000", "Estado": "Finalizado", "Obra": "Canal Traza N°3 y Obras de Arte - Distritos Capivara, Monigotes y Suardi - dpto. San Cristobal", "Datos": null, "Tipo": "Alcantarilla", "Region": "Región 3", "Código": "6057", "Cuenca": "8- Río Salado", "C Cuenca": null, "Direccion": "Direccion General de Obras por Terceros - MOP", "Localidad": "San Cristobal, Monigotes, Suardi", "Resp.": null, "Dpto": "San Cristobal" }, "geometry": { "type": "Point", "coordinates": [ -61.342103168845441, -30.388791136695247 ] } },
{ "type": "Feature", "properties": { "Nombre": "Progr. 8000", "Estado": "Finalizado", "Obra": "Canal Traza N°3 y Obras de Arte - Distritos Capivara, Monigotes y Suardi - dpto. San Cristobal", "Datos": null, "Tipo": "Alcantarilla", "Region": "Región 3", "Código": "6057", "Cuenca": "8- Río Salado", "C Cuenca": null, "Direccion": "Direccion General de Obras por Terceros - MOP", "Localidad": "San Cristobal, Monigotes, Suardi", "Resp.": null, "Dpto": "San Cristobal" }, "geometry": { "type": "Point", "coordinates": [ -61.332003688324697, -30.39079524154155 ] } },
{ "type": "Feature", "properties": { "Nombre": "Progr. 10000", "Estado": "Finalizado", "Obra": "Canal Traza N°3 y Obras de Arte - Distritos Capivara, Monigotes y Suardi - dpto. San Cristobal", "Datos": null, "Tipo": "Alcantarilla", "Region": "Región 3", "Código": "6057", "Cuenca": "8- Río Salado", "C Cuenca": null, "Direccion": "Direccion General de Obras por Terceros - MOP", "Localidad": "San Cristobal, Monigotes, Suardi", "Resp.": null, "Dpto": "San Cristobal" }, "geometry": { "type": "Point", "coordinates": [ -61.35198307037264, -30.388328864210131 ] } },
{ "type": "Feature", "properties": { "Nombre": "Progr. 6000", "Estado": "Finalizado", "Obra": "Canal Traza N°3 y Obras de Arte - Distritos Capivara, Monigotes y Suardi - dpto. San Cristobal", "Datos": null, "Tipo": "Alcantarilla", "Region": "Región 3", "Código": "6057", "Cuenca": "8- Río Salado", "C Cuenca": null, "Direccion": "Direccion General de Obras por Terceros - MOP", "Localidad": "San Cristobal, Monigotes, Suardi", "Resp.": null, "Dpto": "San Cristobal" }, "geometry": { "type": "Point", "coordinates": [ -61.312125027024251, -30.39098853740693 ] } },
{ "type": "Feature", "properties": { "Nombre": "Progr. 7000", "Estado": "Finalizado", "Obra": "Canal Traza N°3 y Obras de Arte - Distritos Capivara, Monigotes y Suardi - dpto. San Cristobal", "Datos": null, "Tipo": "Alcantarilla", "Region": "Región 3", "Código": "6057", "Cuenca": "8- Río Salado", "C Cuenca": null, "Direccion": "Direccion General de Obras por Terceros - MOP", "Localidad": "San Cristobal, Monigotes, Suardi", "Resp.": null, "Dpto": "San Cristobal" }, "geometry": { "type": "Point", "coordinates": [ -61.321930807000435, -30.391236436828692 ] } },
{ "type": "Feature", "properties": { "Nombre": "Progr. 13000", "Estado": "Finalizado", "Obra": "Canal Traza N°3 y Obras de Arte - Distritos Capivara, Monigotes y Suardi - dpto. San Cristobal", "Datos": null, "Tipo": "Alcantarilla", "Region": "Región 3", "Código": "6057", "Cuenca": "8- Río Salado", "C Cuenca": null, "Direccion": "Direccion General de Obras por Terceros - MOP", "Localidad": "San Cristobal, Monigotes, Suardi", "Resp.": null, "Dpto": "San Cristobal" }, "geometry": { "type": "Point", "coordinates": [ -61.376318905026537, -30.403737986361477 ] } },
{ "type": "Feature", "properties": { "Nombre": "P4670", "Estado": "Finalizado", "Obra": "Canal Traza N°3 y Obras de Arte - Distritos Capivara, Monigotes y Suardi - dpto. San Cristobal", "Datos": null, "Tipo": "Alcantarilla", "Region": "Región 3", "Código": "6057", "Cuenca": "8- Río Salado", "C Cuenca": null, "Direccion": "Direccion General de Obras por Terceros - MOP", "Localidad": "San Cristobal, Monigotes, Suardi", "Resp.": null, "Dpto": "San Cristobal" }, "geometry": { "type": "Point", "coordinates": [ -61.298596135487578, -30.38875538740794 ] } },
{ "type": "Feature", "properties": { "Nombre": "P4754", "Estado": "Finalizado", "Obra": "Canal Traza N°3 y Obras de Arte - Distritos Capivara, Monigotes y Suardi - dpto. San Cristobal", "Datos": null, "Tipo": "Alcantarilla", "Region": "Región 3", "Código": "6057", "Cuenca": "8- Río Salado", "C Cuenca": null, "Direccion": "Direccion General de Obras por Terceros - MOP", "Localidad": "San Cristobal, Monigotes, Suardi", "Resp.": null, "Dpto": "San Cristobal" }, "geometry": { "type": "Point", "coordinates": [ -61.299416755094875, -30.389005976202078 ] } },
{ "type": "Feature", "properties": { "Nombre": "P5324", "Estado": "Finalizado", "Obra": "Canal Traza N°3 y Obras de Arte - Distritos Capivara, Monigotes y Suardi - dpto. San Cristobal", "Datos": null, "Tipo": "Alcantarilla", "Region": "Región 3", "Código": "6057", "Cuenca": "8- Río Salado", "C Cuenca": null, "Direccion": "Direccion General de Obras por Terceros - MOP", "Localidad": "San Cristobal, Monigotes, Suardi", "Resp.": null, "Dpto": "San Cristobal" }, "geometry": { "type": "Point", "coordinates": [ -61.305217581988359, -30.389862350306796 ] } },
{ "type": "Feature", "properties": { "Nombre": "P5375", "Estado": "Finalizado", "Obra": "Canal Traza N°3 y Obras de Arte - Distritos Capivara, Monigotes y Suardi - dpto. San Cristobal", "Datos": null, "Tipo": "Alcantarilla", "Region": "Región 3", "Código": "6057", "Cuenca": "8- Río Salado", "C Cuenca": null, "Direccion": "Direccion General de Obras por Terceros - MOP", "Localidad": "San Cristobal, Monigotes, Suardi", "Resp.": null, "Dpto": "San Cristobal" }, "geometry": { "type": "Point", "coordinates": [ -61.305753686172601, -30.389844987100272 ] } },
{ "type": "Feature", "properties": { "Nombre": "P6136", "Estado": "Finalizado", "Obra": "Canal Traza N°3 y Obras de Arte - Distritos Capivara, Monigotes y Suardi - dpto. San Cristobal", "Datos": null, "Tipo": "Alcantarilla", "Region": "Región 3", "Código": "6057", "Cuenca": "8- Río Salado", "C Cuenca": null, "Direccion": "Direccion General de Obras por Terceros - MOP", "Localidad": "San Cristobal, Monigotes, Suardi", "Resp.": null, "Dpto": "San Cristobal" }, "geometry": { "type": "Point", "coordinates": [ -61.313371284944871, -30.391564913288001 ] } },
{ "type": "Feature", "properties": { "Nombre": "P6541", "Estado": "Finalizado", "Obra": "Canal Traza N°3 y Obras de Arte - Distritos Capivara, Monigotes y Suardi - dpto. San Cristobal", "Datos": null, "Tipo": "Alcantarilla", "Region": "Región 3", "Código": "6057", "Cuenca": "8- Río Salado", "C Cuenca": null, "Direccion": "Direccion General de Obras por Terceros - MOP", "Localidad": "San Cristobal, Monigotes, Suardi", "Resp.": null, "Dpto": "San Cristobal" }, "geometry": { "type": "Point", "coordinates": [ -61.317493268753701, -30.390902205032162 ] } },
{ "type": "Feature", "properties": { "Nombre": "P6877", "Estado": "Finalizado", "Obra": "Canal Traza N°3 y Obras de Arte - Distritos Capivara, Monigotes y Suardi - dpto. San Cristobal", "Datos": null, "Tipo": "Alcantarilla", "Region": "Región 3", "Código": "6057", "Cuenca": "8- Río Salado", "C Cuenca": null, "Direccion": "Direccion General de Obras por Terceros - MOP", "Localidad": "San Cristobal, Monigotes, Suardi", "Resp.": null, "Dpto": "San Cristobal" }, "geometry": { "type": "Point", "coordinates": [ -61.320884610987832, -30.390616532494608 ] } },
{ "type": "Feature", "properties": { "Nombre": "P9470", "Estado": "Finalizado", "Obra": "Canal Traza N°3 y Obras de Arte - Distritos Capivara, Monigotes y Suardi - dpto. San Cristobal", "Datos": null, "Tipo": "Alcantarilla", "Region": "Región 3", "Código": "6057", "Cuenca": "8- Río Salado", "C Cuenca": null, "Direccion": "Direccion General de Obras por Terceros - MOP", "Localidad": "San Cristobal, Monigotes, Suardi", "Resp.": null, "Dpto": "San Cristobal" }, "geometry": { "type": "Point", "coordinates": [ -61.346856473798503, -30.387923624942037 ] } },
{ "type": "Feature", "properties": { "Nombre": "P9538", "Estado": "Finalizado", "Obra": "Canal Traza N°3 y Obras de Arte - Distritos Capivara, Monigotes y Suardi - dpto. San Cristobal", "Datos": null, "Tipo": "Alcantarilla", "Region": "Región 3", "Código": "6057", "Cuenca": "8- Río Salado", "C Cuenca": null, "Direccion": "Direccion General de Obras por Terceros - MOP", "Localidad": "San Cristobal, Monigotes, Suardi", "Resp.": null, "Dpto": "San Cristobal" }, "geometry": { "type": "Point", "coordinates": [ -61.347562539911728, -30.387788792867873 ] } },
{ "type": "Feature", "properties": { "Nombre": "P11400", "Estado": "Finalizado", "Obra": "Canal Traza N°3 y Obras de Arte - Distritos Capivara, Monigotes y Suardi - dpto. San Cristobal", "Datos": null, "Tipo": "Alcantarilla", "Region": "Región 3", "Código": "6057", "Cuenca": "8- Río Salado", "C Cuenca": null, "Direccion": "Direccion General de Obras por Terceros - MOP", "Localidad": "San Cristobal, Monigotes, Suardi", "Resp.": null, "Dpto": "San Cristobal" }, "geometry": { "type": "Point", "coordinates": [ -61.362552162115378, -30.396944252626923 ] } },
{ "type": "Feature", "properties": { "Nombre": "P12438", "Estado": "Finalizado", "Obra": "Canal Traza N°3 y Obras de Arte - Distritos Capivara, Monigotes y Suardi - dpto. San Cristobal", "Datos": null, "Tipo": "Alcantarilla", "Region": "Región 3", "Código": "6057", "Cuenca": "8- Río Salado", "C Cuenca": null, "Direccion": "Direccion General de Obras por Terceros - MOP", "Localidad": "San Cristobal, Monigotes, Suardi", "Resp.": null, "Dpto": "San Cristobal" }, "geometry": { "type": "Point", "coordinates": [ -61.370495234190329, -30.403365453740555 ] } },
{ "type": "Feature", "properties": { "Nombre": "P14110", "Estado": "Finalizado", "Obra": "Canal Traza N°3 y Obras de Arte - Distritos Capivara, Monigotes y Suardi - dpto. San Cristobal", "Datos": null, "Tipo": "Alcantarilla", "Region": "Región 3", "Código": "6057", "Cuenca": "8- Río Salado", "C Cuenca": null, "Direccion": "Direccion General de Obras por Terceros - MOP", "Localidad": "San Cristobal, Monigotes, Suardi", "Resp.": null, "Dpto": "San Cristobal" }, "geometry": { "type": "Point", "coordinates": [ -61.387750414958035, -30.404392155846185 ] } },
{ "type": "Feature", "properties": { "Nombre": "P14180", "Estado": "Finalizado", "Obra": "Canal Traza N°3 y Obras de Arte - Distritos Capivara, Monigotes y Suardi - dpto. San Cristobal", "Datos": null, "Tipo": "Alcantarilla", "Region": "Región 3", "Código": "6057", "Cuenca": "8- Río Salado", "C Cuenca": null, "Direccion": "Direccion General de Obras por Terceros - MOP", "Localidad": "San Cristobal, Monigotes, Suardi", "Resp.": null, "Dpto": "San Cristobal" }, "geometry": { "type": "Point", "coordinates": [ -61.388510316504941, -30.404396084138419 ] } },
{ "type": "Feature", "properties": { "Nombre": "Columna EPE a desplazar ", "Estado": "Sin Ejecutar", "Obra": "Estabilizacion de la cascada arroyo saladillo etapa I", "Datos": null, "Tipo": "epe", "Region": "Región 5", "Código": "6090", "Cuenca": "17- Arroyo Saladillo", "C Cuenca": null, "Direccion": "Direccion General de Obras por Terceros - MOP", "Localidad": "Rosario", "Resp.": null, "Dpto": "Rosario" }, "geometry": { "type": "Point", "coordinates": [ -60.635028, -33.014324000000251 ] } },
{ "type": "Feature", "properties": { "Nombre": "Cartel de Obra", "Estado": "Cartel", "Obra": "Estabilizacion de la cascada arroyo saladillo etapa I", "Datos": null, "Tipo": "Extra", "Region": "Región 5", "Código": "6090", "Cuenca": "17- Arroyo Saladillo", "C Cuenca": null, "Direccion": "Direccion General de Obras por Terceros - MOP", "Localidad": "Rosario", "Resp.": null, "Dpto": "Rosario" }, "geometry": { "type": "Point", "coordinates": [ -60.6346, -33.014903000000274 ] } },
{ "type": "Feature", "properties": { "Nombre": "Inicio de obra", "Estado": null, "Obra": "Estabilizacion de la cascada arroyo saladillo etapa I", "Datos": null, "Tipo": "Extra", "Region": "Región 5", "Código": "6090", "Cuenca": "17- Arroyo Saladillo", "C Cuenca": null, "Direccion": "Direccion General de Obras por Terceros - MOP", "Localidad": "Rosario", "Resp.": null, "Dpto": "Rosario" }, "geometry": { "type": "Point", "coordinates": [ -60.635045, -33.015009000000262 ] } },
{ "type": "Feature", "properties": { "Nombre": "Finalizacion de obra", "Estado": null, "Obra": "Estabilizacion de la cascada arroyo saladillo etapa I", "Datos": null, "Tipo": "Extra", "Region": "Región 5", "Código": "6090", "Cuenca": "17- Arroyo Saladillo", "C Cuenca": null, "Direccion": "Direccion General de Obras por Terceros - MOP", "Localidad": "Rosario", "Resp.": null, "Dpto": "Rosario" }, "geometry": { "type": "Point", "coordinates": [ -60.635562, -33.012777000000277 ] } },
{ "type": "Feature", "properties": { "Nombre": "OBRA NEUTRALIZADA", "Estado": null, "Obra": "Estabilizacion de la cascada arroyo saladillo etapa I", "Datos": null, "Tipo": "Extra", "Region": "Región 5", "Código": "6090", "Cuenca": "17- Arroyo Saladillo", "C Cuenca": null, "Direccion": "Direccion General de Obras por Terceros - MOP", "Localidad": "Rosario", "Resp.": null, "Dpto": "Rosario" }, "geometry": { "type": "Point", "coordinates": [ -60.634840900000079, -33.013845500000279 ] } },
{ "type": "Feature", "properties": { "Nombre": "ALCANTARILLA VA6*", "Estado": "Finalizado", "Obra": "Construccion de alcantarillas Agataura", "Datos": null, "Tipo": "Alcantarilla", "Region": "Región 6", "Código": "6092", "Cuenca": "23- Las Encadenadas - Salado Brazo Norte", "C Cuenca": null, "Direccion": "Direccion General de Obras por Terceros - MOP", "Localidad": "Venado Tuerto", "Resp.": null, "Dpto": "General Lopez" }, "geometry": { "type": "Point", "coordinates": [ -61.91275, -33.806923000000275 ] } },
{ "type": "Feature", "properties": { "Nombre": "ALCANTARILLA VA6 - Z-2915i", "Estado": "En Ejecucion", "Obra": "Construccion de alcantarillas Agataura", "Datos": null, "Tipo": "Alcantarilla", "Region": "Región 6", "Código": "6092", "Cuenca": "23- Las Encadenadas - Salado Brazo Norte", "C Cuenca": null, "Direccion": "Direccion General de Obras por Terceros - MOP", "Localidad": "Venado Tuerto", "Resp.": null, "Dpto": "General Lopez" }, "geometry": { "type": "Point", "coordinates": [ -61.912735, -33.806613000000276 ] } },
{ "type": "Feature", "properties": { "Nombre": "CARTEL DE OBRA", "Estado": "Cartel", "Obra": "Construccion de alcantarillas Agataura", "Datos": null, "Tipo": "Extra", "Region": "Región 6", "Código": "6092", "Cuenca": "23- Las Encadenadas - Salado Brazo Norte", "C Cuenca": null, "Direccion": "Direccion General de Obras por Terceros - MOP", "Localidad": "Venado Tuerto", "Resp.": null, "Dpto": "General Lopez" }, "geometry": { "type": "Point", "coordinates": [ -61.912203, -33.806550000000271 ] } },
{ "type": "Feature", "properties": { "Nombre": "PANTALLA CONTINUA EN EJECUCIÓN (5 MODULOS DE 19)", "Estado": "En Ejecucion", "Obra": "Establizacion cascadda a° saladillo etapa II", "Datos": null, "Tipo": "Pantalla de Proteccion", "Region": "Región 5", "Código": "6094", "Cuenca": "17- Arroyo Saladillo", "C Cuenca": null, "Direccion": "Direccion General de Obras por Terceros - MOP", "Localidad": "Rosario", "Resp.": null, "Dpto": "Rosario" }, "geometry": { "type": "Point", "coordinates": [ -60.633981, -33.013381000000287 ] } },
{ "type": "Feature", "properties": { "Nombre": "BLOQUES DE ANCLAJE EN EJECUCÓN (8 BLOQUES DE 53)", "Estado": "En Ejecucion", "Obra": "Establizacion cascadda a° saladillo etapa II", "Datos": null, "Tipo": "Bloques de Anclaje", "Region": "Región 5", "Código": "6094", "Cuenca": "17- Arroyo Saladillo", "C Cuenca": null, "Direccion": "Direccion General de Obras por Terceros - MOP", "Localidad": "Rosario", "Resp.": null, "Dpto": "Rosario" }, "geometry": { "type": "Point", "coordinates": [ -60.633906, -33.013715000000282 ] } },
{ "type": "Feature", "properties": { "Nombre": "VIGAS DE VINCULACIÓN SIN EJECUTAR", "Estado": "Sin Ejecutar", "Obra": "Establizacion cascadda a° saladillo etapa II", "Datos": null, "Tipo": "Vigas de Vinculacion", "Region": "Región 5", "Código": "6094", "Cuenca": "17- Arroyo Saladillo", "C Cuenca": null, "Direccion": "Direccion General de Obras por Terceros - MOP", "Localidad": "Rosario", "Resp.": null, "Dpto": "Rosario" }, "geometry": { "type": "Point", "coordinates": [ -60.634981, -33.012988000000298 ] } },
{ "type": "Feature", "properties": { "Nombre": "CARTEL DE OBRA", "Estado": "Cartel", "Obra": "Reacondicionamiento canal irigoyen", "Datos": null, "Tipo": "Extra", "Region": "Región 4", "Código": "6095", "Cuenca": "13- Cañada Carrizales", "C Cuenca": null, "Direccion": "Direccion General de Obras por Terceros - MOP", "Localidad": "Irigoyen, Monje, Sn Fabián, Casalegno, Diáz", "Resp.": null, "Dpto": "San Jerónimo" }, "geometry": { "type": "Point", "coordinates": [ -60.956507564361495, -32.359548432609664 ] } },
{ "type": "Feature", "properties": { "Nombre": "Alcantarilla 1", "Estado": "No Corresponde", "Obra": "Reacondicionamiento canal irigoyen", "Datos": null, "Tipo": "Alcantarilla", "Region": "Región 4", "Código": "6095", "Cuenca": "13- Cañada Carrizales", "C Cuenca": null, "Direccion": "Direccion General de Obras por Terceros - MOP", "Localidad": "Irigoyen, Monje, Sn Fabián, Casalegno, Diáz", "Resp.": null, "Dpto": "San Jerónimo" }, "geometry": { "type": "Point", "coordinates": [ -61.008786558310703, -32.373593432510859 ] } },
{ "type": "Feature", "properties": { "Nombre": "Alcantarilla 2", "Estado": "Finalizado", "Obra": "Reacondicionamiento canal irigoyen", "Datos": null, "Tipo": "Alcantarilla", "Region": "Región 4", "Código": "6095", "Cuenca": "13- Cañada Carrizales", "C Cuenca": null, "Direccion": "Direccion General de Obras por Terceros - MOP", "Localidad": "Irigoyen, Monje, Sn Fabián, Casalegno, Diáz", "Resp.": null, "Dpto": "San Jerónimo" }, "geometry": { "type": "Point", "coordinates": [ -61.045899554941627, -32.325295435326908 ] } },
{ "type": "Feature", "properties": { "Nombre": "Alcantarilla 3 ", "Estado": "Finalizado", "Obra": "Reacondicionamiento canal irigoyen", "Datos": null, "Tipo": "Alcantarilla", "Region": "Región 4", "Código": "6095", "Cuenca": "13- Cañada Carrizales", "C Cuenca": null, "Direccion": "Direccion General de Obras por Terceros - MOP", "Localidad": "Irigoyen, Monje, Sn Fabián, Casalegno, Diáz", "Resp.": null, "Dpto": "San Jerónimo" }, "geometry": { "type": "Point", "coordinates": [ -61.057136553963915, -32.30804143631071 ] } },
{ "type": "Feature", "properties": { "Nombre": "Alcantarilla 4", "Estado": "Finalizado", "Obra": "Reacondicionamiento canal irigoyen", "Datos": null, "Tipo": "Alcantarilla", "Region": "Región 4", "Código": "6095", "Cuenca": "13- Cañada Carrizales", "C Cuenca": null, "Direccion": "Direccion General de Obras por Terceros - MOP", "Localidad": "Irigoyen, Monje, Sn Fabián, Casalegno, Diáz", "Resp.": null, "Dpto": "San Jerónimo" }, "geometry": { "type": "Point", "coordinates": [ -61.065029553576551, -32.277076437937041 ] } },
{ "type": "Feature", "properties": { "Nombre": "Alcantarilla 5 ", "Estado": "Finalizado", "Obra": "Reacondicionamiento canal irigoyen", "Datos": null, "Tipo": "Alcantarilla", "Region": "Región 4", "Código": "6095", "Cuenca": "13- Cañada Carrizales", "C Cuenca": null, "Direccion": "Direccion General de Obras por Terceros - MOP", "Localidad": "Irigoyen, Monje, Sn Fabián, Casalegno, Diáz", "Resp.": null, "Dpto": "San Jerónimo" }, "geometry": { "type": "Point", "coordinates": [ -61.064038553776342, -32.271439438205441 ] } },
{ "type": "Feature", "properties": { "Nombre": "DPV Alcantarilla 6", "Estado": "Finalizado", "Obra": "Reacondicionamiento canal irigoyen", "Datos": null, "Tipo": "Alcantarilla", "Region": "Región 4", "Código": "6095", "Cuenca": "13- Cañada Carrizales", "C Cuenca": null, "Direccion": "Direccion General de Obras por Terceros - MOP", "Localidad": "Irigoyen, Monje, Sn Fabián, Casalegno, Diáz", "Resp.": null, "Dpto": "San Jerónimo" }, "geometry": { "type": "Point", "coordinates": [ -61.063393553911482, -32.26744443839636 ] } },
{ "type": "Feature", "properties": { "Nombre": "Alcantarilla 7", "Estado": "Finalizado", "Obra": "Reacondicionamiento canal irigoyen", "Datos": null, "Tipo": "Alcantarilla", "Region": "Región 4", "Código": "6095", "Cuenca": "13- Cañada Carrizales", "C Cuenca": null, "Direccion": "Direccion General de Obras por Terceros - MOP", "Localidad": "Irigoyen, Monje, Sn Fabián, Casalegno, Diáz", "Resp.": null, "Dpto": "San Jerónimo" }, "geometry": { "type": "Point", "coordinates": [ -61.062486554096502, -32.262144438649116 ] } },
{ "type": "Feature", "properties": { "Nombre": "Alcantarilla 8", "Estado": "Finalizado", "Obra": "Reacondicionamiento canal irigoyen", "Datos": null, "Tipo": "Alcantarilla", "Region": "Región 4", "Código": "6095", "Cuenca": "13- Cañada Carrizales", "C Cuenca": null, "Direccion": "Direccion General de Obras por Terceros - MOP", "Localidad": "Irigoyen, Monje, Sn Fabián, Casalegno, Diáz", "Resp.": null, "Dpto": "San Jerónimo" }, "geometry": { "type": "Point", "coordinates": [ -61.062698554413792, -32.240630439720178 ] } },
{ "type": "Feature", "properties": { "Nombre": "Alcantarilla 9", "Estado": "Finalizado", "Obra": "Reacondicionamiento canal irigoyen", "Datos": null, "Tipo": "Alcantarilla", "Region": "Región 4", "Código": "6095", "Cuenca": "13- Cañada Carrizales", "C Cuenca": null, "Direccion": "Direccion General de Obras por Terceros - MOP", "Localidad": "Irigoyen, Monje, Sn Fabián, Casalegno, Diáz", "Resp.": null, "Dpto": "San Jerónimo" }, "geometry": { "type": "Point", "coordinates": [ -61.064603554269411, -32.236360439954133 ] } },
{ "type": "Feature", "properties": { "Nombre": "Alcantarilla 10", "Estado": "Finalizado", "Obra": "Reacondicionamiento canal irigoyen", "Datos": null, "Tipo": "Alcantarilla", "Region": "Región 4", "Código": "6095", "Cuenca": "13- Cañada Carrizales", "C Cuenca": null, "Direccion": "Direccion General de Obras por Terceros - MOP", "Localidad": "Irigoyen, Monje, Sn Fabián, Casalegno, Diáz", "Resp.": null, "Dpto": "San Jerónimo" }, "geometry": { "type": "Point", "coordinates": [ -61.069949554261875, -32.199248441860775 ] } },
{ "type": "Feature", "properties": { "Nombre": "Alcantarilla 11", "Estado": "Finalizado", "Obra": "Reacondicionamiento canal irigoyen", "Datos": null, "Tipo": "Alcantarilla", "Region": "Región 4", "Código": "6095", "Cuenca": "13- Cañada Carrizales", "C Cuenca": null, "Direccion": "Direccion General de Obras por Terceros - MOP", "Localidad": "Irigoyen, Monje, Sn Fabián, Casalegno, Diáz", "Resp.": null, "Dpto": "San Jerónimo" }, "geometry": { "type": "Point", "coordinates": [ -61.067626554667875, -32.189909442298955 ] } },
{ "type": "Feature", "properties": { "Nombre": "Alcantarilla 12", "Estado": "No Corresponde", "Obra": "Reacondicionamiento canal irigoyen", "Datos": "No corresponde su ejecución - quedó como se encontraba antes de obra", "Tipo": "Alcantarilla", "Region": "Región 4", "Código": "6095", "Cuenca": "13- Cañada Carrizales", "C Cuenca": null, "Direccion": "Direccion General de Obras por Terceros - MOP", "Localidad": "Irigoyen, Monje, Sn Fabián, Casalegno, Diáz", "Resp.": null, "Dpto": "San Jerónimo" }, "geometry": { "type": "Point", "coordinates": [ -61.06523855508172, -32.18052744273875 ] } },
{ "type": "Feature", "properties": { "Nombre": "Alcantarilla 14", "Estado": "Finalizado", "Obra": "Reacondicionamiento canal irigoyen", "Datos": null, "Tipo": "Alcantarilla", "Region": "Región 4", "Código": "6095", "Cuenca": "13- Cañada Carrizales", "C Cuenca": null, "Direccion": "Direccion General de Obras por Terceros - MOP", "Localidad": "Irigoyen, Monje, Sn Fabián, Casalegno, Diáz", "Resp.": null, "Dpto": "San Jerónimo" }, "geometry": { "type": "Point", "coordinates": [ -61.060478555907281, -32.161759443619246 ] } },
{ "type": "Feature", "properties": { "Nombre": "Alcantarilla 15 ", "Estado": "No Corresponde", "Obra": "Reacondicionamiento canal irigoyen", "Datos": "No corresponde su ejecución - quedó como se encontraba antes de obra", "Tipo": "Alcantarilla", "Region": "Región 4", "Código": "6095", "Cuenca": "13- Cañada Carrizales", "C Cuenca": null, "Direccion": "Direccion General de Obras por Terceros - MOP", "Localidad": "Irigoyen, Monje, Sn Fabián, Casalegno, Diáz", "Resp.": null, "Dpto": "San Jerónimo" }, "geometry": { "type": "Point", "coordinates": [ -61.055737556728545, -32.143100444495197 ] } },
{ "type": "Feature", "properties": { "Nombre": "DPV Alcantarilla 13", "Estado": "Finalizado", "Obra": "Reacondicionamiento canal irigoyen", "Datos": "Z2916 DPV\n2 Luces\nh: 25,00mt.\nL: 3,70mt.\nH:3,50\nAC: 13,30 mt.\nRecta", "Tipo": "Alcantarilla", "Region": "Región 4", "Código": "6095", "Cuenca": "13- Cañada Carrizales", "C Cuenca": null, "Direccion": "Direccion General de Obras por Terceros - MOP", "Localidad": "Irigoyen, Monje, Sn Fabián, Casalegno, Diáz", "Resp.": null, "Dpto": "San Jerónimo" }, "geometry": { "type": "Point", "coordinates": [ -61.062837555496927, -32.17114144317879 ] } },
{ "type": "Feature", "properties": { "Nombre": "Inicio de Obra", "Estado": null, "Obra": "Defensa perimetral Maria Susana", "Datos": null, "Tipo": "Extra", "Region": "Región 4", "Código": "6098", "Cuenca": "13- Cañada Carrizales", "C Cuenca": null, "Direccion": "Direccion General de Obras por Terceros - MOP", "Localidad": "Maria Susana", "Resp.": null, "Dpto": "San Martin" }, "geometry": { "type": "Point", "coordinates": [ -61.911229, -32.231349000000307 ] } },
{ "type": "Feature", "properties": { "Nombre": "Fin de Obra ", "Estado": null, "Obra": "Defensa perimetral Maria Susana", "Datos": null, "Tipo": "Extra", "Region": "Región 4", "Código": "6098", "Cuenca": "13- Cañada Carrizales", "C Cuenca": null, "Direccion": "Direccion General de Obras por Terceros - MOP", "Localidad": "Maria Susana", "Resp.": null, "Dpto": "San Martin" }, "geometry": { "type": "Point", "coordinates": [ -61.902576, -32.277623000000268 ] } },
{ "type": "Feature", "properties": { "Nombre": "Cartel de Obra", "Estado": "Cartel", "Obra": "Defensa perimetral Maria Susana", "Datos": null, "Tipo": "Extra", "Region": "Región 4", "Código": "6098", "Cuenca": "13- Cañada Carrizales", "C Cuenca": null, "Direccion": "Direccion General de Obras por Terceros - MOP", "Localidad": "Maria Susana", "Resp.": null, "Dpto": "San Martin" }, "geometry": { "type": "Point", "coordinates": [ -61.896564, -32.255128000000283 ] } },
{ "type": "Feature", "properties": { "Nombre": "Alcantarilla 2 ", "Estado": "Finalizado", "Obra": "Defensa perimetral Maria Susana", "Datos": null, "Tipo": "Alcantarilla", "Region": "Región 4", "Código": "6098", "Cuenca": "13- Cañada Carrizales", "C Cuenca": null, "Direccion": "Direccion General de Obras por Terceros - MOP", "Localidad": "Maria Susana", "Resp.": null, "Dpto": "San Martin" }, "geometry": { "type": "Point", "coordinates": [ -61.922942, -32.229368000000278 ] } },
{ "type": "Feature", "properties": { "Nombre": "Alcantarilla 3 ", "Estado": "Finalizado", "Obra": "Defensa perimetral Maria Susana", "Datos": null, "Tipo": "Alcantarilla", "Region": "Región 4", "Código": "6098", "Cuenca": "13- Cañada Carrizales", "C Cuenca": null, "Direccion": "Direccion General de Obras por Terceros - MOP", "Localidad": "Maria Susana", "Resp.": null, "Dpto": "San Martin" }, "geometry": { "type": "Point", "coordinates": [ -61.920793, -32.23388400000028 ] } },
{ "type": "Feature", "properties": { "Nombre": "Alcantarilla 4 ", "Estado": "Finalizado", "Obra": "Defensa perimetral Maria Susana", "Datos": null, "Tipo": "Alcantarilla", "Region": "Región 4", "Código": "6098", "Cuenca": "13- Cañada Carrizales", "C Cuenca": null, "Direccion": "Direccion General de Obras por Terceros - MOP", "Localidad": "Maria Susana", "Resp.": null, "Dpto": "San Martin" }, "geometry": { "type": "Point", "coordinates": [ -61.921067, -32.233988000000281 ] } },
{ "type": "Feature", "properties": { "Nombre": "Alcantarilla 6 ", "Estado": "Finalizado", "Obra": "Defensa perimetral Maria Susana", "Datos": null, "Tipo": "Alcantarilla", "Region": "Región 4", "Código": "6098", "Cuenca": "13- Cañada Carrizales", "C Cuenca": null, "Direccion": "Direccion General de Obras por Terceros - MOP", "Localidad": "Maria Susana", "Resp.": null, "Dpto": "San Martin" }, "geometry": { "type": "Point", "coordinates": [ -61.918972, -32.237936000000275 ] } },
{ "type": "Feature", "properties": { "Nombre": "Alcantarilla 5 ", "Estado": "Finalizado", "Obra": "Defensa perimetral Maria Susana", "Datos": null, "Tipo": "Alcantarilla", "Region": "Región 4", "Código": "6098", "Cuenca": "13- Cañada Carrizales", "C Cuenca": null, "Direccion": "Direccion General de Obras por Terceros - MOP", "Localidad": "Maria Susana", "Resp.": null, "Dpto": "San Martin" }, "geometry": { "type": "Point", "coordinates": [ -61.920115, -32.235913000000295 ] } },
{ "type": "Feature", "properties": { "Nombre": "Alcantarilla 7 ", "Estado": "Finalizado", "Obra": "Defensa perimetral Maria Susana", "Datos": null, "Tipo": "Alcantarilla", "Region": "Región 4", "Código": "6098", "Cuenca": "13- Cañada Carrizales", "C Cuenca": null, "Direccion": "Direccion General de Obras por Terceros - MOP", "Localidad": "Maria Susana", "Resp.": null, "Dpto": "San Martin" }, "geometry": { "type": "Point", "coordinates": [ -61.91494, -32.245132000000268 ] } },
{ "type": "Feature", "properties": { "Nombre": "Alcantarilla 10 ", "Estado": "Finalizado", "Obra": "Defensa perimetral Maria Susana", "Datos": null, "Tipo": "Alcantarilla", "Region": "Región 4", "Código": "6098", "Cuenca": "13- Cañada Carrizales", "C Cuenca": null, "Direccion": "Direccion General de Obras por Terceros - MOP", "Localidad": "Maria Susana", "Resp.": null, "Dpto": "San Martin" }, "geometry": { "type": "Point", "coordinates": [ -61.911806, -32.250718000000319 ] } },
{ "type": "Feature", "properties": { "Nombre": "Alcantarilla 11 ", "Estado": "Finalizado", "Obra": "Defensa perimetral Maria Susana", "Datos": null, "Tipo": "Alcantarilla", "Region": "Región 4", "Código": "6098", "Cuenca": "13- Cañada Carrizales", "C Cuenca": null, "Direccion": "Direccion General de Obras por Terceros - MOP", "Localidad": "Maria Susana", "Resp.": null, "Dpto": "San Martin" }, "geometry": { "type": "Point", "coordinates": [ -61.910913, -32.252370000000283 ] } },
{ "type": "Feature", "properties": { "Nombre": "Alcantarilla 14 ", "Estado": "Finalizado", "Obra": "Defensa perimetral Maria Susana", "Datos": null, "Tipo": "Alcantarilla", "Region": "Región 4", "Código": "6098", "Cuenca": "13- Cañada Carrizales", "C Cuenca": null, "Direccion": "Direccion General de Obras por Terceros - MOP", "Localidad": "Maria Susana", "Resp.": null, "Dpto": "San Martin" }, "geometry": { "type": "Point", "coordinates": [ -61.91146, -32.257156000000286 ] } },
{ "type": "Feature", "properties": { "Nombre": "Alcantarilla 15 ", "Estado": "Finalizado", "Obra": "Defensa perimetral Maria Susana", "Datos": null, "Tipo": "Alcantarilla", "Region": "Región 4", "Código": "6098", "Cuenca": "13- Cañada Carrizales", "C Cuenca": null, "Direccion": "Direccion General de Obras por Terceros - MOP", "Localidad": "Maria Susana", "Resp.": null, "Dpto": "San Martin" }, "geometry": { "type": "Point", "coordinates": [ -61.911536, -32.257410000000256 ] } },
{ "type": "Feature", "properties": { "Nombre": "Alcantarilla 16 ", "Estado": "Finalizado", "Obra": "Defensa perimetral Maria Susana", "Datos": null, "Tipo": "Alcantarilla", "Region": "Región 4", "Código": "6098", "Cuenca": "13- Cañada Carrizales", "C Cuenca": null, "Direccion": "Direccion General de Obras por Terceros - MOP", "Localidad": "Maria Susana", "Resp.": null, "Dpto": "San Martin" }, "geometry": { "type": "Point", "coordinates": [ -61.911718, -32.258148000000276 ] } },
{ "type": "Feature", "properties": { "Nombre": "Alcantarilla 17 ", "Estado": "Finalizado", "Obra": "Defensa perimetral Maria Susana", "Datos": null, "Tipo": "Alcantarilla", "Region": "Región 4", "Código": "6098", "Cuenca": "13- Cañada Carrizales", "C Cuenca": null, "Direccion": "Direccion General de Obras por Terceros - MOP", "Localidad": "Maria Susana", "Resp.": null, "Dpto": "San Martin" }, "geometry": { "type": "Point", "coordinates": [ -61.912276, -32.260111000000265 ] } },
{ "type": "Feature", "properties": { "Nombre": "Alcantarilla 18 ", "Estado": "Finalizado", "Obra": "Defensa perimetral Maria Susana", "Datos": null, "Tipo": "Alcantarilla", "Region": "Región 4", "Código": "6098", "Cuenca": "13- Cañada Carrizales", "C Cuenca": null, "Direccion": "Direccion General de Obras por Terceros - MOP", "Localidad": "Maria Susana", "Resp.": null, "Dpto": "San Martin" }, "geometry": { "type": "Point", "coordinates": [ -61.912873, -32.262404000000288 ] } },
{ "type": "Feature", "properties": { "Nombre": "Alcantarilla 19 ", "Estado": "Finalizado", "Obra": "Defensa perimetral Maria Susana", "Datos": null, "Tipo": "Alcantarilla", "Region": "Región 4", "Código": "6098", "Cuenca": "13- Cañada Carrizales", "C Cuenca": null, "Direccion": "Direccion General de Obras por Terceros - MOP", "Localidad": "Maria Susana", "Resp.": null, "Dpto": "San Martin" }, "geometry": { "type": "Point", "coordinates": [ -61.913339, -32.264217000000286 ] } },
{ "type": "Feature", "properties": { "Nombre": "Alcantarilla 20 ", "Estado": "Finalizado", "Obra": "Defensa perimetral Maria Susana", "Datos": null, "Tipo": "Alcantarilla", "Region": "Región 4", "Código": "6098", "Cuenca": "13- Cañada Carrizales", "C Cuenca": null, "Direccion": "Direccion General de Obras por Terceros - MOP", "Localidad": "Maria Susana", "Resp.": null, "Dpto": "San Martin" }, "geometry": { "type": "Point", "coordinates": [ -61.914581, -32.26902900000028 ] } },
{ "type": "Feature", "properties": { "Nombre": "Alcantarilla 21 ", "Estado": "Finalizado", "Obra": "Defensa perimetral Maria Susana", "Datos": null, "Tipo": "Alcantarilla", "Region": "Región 4", "Código": "6098", "Cuenca": "13- Cañada Carrizales", "C Cuenca": null, "Direccion": "Direccion General de Obras por Terceros - MOP", "Localidad": "Maria Susana", "Resp.": null, "Dpto": "San Martin" }, "geometry": { "type": "Point", "coordinates": [ -61.914631, -32.269340000000284 ] } },
{ "type": "Feature", "properties": { "Nombre": "Alcantarilla 22 ", "Estado": "Finalizado", "Obra": "Defensa perimetral Maria Susana", "Datos": null, "Tipo": "Alcantarilla", "Region": "Región 4", "Código": "6098", "Cuenca": "13- Cañada Carrizales", "C Cuenca": null, "Direccion": "Direccion General de Obras por Terceros - MOP", "Localidad": "Maria Susana", "Resp.": null, "Dpto": "San Martin" }, "geometry": { "type": "Point", "coordinates": [ -61.914964, -32.270535000000294 ] } },
{ "type": "Feature", "properties": { "Nombre": "Ingresos Particulares Tubos 400mm (10 ml.)", "Estado": "Finalizado", "Obra": "Defensa perimetral Maria Susana", "Datos": null, "Tipo": "Alcantarilla", "Region": "Región 4", "Código": "6098", "Cuenca": "13- Cañada Carrizales", "C Cuenca": null, "Direccion": "Direccion General de Obras por Terceros - MOP", "Localidad": "Maria Susana", "Resp.": null, "Dpto": "San Martin" }, "geometry": { "type": "Point", "coordinates": [ -61.913374, -32.2651320000003 ] } },
{ "type": "Feature", "properties": { "Nombre": "Ingresos Particulares Tubos 400mm (8 ml.)", "Estado": "Finalizado", "Obra": "Defensa perimetral Maria Susana", "Datos": null, "Tipo": "Alcantarilla", "Region": "Región 4", "Código": "6098", "Cuenca": "13- Cañada Carrizales", "C Cuenca": null, "Direccion": "Direccion General de Obras por Terceros - MOP", "Localidad": "Maria Susana", "Resp.": null, "Dpto": "San Martin" }, "geometry": { "type": "Point", "coordinates": [ -61.914064, -32.267719000000262 ] } },
{ "type": "Feature", "properties": { "Nombre": "Ingresos Particulares Tubos 400mm (9 ml.)", "Estado": "Finalizado", "Obra": "Defensa perimetral Maria Susana", "Datos": null, "Tipo": "Alcantarilla", "Region": "Región 4", "Código": "6098", "Cuenca": "13- Cañada Carrizales", "C Cuenca": null, "Direccion": "Direccion General de Obras por Terceros - MOP", "Localidad": "Maria Susana", "Resp.": null, "Dpto": "San Martin" }, "geometry": { "type": "Point", "coordinates": [ -61.909295, -32.276094000000271 ] } },
{ "type": "Feature", "properties": { "Nombre": "Ingresos Particulares Tubos 400mm (8 ml.)", "Estado": "Finalizado", "Obra": "Defensa perimetral Maria Susana", "Datos": null, "Tipo": "Alcantarilla", "Region": "Región 4", "Código": "6098", "Cuenca": "13- Cañada Carrizales", "C Cuenca": null, "Direccion": "Direccion General de Obras por Terceros - MOP", "Localidad": "Maria Susana", "Resp.": null, "Dpto": "San Martin" }, "geometry": { "type": "Point", "coordinates": [ -61.915728, -32.274108000000282 ] } },
{ "type": "Feature", "properties": { "Nombre": "Ingresos Particulares Tubos 400mm (12 ml.)", "Estado": "Finalizado", "Obra": "Defensa perimetral Maria Susana", "Datos": null, "Tipo": "Alcantarilla", "Region": "Región 4", "Código": "6098", "Cuenca": "13- Cañada Carrizales", "C Cuenca": null, "Direccion": "Direccion General de Obras por Terceros - MOP", "Localidad": "Maria Susana", "Resp.": null, "Dpto": "San Martin" }, "geometry": { "type": "Point", "coordinates": [ -61.914792, -32.270602000000288 ] } },
{ "type": "Feature", "properties": { "Nombre": "Alcantarilla Nº 3", "Estado": "Finalizado", "Obra": "Corrimiento de Defensa sobre RP novneta Melincue", "Datos": null, "Tipo": "Alcantarilla", "Region": "Región 5", "Código": "6101", "Cuenca": "22- Laguna Melincué", "C Cuenca": null, "Direccion": "Direccion General de Obras por Terceros - MOP", "Localidad": "Melincué", "Resp.": null, "Dpto": "General Lopez" }, "geometry": { "type": "Point", "coordinates": [ -61.460415, -33.66968000000027 ] } },
{ "type": "Feature", "properties": { "Nombre": "Alcantarilla Nº 4", "Estado": "En Ejecucion", "Obra": "Corrimiento de Defensa sobre RP novneta Melincue", "Datos": null, "Tipo": "Alcantarilla", "Region": "Región 5", "Código": "6101", "Cuenca": "22- Laguna Melincué", "C Cuenca": null, "Direccion": "Direccion General de Obras por Terceros - MOP", "Localidad": "Melincué", "Resp.": null, "Dpto": "General Lopez" }, "geometry": { "type": "Point", "coordinates": [ -61.465614, -33.670231000000264 ] } },
{ "type": "Feature", "properties": { "Nombre": "Alcantarilla Nº 5", "Estado": "En Ejecucion", "Obra": "Corrimiento de Defensa sobre RP novneta Melincue", "Datos": null, "Tipo": "Alcantarilla", "Region": "Región 5", "Código": "6101", "Cuenca": "22- Laguna Melincué", "C Cuenca": null, "Direccion": "Direccion General de Obras por Terceros - MOP", "Localidad": "Melincué", "Resp.": null, "Dpto": "General Lopez" }, "geometry": { "type": "Point", "coordinates": [ -61.470363, -33.669433000000268 ] } },
{ "type": "Feature", "properties": { "Nombre": "CARTEL DE OBRA", "Estado": "Cartel", "Obra": "Corrimiento de Defensa sobre RP novneta Melincue", "Datos": null, "Tipo": "Extra", "Region": "Región 5", "Código": "6101", "Cuenca": "22- Laguna Melincué", "C Cuenca": null, "Direccion": "Direccion General de Obras por Terceros - MOP", "Localidad": "Melincué", "Resp.": null, "Dpto": "General Lopez" }, "geometry": { "type": "Point", "coordinates": [ -61.465577, -33.66746200000027 ] } },
{ "type": "Feature", "properties": { "Nombre": "INICIO DE OBRA", "Estado": null, "Obra": "Corrimiento de Defensa sobre RP novneta Melincue", "Datos": null, "Tipo": "Extra", "Region": "Región 5", "Código": "6101", "Cuenca": "22- Laguna Melincué", "C Cuenca": null, "Direccion": "Direccion General de Obras por Terceros - MOP", "Localidad": "Melincué", "Resp.": null, "Dpto": "General Lopez" }, "geometry": { "type": "Point", "coordinates": [ -61.455802, -33.667683000000267 ] } },
{ "type": "Feature", "properties": { "Nombre": "FIN DE OBRA", "Estado": null, "Obra": "Corrimiento de Defensa sobre RP novneta Melincue", "Datos": null, "Tipo": "Extra", "Region": "Región 5", "Código": "6101", "Cuenca": "22- Laguna Melincué", "C Cuenca": null, "Direccion": "Direccion General de Obras por Terceros - MOP", "Localidad": "Melincué", "Resp.": null, "Dpto": "General Lopez" }, "geometry": { "type": "Point", "coordinates": [ -61.472002, -33.667623000000276 ] } },
{ "type": "Feature", "properties": { "Nombre": "Alcantarilla Nº 1", "Estado": "En Ejecucion", "Obra": "Corrimiento de Defensa sobre RP novneta Melincue", "Datos": null, "Tipo": "Alcantarilla", "Region": "Región 5", "Código": "6101", "Cuenca": "22- Laguna Melincué", "C Cuenca": null, "Direccion": "Direccion General de Obras por Terceros - MOP", "Localidad": "Melincué", "Resp.": null, "Dpto": "General Lopez" }, "geometry": { "type": "Point", "coordinates": [ -61.456382, -33.667790000000274 ] } },
{ "type": "Feature", "properties": { "Nombre": "Alcantarilla Nº 6", "Estado": "En Ejecucion", "Obra": "Corrimiento de Defensa sobre RP novneta Melincue", "Datos": null, "Tipo": "Alcantarilla", "Region": "Región 5", "Código": "6101", "Cuenca": "22- Laguna Melincué", "C Cuenca": null, "Direccion": "Direccion General de Obras por Terceros - MOP", "Localidad": "Melincué", "Resp.": null, "Dpto": "General Lopez" }, "geometry": { "type": "Point", "coordinates": [ -61.471535, -33.667852000000281 ] } },
{ "type": "Feature", "properties": { "Nombre": "CARTEL DE OBRA", "Estado": null, "Obra": "Canalizacion Bajo Peretti", "Datos": null, "Tipo": "Extra", "Region": "Región 3, Región 4", "Código": "6102", "Cuenca": "8- Río Salado", "C Cuenca": null, "Direccion": "Direccion General de Obras por Terceros - MOP", "Localidad": "Rafaela, Bella Italia, Susana", "Resp.": null, "Dpto": "Castellanos" }, "geometry": { "type": "Point", "coordinates": [ -61.515805519182187, -31.294147492655565 ] } },
{ "type": "Feature", "properties": { "Nombre": "INICIO Canal Bajo Peretti", "Estado": null, "Obra": "Canalizacion Bajo Peretti", "Datos": null, "Tipo": "Extra", "Region": "Región 3, Región 4", "Código": "6102", "Cuenca": "8- Río Salado", "C Cuenca": null, "Direccion": "Direccion General de Obras por Terceros - MOP", "Localidad": "Rafaela, Bella Italia, Susana", "Resp.": null, "Dpto": "Castellanos" }, "geometry": { "type": "Point", "coordinates": [ -61.371115534373558, -31.340943488601781 ] } },
{ "type": "Feature", "properties": { "Nombre": "FIN Canal Bajo Peretti", "Estado": null, "Obra": "Canalizacion Bajo Peretti", "Datos": null, "Tipo": "Extra", "Region": "Región 3, Región 4", "Código": "6102", "Cuenca": "8- Río Salado", "C Cuenca": null, "Direccion": "Direccion General de Obras por Terceros - MOP", "Localidad": "Rafaela, Bella Italia, Susana", "Resp.": null, "Dpto": "Castellanos" }, "geometry": { "type": "Point", "coordinates": [ -61.597202510314723, -31.288924493863842 ] } },
{ "type": "Feature", "properties": { "Nombre": "Inicio Variante Las Taperitas", "Estado": null, "Obra": "Canalizacion Bajo Peretti", "Datos": null, "Tipo": "Extra", "Region": "Región 3, Región 4", "Código": "6102", "Cuenca": "8- Río Salado", "C Cuenca": null, "Direccion": "Direccion General de Obras por Terceros - MOP", "Localidad": "Rafaela, Bella Italia, Susana", "Resp.": null, "Dpto": "Castellanos" }, "geometry": { "type": "Point", "coordinates": [ -61.47770752307612, -31.313121491246218 ] } },
{ "type": "Feature", "properties": { "Nombre": "Fin Variante Las Taperitas", "Estado": null, "Obra": "Canalizacion Bajo Peretti", "Datos": null, "Tipo": "Extra", "Region": "Región 3, Región 4", "Código": "6102", "Cuenca": "8- Río Salado", "C Cuenca": null, "Direccion": "Direccion General de Obras por Terceros - MOP", "Localidad": "Rafaela, Bella Italia, Susana", "Resp.": null, "Dpto": "Castellanos" }, "geometry": { "type": "Point", "coordinates": [ -61.518769518629625, -31.308633491948715 ] } },
{ "type": "Feature", "properties": { "Nombre": "Alcantarilla 1", "Estado": "Finalizado", "Obra": "Canalizacion Bajo Peretti", "Datos": "A2 DPOH H° A° 3x5 mts\nH: 5,00 mts\nL: 5,00 mts\nAC: 5,00 mts\nTipo Recta", "Tipo": "Alcantarilla", "Region": "Región 3, Región 4", "Código": "6102", "Cuenca": "8- Río Salado", "C Cuenca": null, "Direccion": "Direccion General de Obras por Terceros - MOP", "Localidad": "Rafaela, Bella Italia, Susana", "Resp.": null, "Dpto": "Castellanos" }, "geometry": { "type": "Point", "coordinates": [ -61.375402533911952, -31.340279488684693 ] } },
{ "type": "Feature", "properties": { "Nombre": "Alcantarilla 2", "Estado": "Finalizado", "Obra": "Canalizacion Bajo Peretti", "Datos": "A2 DPOH H° A° 3x5 mts\nH: 5,00 mts\nL: 5,00 mts\nAC: 5,00 mts\nTipo Recta", "Tipo": "Alcantarilla", "Region": "Región 3, Región 4", "Código": "6102", "Cuenca": "8- Río Salado", "C Cuenca": null, "Direccion": "Direccion General de Obras por Terceros - MOP", "Localidad": "Rafaela, Bella Italia, Susana", "Resp.": null, "Dpto": "Castellanos" }, "geometry": { "type": "Point", "coordinates": [ -61.376568533785189, -31.340176488703268 ] } },
{ "type": "Feature", "properties": { "Nombre": "Alcantarilla 3", "Estado": "Finalizado", "Obra": "Canalizacion Bajo Peretti", "Datos": "A2 DPOH H° A°\nH: 3,50 mts\nL: 4,00 mts\nAC: 10,00 mts\nTipo Recta", "Tipo": "Alcantarilla", "Region": "Región 3, Región 4", "Código": "6102", "Cuenca": "8- Río Salado", "C Cuenca": null, "Direccion": "Direccion General de Obras por Terceros - MOP", "Localidad": "Rafaela, Bella Italia, Susana", "Resp.": null, "Dpto": "Castellanos" }, "geometry": { "type": "Point", "coordinates": [ -61.390944532309781, -31.333274489220521 ] } },
{ "type": "Feature", "properties": { "Nombre": "Alcantarilla 4", "Estado": "Finalizado", "Obra": "Canalizacion Bajo Peretti", "Datos": "A2 DPOH H° A°\nH: 3,50 mts\nL: 4,00 mts\nAC: 8,00 mts\nTipo Recta", "Tipo": "Alcantarilla", "Region": "Región 3, Región 4", "Código": "6102", "Cuenca": "8- Río Salado", "C Cuenca": null, "Direccion": "Direccion General de Obras por Terceros - MOP", "Localidad": "Rafaela, Bella Italia, Susana", "Resp.": null, "Dpto": "Castellanos" }, "geometry": { "type": "Point", "coordinates": [ -61.398243531525054, -31.332073489365431 ] } },
{ "type": "Feature", "properties": { "Nombre": "Alcantarilla 5", "Estado": "Finalizado", "Obra": "Canalizacion Bajo Peretti", "Datos": "A2 DPOH H° A° 2x3 mts\nH: 3,50 mts\nL: 3,00 mts\nAC: 10,00 mts\nTipo Recta", "Tipo": "Alcantarilla", "Region": "Región 3, Región 4", "Código": "6102", "Cuenca": "8- Río Salado", "C Cuenca": null, "Direccion": "Direccion General de Obras por Terceros - MOP", "Localidad": "Rafaela, Bella Italia, Susana", "Resp.": null, "Dpto": "Castellanos" }, "geometry": { "type": "Point", "coordinates": [ -61.410866530170452, -31.329839489624138 ] } },
{ "type": "Feature", "properties": { "Nombre": "DPV - Alcantarilla 6", "Estado": "No Corresponde", "Obra": "Canalizacion Bajo Peretti", "Datos": "NO SE EJECUTA EN EL MARCO DE LA OBRA", "Tipo": "Alcantarilla", "Region": "Región 3, Región 4", "Código": "6102", "Cuenca": "8- Río Salado", "C Cuenca": null, "Direccion": "Direccion General de Obras por Terceros - MOP", "Localidad": "Rafaela, Bella Italia, Susana", "Resp.": null, "Dpto": "Castellanos" }, "geometry": { "type": "Point", "coordinates": [ -61.421236529056756, -31.328066489833596 ] } },
{ "type": "Feature", "properties": { "Nombre": "Alcantarilla 7", "Estado": "Finalizado", "Obra": "Canalizacion Bajo Peretti", "Datos": null, "Tipo": "Alcantarilla", "Region": "Región 3, Región 4", "Código": "6102", "Cuenca": "8- Río Salado", "C Cuenca": null, "Direccion": "Direccion General de Obras por Terceros - MOP", "Localidad": "Rafaela, Bella Italia, Susana", "Resp.": null, "Dpto": "Castellanos" }, "geometry": { "type": "Point", "coordinates": [ -61.438669527185155, -31.325057490187348 ] } },
{ "type": "Feature", "properties": { "Nombre": "Alcantarilla 8", "Estado": "Finalizado", "Obra": "Canalizacion Bajo Peretti", "Datos": "A2 DPOH H° A° 2x4 mts\nH: 4,50 mts\nL: 4,00 mts\nAC: 8,00 mts\nTipo Recta", "Tipo": "Alcantarilla", "Region": "Región 3, Región 4", "Código": "6102", "Cuenca": "8- Río Salado", "C Cuenca": null, "Direccion": "Direccion General de Obras por Terceros - MOP", "Localidad": "Rafaela, Bella Italia, Susana", "Resp.": null, "Dpto": "Castellanos" }, "geometry": { "type": "Point", "coordinates": [ -61.448965526124212, -31.320438490541704 ] } },
{ "type": "Feature", "properties": { "Nombre": "NCA - Alcantarilla 9", "Estado": "Sin Ejecutar", "Obra": "Canalizacion Bajo Peretti", "Datos": "\t\npuente H° A° sobre pilotes  \nH: 12,00 mts\nTramo U: 2X 5,33 mts\nAC: 8,00 mts\nTipo Recta", "Tipo": "Alcantarilla", "Region": "Región 3, Región 4", "Código": "6102", "Cuenca": "8- Río Salado", "C Cuenca": null, "Direccion": "Direccion General de Obras por Terceros - MOP", "Localidad": "Rafaela, Bella Italia, Susana", "Resp.": null, "Dpto": "Castellanos" }, "geometry": { "type": "Point", "coordinates": [ -61.456275525378103, -31.316703490816661 ] } },
{ "type": "Feature", "properties": { "Nombre": "Alcantarilla 11", "Estado": "Finalizado", "Obra": "Canalizacion Bajo Peretti", "Datos": "A2 DPOH H° A° 2x4 mts\nH: 4,50 mts\nL: 4,00 mts\nAC: 8,00 mts\nTipo Recta", "Tipo": "Alcantarilla", "Region": "Región 3, Región 4", "Código": "6102", "Cuenca": "8- Río Salado", "C Cuenca": null, "Direccion": "Direccion General de Obras por Terceros - MOP", "Localidad": "Rafaela, Bella Italia, Susana", "Resp.": null, "Dpto": "Castellanos" }, "geometry": { "type": "Point", "coordinates": [ -61.464204524524142, -31.315523490968136 ] } },
{ "type": "Feature", "properties": { "Nombre": "Alcantarilla 12", "Estado": "Finalizado", "Obra": "Canalizacion Bajo Peretti", "Datos": "A2 DPOH H° A° 2x4 mts\nH: 4,50 mts\nL: 4,00 mts\nAC: 8,00 mts\nTipo Oblicua", "Tipo": "Alcantarilla", "Region": "Región 3, Región 4", "Código": "6102", "Cuenca": "8- Río Salado", "C Cuenca": null, "Direccion": "Direccion General de Obras por Terceros - MOP", "Localidad": "Rafaela, Bella Italia, Susana", "Resp.": null, "Dpto": "Castellanos" }, "geometry": { "type": "Point", "coordinates": [ -61.477610523086753, -31.313122491245071 ] } },
{ "type": "Feature", "properties": { "Nombre": "Alcantarilla 13", "Estado": "Finalizado", "Obra": "Canalizacion Bajo Peretti", "Datos": "A2 DPOH H° A° 2x3,50 mts\nH: 4,50 mts\nL: 3,50 mts\nAC: 6,50 mts\nTipo Recta", "Tipo": "Alcantarilla", "Region": "Región 3, Región 4", "Código": "6102", "Cuenca": "8- Río Salado", "C Cuenca": null, "Direccion": "Direccion General de Obras por Terceros - MOP", "Localidad": "Rafaela, Bella Italia, Susana", "Resp.": null, "Dpto": "Castellanos" }, "geometry": { "type": "Point", "coordinates": [ -61.483204522533953, -31.309115491514337 ] } },
{ "type": "Feature", "properties": { "Nombre": "Alcantarilla 14", "Estado": "Finalizado", "Obra": "Canalizacion Bajo Peretti", "Datos": "A2 DPOH H° A° 2x4 mts\nH: 4,50 mts\nL: 4,00 mts\nAC: 7,50 mts\nTipo Recta", "Tipo": "Alcantarilla", "Region": "Región 3, Región 4", "Código": "6102", "Cuenca": "8- Río Salado", "C Cuenca": null, "Direccion": "Direccion General de Obras por Terceros - MOP", "Localidad": "Rafaela, Bella Italia, Susana", "Resp.": null, "Dpto": "Castellanos" }, "geometry": { "type": "Point", "coordinates": [ -61.490389521775391, -31.307080491701164 ] } },
{ "type": "Feature", "properties": { "Nombre": "Alcantarilla 15", "Estado": "Finalizado", "Obra": "Canalizacion Bajo Peretti", "Datos": "A2 DPOH H° A° 2x3 mts\nH: 3,50 mts\nL: 3,00 mts\nAC: 6,50 mts\nTipo Recta", "Tipo": "Alcantarilla", "Region": "Región 3, Región 4", "Código": "6102", "Cuenca": "8- Río Salado", "C Cuenca": null, "Direccion": "Direccion General de Obras por Terceros - MOP", "Localidad": "Rafaela, Bella Italia, Susana", "Resp.": null, "Dpto": "Castellanos" }, "geometry": { "type": "Point", "coordinates": [ -61.496614521110423, -31.305816491837415 ] } },
{ "type": "Feature", "properties": { "Nombre": "Alcantarilla 16", "Estado": "Finalizado", "Obra": "Canalizacion Bajo Peretti", "Datos": "A2 DPOH H° A° 2x3,50 mts\nH: 4,50 mts\nL: 3,50 mts\nAC:7,50 mts\nTipo Oblicua", "Tipo": "Alcantarilla", "Region": "Región 3, Región 4", "Código": "6102", "Cuenca": "8- Río Salado", "C Cuenca": null, "Direccion": "Direccion General de Obras por Terceros - MOP", "Localidad": "Rafaela, Bella Italia, Susana", "Resp.": null, "Dpto": "Castellanos" }, "geometry": { "type": "Point", "coordinates": [ -61.503382320383118, -31.304724391971295 ] } },
{ "type": "Feature", "properties": { "Nombre": "Alcantarilla 17", "Estado": "Finalizado", "Obra": "Canalizacion Bajo Peretti", "Datos": "A2 DPOH H° A° 2x3 mts\nH: 3,50 mts\nL: 3,00 mts\nAC: 6,50 mts\nTipo Oblicua", "Tipo": "Alcantarilla", "Region": "Región 3, Región 4", "Código": "6102", "Cuenca": "8- Río Salado", "C Cuenca": null, "Direccion": "Direccion General de Obras por Terceros - MOP", "Localidad": "Rafaela, Bella Italia, Susana", "Resp.": null, "Dpto": "Castellanos" }, "geometry": { "type": "Point", "coordinates": [ -61.502700320544655, -31.299186292246763 ] } },
{ "type": "Feature", "properties": { "Nombre": "Alcantarilla 18", "Estado": "Finalizado", "Obra": "Canalizacion Bajo Peretti", "Datos": "A2 DPOH H° A° 2x3 mts\nH: 3,50 mts\nL: 3,00 mts\nAC: 7,50 mts\nTipo Oblicua", "Tipo": "Alcantarilla", "Region": "Región 3, Región 4", "Código": "6102", "Cuenca": "8- Río Salado", "C Cuenca": null, "Direccion": "Direccion General de Obras por Terceros - MOP", "Localidad": "Rafaela, Bella Italia, Susana", "Resp.": null, "Dpto": "Castellanos" }, "geometry": { "type": "Point", "coordinates": [ -61.502790820537747, -31.298990592257798 ] } },
{ "type": "Feature", "properties": { "Nombre": "Alcantarilla 19", "Estado": "Finalizado", "Obra": "Canalizacion Bajo Peretti", "Datos": "A2 DPOH H° A° 2x3 mts\nH: 3,50 mts\nL: 3,00 mts\nAC: 6,50 mts\nTipo Recta", "Tipo": "Alcantarilla", "Region": "Región 3, Región 4", "Código": "6102", "Cuenca": "8- Río Salado", "C Cuenca": null, "Direccion": "Direccion General de Obras por Terceros - MOP", "Localidad": "Rafaela, Bella Italia, Susana", "Resp.": null, "Dpto": "Castellanos" }, "geometry": { "type": "Point", "coordinates": [ -61.506286520180382, -31.297257492386759 ] } },
{ "type": "Feature", "properties": { "Nombre": "Alcantarilla 20", "Estado": "Finalizado", "Obra": "Canalizacion Bajo Peretti", "Datos": "A2 DPOH H° A° 2x3 mts\nH: 3,00 mts\nL: 3,00 mts\nAC: 6,50 mts\nTipo Recta", "Tipo": "Alcantarilla", "Region": "Región 3, Región 4", "Código": "6102", "Cuenca": "8- Río Salado", "C Cuenca": null, "Direccion": "Direccion General de Obras por Terceros - MOP", "Localidad": "Rafaela, Bella Italia, Susana", "Resp.": null, "Dpto": "Castellanos" }, "geometry": { "type": "Point", "coordinates": [ -61.51309851947525, -31.294442492609257 ] } },
{ "type": "Feature", "properties": { "Nombre": "RN34 - Alcantarilla 21", "Estado": "Sin Ejecutar", "Obra": "Canalizacion Bajo Peretti", "Datos": "Solo se realiza protección del fondo", "Tipo": "Alcantarilla", "Region": "Región 3, Región 4", "Código": "6102", "Cuenca": "8- Río Salado", "C Cuenca": null, "Direccion": "Direccion General de Obras por Terceros - MOP", "Localidad": "Rafaela, Bella Italia, Susana", "Resp.": null, "Dpto": "Castellanos" }, "geometry": { "type": "Point", "coordinates": [ -61.515403519237552, -31.293432492687522 ] } },
{ "type": "Feature", "properties": { "Nombre": "Alcantarilla 22", "Estado": "Finalizado", "Obra": "Canalizacion Bajo Peretti", "Datos": "A2 DPOH H° A° \nH: 4,00 mts\nL:3,50 mts\nAC:6,50 mts\nTipo Rect", "Tipo": "Alcantarilla", "Region": "Región 3, Región 4", "Código": "6102", "Cuenca": "8- Río Salado", "C Cuenca": null, "Direccion": "Direccion General de Obras por Terceros - MOP", "Localidad": "Rafaela, Bella Italia, Susana", "Resp.": null, "Dpto": "Castellanos" }, "geometry": { "type": "Point", "coordinates": [ -61.520691518681474, -31.291808492831553 ] } },
{ "type": "Feature", "properties": { "Nombre": "Alcantarilla 24", "Estado": "Finalizado", "Obra": "Canalizacion Bajo Peretti", "Datos": "A2 DPOH H° A° \nH: 3,00 mts\nL: 3,00 mts\nAC: 6,50 mts\nTipo Recta", "Tipo": "Alcantarilla", "Region": "Región 3, Región 4", "Código": "6102", "Cuenca": "8- Río Salado", "C Cuenca": null, "Direccion": "Direccion General de Obras por Terceros - MOP", "Localidad": "Rafaela, Bella Italia, Susana", "Resp.": null, "Dpto": "Castellanos" }, "geometry": { "type": "Point", "coordinates": [ -61.539498516630907, -31.290693493105632 ] } },
{ "type": "Feature", "properties": { "Nombre": "Alcantarilla 25", "Estado": "Finalizado", "Obra": "Canalizacion Bajo Peretti", "Datos": "A2 DPOH H° A°\nH: 3,00 mts\nL: 4,50 mts\nAC: 7,50 mts\nTipo Oblicua", "Tipo": "Alcantarilla", "Region": "Región 3, Región 4", "Código": "6102", "Cuenca": "8- Río Salado", "C Cuenca": null, "Direccion": "Direccion General de Obras por Terceros - MOP", "Localidad": "Rafaela, Bella Italia, Susana", "Resp.": null, "Dpto": "Castellanos" }, "geometry": { "type": "Point", "coordinates": [ -61.543128516231747, -31.290696493147443 ] } },
{ "type": "Feature", "properties": { "Nombre": "Alcantarilla 26 - Gasoducto Regional Centro", "Estado": "Sin Ejecutar", "Obra": "Canalizacion Bajo Peretti", "Datos": "3 Módulos con cabezales in situ H° A°\nH: 1,00 mts\nL: 1,20 mts\nTipo Recta", "Tipo": "Alcantarilla", "Region": "Región 3, Región 4", "Código": "6102", "Cuenca": "8- Río Salado", "C Cuenca": null, "Direccion": "Direccion General de Obras por Terceros - MOP", "Localidad": "Rafaela, Bella Italia, Susana", "Resp.": null, "Dpto": "Castellanos" }, "geometry": { "type": "Point", "coordinates": [ -61.547634515727651, -31.291248493171228 ] } },
{ "type": "Feature", "properties": { "Nombre": "Alcantarilla 27", "Estado": "Finalizado", "Obra": "Canalizacion Bajo Peretti", "Datos": "A2 DPOH H° A°\nH: 5,00 mts\nL: 6,00 mts\nAC: 7,50 mts\nTipo Recta", "Tipo": "Alcantarilla", "Region": "Región 3, Región 4", "Código": "6102", "Cuenca": "8- Río Salado", "C Cuenca": null, "Direccion": "Direccion General de Obras por Terceros - MOP", "Localidad": "Rafaela, Bella Italia, Susana", "Resp.": null, "Dpto": "Castellanos" }, "geometry": { "type": "Point", "coordinates": [ -61.555602514845702, -31.291625493244052 ] } },
{ "type": "Feature", "properties": { "Nombre": "Alcantarilla 28", "Estado": "Finalizado", "Obra": "Canalizacion Bajo Peretti", "Datos": "A2 DPOH H° A°\nH: 5,00 mts\nL: 6,00 mts\nAC: 6,50 mts\nTipo Recta", "Tipo": "Alcantarilla", "Region": "Región 3, Región 4", "Código": "6102", "Cuenca": "8- Río Salado", "C Cuenca": null, "Direccion": "Direccion General de Obras por Terceros - MOP", "Localidad": "Rafaela, Bella Italia, Susana", "Resp.": null, "Dpto": "Castellanos" }, "geometry": { "type": "Point", "coordinates": [ -61.557109514681294, -31.291541493265743 ] } },
{ "type": "Feature", "properties": { "Nombre": "Alcantarilla 29", "Estado": "Finalizado", "Obra": "Canalizacion Bajo Peretti", "Datos": "A2 DPOH H° A°\nH: 5,00 mts\nL: 6,00 mts\nAC: 6,50 mts\nTipo Recta", "Tipo": "Alcantarilla", "Region": "Región 3, Región 4", "Código": "6102", "Cuenca": "8- Río Salado", "C Cuenca": null, "Direccion": "Direccion General de Obras por Terceros - MOP", "Localidad": "Rafaela, Bella Italia, Susana", "Resp.": null, "Dpto": "Castellanos" }, "geometry": { "type": "Point", "coordinates": [ -61.560523514311321, -31.291198493322781 ] } },
{ "type": "Feature", "properties": { "Nombre": "Alcantarilla 30", "Estado": "Finalizado", "Obra": "Canalizacion Bajo Peretti", "Datos": "A2 DPOH H° A°\nH: 4,00 mts\nL: 5,00 mts\nAC: 6,50 mts\nTipo Recta", "Tipo": "Alcantarilla", "Region": "Región 3, Región 4", "Código": "6102", "Cuenca": "8- Río Salado", "C Cuenca": null, "Direccion": "Direccion General de Obras por Terceros - MOP", "Localidad": "Rafaela, Bella Italia, Susana", "Resp.": null, "Dpto": "Castellanos" }, "geometry": { "type": "Point", "coordinates": [ -61.564563513869871, -31.291024493378409 ] } },
{ "type": "Feature", "properties": { "Nombre": "FFCC - Alcantarilla 31", "Estado": "Sin Ejecutar", "Obra": "Canalizacion Bajo Peretti", "Datos": "Solo apertura de terraplen", "Tipo": "Alcantarilla", "Region": "Región 3, Región 4", "Código": "6102", "Cuenca": "8- Río Salado", "C Cuenca": null, "Direccion": "Direccion General de Obras por Terceros - MOP", "Localidad": "Rafaela, Bella Italia, Susana", "Resp.": null, "Dpto": "Castellanos" }, "geometry": { "type": "Point", "coordinates": [ -61.568307513458258, -31.29102449342172 ] } },
{ "type": "Feature", "properties": { "Nombre": "Alcantarilla 32", "Estado": "Finalizado", "Obra": "Canalizacion Bajo Peretti", "Datos": "A2 DPOH H° A°\nH: 4,00 mts\nL: 5,00 mts\nAC: 7,50 mts\nTipo Recta", "Tipo": "Alcantarilla", "Region": "Región 3, Región 4", "Código": "6102", "Cuenca": "8- Río Salado", "C Cuenca": null, "Direccion": "Direccion General de Obras por Terceros - MOP", "Localidad": "Rafaela, Bella Italia, Susana", "Resp.": null, "Dpto": "Castellanos" }, "geometry": { "type": "Point", "coordinates": [ -61.569543513321918, -31.291053493434539 ] } },
{ "type": "Feature", "properties": { "Nombre": "Alcantarilla 33", "Estado": "Finalizado", "Obra": "Canalizacion Bajo Peretti", "Datos": "A2 DPOH H° A°\nH: 4,00 mts\nL: 5,00 mts\nAC: 6,50 mts\nTipo Recta", "Tipo": "Alcantarilla", "Region": "Región 3, Región 4", "Código": "6102", "Cuenca": "8- Río Salado", "C Cuenca": null, "Direccion": "Direccion General de Obras por Terceros - MOP", "Localidad": "Rafaela, Bella Italia, Susana", "Resp.": null, "Dpto": "Castellanos" }, "geometry": { "type": "Point", "coordinates": [ -61.574038512832381, -31.29075649350176 ] } },
{ "type": "Feature", "properties": { "Nombre": "Alcantarilla 34", "Estado": "Finalizado", "Obra": "Canalizacion Bajo Peretti", "Datos": "A2 DPOH H° A°\nH: 3,50 mts\nL: 4,50 mts\nAC: 6,50 mts\nTipo Recta", "Tipo": "Alcantarilla", "Region": "Región 3, Región 4", "Código": "6102", "Cuenca": "8- Río Salado", "C Cuenca": null, "Direccion": "Direccion General de Obras por Terceros - MOP", "Localidad": "Rafaela, Bella Italia, Susana", "Resp.": null, "Dpto": "Castellanos" }, "geometry": { "type": "Point", "coordinates": [ -61.576537512562744, -31.290433493547212 ] } },
{ "type": "Feature", "properties": { "Nombre": "Alcantarilla 35", "Estado": "Finalizado", "Obra": "Canalizacion Bajo Peretti", "Datos": "A2 DPOH H° A°\nH: 3,00 mts\nL: 4,00 mts\nAC: 7,50 mts\nTipo Recta", "Tipo": "Alcantarilla", "Region": "Región 3, Región 4", "Código": "6102", "Cuenca": "8- Río Salado", "C Cuenca": null, "Direccion": "Direccion General de Obras por Terceros - MOP", "Localidad": "Rafaela, Bella Italia, Susana", "Resp.": null, "Dpto": "Castellanos" }, "geometry": { "type": "Point", "coordinates": [ -61.583369511818766, -31.289981493649471 ] } },
{ "type": "Feature", "properties": { "Nombre": "Alcantarilla 36", "Estado": "Finalizado", "Obra": "Canalizacion Bajo Peretti", "Datos": "A2 DPOH H° A°\nH: 3,00 mts\nL: 4,00 mts\nAC: 7,50 mts\nTipo Recta", "Tipo": "Alcantarilla", "Region": "Región 3, Región 4", "Código": "6102", "Cuenca": "8- Río Salado", "C Cuenca": null, "Direccion": "Direccion General de Obras por Terceros - MOP", "Localidad": "Rafaela, Bella Italia, Susana", "Resp.": null, "Dpto": "Castellanos" }, "geometry": { "type": "Point", "coordinates": [ -61.597179510318334, -31.288856493867065 ] } },
{ "type": "Feature", "properties": { "Nombre": "Modulo 2", "Estado": "Finalizado", "Obra": "Canalizacion Bajo Peretti", "Datos": "Modulos H° A°\nH: 1,00 mts\nL: 1,50 mts\nAC: 7,00 mts", "Tipo": "Alcantarilla", "Region": "Región 3, Región 4", "Código": "6102", "Cuenca": "8- Río Salado", "C Cuenca": null, "Direccion": "Direccion General de Obras por Terceros - MOP", "Localidad": "Rafaela, Bella Italia, Susana", "Resp.": null, "Dpto": "Castellanos" }, "geometry": { "type": "Point", "coordinates": [ -61.491194521628898, -31.310790491520624 ] } },
{ "type": "Feature", "properties": { "Nombre": "Modulo 3", "Estado": "Finalizado", "Obra": "Canalizacion Bajo Peretti", "Datos": "Modulos H° A°\nH: 1,00 mts\nL: 1,50 mts\nAC: 7,00 mts", "Tipo": "Alcantarilla", "Region": "Región 3, Región 4", "Código": "6102", "Cuenca": "8- Río Salado", "C Cuenca": null, "Direccion": "Direccion General de Obras por Terceros - MOP", "Localidad": "Rafaela, Bella Italia, Susana", "Resp.": null, "Dpto": "Castellanos" }, "geometry": { "type": "Point", "coordinates": [ -61.504583520194558, -31.308335791800392 ] } },
{ "type": "Feature", "properties": { "Nombre": "Modulo 4", "Estado": "Finalizado", "Obra": "Canalizacion Bajo Peretti", "Datos": "Modulos H° A°\nH: 1,00 mts\nL: 1,50 mts\nAC: 7,00 mts", "Tipo": "Alcantarilla", "Region": "Región 3, Región 4", "Código": "6102", "Cuenca": "8- Río Salado", "C Cuenca": null, "Direccion": "Direccion General de Obras por Terceros - MOP", "Localidad": "Rafaela, Bella Italia, Susana", "Resp.": null, "Dpto": "Castellanos" }, "geometry": { "type": "Point", "coordinates": [ -61.504778520171996, -31.308406491798998 ] } },
{ "type": "Feature", "properties": { "Nombre": "Modulo 5", "Estado": "Finalizado", "Obra": "Canalizacion Bajo Peretti", "Datos": "Modulos H° A°\nH: 1,00 mts\nL: 1,50 mts\nAC: 7,00 mts", "Tipo": "Alcantarilla", "Region": "Región 3, Región 4", "Código": "6102", "Cuenca": "8- Río Salado", "C Cuenca": null, "Direccion": "Direccion General de Obras por Terceros - MOP", "Localidad": "Rafaela, Bella Italia, Susana", "Resp.": null, "Dpto": "Castellanos" }, "geometry": { "type": "Point", "coordinates": [ -61.508382519766684, -31.308977491811337 ] } },
{ "type": "Feature", "properties": { "Nombre": "Modulo 6", "Estado": "Finalizado", "Obra": "Canalizacion Bajo Peretti", "Datos": "Modulos H° A°\nH: 1,00 mts\nL: 1,50 mts\nAC: 7,00 mts", "Tipo": "Alcantarilla", "Region": "Región 3, Región 4", "Código": "6102", "Cuenca": "8- Río Salado", "C Cuenca": null, "Direccion": "Direccion General de Obras por Terceros - MOP", "Localidad": "Rafaela, Bella Italia, Susana", "Resp.": null, "Dpto": "Castellanos" }, "geometry": { "type": "Point", "coordinates": [ -61.512070519358225, -31.309156491844735 ] } },
{ "type": "Feature", "properties": { "Nombre": "Modulo 7", "Estado": "Finalizado", "Obra": "Canalizacion Bajo Peretti", "Datos": "Modulos H° A°\nH: 1,00 mts\nL: 1,50 mts\nAC: 7,00 mts", "Tipo": "Alcantarilla", "Region": "Región 3, Región 4", "Código": "6102", "Cuenca": "8- Río Salado", "C Cuenca": null, "Direccion": "Direccion General de Obras por Terceros - MOP", "Localidad": "Rafaela, Bella Italia, Susana", "Resp.": null, "Dpto": "Castellanos" }, "geometry": { "type": "Point", "coordinates": [ -61.518174518695005, -31.308636491941737 ] } },
{ "type": "Feature", "properties": { "Nombre": "Circ. RN34 - Alcantarilla 23", "Estado": "No Corresponde", "Obra": "Canalizacion Bajo Peretti", "Datos": null, "Tipo": "Alcantarilla", "Region": "Región 3, Región 4", "Código": "6102", "Cuenca": "8- Río Salado", "C Cuenca": null, "Direccion": "Direccion General de Obras por Terceros - MOP", "Localidad": "Rafaela, Bella Italia, Susana", "Resp.": null, "Dpto": "Castellanos" }, "geometry": { "type": "Point", "coordinates": [ -61.528946517797593, -31.290282493004849 ] } },
{ "type": "Feature", "properties": { "Nombre": "Alcantarilla 10", "Estado": "Finalizado", "Obra": "Canalizacion Bajo Peretti", "Datos": "A2 DPOH H° A° 2x4 mts\nH: 5,00 mts\nL: 4,00 mts\nAC: 10,00 mts\nTipo Recta", "Tipo": "Alcantarilla", "Region": "Región 3, Región 4", "Código": "6102", "Cuenca": "8- Río Salado", "C Cuenca": null, "Direccion": "Direccion General de Obras por Terceros - MOP", "Localidad": "Rafaela, Bella Italia, Susana", "Resp.": null, "Dpto": "Castellanos" }, "geometry": { "type": "Point", "coordinates": [ -61.457493525245965, -31.316583490836791 ] } },
{ "type": "Feature", "properties": { "Nombre": "Reparación protección flexible - Descarga Pedro Zenteno", "Estado": "Finalizado", "Obra": "Tareas de mantenimiento y reparacion Gran Santa Fe", "Datos": null, "Tipo": "Proteccion", "Region": "Región 1, Región 3", "Código": "6108", "Cuenca": "5- Río Parana", "C Cuenca": null, "Direccion": "Direccion General de Obras por Terceros - MOP", "Localidad": "Santa Fe, Colastiné, Rincón, Arroyo Leyes", "Resp.": null, "Dpto": "La Capital" }, "geometry": { "type": "Point", "coordinates": [ -60.678722606394835, -31.631967466028161 ] } },
{ "type": "Feature", "properties": { "Nombre": "Cartel de obra", "Estado": "Cartel", "Obra": "Tareas de mantenimiento y reparacion Gran Santa Fe", "Datos": null, "Tipo": "Extra", "Region": "Región 1, Región 3", "Código": "6108", "Cuenca": "5- Río Parana", "C Cuenca": null, "Direccion": "Direccion General de Obras por Terceros - MOP", "Localidad": "Santa Fe, Colastiné, Rincón, Arroyo Leyes", "Resp.": null, "Dpto": "La Capital" }, "geometry": { "type": "Point", "coordinates": [ -60.62531761223498, -31.636952465192934 ] } },
{ "type": "Feature", "properties": { "Nombre": "Alcantarilla Doble", "Estado": "Finalizado", "Obra": "Tareas de mantenimiento y reparacion Gran Santa Fe", "Datos": null, "Tipo": "Alcantarilla", "Region": "Región 1, Región 3", "Código": "6108", "Cuenca": "5- Río Parana", "C Cuenca": null, "Direccion": "Direccion General de Obras por Terceros - MOP", "Localidad": "Santa Fe, Colastiné, Rincón, Arroyo Leyes", "Resp.": null, "Dpto": "La Capital" }, "geometry": { "type": "Point", "coordinates": [ -60.60556461442399, -31.636878464982189 ] } },
{ "type": "Feature", "properties": { "Nombre": "Alcantarilla 2 - DPV", "Estado": "Finalizado", "Obra": "Tareas de mantenimiento y reparacion Gran Santa Fe", "Datos": null, "Tipo": "Alcantarilla", "Region": "Región 1, Región 3", "Código": "6108", "Cuenca": "5- Río Parana", "C Cuenca": null, "Direccion": "Direccion General de Obras por Terceros - MOP", "Localidad": "Santa Fe, Colastiné, Rincón, Arroyo Leyes", "Resp.": null, "Dpto": "La Capital" }, "geometry": { "type": "Point", "coordinates": [ -60.596471615515775, -31.631173465173752 ] } },
{ "type": "Feature", "properties": { "Nombre": "Alcantarilla 1 - DPV", "Estado": "Finalizado", "Obra": "Tareas de mantenimiento y reparacion Gran Santa Fe", "Datos": null, "Tipo": "Alcantarilla", "Region": "Región 1, Región 3", "Código": "6108", "Cuenca": "5- Río Parana", "C Cuenca": null, "Direccion": "Direccion General de Obras por Terceros - MOP", "Localidad": "Santa Fe, Colastiné, Rincón, Arroyo Leyes", "Resp.": null, "Dpto": "La Capital" }, "geometry": { "type": "Point", "coordinates": [ -60.599648615074052, -31.637233464899964 ] } },
{ "type": "Feature", "properties": { "Nombre": "Alcantarilla de acceso", "Estado": "Finalizado", "Obra": "Tareas de mantenimiento y reparacion Gran Santa Fe", "Datos": null, "Tipo": "Alcantarilla", "Region": "Región 1, Región 3", "Código": "6108", "Cuenca": "5- Río Parana", "C Cuenca": null, "Direccion": "Direccion General de Obras por Terceros - MOP", "Localidad": "Santa Fe, Colastiné, Rincón, Arroyo Leyes", "Resp.": null, "Dpto": "La Capital" }, "geometry": { "type": "Point", "coordinates": [ -60.695162804169939, -31.659045264831409 ] } },
{ "type": "Feature", "properties": { "Nombre": "Inicio de Obra", "Estado": null, "Obra": "Sistema de proteccion urbana villa minetti", "Datos": null, "Tipo": "Extra", "Region": "Región 2", "Código": "6109", "Cuenca": "1- Bajos Submeridionales", "C Cuenca": null, "Direccion": "Direccion General de Obras por Terceros - MOP", "Localidad": "Villa Minetti", "Resp.": null, "Dpto": "9 de Julio" }, "geometry": { "type": "Point", "coordinates": [ -61.619607, -28.615054000000299 ] } },
{ "type": "Feature", "properties": { "Nombre": "Fin de Obra", "Estado": null, "Obra": "Sistema de proteccion urbana villa minetti", "Datos": null, "Tipo": "Extra", "Region": "Región 2", "Código": "6109", "Cuenca": "1- Bajos Submeridionales", "C Cuenca": null, "Direccion": "Direccion General de Obras por Terceros - MOP", "Localidad": "Villa Minetti", "Resp.": null, "Dpto": "9 de Julio" }, "geometry": { "type": "Point", "coordinates": [ -61.619863, -28.614991000000323 ] } },
{ "type": "Feature", "properties": { "Nombre": "Cartel de Obra", "Estado": null, "Obra": "Sistema de proteccion urbana villa minetti", "Datos": null, "Tipo": "Cartel", "Region": "Región 2", "Código": "6109", "Cuenca": "1- Bajos Submeridionales", "C Cuenca": null, "Direccion": "Direccion General de Obras por Terceros - MOP", "Localidad": "Villa Minetti", "Resp.": null, "Dpto": "9 de Julio" }, "geometry": { "type": "Point", "coordinates": [ -61.523438, -28.631350000000307 ] } },
{ "type": "Feature", "properties": { "Nombre": "Estación de Bombeo Sur", "Estado": "En Ejecucion", "Obra": "Sistema de proteccion urbana villa minetti", "Datos": null, "Tipo": "Estacion de Bombeo", "Region": "Región 2", "Código": "6109", "Cuenca": "1- Bajos Submeridionales", "C Cuenca": null, "Direccion": "Direccion General de Obras por Terceros - MOP", "Localidad": "Villa Minetti", "Resp.": null, "Dpto": "9 de Julio" }, "geometry": { "type": "Point", "coordinates": [ -61.615235, -28.632665000000305 ] } },
{ "type": "Feature", "properties": { "Nombre": "Estación de Bombeo Norte", "Estado": "En Ejecucion", "Obra": "Sistema de proteccion urbana villa minetti", "Datos": null, "Tipo": "Estacion de Bombeo", "Region": "Región 2", "Código": "6109", "Cuenca": "1- Bajos Submeridionales", "C Cuenca": null, "Direccion": "Direccion General de Obras por Terceros - MOP", "Localidad": "Villa Minetti", "Resp.": null, "Dpto": "9 de Julio" }, "geometry": { "type": "Point", "coordinates": [ -61.617036200000094, -28.615551200000308 ] } },
{ "type": "Feature", "properties": { "Nombre": "Alcantarilla N°14 (tipo A2 - DPOH)", "Estado": "Finalizado", "Obra": "Reacond Canal sec bogado y canal colonia escribanos", "Datos": null, "Tipo": "Alcantarilla", "Region": "Región 5", "Código": "6112", "Cuenca": "19- Arroyo Seco", "C Cuenca": null, "Direccion": "Direccion General de Obras por Terceros - MOP", "Localidad": "Coronel Bogado, Colonia Escribano, Fighera", "Resp.": null, "Dpto": "Rosario" }, "geometry": { "type": "Point", "coordinates": [ -60.511419, -33.25204200000028 ] } },
{ "type": "Feature", "properties": { "Nombre": "Alcantarilla N°08", "Estado": "Finalizado", "Obra": "Reacond Canal sec bogado y canal colonia escribanos", "Datos": null, "Tipo": "Alcantarilla", "Region": "Región 5", "Código": "6112", "Cuenca": "19- Arroyo Seco", "C Cuenca": null, "Direccion": "Direccion General de Obras por Terceros - MOP", "Localidad": "Coronel Bogado, Colonia Escribano, Fighera", "Resp.": null, "Dpto": "Rosario" }, "geometry": { "type": "Point", "coordinates": [ -60.561222, -33.240494000000275 ] } },
{ "type": "Feature", "properties": { "Nombre": "Alcantarilla N°07", "Estado": "En Ejecucion", "Obra": "Reacond Canal sec bogado y canal colonia escribanos", "Datos": null, "Tipo": "Alcantarilla", "Region": "Región 5", "Código": "6112", "Cuenca": "19- Arroyo Seco", "C Cuenca": null, "Direccion": "Direccion General de Obras por Terceros - MOP", "Localidad": "Coronel Bogado, Colonia Escribano, Fighera", "Resp.": null, "Dpto": "Rosario" }, "geometry": { "type": "Point", "coordinates": [ -60.555067, -33.237211000000279 ] } },
{ "type": "Feature", "properties": { "Nombre": "Alcantarilla N°09", "Estado": "En Ejecucion", "Obra": "Reacond Canal sec bogado y canal colonia escribanos", "Datos": null, "Tipo": "Alcantarilla", "Region": "Región 5", "Código": "6112", "Cuenca": "19- Arroyo Seco", "C Cuenca": null, "Direccion": "Direccion General de Obras por Terceros - MOP", "Localidad": "Coronel Bogado, Colonia Escribano, Fighera", "Resp.": null, "Dpto": "Rosario" }, "geometry": { "type": "Point", "coordinates": [ -60.571125, -33.245772000000279 ] } },
{ "type": "Feature", "properties": { "Nombre": "Alcantarilla N°12", "Estado": "Finalizado", "Obra": "Reacond Canal sec bogado y canal colonia escribanos", "Datos": null, "Tipo": "Alcantarilla", "Region": "Región 5", "Código": "6112", "Cuenca": "19- Arroyo Seco", "C Cuenca": null, "Direccion": "Direccion General de Obras por Terceros - MOP", "Localidad": "Coronel Bogado, Colonia Escribano, Fighera", "Resp.": null, "Dpto": "Rosario" }, "geometry": { "type": "Point", "coordinates": [ -60.555042, -33.266675000000291 ] } },
{ "type": "Feature", "properties": { "Nombre": "Alcantarilla N°06", "Estado": "En Ejecucion", "Obra": "Reacond Canal sec bogado y canal colonia escribanos", "Datos": null, "Tipo": "Alcantarilla", "Region": "Región 5", "Código": "6112", "Cuenca": "19- Arroyo Seco", "C Cuenca": null, "Direccion": "Direccion General de Obras por Terceros - MOP", "Localidad": "Coronel Bogado, Colonia Escribano, Fighera", "Resp.": null, "Dpto": "Rosario" }, "geometry": { "type": "Point", "coordinates": [ -60.553561, -33.236233000000276 ] } },
{ "type": "Feature", "properties": { "Nombre": "Alcantarilla N°02", "Estado": "En Ejecucion", "Obra": "Reacond Canal sec bogado y canal colonia escribanos", "Datos": null, "Tipo": "Alcantarilla", "Region": "Región 5", "Código": "6112", "Cuenca": "19- Arroyo Seco", "C Cuenca": null, "Direccion": "Direccion General de Obras por Terceros - MOP", "Localidad": "Coronel Bogado, Colonia Escribano, Fighera", "Resp.": null, "Dpto": "Rosario" }, "geometry": { "type": "Point", "coordinates": [ -60.539447, -33.227003000000281 ] } },
{ "type": "Feature", "properties": { "Nombre": "Alcantarilla N°3a", "Estado": "En Ejecucion", "Obra": "Reacond Canal sec bogado y canal colonia escribanos", "Datos": null, "Tipo": "Alcantarilla", "Region": "Región 5", "Código": "6112", "Cuenca": "20- Arroyo Pavón", "C Cuenca": null, "Direccion": "Direccion General de Obras por Terceros - MOP", "Localidad": "Coronel Bogado, Colonia Escribano, Fighera", "Resp.": null, "Dpto": "Rosario" }, "geometry": { "type": "Point", "coordinates": [ -60.456844100000083, -33.253292200000281 ] } },
{ "type": "Feature", "properties": { "Nombre": "Alcantarilla N°17", "Estado": "Sin Ejecutar", "Obra": "Reacond Canal sec bogado y canal colonia escribanos", "Datos": null, "Tipo": "Alcantarilla", "Region": "Región 5", "Código": "6112", "Cuenca": "19- Arroyo Seco", "C Cuenca": null, "Direccion": "Direccion General de Obras por Terceros - MOP", "Localidad": "Coronel Bogado, Colonia Escribano, Fighera", "Resp.": null, "Dpto": "Rosario" }, "geometry": { "type": "Point", "coordinates": [ -60.490142, -33.266600000000281 ] } },
{ "type": "Feature", "properties": { "Nombre": "Alcantarilla N°21", "Estado": "En Ejecucion", "Obra": "Reacond Canal sec bogado y canal colonia escribanos", "Datos": null, "Tipo": "Alcantarilla", "Region": "Región 5", "Código": "6112", "Cuenca": "20- Arroyo Pavón", "C Cuenca": null, "Direccion": "Direccion General de Obras por Terceros - MOP", "Localidad": "Coronel Bogado, Colonia Escribano, Fighera", "Resp.": null, "Dpto": "Rosario" }, "geometry": { "type": "Point", "coordinates": [ -60.46240820000007, -33.248833800000277 ] } },
{ "type": "Feature", "properties": { "Nombre": "Alcantarilla N°20", "Estado": "En Ejecucion", "Obra": "Reacond Canal sec bogado y canal colonia escribanos", "Datos": null, "Tipo": "Alcantarilla", "Region": "Región 5", "Código": "6112", "Cuenca": "20- Arroyo Pavón", "C Cuenca": null, "Direccion": "Direccion General de Obras por Terceros - MOP", "Localidad": "Coronel Bogado, Colonia Escribano, Fighera", "Resp.": null, "Dpto": "Rosario" }, "geometry": { "type": "Point", "coordinates": [ -60.458781, -33.251806000000279 ] } },
{ "type": "Feature", "properties": { "Nombre": "Alcantarilla N°3e", "Estado": "En Ejecucion", "Obra": "Reacond Canal sec bogado y canal colonia escribanos", "Datos": null, "Tipo": "Alcantarilla", "Region": "Región 5", "Código": "6112", "Cuenca": "20- Arroyo Pavón", "C Cuenca": null, "Direccion": "Direccion General de Obras por Terceros - MOP", "Localidad": "Coronel Bogado, Colonia Escribano, Fighera", "Resp.": null, "Dpto": "Rosario" }, "geometry": { "type": "Point", "coordinates": [ -60.467067, -33.245358000000273 ] } },
{ "type": "Feature", "properties": { "Nombre": "Alcantarilla N°3f", "Estado": "En Ejecucion", "Obra": "Reacond Canal sec bogado y canal colonia escribanos", "Datos": null, "Tipo": "Alcantarilla", "Region": "Región 5", "Código": "6112", "Cuenca": "20- Arroyo Pavón", "C Cuenca": null, "Direccion": "Direccion General de Obras por Terceros - MOP", "Localidad": "Coronel Bogado, Colonia Escribano, Fighera", "Resp.": null, "Dpto": "Rosario" }, "geometry": { "type": "Point", "coordinates": [ -60.457098400000071, -33.253084200000288 ] } },
{ "type": "Feature", "properties": { "Nombre": "Alcantarilla N°01", "Estado": "En Ejecucion", "Obra": "Reacond Canal sec bogado y canal colonia escribanos", "Datos": null, "Tipo": "Alcantarilla", "Region": "Región 5", "Código": "6112", "Cuenca": "20- Arroyo Pavón", "C Cuenca": null, "Direccion": "Direccion General de Obras por Terceros - MOP", "Localidad": "Coronel Bogado, Colonia Escribano, Fighera", "Resp.": null, "Dpto": "Rosario" }, "geometry": { "type": "Point", "coordinates": [ -60.465136200000067, -33.246862400000282 ] } },
{ "type": "Feature", "properties": { "Nombre": "Alcantarilla N°15", "Estado": "Sin Ejecutar", "Obra": "Reacond Canal sec bogado y canal colonia escribanos", "Datos": null, "Tipo": "Alcantarilla", "Region": "Región 5", "Código": "6112", "Cuenca": "19- Arroyo Seco", "C Cuenca": null, "Direccion": "Direccion General de Obras por Terceros - MOP", "Localidad": "Coronel Bogado, Colonia Escribano, Fighera", "Resp.": null, "Dpto": "Rosario" }, "geometry": { "type": "Point", "coordinates": [ -60.498753, -33.259753000000281 ] } },
{ "type": "Feature", "properties": { "Nombre": "Alcantarilla N°02", "Estado": "En Ejecucion", "Obra": "Reacond Canal sec bogado y canal colonia escribanos", "Datos": null, "Tipo": "Alcantarilla", "Region": "Región 5", "Código": "6112", "Cuenca": "20- Arroyo Pavón", "C Cuenca": null, "Direccion": "Direccion General de Obras por Terceros - MOP", "Localidad": "Coronel Bogado, Colonia Escribano, Fighera", "Resp.": null, "Dpto": "Rosario" }, "geometry": { "type": "Point", "coordinates": [ -60.469715300000068, -33.243286700000283 ] } },
{ "type": "Feature", "properties": { "Nombre": "Alcantarilla N°07", "Estado": "Finalizado", "Obra": "Reacond Canal sec bogado y canal colonia escribanos", "Datos": null, "Tipo": "Alcantarilla", "Region": "Región 5", "Código": "6112", "Cuenca": "20- Arroyo Pavón", "C Cuenca": null, "Direccion": "Direccion General de Obras por Terceros - MOP", "Localidad": "Coronel Bogado, Colonia Escribano, Fighera", "Resp.": null, "Dpto": "Rosario" }, "geometry": { "type": "Point", "coordinates": [ -60.472583700000072, -33.241178300000293 ] } },
{ "type": "Feature", "properties": { "Nombre": "Alcantarilla N°07b", "Estado": "Finalizado", "Obra": "Reacond Canal sec bogado y canal colonia escribanos", "Datos": null, "Tipo": "Alcantarilla", "Region": "Región 5", "Código": "6112", "Cuenca": "20- Arroyo Pavón", "C Cuenca": null, "Direccion": "Direccion General de Obras por Terceros - MOP", "Localidad": "Coronel Bogado, Colonia Escribano, Fighera", "Resp.": null, "Dpto": "Rosario" }, "geometry": { "type": "Point", "coordinates": [ -60.474860600000063, -33.239329700000262 ] } },
{ "type": "Feature", "properties": { "Nombre": "Alcantarilla N°09", "Estado": "Finalizado", "Obra": "Reacond Canal sec bogado y canal colonia escribanos", "Datos": null, "Tipo": "Alcantarilla", "Region": "Región 5", "Código": "6112", "Cuenca": "19- Arroyo Seco", "C Cuenca": null, "Direccion": "Direccion General de Obras por Terceros - MOP", "Localidad": "Coronel Bogado, Colonia Escribano, Fighera", "Resp.": null, "Dpto": "Rosario" }, "geometry": { "type": "Point", "coordinates": [ -60.476867200000079, -33.237677500000288 ] } },
{ "type": "Feature", "properties": { "Nombre": "Salto 1 + Protección de gaviones y colchonetas", "Estado": "En Ejecucion", "Obra": "Reacond Canal sec bogado y canal colonia escribanos", "Datos": null, "Tipo": "Gaviones", "Region": "Región 5", "Código": "6112", "Cuenca": "20- Arroyo Pavón", "C Cuenca": null, "Direccion": "Direccion General de Obras por Terceros - MOP", "Localidad": "Coronel Bogado, Colonia Escribano, Fighera", "Resp.": null, "Dpto": "Rosario" }, "geometry": { "type": "Point", "coordinates": [ -60.455495, -33.254353000000286 ] } },
{ "type": "Feature", "properties": { "Nombre": "Salto 2 + protección de gaviones y colchonetas", "Estado": "Sin Ejecutar", "Obra": "Reacond Canal sec bogado y canal colonia escribanos", "Datos": null, "Tipo": "Gaviones", "Region": "Región 5", "Código": "6112", "Cuenca": "20- Arroyo Pavón", "C Cuenca": null, "Direccion": "Direccion General de Obras por Terceros - MOP", "Localidad": "Coronel Bogado, Colonia Escribano, Fighera", "Resp.": null, "Dpto": "Rosario" }, "geometry": { "type": "Point", "coordinates": [ -60.457088700000078, -33.253241700000288 ] } },
{ "type": "Feature", "properties": { "Nombre": "Alcantarilla N°13", "Estado": "En Ejecucion", "Obra": "Reacond Canal sec bogado y canal colonia escribanos", "Datos": null, "Tipo": "Alcantarilla", "Region": "Región 5", "Código": "6112", "Cuenca": "19- Arroyo Seco", "C Cuenca": null, "Direccion": "Direccion General de Obras por Terceros - MOP", "Localidad": "Coronel Bogado, Colonia Escribano, Fighera", "Resp.": null, "Dpto": "Rosario" }, "geometry": { "type": "Point", "coordinates": [ -60.484192, -33.232072000000279 ] } },
{ "type": "Feature", "properties": { "Nombre": "Alcantarilla N°19", "Estado": "En Ejecucion", "Obra": "Reacond Canal sec bogado y canal colonia escribanos", "Datos": null, "Tipo": "Alcantarilla", "Region": "Región 5", "Código": "6112", "Cuenca": "19- Arroyo Seco", "C Cuenca": null, "Direccion": "Direccion General de Obras por Terceros - MOP", "Localidad": "Coronel Bogado, Colonia Escribano, Fighera", "Resp.": null, "Dpto": "Rosario" }, "geometry": { "type": "Point", "coordinates": [ -60.486911, -33.229961000000287 ] } },
{ "type": "Feature", "properties": { "Nombre": "Alcantarilla N°05", "Estado": "Finalizado", "Obra": "Reacond Canal sec bogado y canal colonia escribanos", "Datos": null, "Tipo": "Alcantarilla", "Region": "Región 5", "Código": "6112", "Cuenca": "19- Arroyo Seco", "C Cuenca": null, "Direccion": "Direccion General de Obras por Terceros - MOP", "Localidad": "Coronel Bogado, Colonia Escribano, Fighera", "Resp.": null, "Dpto": "Rosario" }, "geometry": { "type": "Point", "coordinates": [ -60.549499700000062, -33.232285600000274 ] } },
{ "type": "Feature", "properties": { "Nombre": "INICIO DE OBRA", "Estado": null, "Obra": "Reacond Canal sec bogado y canal colonia escribanos", "Datos": null, "Tipo": "Extra", "Region": "Región 5", "Código": "6112", "Cuenca": "19- Arroyo Seco", "C Cuenca": null, "Direccion": "Direccion General de Obras por Terceros - MOP", "Localidad": "Coronel Bogado, Colonia Escribano, Fighera", "Resp.": null, "Dpto": "Rosario" }, "geometry": { "type": "Point", "coordinates": [ -60.534706, -33.224395000000285 ] } },
{ "type": "Feature", "properties": { "Nombre": "CARTEL DE OBRA", "Estado": "Cartel", "Obra": "Reacond Canal sec bogado y canal colonia escribanos", "Datos": null, "Tipo": "Extra", "Region": "Región 5", "Código": "6112", "Cuenca": null, "C Cuenca": null, "Direccion": "Direccion General de Obras por Terceros - MOP", "Localidad": "Coronel Bogado, Colonia Escribano, Fighera", "Resp.": null, "Dpto": "Rosario" }, "geometry": { "type": "Point", "coordinates": [ -60.489875, -33.199359000000264 ] } },
{ "type": "Feature", "properties": { "Nombre": "INICIO DE OBRA", "Estado": null, "Obra": "Reacond Canal sec bogado y canal colonia escribanos", "Datos": null, "Tipo": "Extra", "Region": "Región 5", "Código": "6112", "Cuenca": "20- Arroyo Pavón", "C Cuenca": null, "Direccion": "Direccion General de Obras por Terceros - MOP", "Localidad": "Coronel Bogado, Colonia Escribano, Fighera", "Resp.": null, "Dpto": "Rosario" }, "geometry": { "type": "Point", "coordinates": [ -60.455488, -33.254357000000276 ] } },
{ "type": "Feature", "properties": { "Nombre": "FIN DE OBRA", "Estado": null, "Obra": "Reacond Canal sec bogado y canal colonia escribanos", "Datos": null, "Tipo": "Extra", "Region": "Región 5", "Código": "6112", "Cuenca": "19- Arroyo Seco", "C Cuenca": null, "Direccion": "Direccion General de Obras por Terceros - MOP", "Localidad": "Coronel Bogado, Colonia Escribano, Fighera", "Resp.": null, "Dpto": "Rosario" }, "geometry": { "type": "Point", "coordinates": [ -60.541467, -33.277963000000284 ] } },
{ "type": "Feature", "properties": { "Nombre": "FIN DE OBRA", "Estado": null, "Obra": "Reacond Canal sec bogado y canal colonia escribanos", "Datos": null, "Tipo": "Extra", "Region": "Región 5", "Código": "6112", "Cuenca": "19- Arroyo Seco", "C Cuenca": null, "Direccion": "Direccion General de Obras por Terceros - MOP", "Localidad": "Coronel Bogado, Colonia Escribano, Fighera", "Resp.": null, "Dpto": "Rosario" }, "geometry": { "type": "Point", "coordinates": [ -60.489907, -33.26677900000027 ] } },
{ "type": "Feature", "properties": { "Nombre": "FIN DE OBRA", "Estado": null, "Obra": "Reacond Canal sec bogado y canal colonia escribanos", "Datos": null, "Tipo": "Extra", "Region": "Región 5", "Código": "6112", "Cuenca": "19- Arroyo Seco", "C Cuenca": null, "Direccion": "Direccion General de Obras por Terceros - MOP", "Localidad": "Coronel Bogado, Colonia Escribano, Fighera", "Resp.": null, "Dpto": "Rosario" }, "geometry": { "type": "Point", "coordinates": [ -60.486851, -33.229992000000273 ] } },
{ "type": "Feature", "properties": { "Nombre": "Protección gasoducto TGN", "Estado": "Finalizado", "Obra": "Reacond Canal sec bogado y canal colonia escribanos", "Datos": null, "Tipo": "Proteccion", "Region": "Región 5", "Código": "6112", "Cuenca": "19- Arroyo Seco", "C Cuenca": null, "Direccion": "Direccion General de Obras por Terceros - MOP", "Localidad": "Coronel Bogado, Colonia Escribano, Fighera", "Resp.": null, "Dpto": "Rosario" }, "geometry": { "type": "Point", "coordinates": [ -60.555203, -33.237285000000284 ] } },
{ "type": "Feature", "properties": { "Nombre": "Alcantarilla N°14", "Estado": "En Ejecucion", "Obra": "Reacond Canal sec bogado y canal colonia escribanos", "Datos": null, "Tipo": "Alcantarilla", "Region": "Región 5", "Código": "6112", "Cuenca": "19- Arroyo Seco", "C Cuenca": null, "Direccion": "Direccion General de Obras por Terceros - MOP", "Localidad": "Coronel Bogado, Colonia Escribano, Fighera", "Resp.": null, "Dpto": "Rosario" }, "geometry": { "type": "Point", "coordinates": [ -60.486532600000054, -33.230220100000274 ] } },
{ "type": "Feature", "properties": { "Nombre": "Alcantarilla N°2", "Estado": "Finalizado", "Obra": "Reacondicionamiento Arroyo Frias", "Datos": "A2 DPV 2+260 KM.\nMedidas:\nH = 7,00m\nL = 5,00m", "Tipo": "Alcantarilla", "Region": "Región 5", "Código": "6113", "Cuenca": "18- Arroyo Frías", "C Cuenca": null, "Direccion": "Direccion General de Obras por Terceros - MOP", "Localidad": "Pueblo Esther, Coronel Domingez, Santa Clara", "Resp.": null, "Dpto": "Rosario" }, "geometry": { "type": "Point", "coordinates": [ -60.592727, -33.073328000000267 ] } },
{ "type": "Feature", "properties": { "Nombre": "Alcantarilla N° 4", "Estado": "Finalizado", "Obra": "Reacondicionamiento Arroyo Frias", "Datos": "A2 DPV 3+40 KM.\nMedidas:\nH =5,50m\nL = 4,50m", "Tipo": "Alcantarilla", "Region": "Región 5", "Código": "6113", "Cuenca": "18- Arroyo Frías", "C Cuenca": null, "Direccion": "Direccion General de Obras por Terceros - MOP", "Localidad": "Pueblo Esther, Coronel Domingez, Santa Clara", "Resp.": null, "Dpto": "Rosario" }, "geometry": { "type": "Point", "coordinates": [ -60.59771, -33.078078000000275 ] } },
{ "type": "Feature", "properties": { "Nombre": "Alcantarilla N°A7", "Estado": "Finalizado", "Obra": "Reacondicionamiento Arroyo Frias", "Datos": "A2 DVP 6+190 KM.\nMedidas:\nH = 5,50m\nL = 4,50m", "Tipo": "Alcantarilla", "Region": "Región 5", "Código": "6113", "Cuenca": "18- Arroyo Frías", "C Cuenca": null, "Direccion": "Direccion General de Obras por Terceros - MOP", "Localidad": "Pueblo Esther, Coronel Domingez, Santa Clara", "Resp.": null, "Dpto": "Rosario" }, "geometry": { "type": "Point", "coordinates": [ -60.618209, -33.09658000000028 ] } },
{ "type": "Feature", "properties": { "Nombre": "Alcantarilla N°9", "Estado": "Finalizado", "Obra": "Reacondicionamiento Arroyo Frias", "Datos": "A Submurar 9+980 KM.", "Tipo": "Alcantarilla", "Region": "Región 5", "Código": "6113", "Cuenca": "18- Arroyo Frías", "C Cuenca": null, "Direccion": "Direccion General de Obras por Terceros - MOP", "Localidad": "Pueblo Esther, Coronel Domingez, Santa Clara", "Resp.": null, "Dpto": "Rosario" }, "geometry": { "type": "Point", "coordinates": [ -60.644402, -33.121596000000274 ] } },
{ "type": "Feature", "properties": { "Nombre": "Alcantarilla N°10", "Estado": "Finalizado", "Obra": "Reacondicionamiento Arroyo Frias", "Datos": "A Submurar y reparar alas 10+570 KM. PROG.", "Tipo": "Alcantarilla", "Region": "Región 5", "Código": "6113", "Cuenca": "18- Arroyo Frías", "C Cuenca": null, "Direccion": "Direccion General de Obras por Terceros - MOP", "Localidad": "Pueblo Esther, Coronel Domingez, Santa Clara", "Resp.": null, "Dpto": "Rosario" }, "geometry": { "type": "Point", "coordinates": [ -60.646178, -33.126879000000294 ] } },
{ "type": "Feature", "properties": { "Nombre": "Alcantarilla N°11", "Estado": "Finalizado", "Obra": "Reacondicionamiento Arroyo Frias", "Datos": "A Submurar 11+160", "Tipo": "Alcantarilla", "Region": "Región 5", "Código": "6113", "Cuenca": "18- Arroyo Frías", "C Cuenca": null, "Direccion": "Direccion General de Obras por Terceros - MOP", "Localidad": "Pueblo Esther, Coronel Domingez, Santa Clara", "Resp.": null, "Dpto": "Rosario" }, "geometry": { "type": "Point", "coordinates": [ -60.649876, -33.13129100000026 ] } },
{ "type": "Feature", "properties": { "Nombre": "Alcantarilla N°12", "Estado": "Finalizado", "Obra": "Reacondicionamiento Arroyo Frias", "Datos": "A Submurar 11+590 KM.", "Tipo": "Alcantarilla", "Region": "Región 5", "Código": "6113", "Cuenca": "18- Arroyo Frías", "C Cuenca": null, "Direccion": "Direccion General de Obras por Terceros - MOP", "Localidad": "Pueblo Esther, Coronel Domingez, Santa Clara", "Resp.": null, "Dpto": "Rosario" }, "geometry": { "type": "Point", "coordinates": [ -60.65242, -33.134328000000266 ] } },
{ "type": "Feature", "properties": { "Nombre": "Alcantarilla N°13", "Estado": "En Ejecucion", "Obra": "Reacondicionamiento Arroyo Frias", "Datos": "A Submurar 11+930 KM.", "Tipo": "Alcantarilla", "Region": "Región 5", "Código": "6113", "Cuenca": "18- Arroyo Frías", "C Cuenca": null, "Direccion": "Direccion General de Obras por Terceros - MOP", "Localidad": "Pueblo Esther, Coronel Domingez, Santa Clara", "Resp.": null, "Dpto": "Rosario" }, "geometry": { "type": "Point", "coordinates": [ -60.653061, -33.137287000000292 ] } },
{ "type": "Feature", "properties": { "Nombre": "Alcantarilla N° 14", "Estado": "En Ejecucion", "Obra": "Reacondicionamiento Arroyo Frias", "Datos": "A Submurar 11+960 KM. PROG.", "Tipo": "Alcantarilla", "Region": "Región 5", "Código": "6113", "Cuenca": "18- Arroyo Frías", "C Cuenca": null, "Direccion": "Direccion General de Obras por Terceros - MOP", "Localidad": "Pueblo Esther, Coronel Domingez, Santa Clara", "Resp.": null, "Dpto": "Rosario" }, "geometry": { "type": "Point", "coordinates": [ -60.653155, -33.137727000000275 ] } },
{ "type": "Feature", "properties": { "Nombre": "Alcantarilla N°15", "Estado": "En Ejecucion", "Obra": "Reacondicionamiento Arroyo Frias", "Datos": "A Submurar 12+255 KM. PROG.", "Tipo": "Alcantarilla", "Region": "Región 5", "Código": "6113", "Cuenca": "18- Arroyo Frías", "C Cuenca": null, "Direccion": "Direccion General de Obras por Terceros - MOP", "Localidad": "Pueblo Esther, Coronel Domingez, Santa Clara", "Resp.": null, "Dpto": "Rosario" }, "geometry": { "type": "Point", "coordinates": [ -60.653861, -33.140205000000279 ] } },
{ "type": "Feature", "properties": { "Nombre": "Alcantarilla N°17", "Estado": "Finalizado", "Obra": "Reacondicionamiento Arroyo Frias", "Datos": "A Submurar 13+712 KM.", "Tipo": "Alcantarilla", "Region": "Región 5", "Código": "6113", "Cuenca": "18- Arroyo Frías", "C Cuenca": null, "Direccion": "Direccion General de Obras por Terceros - MOP", "Localidad": "Pueblo Esther, Coronel Domingez, Santa Clara", "Resp.": null, "Dpto": "Rosario" }, "geometry": { "type": "Point", "coordinates": [ -60.66529, -33.14846000000027 ] } },
{ "type": "Feature", "properties": { "Nombre": "Alcantarilla N°18", "Estado": "Sin Ejecutar", "Obra": "Reacondicionamiento Arroyo Frias", "Datos": "Proteccion con colchonetas 15+121 KM.", "Tipo": "Alcantarilla", "Region": "Región 5", "Código": "6113", "Cuenca": "18- Arroyo Frías", "C Cuenca": null, "Direccion": "Direccion General de Obras por Terceros - MOP", "Localidad": "Pueblo Esther, Coronel Domingez, Santa Clara", "Resp.": null, "Dpto": "Rosario" }, "geometry": { "type": "Point", "coordinates": [ -60.679495, -33.152662000000277 ] } },
{ "type": "Feature", "properties": { "Nombre": "Alcantarilla N°23", "Estado": "Sin Ejecutar", "Obra": "Reacondicionamiento Arroyo Frias", "Datos": "Submurar 17+574KM.", "Tipo": "Alcantarilla", "Region": "Región 5", "Código": "6113", "Cuenca": "18- Arroyo Frías", "C Cuenca": null, "Direccion": "Direccion General de Obras por Terceros - MOP", "Localidad": "Pueblo Esther, Coronel Domingez, Santa Clara", "Resp.": null, "Dpto": "Rosario" }, "geometry": { "type": "Point", "coordinates": [ -60.704102, -33.159993000000291 ] } },
{ "type": "Feature", "properties": { "Nombre": "Alcantarilla N°24", "Estado": "Finalizado", "Obra": "Reacondicionamiento Arroyo Frias", "Datos": "Submurar y reparar alas 19+813 KM.", "Tipo": "Alcantarilla", "Region": "Región 5", "Código": "6113", "Cuenca": "18- Arroyo Frías", "C Cuenca": null, "Direccion": "Direccion General de Obras por Terceros - MOP", "Localidad": "Pueblo Esther, Coronel Domingez, Santa Clara", "Resp.": null, "Dpto": "Rosario" }, "geometry": { "type": "Point", "coordinates": [ -60.703809, -33.178124000000288 ] } },
{ "type": "Feature", "properties": { "Nombre": "Alcantarilla N°26", "Estado": "Finalizado", "Obra": "Reacondicionamiento Arroyo Frias", "Datos": "Submurar 23+042 KM.", "Tipo": "Alcantarilla", "Region": "Región 5", "Código": "6113", "Cuenca": "18- Arroyo Frías", "C Cuenca": null, "Direccion": "Direccion General de Obras por Terceros - MOP", "Localidad": "Pueblo Esther, Coronel Domingez, Santa Clara", "Resp.": null, "Dpto": "Rosario" }, "geometry": { "type": "Point", "coordinates": [ -60.707292, -33.205290000000289 ] } },
{ "type": "Feature", "properties": { "Nombre": "Alcantarilla N°28", "Estado": "Sin Ejecutar", "Obra": "Reacondicionamiento Arroyo Frias", "Datos": "Platea 24+329 km.", "Tipo": "Alcantarilla", "Region": "Región 5", "Código": "6113", "Cuenca": "18- Arroyo Frías", "C Cuenca": null, "Direccion": "Direccion General de Obras por Terceros - MOP", "Localidad": "Pueblo Esther, Coronel Domingez, Santa Clara", "Resp.": null, "Dpto": "Rosario" }, "geometry": { "type": "Point", "coordinates": [ -60.714875, -33.21477800000028 ] } },
{ "type": "Feature", "properties": { "Nombre": "Alcantarilla N°29", "Estado": "Finalizado", "Obra": "Reacondicionamiento Arroyo Frias", "Datos": "Prefabricada 24+352 KM. PROG.", "Tipo": "Alcantarilla", "Region": "Región 5", "Código": "6113", "Cuenca": "18- Arroyo Frías", "C Cuenca": null, "Direccion": "Direccion General de Obras por Terceros - MOP", "Localidad": "Pueblo Esther, Coronel Domingez, Santa Clara", "Resp.": null, "Dpto": "Rosario" }, "geometry": { "type": "Point", "coordinates": [ -60.715134, -33.214780000000282 ] } },
{ "type": "Feature", "properties": { "Nombre": "Alcantarilla A2 DPV", "Estado": "Sin Ejecutar", "Obra": "Reacondicionamiento Arroyo Frias", "Datos": "3+535 KM.PROG.\nMedidas:\nH = 4,00m\nL = 3,00m", "Tipo": "Alcantarilla", "Region": "Región 5", "Código": "6113", "Cuenca": "18- Arroyo Frías", "C Cuenca": null, "Direccion": "Direccion General de Obras por Terceros - MOP", "Localidad": "Pueblo Esther, Coronel Domingez, Santa Clara", "Resp.": null, "Dpto": "Rosario" }, "geometry": { "type": "Point", "coordinates": [ -60.729203, -33.180944000000288 ] } },
{ "type": "Feature", "properties": { "Nombre": "Alcantarilla N°4", "Estado": "Sin Ejecutar", "Obra": "Reacondicionamiento Arroyo Frias", "Datos": "Plateas de fondo 2+000 km. prog.", "Tipo": "Alcantarilla", "Region": "Región 5", "Código": "6113", "Cuenca": "18- Arroyo Frías", "C Cuenca": null, "Direccion": "Direccion General de Obras por Terceros - MOP", "Localidad": "Pueblo Esther, Coronel Domingez, Santa Clara", "Resp.": null, "Dpto": "Rosario" }, "geometry": { "type": "Point", "coordinates": [ -60.721896, -33.170370000000283 ] } },
{ "type": "Feature", "properties": { "Nombre": "Alcantarilla N°6", "Estado": "Sin Ejecutar", "Obra": "Reacondicionamiento Arroyo Frias", "Datos": "Prefabrica c/platea 2+200 km. prog\nMedidas:\nH = 2,00m\nL = 2,00m", "Tipo": "Alcantarilla", "Region": "Región 5", "Código": "6113", "Cuenca": "18- Arroyo Frías", "C Cuenca": null, "Direccion": "Direccion General de Obras por Terceros - MOP", "Localidad": "Pueblo Esther, Coronel Domingez, Santa Clara", "Resp.": null, "Dpto": "Rosario" }, "geometry": { "type": "Point", "coordinates": [ -60.721747, -33.170115000000258 ] } },
{ "type": "Feature", "properties": { "Nombre": "Alcantarilla N°2220", "Estado": "Finalizado", "Obra": "Reacondicionamiento Arroyo Frias", "Datos": "Prefabricada c/platea\nMedidas:\nH = 1,50m\nL = 2,00m", "Tipo": "Alcantarilla", "Region": "Región 5", "Código": "6113", "Cuenca": "18- Arroyo Frías", "C Cuenca": null, "Direccion": "Direccion General de Obras por Terceros - MOP", "Localidad": "Pueblo Esther, Coronel Domingez, Santa Clara", "Resp.": null, "Dpto": "Rosario" }, "geometry": { "type": "Point", "coordinates": [ -60.722652, -33.171688000000273 ] } },
{ "type": "Feature", "properties": { "Nombre": "Cartel de Obra", "Estado": "Cartel", "Obra": "Reacondicionamiento Arroyo Frias", "Datos": null, "Tipo": "Extra", "Region": "Región 5", "Código": "6113", "Cuenca": "18- Arroyo Frías", "C Cuenca": null, "Direccion": "Direccion General de Obras por Terceros - MOP", "Localidad": "Pueblo Esther, Coronel Domingez, Santa Clara", "Resp.": null, "Dpto": "Rosario" }, "geometry": { "type": "Point", "coordinates": [ -60.606599, -33.086892000000262 ] } },
{ "type": "Feature", "properties": { "Nombre": "Inicio de Excavacio", "Estado": "Sin Ejecutar", "Obra": "Reacondicionamiento Arroyo Frias", "Datos": null, "Tipo": "Extra", "Region": "Región 5", "Código": "6113", "Cuenca": "18- Arroyo Frías", "C Cuenca": null, "Direccion": "Direccion General de Obras por Terceros - MOP", "Localidad": "Pueblo Esther, Coronel Domingez, Santa Clara", "Resp.": null, "Dpto": "Rosario" }, "geometry": { "type": "Point", "coordinates": [ -60.587241, -33.066534000000267 ] } },
{ "type": "Feature", "properties": { "Nombre": "Fin excav. Principal", "Estado": "Sin Ejecutar", "Obra": "Reacondicionamiento Arroyo Frias", "Datos": null, "Tipo": "Extra", "Region": "Región 5", "Código": "6113", "Cuenca": "18- Arroyo Frías", "C Cuenca": null, "Direccion": "Direccion General de Obras por Terceros - MOP", "Localidad": "Pueblo Esther, Coronel Domingez, Santa Clara", "Resp.": null, "Dpto": "Rosario" }, "geometry": { "type": "Point", "coordinates": [ -60.714565, -33.214900000000284 ] } },
{ "type": "Feature", "properties": { "Nombre": "Fin excav. Secundari", "Estado": "Sin Ejecutar", "Obra": "Reacondicionamiento Arroyo Frias", "Datos": null, "Tipo": "Extra", "Region": "Región 5", "Código": "6113", "Cuenca": "18- Arroyo Frías", "C Cuenca": null, "Direccion": "Direccion General de Obras por Terceros - MOP", "Localidad": "Pueblo Esther, Coronel Domingez, Santa Clara", "Resp.": null, "Dpto": "Rosario" }, "geometry": { "type": "Point", "coordinates": [ -60.751734600000063, -33.201801800000268 ] } },
{ "type": "Feature", "properties": { "Nombre": "Inicio de Obra", "Estado": null, "Obra": "Reacondicionamiento Arroyo Frias", "Datos": null, "Tipo": "Extra", "Region": "Región 5", "Código": "6113", "Cuenca": "18- Arroyo Frías", "C Cuenca": null, "Direccion": "Direccion General de Obras por Terceros - MOP", "Localidad": "Pueblo Esther, Coronel Domingez, Santa Clara", "Resp.": null, "Dpto": "Rosario" }, "geometry": { "type": "Point", "coordinates": [ -60.576587, -33.055052000000273 ] } },
{ "type": "Feature", "properties": { "Nombre": "A1 dpv - RP22S", "Estado": "Sin Ejecutar", "Obra": "Reacondicionamiento Arroyo Frias", "Datos": null, "Tipo": "Alcantarilla", "Region": "Región 5", "Código": "6113", "Cuenca": "18- Arroyo Frías", "C Cuenca": null, "Direccion": "Direccion General de Obras por Terceros - MOP", "Localidad": "Pueblo Esther, Coronel Domingez, Santa Clara", "Resp.": null, "Dpto": "Rosario" }, "geometry": { "type": "Point", "coordinates": [ -60.719459400000069, -33.18708290000027 ] } },
{ "type": "Feature", "properties": { "Nombre": "Alc 42-43 - A2 - Pr 3490", "Estado": "Sin Ejecutar", "Obra": "Reacondicionamiento Arroyo Frias", "Datos": null, "Tipo": "Alcantarilla", "Region": "Región 5", "Código": "6113", "Cuenca": "18- Arroyo Frías", "C Cuenca": null, "Direccion": "Direccion General de Obras por Terceros - MOP", "Localidad": "Pueblo Esther, Coronel Domingez, Santa Clara", "Resp.": null, "Dpto": "Rosario" }, "geometry": { "type": "Point", "coordinates": [ -60.674615900000077, -33.174630100000272 ] } },
{ "type": "Feature", "properties": { "Nombre": "Alc 35 - A2 oblicua Pr 2448", "Estado": "Sin Ejecutar", "Obra": "Reacondicionamiento Arroyo Frias", "Datos": null, "Tipo": "Alcantarilla", "Region": "Región 5", "Código": "6113", "Cuenca": "18- Arroyo Frías", "C Cuenca": null, "Direccion": "Direccion General de Obras por Terceros - MOP", "Localidad": "Pueblo Esther, Coronel Domingez, Santa Clara", "Resp.": null, "Dpto": "Rosario" }, "geometry": { "type": "Point", "coordinates": [ -60.673531100000069, -33.183752500000288 ] } },
{ "type": "Feature", "properties": { "Nombre": "Ejecutado", "Estado": "Finalizado", "Obra": "Reacon Canal Savoca y alca arroyo seco", "Datos": null, "Tipo": "Alcantarilla", "Region": "Región 7", "Código": "6114", "Cuenca": "5- Río Parana", "C Cuenca": null, "Direccion": "Direccion General de Obras por Terceros - MOP", "Localidad": "Arroyo Seco", "Resp.": null, "Dpto": "Rosario" }, "geometry": { "type": "Point", "coordinates": [ -60.509213700000053, -33.134739800000283 ] } },
{ "type": "Feature", "properties": { "Nombre": "Ejecutado", "Estado": "Finalizado", "Obra": "Reacon Canal Savoca y alca arroyo seco", "Datos": null, "Tipo": "Alcantarilla", "Region": "Región 7", "Código": "6114", "Cuenca": "5- Río Parana", "C Cuenca": null, "Direccion": "Direccion General de Obras por Terceros - MOP", "Localidad": "Arroyo Seco", "Resp.": null, "Dpto": "Rosario" }, "geometry": { "type": "Point", "coordinates": [ -60.499619900000063, -33.142902600000284 ] } },
{ "type": "Feature", "properties": { "Nombre": "Ejecutado", "Estado": "Finalizado", "Obra": "Reacon Canal Savoca y alca arroyo seco", "Datos": null, "Tipo": "Alcantarilla", "Region": "Región 7", "Código": "6114", "Cuenca": "5- Río Parana", "C Cuenca": null, "Direccion": "Direccion General de Obras por Terceros - MOP", "Localidad": "Arroyo Seco", "Resp.": null, "Dpto": "Rosario" }, "geometry": { "type": "Point", "coordinates": [ -60.497636, -33.148847000000274 ] } },
{ "type": "Feature", "properties": { "Nombre": "Ejecutado", "Estado": "Finalizado", "Obra": "Reacon Canal Savoca y alca arroyo seco", "Datos": null, "Tipo": "Alcantarilla", "Region": "Región 7", "Código": "6114", "Cuenca": "5- Río Parana", "C Cuenca": null, "Direccion": "Direccion General de Obras por Terceros - MOP", "Localidad": "Arroyo Seco", "Resp.": null, "Dpto": "Rosario" }, "geometry": { "type": "Point", "coordinates": [ -60.496689, -33.154352000000287 ] } },
{ "type": "Feature", "properties": { "Nombre": "Fin", "Estado": "Finalizado", "Obra": "Reacon Canal Savoca y alca arroyo seco", "Datos": null, "Tipo": "Extra", "Region": "Región 7", "Código": "6114", "Cuenca": "5- Río Parana", "C Cuenca": null, "Direccion": "Direccion General de Obras por Terceros - MOP", "Localidad": "Arroyo Seco", "Resp.": null, "Dpto": "Rosario" }, "geometry": { "type": "Point", "coordinates": [ -60.496256, -33.166616000000296 ] } },
{ "type": "Feature", "properties": { "Nombre": "Inicio", "Estado": "Finalizado", "Obra": "Reacon Canal Savoca y alca arroyo seco", "Datos": null, "Tipo": "Extra", "Region": "Región 7", "Código": "6114", "Cuenca": "5- Río Parana", "C Cuenca": null, "Direccion": "Direccion General de Obras por Terceros - MOP", "Localidad": "Arroyo Seco", "Resp.": null, "Dpto": "Rosario" }, "geometry": { "type": "Point", "coordinates": [ -60.512052, -33.132213000000277 ] } },
{ "type": "Feature", "properties": { "Nombre": "Cartel de obra", "Estado": "Finalizado", "Obra": "Reacon Canal Savoca y alca arroyo seco", "Datos": null, "Tipo": "Extra", "Region": "Región 7", "Código": "6114", "Cuenca": "5- Río Parana", "C Cuenca": null, "Direccion": "Direccion General de Obras por Terceros - MOP", "Localidad": "Arroyo Seco", "Resp.": null, "Dpto": "Rosario" }, "geometry": { "type": "Point", "coordinates": [ -60.516506500000069, -33.138838500000283 ] } },
{ "type": "Feature", "properties": { "Nombre": "Ejecutado", "Estado": "Finalizado", "Obra": "Reacon Canal Savoca y alca arroyo seco", "Datos": null, "Tipo": "Alcantarilla", "Region": "Región 7", "Código": "6114", "Cuenca": "5- Río Parana", "C Cuenca": null, "Direccion": "Direccion General de Obras por Terceros - MOP", "Localidad": "Arroyo Seco", "Resp.": null, "Dpto": "Rosario" }, "geometry": { "type": "Point", "coordinates": [ -60.497190100000068, -33.15881510000029 ] } },
{ "type": "Feature", "properties": { "Nombre": "CARTEL", "Estado": null, "Obra": "Desgues calle uruguay Bustinza", "Datos": null, "Tipo": "Extra", "Region": "Región 4", "Código": "6115", "Cuenca": "13- Cañada Carrizales", "C Cuenca": null, "Direccion": "Direccion General de Obras por Terceros - MOP", "Localidad": "Bustinza", "Resp.": null, "Dpto": "Iriondo" }, "geometry": { "type": "Point", "coordinates": [ -61.276318522493192, -32.74100441757038 ] } },
{ "type": "Feature", "properties": { "Nombre": "Alcantarilla N°04", "Estado": "Finalizado", "Obra": "Desgues calle uruguay Bustinza", "Datos": "Se reubica altimétricamente y se reemplazan los cabezales.\n\n- 2 tubos de H°A° - Ø 0,80 m. Cabezales y alas prefabricados.", "Tipo": "Alcantarilla", "Region": "Región 4", "Código": "6115", "Cuenca": "13- Cañada Carrizales", "C Cuenca": null, "Direccion": "Direccion General de Obras por Terceros - MOP", "Localidad": "Bustinza", "Resp.": null, "Dpto": "Iriondo" }, "geometry": { "type": "Point", "coordinates": [ -61.277015522427313, -32.740274417614181 ] } },
{ "type": "Feature", "properties": { "Nombre": "Alcantarilla N°05", "Estado": "Finalizado", "Obra": "Desgues calle uruguay Bustinza", "Datos": "\t\nSe reubica altimétricamente y se reemplazan los cabezales.\n\n- 2 tubos de H°A° - Ø 0,80 m. Cabezales y alas prefabricados.", "Tipo": "Alcantarilla", "Region": "Región 4", "Código": "6115", "Cuenca": "13- Cañada Carrizales", "C Cuenca": null, "Direccion": "Direccion General de Obras por Terceros - MOP", "Localidad": "Bustinza", "Resp.": null, "Dpto": "Iriondo" }, "geometry": { "type": "Point", "coordinates": [ -61.282884521789114, -32.7391824177366 ] } },
{ "type": "Feature", "properties": { "Nombre": "Alcantarilla N°07", "Estado": "Finalizado", "Obra": "Desgues calle uruguay Bustinza", "Datos": "Se reemplaza la alcantarilla completa.\n\n- 2 tubos de H°A° - Ø 0,80 m. Cabezales y alas prefabricados.", "Tipo": "Alcantarilla", "Region": "Región 4", "Código": "6115", "Cuenca": "13- Cañada Carrizales", "C Cuenca": null, "Direccion": "Direccion General de Obras por Terceros - MOP", "Localidad": "Bustinza", "Resp.": null, "Dpto": "Iriondo" }, "geometry": { "type": "Point", "coordinates": [ -61.285604521493134, -32.738688417792787 ] } },
{ "type": "Feature", "properties": { "Nombre": "Alcantarilla N°08", "Estado": "Finalizado", "Obra": "Desgues calle uruguay Bustinza", "Datos": "Se reemplaza la alcantarilla completa.\n\n- 2 tubos de H°A° - Ø 0,80 m. Cabezales y alas prefabricados.", "Tipo": "Alcantarilla", "Region": "Región 4", "Código": "6115", "Cuenca": "13- Cañada Carrizales", "C Cuenca": null, "Direccion": "Direccion General de Obras por Terceros - MOP", "Localidad": "Bustinza", "Resp.": null, "Dpto": "Iriondo" }, "geometry": { "type": "Point", "coordinates": [ -61.287393521298952, -32.738333417831193 ] } },
{ "type": "Feature", "properties": { "Nombre": "Alcantarilla N°09", "Estado": "Finalizado", "Obra": "Desgues calle uruguay Bustinza", "Datos": "Se reemplaza la alcantarilla completa.\n\n- 2 tubos de H°A° - Ø 0,80 m. Cabezales y alas prefabricados.", "Tipo": "Alcantarilla", "Region": "Región 4", "Código": "6115", "Cuenca": "13- Cañada Carrizales", "C Cuenca": null, "Direccion": "Direccion General de Obras por Terceros - MOP", "Localidad": "Bustinza", "Resp.": null, "Dpto": "Iriondo" }, "geometry": { "type": "Point", "coordinates": [ -61.28767152126872, -32.73828341783689 ] } },
{ "type": "Feature", "properties": { "Nombre": "Alcantarilla N°10", "Estado": "Finalizado", "Obra": "Desgues calle uruguay Bustinza", "Datos": "Se reemplaza la alcantarilla completa (oblicua).\n\n- Alcantarilla oblicua tipo O - 41211 - I- Mod. DNV. L=1,00m H= 0,75 m.", "Tipo": "Alcantarilla", "Region": "Región 4", "Código": "6115", "Cuenca": "13- Cañada Carrizales", "C Cuenca": null, "Direccion": "Direccion General de Obras por Terceros - MOP", "Localidad": "Bustinza", "Resp.": null, "Dpto": "Iriondo" }, "geometry": { "type": "Point", "coordinates": [ -61.288131521217757, -32.738253417843772 ] } },
{ "type": "Feature", "properties": { "Nombre": "Alcantarilla N°18", "Estado": "Finalizado", "Obra": "Desgues calle uruguay Bustinza", "Datos": "Se reemplaza la alcantarilla completa (oblicua).\n\n- Alcantarilla oblicua tipo O - 41211 - I- Mod. DNV. L=1,00m H= 0,75 m.", "Tipo": "Alcantarilla", "Region": "Región 4", "Código": "6115", "Cuenca": "13- Cañada Carrizales", "C Cuenca": null, "Direccion": "Direccion General de Obras por Terceros - MOP", "Localidad": "Bustinza", "Resp.": null, "Dpto": "Iriondo" }, "geometry": { "type": "Point", "coordinates": [ -61.289237521035744, -32.741786417684587 ] } },
{ "type": "Feature", "properties": { "Nombre": "Alcantarilla N°19", "Estado": "Finalizado", "Obra": "Desgues calle uruguay Bustinza", "Datos": "Se reemplaza la alcantarilla completa (oblicua).\n\n- Alcantarilla oblicua tipo O - 41211 - I- Mod. DNV. L=1,00m H= 0,75 m.", "Tipo": "Alcantarilla", "Region": "Región 4", "Código": "6115", "Cuenca": "13- Cañada Carrizales", "C Cuenca": null, "Direccion": "Direccion General de Obras por Terceros - MOP", "Localidad": "Bustinza", "Resp.": null, "Dpto": "Iriondo" }, "geometry": { "type": "Point", "coordinates": [ -61.289257521032312, -32.741858417681314 ] } },
{ "type": "Feature", "properties": { "Nombre": "Alcantarilla N°23", "Estado": "Finalizado", "Obra": "Desgues calle uruguay Bustinza", "Datos": "Se reemplaza la alcantarilla completa.\n\n- Marco cerrado H°A°. L=1,50 m H= 0,80 m.", "Tipo": "Alcantarilla", "Region": "Región 4", "Código": "6115", "Cuenca": "13- Cañada Carrizales", "C Cuenca": null, "Direccion": "Direccion General de Obras por Terceros - MOP", "Localidad": "Bustinza", "Resp.": null, "Dpto": "Iriondo" }, "geometry": { "type": "Point", "coordinates": [ -61.289750520978998, -32.741748417692506 ] } },
{ "type": "Feature", "properties": { "Nombre": "Alcantarilla N°24", "Estado": "Finalizado", "Obra": "Desgues calle uruguay Bustinza", "Datos": "Se reemplaza la alcantarilla completa.\n\n- Marco cerrado H°A°. L=1,50 m H= 0,80 m.\n", "Tipo": "Alcantarilla", "Region": "Región 4", "Código": "6115", "Cuenca": "13- Cañada Carrizales", "C Cuenca": null, "Direccion": "Direccion General de Obras por Terceros - MOP", "Localidad": "Bustinza", "Resp.": null, "Dpto": "Iriondo" }, "geometry": { "type": "Point", "coordinates": [ -61.290234520928358, -32.741538417708441 ] } },
{ "type": "Feature", "properties": { "Nombre": "Alcantarilla N°31", "Estado": "Finalizado", "Obra": "Desgues calle uruguay Bustinza", "Datos": "Se reemplaza la alcantarilla completa.\n\n- Marco cerrado H°A°. L=1,50 m H= 0,80 m.\n", "Tipo": "Alcantarilla", "Region": "Región 4", "Código": "6115", "Cuenca": "13- Cañada Carrizales", "C Cuenca": null, "Direccion": "Direccion General de Obras por Terceros - MOP", "Localidad": "Bustinza", "Resp.": null, "Dpto": "Iriondo" }, "geometry": { "type": "Point", "coordinates": [ -61.29127452081574, -32.74131741773148 ] } },
{ "type": "Feature", "properties": { "Nombre": "Alcantarilla N°35", "Estado": "Finalizado", "Obra": "Desgues calle uruguay Bustinza", "Datos": "Se reemplaza la alcantarilla completa.\n\n- 1 tubo de H°A° - Ø 0,80 m. Cabezales prefabricados.", "Tipo": "Alcantarilla", "Region": "Región 4", "Código": "6115", "Cuenca": "13- Cañada Carrizales", "C Cuenca": null, "Direccion": "Direccion General de Obras por Terceros - MOP", "Localidad": "Bustinza", "Resp.": null, "Dpto": "Iriondo" }, "geometry": { "type": "Point", "coordinates": [ -61.292334520700408, -32.741124417753397 ] } },
{ "type": "Feature", "properties": { "Nombre": "Alcantarilla N°39 - No se modifica", "Estado": "No Corresponde", "Obra": "Desgues calle uruguay Bustinza", "Datos": null, "Tipo": "Alcantarilla", "Region": "Región 4", "Código": "6115", "Cuenca": "13- Cañada Carrizales", "C Cuenca": null, "Direccion": "Direccion General de Obras por Terceros - MOP", "Localidad": "Bustinza", "Resp.": null, "Dpto": "Iriondo" }, "geometry": { "type": "Point", "coordinates": [ -61.293350520588639, -32.741012417770861 ] } },
{ "type": "Feature", "properties": { "Nombre": "Alcantarilla B", "Estado": "Finalizado", "Obra": "Desgues calle uruguay Bustinza", "Datos": "Se reemplaza la alcantarilla completa.\n\n- Marco cerrado H°A°. L=1,50 m H= 0,80 m", "Tipo": "Alcantarilla", "Region": "Región 4", "Código": "6115", "Cuenca": "13- Cañada Carrizales", "C Cuenca": null, "Direccion": "Direccion General de Obras por Terceros - MOP", "Localidad": "Bustinza", "Resp.": null, "Dpto": "Iriondo" }, "geometry": { "type": "Point", "coordinates": [ -61.2923888206927, -32.7412237177492 ] } },
{ "type": "Feature", "properties": { "Nombre": "Alcantarilla C", "Estado": "Finalizado", "Obra": "Desgues calle uruguay Bustinza", "Datos": "Se reemplaza la alcantarilla completa.\n\n- Marco cerrado H°A°. L=1,50 m H= 0,80 m.", "Tipo": "Alcantarilla", "Region": "Región 4", "Código": "6115", "Cuenca": "13- Cañada Carrizales", "C Cuenca": null, "Direccion": "Direccion General de Obras por Terceros - MOP", "Localidad": "Bustinza", "Resp.": null, "Dpto": "Iriondo" }, "geometry": { "type": "Point", "coordinates": [ -61.291323620808697, -32.741411417727491 ] } },
{ "type": "Feature", "properties": { "Nombre": "Alcantarilla D", "Estado": "Finalizado", "Obra": "Desgues calle uruguay Bustinza", "Datos": "Se reemplaza la alcantarilla completa.\n\n- Marco cerrado H°A°. L=1,50 m H= 0,80 m", "Tipo": "Alcantarilla", "Region": "Región 4", "Código": "6115", "Cuenca": "13- Cañada Carrizales", "C Cuenca": null, "Direccion": "Direccion General de Obras por Terceros - MOP", "Localidad": "Bustinza", "Resp.": null, "Dpto": "Iriondo" }, "geometry": { "type": "Point", "coordinates": [ -61.290279920921833, -32.74162641770468 ] } },
{ "type": "Feature", "properties": { "Nombre": "Alcantarilla A", "Estado": "Finalizado", "Obra": "Desgues calle uruguay Bustinza", "Datos": "Se reemplaza la alcantarilla completa (oblicua).\n\n- Alcantarilla oblicua tipo O - 41211 - I- Mod. DNV. L=1,00m H= 0,75 m.", "Tipo": "Alcantarilla", "Region": "Región 4", "Código": "6115", "Cuenca": "13- Cañada Carrizales", "C Cuenca": null, "Direccion": "Direccion General de Obras por Terceros - MOP", "Localidad": "Bustinza", "Resp.": null, "Dpto": "Iriondo" }, "geometry": { "type": "Point", "coordinates": [ -61.292373120695366, -32.741167517751755 ] } },
{ "type": "Feature", "properties": { "Nombre": "Alcantarilla N°1", "Estado": "No Corresponde", "Obra": "Desgues calle uruguay Bustinza", "Datos": null, "Tipo": "Alcantarilla", "Region": "Región 4", "Código": "6115", "Cuenca": "13- Cañada Carrizales", "C Cuenca": null, "Direccion": "Direccion General de Obras por Terceros - MOP", "Localidad": "Bustinza", "Resp.": null, "Dpto": "Iriondo" }, "geometry": { "type": "Point", "coordinates": [ -61.274915522654339, -32.740747417566347 ] } },
{ "type": "Feature", "properties": { "Nombre": "Alcantarilla Canal N°1", "Estado": "Sin Ejecutar", "Obra": "Readecuacion Canal Interlagos Vera", "Datos": null, "Tipo": "Alcantarilla", "Region": "Región 2", "Código": "6116", "Cuenca": "1- Bajos Submeridionales", "C Cuenca": null, "Direccion": "Direccion General de Obras por Terceros - MOP", "Localidad": "Fortin Olmos", "Resp.": null, "Dpto": "Vera" }, "geometry": { "type": "Point", "coordinates": [ -60.504764661663927, -29.019585602947117 ] } },
{ "type": "Feature", "properties": { "Nombre": "Alcantarilla Canal N°2", "Estado": "Sin Ejecutar", "Obra": "Readecuacion Canal Interlagos Vera", "Datos": null, "Tipo": "Alcantarilla", "Region": "Región 2", "Código": "6116", "Cuenca": "1- Bajos Submeridionales", "C Cuenca": null, "Direccion": "Direccion General de Obras por Terceros - MOP", "Localidad": "Fortin Olmos", "Resp.": null, "Dpto": "Vera" }, "geometry": { "type": "Point", "coordinates": [ -60.557766656234378, -28.99725960471174 ] } },
{ "type": "Feature", "properties": { "Nombre": "Alcantarilla Canal N°3", "Estado": "Sin Ejecutar", "Obra": "Readecuacion Canal Interlagos Vera", "Datos": null, "Tipo": "Alcantarilla", "Region": "Región 2", "Código": "6116", "Cuenca": "1- Bajos Submeridionales", "C Cuenca": null, "Direccion": "Direccion General de Obras por Terceros - MOP", "Localidad": "Fortin Olmos", "Resp.": null, "Dpto": "Vera" }, "geometry": { "type": "Point", "coordinates": [ -60.56934165501918, -28.99469360496953 ] } },
{ "type": "Feature", "properties": { "Nombre": "Alcantarilla Canal N°4", "Estado": "Finalizado", "Obra": "Readecuacion Canal Interlagos Vera", "Datos": null, "Tipo": "Alcantarilla", "Region": "Región 2", "Código": "6116", "Cuenca": "1- Bajos Submeridionales", "C Cuenca": null, "Direccion": "Direccion General de Obras por Terceros - MOP", "Localidad": "Fortin Olmos", "Resp.": null, "Dpto": "Vera" }, "geometry": { "type": "Point", "coordinates": [ -60.58033365401667, -28.980564605861858 ] } },
{ "type": "Feature", "properties": { "Nombre": "Alcantarilla Canal N°5", "Estado": "Sin Ejecutar", "Obra": "Readecuacion Canal Interlagos Vera", "Datos": null, "Tipo": "Alcantarilla", "Region": "Región 2", "Código": "6116", "Cuenca": "1- Bajos Submeridionales", "C Cuenca": null, "Direccion": "Direccion General de Obras por Terceros - MOP", "Localidad": "Fortin Olmos", "Resp.": null, "Dpto": "Vera" }, "geometry": { "type": "Point", "coordinates": [ -60.617403650664762, -28.930815608990159 ] } },
{ "type": "Feature", "properties": { "Nombre": "Alcantarilla Canal N°6", "Estado": "Sin Ejecutar", "Obra": "Readecuacion Canal Interlagos Vera", "Datos": null, "Tipo": "Alcantarilla", "Region": "Región 2", "Código": "6116", "Cuenca": "1- Bajos Submeridionales", "C Cuenca": null, "Direccion": "Direccion General de Obras por Terceros - MOP", "Localidad": "Fortin Olmos", "Resp.": null, "Dpto": "Vera" }, "geometry": { "type": "Point", "coordinates": [ -60.622904650168138, -28.923389609457143 ] } },
{ "type": "Feature", "properties": { "Nombre": "Alcantarilla Canal N°7", "Estado": "Sin Ejecutar", "Obra": "Readecuacion Canal Interlagos Vera", "Datos": null, "Tipo": "Alcantarilla", "Region": "Región 2", "Código": "6116", "Cuenca": "1- Bajos Submeridionales", "C Cuenca": null, "Direccion": "Direccion General de Obras por Terceros - MOP", "Localidad": "Fortin Olmos", "Resp.": null, "Dpto": "Vera" }, "geometry": { "type": "Point", "coordinates": [ -60.649768648349067, -28.840350614337535 ] } },
{ "type": "Feature", "properties": { "Nombre": "Alcantarilla Camino Nro1", "Estado": "Sin Ejecutar", "Obra": "Readecuacion Canal Interlagos Vera", "Datos": null, "Tipo": "Alcantarilla", "Region": "Región 2", "Código": "6116", "Cuenca": "1- Bajos Submeridionales", "C Cuenca": null, "Direccion": "Direccion General de Obras por Terceros - MOP", "Localidad": "Fortin Olmos", "Resp.": null, "Dpto": "Vera" }, "geometry": { "type": "Point", "coordinates": [ -60.519356660233193, -29.008446603709057 ] } },
{ "type": "Feature", "properties": { "Nombre": "Alcantarilla Camino Nro2", "Estado": "Sin Ejecutar", "Obra": "Readecuacion Canal Interlagos Vera", "Datos": null, "Tipo": "Alcantarilla", "Region": "Región 2", "Código": "6116", "Cuenca": "1- Bajos Submeridionales", "C Cuenca": null, "Direccion": "Direccion General de Obras por Terceros - MOP", "Localidad": "Fortin Olmos", "Resp.": null, "Dpto": "Vera" }, "geometry": { "type": "Point", "coordinates": [ -60.519726660197158, -29.008147603729284 ] } },
{ "type": "Feature", "properties": { "Nombre": "Alcantarilla Camino Nro3", "Estado": "Sin Ejecutar", "Obra": "Readecuacion Canal Interlagos Vera", "Datos": null, "Tipo": "Alcantarilla", "Region": "Región 2", "Código": "6116", "Cuenca": "1- Bajos Submeridionales", "C Cuenca": null, "Direccion": "Direccion General de Obras por Terceros - MOP", "Localidad": "Fortin Olmos", "Resp.": null, "Dpto": "Vera" }, "geometry": { "type": "Point", "coordinates": [ -60.519840660185807, -29.008072603734579 ] } },
{ "type": "Feature", "properties": { "Nombre": "Alcantarilla Camino Nro4", "Estado": "Sin Ejecutar", "Obra": "Readecuacion Canal Interlagos Vera", "Datos": null, "Tipo": "Alcantarilla", "Region": "Región 2", "Código": "6116", "Cuenca": "1- Bajos Submeridionales", "C Cuenca": null, "Direccion": "Direccion General de Obras por Terceros - MOP", "Localidad": "Fortin Olmos", "Resp.": null, "Dpto": "Vera" }, "geometry": { "type": "Point", "coordinates": [ -60.529572659192119, -29.003716604072753 ] } },
{ "type": "Feature", "properties": { "Nombre": "Alcantarilla Camino Nro5", "Estado": "Sin Ejecutar", "Obra": "Readecuacion Canal Interlagos Vera", "Datos": null, "Tipo": "Alcantarilla", "Region": "Región 2", "Código": "6116", "Cuenca": "1- Bajos Submeridionales", "C Cuenca": null, "Direccion": "Direccion General de Obras por Terceros - MOP", "Localidad": "Fortin Olmos", "Resp.": null, "Dpto": "Vera" }, "geometry": { "type": "Point", "coordinates": [ -60.565142655458743, -28.995720604870687 ] } },
{ "type": "Feature", "properties": { "Nombre": "Alcantarilla camino Nro6", "Estado": "Sin Ejecutar", "Obra": "Readecuacion Canal Interlagos Vera", "Datos": null, "Tipo": "Alcantarilla", "Region": "Región 2", "Código": "6116", "Cuenca": "1- Bajos Submeridionales", "C Cuenca": null, "Direccion": "Direccion General de Obras por Terceros - MOP", "Localidad": "Fortin Olmos", "Resp.": null, "Dpto": "Vera" }, "geometry": { "type": "Point", "coordinates": [ -60.574708654528891, -28.987855605401812 ] } },
{ "type": "Feature", "properties": { "Nombre": "Alcantarilla camino Nro7", "Estado": "Finalizado", "Obra": "Readecuacion Canal Interlagos Vera", "Datos": null, "Tipo": "Alcantarilla", "Region": "Región 2", "Código": "6116", "Cuenca": "1- Bajos Submeridionales", "C Cuenca": null, "Direccion": "Direccion General de Obras por Terceros - MOP", "Localidad": "Fortin Olmos", "Resp.": null, "Dpto": "Vera" }, "geometry": { "type": "Point", "coordinates": [ -60.580401654013329, -28.980257605879562 ] } },
{ "type": "Feature", "properties": { "Nombre": "Alcantarilla camino Nro8", "Estado": "Sin Ejecutar", "Obra": "Readecuacion Canal Interlagos Vera", "Datos": null, "Tipo": "Alcantarilla", "Region": "Región 2", "Código": "6116", "Cuenca": "1- Bajos Submeridionales", "C Cuenca": null, "Direccion": "Direccion General de Obras por Terceros - MOP", "Localidad": "Fortin Olmos", "Resp.": null, "Dpto": "Vera" }, "geometry": { "type": "Point", "coordinates": [ -60.586265653483089, -28.972372606374989 ] } },
{ "type": "Feature", "properties": { "Nombre": "Alcantarilla camino Nro9", "Estado": "Sin Ejecutar", "Obra": "Readecuacion Canal Interlagos Vera", "Datos": null, "Tipo": "Alcantarilla", "Region": "Región 2", "Código": "6116", "Cuenca": "1- Bajos Submeridionales", "C Cuenca": null, "Direccion": "Direccion General de Obras por Terceros - MOP", "Localidad": "Fortin Olmos", "Resp.": null, "Dpto": "Vera" }, "geometry": { "type": "Point", "coordinates": [ -60.588826653250877, -28.968982606588408 ] } },
{ "type": "Feature", "properties": { "Nombre": "Alcantarilla camino Nro10", "Estado": "Sin Ejecutar", "Obra": "Readecuacion Canal Interlagos Vera", "Datos": null, "Tipo": "Alcantarilla", "Region": "Región 2", "Código": "6116", "Cuenca": "1- Bajos Submeridionales", "C Cuenca": null, "Direccion": "Direccion General de Obras por Terceros - MOP", "Localidad": "Fortin Olmos", "Resp.": null, "Dpto": "Vera" }, "geometry": { "type": "Point", "coordinates": [ -60.597143652498715, -28.957824607289954 ] } },
{ "type": "Feature", "properties": { "Nombre": "Alcantarilla camino Nro11", "Estado": "Sin Ejecutar", "Obra": "Readecuacion Canal Interlagos Vera", "Datos": null, "Tipo": "Alcantarilla", "Region": "Región 2", "Código": "6116", "Cuenca": "1- Bajos Submeridionales", "C Cuenca": null, "Direccion": "Direccion General de Obras por Terceros - MOP", "Localidad": "Fortin Olmos", "Resp.": null, "Dpto": "Vera" }, "geometry": { "type": "Point", "coordinates": [ -60.598626652365702, -28.955749607419779 ] } },
{ "type": "Feature", "properties": { "Nombre": "Alcantarilla camino Nro12", "Estado": "Sin Ejecutar", "Obra": "Readecuacion Canal Interlagos Vera", "Datos": null, "Tipo": "Alcantarilla", "Region": "Región 2", "Código": "6116", "Cuenca": "1- Bajos Submeridionales", "C Cuenca": null, "Direccion": "Direccion General de Obras por Terceros - MOP", "Localidad": "Fortin Olmos", "Resp.": null, "Dpto": "Vera" }, "geometry": { "type": "Point", "coordinates": [ -60.605247651766319, -28.946919607975488 ] } },
{ "type": "Feature", "properties": { "Nombre": "Alcantarilla camino Nro13", "Estado": "Sin Ejecutar", "Obra": "Readecuacion Canal Interlagos Vera", "Datos": null, "Tipo": "Alcantarilla", "Region": "Región 2", "Código": "6116", "Cuenca": "1- Bajos Submeridionales", "C Cuenca": null, "Direccion": "Direccion General de Obras por Terceros - MOP", "Localidad": "Fortin Olmos", "Resp.": null, "Dpto": "Vera" }, "geometry": { "type": "Point", "coordinates": [ -60.607358651575957, -28.944049608155741 ] } },
{ "type": "Feature", "properties": { "Nombre": "Alcantarilla camino Nro14", "Estado": "Sin Ejecutar", "Obra": "Readecuacion Canal Interlagos Vera", "Datos": null, "Tipo": "Alcantarilla", "Region": "Región 2", "Código": "6116", "Cuenca": "1- Bajos Submeridionales", "C Cuenca": null, "Direccion": "Direccion General de Obras por Terceros - MOP", "Localidad": "Fortin Olmos", "Resp.": null, "Dpto": "Vera" }, "geometry": { "type": "Point", "coordinates": [ -60.615054650879593, -28.933773608802589 ] } },
{ "type": "Feature", "properties": { "Nombre": "Alcantarilla camino Nro15", "Estado": "Sin Ejecutar", "Obra": "Readecuacion Canal Interlagos Vera", "Datos": null, "Tipo": "Alcantarilla", "Region": "Región 2", "Código": "6116", "Cuenca": "1- Bajos Submeridionales", "C Cuenca": null, "Direccion": "Direccion General de Obras por Terceros - MOP", "Localidad": "Fortin Olmos", "Resp.": null, "Dpto": "Vera" }, "geometry": { "type": "Point", "coordinates": [ -60.62012565042177, -28.926930609232912 ] } },
{ "type": "Feature", "properties": { "Nombre": "Alcantarilla camino Nro16", "Estado": "Sin Ejecutar", "Obra": "Readecuacion Canal Interlagos Vera", "Datos": null, "Tipo": "Alcantarilla", "Region": "Región 2", "Código": "6116", "Cuenca": "1- Bajos Submeridionales", "C Cuenca": null, "Direccion": "Direccion General de Obras por Terceros - MOP", "Localidad": "Fortin Olmos", "Resp.": null, "Dpto": "Vera" }, "geometry": { "type": "Point", "coordinates": [ -60.624804650059836, -28.915945609889071 ] } },
{ "type": "Feature", "properties": { "Nombre": "Alcantarilla camino Nro17", "Estado": "Sin Ejecutar", "Obra": "Readecuacion Canal Interlagos Vera", "Datos": null, "Tipo": "Alcantarilla", "Region": "Región 2", "Código": "6116", "Cuenca": "1- Bajos Submeridionales", "C Cuenca": null, "Direccion": "Direccion General de Obras por Terceros - MOP", "Localidad": "Fortin Olmos", "Resp.": null, "Dpto": "Vera" }, "geometry": { "type": "Point", "coordinates": [ -60.624902650057443, -28.915313609925168 ] } },
{ "type": "Feature", "properties": { "Nombre": "Alcantarilla camino Nro18", "Estado": "Sin Ejecutar", "Obra": "Readecuacion Canal Interlagos Vera", "Datos": null, "Tipo": "Alcantarilla", "Region": "Región 2", "Código": "6116", "Cuenca": "1- Bajos Submeridionales", "C Cuenca": null, "Direccion": "Direccion General de Obras por Terceros - MOP", "Localidad": "Fortin Olmos", "Resp.": null, "Dpto": "Vera" }, "geometry": { "type": "Point", "coordinates": [ -60.625768650032811, -28.910009610228116 ] } },
{ "type": "Feature", "properties": { "Nombre": "Alcantarilla camino Nro19", "Estado": "Sin Ejecutar", "Obra": "Readecuacion Canal Interlagos Vera", "Datos": null, "Tipo": "Alcantarilla", "Region": "Región 2", "Código": "6116", "Cuenca": "1- Bajos Submeridionales", "C Cuenca": null, "Direccion": "Direccion General de Obras por Terceros - MOP", "Localidad": "Fortin Olmos", "Resp.": null, "Dpto": "Vera" }, "geometry": { "type": "Point", "coordinates": [ -60.626793650008239, -28.903376610606443 ] } },
{ "type": "Feature", "properties": { "Nombre": "Alcantarilla camino Nro20", "Estado": "Sin Ejecutar", "Obra": "Readecuacion Canal Interlagos Vera", "Datos": null, "Tipo": "Alcantarilla", "Region": "Región 2", "Código": "6116", "Cuenca": "1- Bajos Submeridionales", "C Cuenca": null, "Direccion": "Direccion General de Obras por Terceros - MOP", "Localidad": "Fortin Olmos", "Resp.": null, "Dpto": "Vera" }, "geometry": { "type": "Point", "coordinates": [ -60.627115649999148, -28.901397610719524 ] } },
{ "type": "Feature", "properties": { "Nombre": "Alcantarilla camino Nro21", "Estado": "Sin Ejecutar", "Obra": "Readecuacion Canal Interlagos Vera", "Datos": null, "Tipo": "Alcantarilla", "Region": "Región 2", "Código": "6116", "Cuenca": "1- Bajos Submeridionales", "C Cuenca": null, "Direccion": "Direccion General de Obras por Terceros - MOP", "Localidad": "Fortin Olmos", "Resp.": null, "Dpto": "Vera" }, "geometry": { "type": "Point", "coordinates": [ -60.627975649976513, -28.895987611028414 ] } },
{ "type": "Feature", "properties": { "Nombre": "Alcantarilla camino Nro22", "Estado": "Sin Ejecutar", "Obra": "Readecuacion Canal Interlagos Vera", "Datos": null, "Tipo": "Alcantarilla", "Region": "Región 2", "Código": "6116", "Cuenca": "1- Bajos Submeridionales", "C Cuenca": null, "Direccion": "Direccion General de Obras por Terceros - MOP", "Localidad": "Fortin Olmos", "Resp.": null, "Dpto": "Vera" }, "geometry": { "type": "Point", "coordinates": [ -60.630689649781353, -28.88847561147265 ] } },
{ "type": "Feature", "properties": { "Nombre": "Alcantarilla camino Nro23", "Estado": "Finalizado", "Obra": "Readecuacion Canal Interlagos Vera", "Datos": null, "Tipo": "Alcantarilla", "Region": "Región 2", "Código": "6116", "Cuenca": "1- Bajos Submeridionales", "C Cuenca": null, "Direccion": "Direccion General de Obras por Terceros - MOP", "Localidad": "Fortin Olmos", "Resp.": null, "Dpto": "Vera" }, "geometry": { "type": "Point", "coordinates": [ -60.637495649271806, -28.87119661250042 ] } },
{ "type": "Feature", "properties": { "Nombre": "Alcantarilla camino Nro24", "Estado": "Sin Ejecutar", "Obra": "Readecuacion Canal Interlagos Vera", "Datos": null, "Tipo": "Alcantarilla", "Region": "Región 2", "Código": "6116", "Cuenca": "1- Bajos Submeridionales", "C Cuenca": null, "Direccion": "Direccion General de Obras por Terceros - MOP", "Localidad": "Fortin Olmos", "Resp.": null, "Dpto": "Vera" }, "geometry": { "type": "Point", "coordinates": [ -60.649376648382919, -28.840996614297694 ] } },
{ "type": "Feature", "properties": { "Nombre": "Alcantarilla camino Nro25", "Estado": "Sin Ejecutar", "Obra": "Readecuacion Canal Interlagos Vera", "Datos": null, "Tipo": "Alcantarilla", "Region": "Región 2", "Código": "6116", "Cuenca": "1- Bajos Submeridionales", "C Cuenca": null, "Direccion": "Direccion General de Obras por Terceros - MOP", "Localidad": "Fortin Olmos", "Resp.": null, "Dpto": "Vera" }, "geometry": { "type": "Point", "coordinates": [ -60.649969648339301, -28.839431614390655 ] } },
{ "type": "Feature", "properties": { "Nombre": "Alcantarilla camino Nro26", "Estado": "Sin Ejecutar", "Obra": "Readecuacion Canal Interlagos Vera", "Datos": null, "Tipo": "Alcantarilla", "Region": "Región 2", "Código": "6116", "Cuenca": "1- Bajos Submeridionales", "C Cuenca": null, "Direccion": "Direccion General de Obras por Terceros - MOP", "Localidad": "Fortin Olmos", "Resp.": null, "Dpto": "Vera" }, "geometry": { "type": "Point", "coordinates": [ -60.653068648105886, -28.83167661485291 ] } },
{ "type": "Feature", "properties": { "Nombre": "Alcantarilla camino Nro27", "Estado": "Finalizado", "Obra": "Readecuacion Canal Interlagos Vera", "Datos": null, "Tipo": "Alcantarilla", "Region": "Región 2", "Código": "6116", "Cuenca": "1- Bajos Submeridionales", "C Cuenca": null, "Direccion": "Direccion General de Obras por Terceros - MOP", "Localidad": "Fortin Olmos", "Resp.": null, "Dpto": "Vera" }, "geometry": { "type": "Point", "coordinates": [ -60.655029647961193, -28.826540615158187 ] } },
{ "type": "Feature", "properties": { "Nombre": "Alcantarilla camino Nro28", "Estado": "Sin Ejecutar", "Obra": "Readecuacion Canal Interlagos Vera", "Datos": null, "Tipo": "Alcantarilla", "Region": "Región 2", "Código": "6116", "Cuenca": "1- Bajos Submeridionales", "C Cuenca": null, "Direccion": "Direccion General de Obras por Terceros - MOP", "Localidad": "Fortin Olmos", "Resp.": null, "Dpto": "Vera" }, "geometry": { "type": "Point", "coordinates": [ -60.656428647855471, -28.823066615365438 ] } },
{ "type": "Feature", "properties": { "Nombre": "Alcantarilla camino Nro29", "Estado": "Finalizado", "Obra": "Readecuacion Canal Interlagos Vera", "Datos": null, "Tipo": "Alcantarilla", "Region": "Región 2", "Código": "6116", "Cuenca": "1- Bajos Submeridionales", "C Cuenca": null, "Direccion": "Direccion General de Obras por Terceros - MOP", "Localidad": "Fortin Olmos", "Resp.": null, "Dpto": "Vera" }, "geometry": { "type": "Point", "coordinates": [ -60.656717647833865, -28.822332615409135 ] } },
{ "type": "Feature", "properties": { "Nombre": "Alcantarilla camino Nro30", "Estado": "Sin Ejecutar", "Obra": "Readecuacion Canal Interlagos Vera", "Datos": null, "Tipo": "Alcantarilla", "Region": "Región 2", "Código": "6116", "Cuenca": "1- Bajos Submeridionales", "C Cuenca": null, "Direccion": "Direccion General de Obras por Terceros - MOP", "Localidad": "Fortin Olmos", "Resp.": null, "Dpto": "Vera" }, "geometry": { "type": "Point", "coordinates": [ -60.656773647829596, -28.822194615417363 ] } },
{ "type": "Feature", "properties": { "Nombre": "Alcantarilla camino Nro31", "Estado": "Finalizado", "Obra": "Readecuacion Canal Interlagos Vera", "Datos": null, "Tipo": "Alcantarilla", "Region": "Región 2", "Código": "6116", "Cuenca": "1- Bajos Submeridionales", "C Cuenca": null, "Direccion": "Direccion General de Obras por Terceros - MOP", "Localidad": "Fortin Olmos", "Resp.": null, "Dpto": "Vera" }, "geometry": { "type": "Point", "coordinates": [ -60.663493747331565, -28.804759916454724 ] } },
{ "type": "Feature", "properties": { "Nombre": "Alcantarilla camino Nro32", "Estado": "Sin Ejecutar", "Obra": "Readecuacion Canal Interlagos Vera", "Datos": null, "Tipo": "Alcantarilla", "Region": "Región 2", "Código": "6116", "Cuenca": "1- Bajos Submeridionales", "C Cuenca": null, "Direccion": "Direccion General de Obras por Terceros - MOP", "Localidad": "Fortin Olmos", "Resp.": null, "Dpto": "Vera" }, "geometry": { "type": "Point", "coordinates": [ -60.677726645912252, -28.796069617081084 ] } },
{ "type": "Feature", "properties": { "Nombre": "Alcantarilla Camino Comunal N°2", "Estado": "Sin Ejecutar", "Obra": "Readecuacion Canal Interlagos Vera", "Datos": null, "Tipo": "Alcantarilla", "Region": "Región 2", "Código": "6116", "Cuenca": "1- Bajos Submeridionales", "C Cuenca": null, "Direccion": "Direccion General de Obras por Terceros - MOP", "Localidad": "Fortin Olmos", "Resp.": null, "Dpto": "Vera" }, "geometry": { "type": "Point", "coordinates": [ -60.583637652524622, -29.068088601054114 ] } },
{ "type": "Feature", "properties": { "Nombre": "Alcantarilla Camino Comunal N°2", "Estado": "Sin Ejecutar", "Obra": "Readecuacion Canal Interlagos Vera", "Datos": null, "Tipo": "Alcantarilla", "Region": "Región 2", "Código": "6116", "Cuenca": "1- Bajos Submeridionales", "C Cuenca": null, "Direccion": "Direccion General de Obras por Terceros - MOP", "Localidad": "Fortin Olmos", "Resp.": null, "Dpto": "Vera" }, "geometry": { "type": "Point", "coordinates": [ -60.581732652859671, -29.058129601585193 ] } },
{ "type": "Feature", "properties": { "Nombre": "Alcantarilla Camino Comunal N°2", "Estado": "Sin Ejecutar", "Obra": "Readecuacion Canal Interlagos Vera", "Datos": null, "Tipo": "Alcantarilla", "Region": "Región 2", "Código": "6116", "Cuenca": "1- Bajos Submeridionales", "C Cuenca": null, "Direccion": "Direccion General de Obras por Terceros - MOP", "Localidad": "Fortin Olmos", "Resp.": null, "Dpto": "Vera" }, "geometry": { "type": "Point", "coordinates": [ -60.58165765287243, -29.057772601604182 ] } },
{ "type": "Feature", "properties": { "Nombre": "Alcantarilla Camino Comunal N°2", "Estado": "Sin Ejecutar", "Obra": "Readecuacion Canal Interlagos Vera", "Datos": null, "Tipo": "Alcantarilla", "Region": "Región 2", "Código": "6116", "Cuenca": "1- Bajos Submeridionales", "C Cuenca": null, "Direccion": "Direccion General de Obras por Terceros - MOP", "Localidad": "Fortin Olmos", "Resp.": null, "Dpto": "Vera" }, "geometry": { "type": "Point", "coordinates": [ -60.581598652882263, -29.05750560161831 ] } },
{ "type": "Feature", "properties": { "Nombre": "Alcantarilla Camino Comunal N°2", "Estado": "Sin Ejecutar", "Obra": "Readecuacion Canal Interlagos Vera", "Datos": null, "Tipo": "Alcantarilla", "Region": "Región 2", "Código": "6116", "Cuenca": "1- Bajos Submeridionales", "C Cuenca": null, "Direccion": "Direccion General de Obras por Terceros - MOP", "Localidad": "Fortin Olmos", "Resp.": null, "Dpto": "Vera" }, "geometry": { "type": "Point", "coordinates": [ -60.579145653307926, -29.045112602278635 ] } },
{ "type": "Feature", "properties": { "Nombre": "Alcantarilla Camino Comunal N°2", "Estado": "En Ejecucion", "Obra": "Readecuacion Canal Interlagos Vera", "Datos": null, "Tipo": "Alcantarilla", "Region": "Región 2", "Código": "6116", "Cuenca": "1- Bajos Submeridionales", "C Cuenca": null, "Direccion": "Direccion General de Obras por Terceros - MOP", "Localidad": "Fortin Olmos", "Resp.": null, "Dpto": "Vera" }, "geometry": { "type": "Point", "coordinates": [ -60.574460654125417, -29.021064603561427 ] } },
{ "type": "Feature", "properties": { "Nombre": "Alcantarilla Camino Comunal N°2", "Estado": "En Ejecucion", "Obra": "Readecuacion Canal Interlagos Vera", "Datos": null, "Tipo": "Alcantarilla", "Region": "Región 2", "Código": "6116", "Cuenca": "1- Bajos Submeridionales", "C Cuenca": null, "Direccion": "Direccion General de Obras por Terceros - MOP", "Localidad": "Fortin Olmos", "Resp.": null, "Dpto": "Vera" }, "geometry": { "type": "Point", "coordinates": [ -60.574387654138576, -29.020656603583262 ] } },
{ "type": "Feature", "properties": { "Nombre": "Alcantarilla Camino Comunal N°1", "Estado": "Sin Ejecutar", "Obra": "Readecuacion Canal Interlagos Vera", "Datos": null, "Tipo": "Alcantarilla", "Region": "Región 2", "Código": "6116", "Cuenca": "1- Bajos Submeridionales", "C Cuenca": null, "Direccion": "Direccion General de Obras por Terceros - MOP", "Localidad": "Fortin Olmos", "Resp.": null, "Dpto": "Vera" }, "geometry": { "type": "Point", "coordinates": [ -60.805976627656982, -29.134684599635914 ] } },
{ "type": "Feature", "properties": { "Nombre": "Alcantarilla Camino Comunal N°1", "Estado": "Sin Ejecutar", "Obra": "Readecuacion Canal Interlagos Vera", "Datos": null, "Tipo": "Alcantarilla", "Region": "Región 2", "Código": "6116", "Cuenca": "1- Bajos Submeridionales", "C Cuenca": null, "Direccion": "Direccion General de Obras por Terceros - MOP", "Localidad": "Fortin Olmos", "Resp.": null, "Dpto": "Vera" }, "geometry": { "type": "Point", "coordinates": [ -60.806501627564558, -29.137377599493011 ] } },
{ "type": "Feature", "properties": { "Nombre": "Alcantarilla Camino Comunal N°1", "Estado": "Sin Ejecutar", "Obra": "Readecuacion Canal Interlagos Vera", "Datos": null, "Tipo": "Alcantarilla", "Region": "Región 2", "Código": "6116", "Cuenca": "1- Bajos Submeridionales", "C Cuenca": null, "Direccion": "Direccion General de Obras por Terceros - MOP", "Localidad": "Fortin Olmos", "Resp.": null, "Dpto": "Vera" }, "geometry": { "type": "Point", "coordinates": [ -60.807208627441355, -29.140908599305892 ] } },
{ "type": "Feature", "properties": { "Nombre": "Alcantarilla Camino Comunal N°1", "Estado": "Sin Ejecutar", "Obra": "Readecuacion Canal Interlagos Vera", "Datos": null, "Tipo": "Alcantarilla", "Region": "Región 2", "Código": "6116", "Cuenca": "1- Bajos Submeridionales", "C Cuenca": null, "Direccion": "Direccion General de Obras por Terceros - MOP", "Localidad": "Fortin Olmos", "Resp.": null, "Dpto": "Vera" }, "geometry": { "type": "Point", "coordinates": [ -60.807541627381639, -29.14269859921081 ] } },
{ "type": "Feature", "properties": { "Nombre": "Alcantarilla Camino Comunal N°1", "Estado": "Sin Ejecutar", "Obra": "Readecuacion Canal Interlagos Vera", "Datos": null, "Tipo": "Alcantarilla", "Region": "Región 2", "Código": "6116", "Cuenca": "1- Bajos Submeridionales", "C Cuenca": null, "Direccion": "Direccion General de Obras por Terceros - MOP", "Localidad": "Fortin Olmos", "Resp.": null, "Dpto": "Vera" }, "geometry": { "type": "Point", "coordinates": [ -60.808239627259098, -29.146251599022388 ] } },
{ "type": "Feature", "properties": { "Nombre": "Alcantarilla Camino Comunal N°1", "Estado": "Sin Ejecutar", "Obra": "Readecuacion Canal Interlagos Vera", "Datos": null, "Tipo": "Alcantarilla", "Region": "Región 2", "Código": "6116", "Cuenca": "1- Bajos Submeridionales", "C Cuenca": null, "Direccion": "Direccion General de Obras por Terceros - MOP", "Localidad": "Fortin Olmos", "Resp.": null, "Dpto": "Vera" }, "geometry": { "type": "Point", "coordinates": [ -60.80999962695099, -29.155139598551365 ] } },
{ "type": "Feature", "properties": { "Nombre": "Alcantarilla Camino Comunal N°1", "Estado": "Sin Ejecutar", "Obra": "Readecuacion Canal Interlagos Vera", "Datos": null, "Tipo": "Alcantarilla", "Region": "Región 2", "Código": "6116", "Cuenca": "1- Bajos Submeridionales", "C Cuenca": null, "Direccion": "Direccion General de Obras por Terceros - MOP", "Localidad": "Fortin Olmos", "Resp.": null, "Dpto": "Vera" }, "geometry": { "type": "Point", "coordinates": [ -60.81086562679787, -29.159624598313499 ] } },
{ "type": "Feature", "properties": { "Nombre": "Alcantarilla Camino Comunal N°1", "Estado": "Sin Ejecutar", "Obra": "Readecuacion Canal Interlagos Vera", "Datos": null, "Tipo": "Alcantarilla", "Region": "Región 2", "Código": "6116", "Cuenca": "1- Bajos Submeridionales", "C Cuenca": null, "Direccion": "Direccion General de Obras por Terceros - MOP", "Localidad": "Fortin Olmos", "Resp.": null, "Dpto": "Vera" }, "geometry": { "type": "Point", "coordinates": [ -60.814525626154669, -29.17826759732581 ] } },
{ "type": "Feature", "properties": { "Nombre": "Alcantarilla Camino Comunal N°1", "Estado": "Sin Ejecutar", "Obra": "Readecuacion Canal Interlagos Vera", "Datos": null, "Tipo": "Alcantarilla", "Region": "Región 2", "Código": "6116", "Cuenca": "1- Bajos Submeridionales", "C Cuenca": null, "Direccion": "Direccion General de Obras por Terceros - MOP", "Localidad": "Fortin Olmos", "Resp.": null, "Dpto": "Vera" }, "geometry": { "type": "Point", "coordinates": [ -60.827384623903285, -29.242915593907419 ] } },
{ "type": "Feature", "properties": { "Nombre": "Alcantarilla Prog. 2130.61", "Estado": "Finalizado", "Obra": "Reacondicionamiento de la Descarga Urbana Carmen", "Datos": null, "Tipo": "Alcantarilla", "Region": "Región 5", "Código": "6117", "Cuenca": "20- Arroyo Pavón", "C Cuenca": null, "Direccion": "Direccion General de Obras por Terceros - MOP", "Localidad": "Carmen", "Resp.": null, "Dpto": "General Lopez" }, "geometry": { "type": "Point", "coordinates": [ -61.764786, -33.728636300000289 ] } },
{ "type": "Feature", "properties": { "Nombre": "Alcantarilla Prog. 2144.50", "Estado": "Finalizado", "Obra": "Reacondicionamiento de la Descarga Urbana Carmen", "Datos": null, "Tipo": "Alcantarilla", "Region": "Región 5", "Código": "6117", "Cuenca": "20- Arroyo Pavón", "C Cuenca": null, "Direccion": "Direccion General de Obras por Terceros - MOP", "Localidad": "Carmen", "Resp.": null, "Dpto": "General Lopez" }, "geometry": { "type": "Point", "coordinates": [ -61.764536600000071, -33.728698700000265 ] } },
{ "type": "Feature", "properties": { "Nombre": "Alcantarilla Prog. 2286", "Estado": "Finalizado", "Obra": "Reacondicionamiento de la Descarga Urbana Carmen", "Datos": null, "Tipo": "Alcantarilla", "Region": "Región 5", "Código": "6117", "Cuenca": "20- Arroyo Pavón", "C Cuenca": null, "Direccion": "Direccion General de Obras por Terceros - MOP", "Localidad": "Carmen", "Resp.": null, "Dpto": "General Lopez" }, "geometry": { "type": "Point", "coordinates": [ -61.764391600000081, -33.729933600000265 ] } },
{ "type": "Feature", "properties": { "Nombre": "Alcantarilla Prog. 2437.50", "Estado": "Finalizado", "Obra": "Reacondicionamiento de la Descarga Urbana Carmen", "Datos": null, "Tipo": "Alcantarilla", "Region": "Región 5", "Código": "6117", "Cuenca": "20- Arroyo Pavón", "C Cuenca": null, "Direccion": "Direccion General de Obras por Terceros - MOP", "Localidad": "Carmen", "Resp.": null, "Dpto": "General Lopez" }, "geometry": { "type": "Point", "coordinates": [ -61.764211800000069, -33.731206800000272 ] } },
{ "type": "Feature", "properties": { "Nombre": "Alcantarilla 485", "Estado": "Sin Ejecutar", "Obra": "Reacondicionamiento de la Descarga Urbana Carmen", "Datos": null, "Tipo": "Alcantarilla", "Region": "Región 5", "Código": "6117", "Cuenca": "20- Arroyo Pavón", "C Cuenca": null, "Direccion": "Direccion General de Obras por Terceros - MOP", "Localidad": "Carmen", "Resp.": null, "Dpto": "General Lopez" }, "geometry": { "type": "Point", "coordinates": [ -61.756979700000073, -33.718060600000271 ] } },
{ "type": "Feature", "properties": { "Nombre": "CARTEL DE OBRA", "Estado": "Cartel", "Obra": "Reacondicionamiento de la Descarga Urbana Carmen", "Datos": null, "Tipo": "Extra", "Region": "Región 5", "Código": "6117", "Cuenca": "20- Arroyo Pavón", "C Cuenca": null, "Direccion": "Direccion General de Obras por Terceros - MOP", "Localidad": "Carmen", "Resp.": null, "Dpto": "General Lopez" }, "geometry": { "type": "Point", "coordinates": [ -61.770150300000076, -33.73452180000028 ] } },
{ "type": "Feature", "properties": { "Nombre": "Alcantarilla a demoler", "Estado": "Sin Ejecutar", "Obra": "Alcantarilla Arroyo el Tigre Caraguatay", "Datos": null, "Tipo": "Alcantarilla", "Region": "Región 1", "Código": "6118", "Cuenca": "10- Los Saladillos", "C Cuenca": null, "Direccion": "Direccion General de Obras por Terceros - MOP", "Localidad": "Vera", "Resp.": null, "Dpto": "Vera" }, "geometry": { "type": "Point", "coordinates": [ -60.152939694537118, -29.423711577221496 ] } },
{ "type": "Feature", "properties": { "Nombre": "Nueva Alcantarilla", "Estado": "Sin Ejecutar", "Obra": "Alcantarilla Arroyo el Tigre Caraguatay", "Datos": "\t\nAlcantarilla Proyectada\ns/ Plano Tipo Alc. Recta Tipo A2 -\nDPV N° 6751/A - AMP. N° 3805\nL = 3 x 5.00 m\nAC = 7.30 m\nH = 7.00 m", "Tipo": "Alcantarilla", "Region": "Región 1", "Código": "6118", "Cuenca": "10- Los Saladillos", "C Cuenca": null, "Direccion": "Direccion General de Obras por Terceros - MOP", "Localidad": "Vera", "Resp.": null, "Dpto": "Vera" }, "geometry": { "type": "Point", "coordinates": [ -60.153330694491174, -29.423988577210189 ] } },
{ "type": "Feature", "properties": { "Nombre": "Cartel de Obra", "Estado": "Sin Ejecutar", "Obra": "Alcantarilla Arroyo el Tigre Caraguatay", "Datos": null, "Tipo": "Extra", "Region": "Región 1", "Código": "6118", "Cuenca": "10- Los Saladillos", "C Cuenca": null, "Direccion": "Direccion General de Obras por Terceros - MOP", "Localidad": "Vera", "Resp.": null, "Dpto": "Vera" }, "geometry": { "type": "Point", "coordinates": [ -60.152280694614369, -29.423259577239836 ] } },
{ "type": "Feature", "properties": { "Nombre": "Alcantarilla S/ RP N°39 ", "Estado": "Finalizado", "Obra": "Alcantarillas Trasnversal Canal San Carlos RP 39", "Datos": "Alcantarilla Tipo A1\nL= 1,00 X 2,00M\nH= 3,50 m\nAC= 13,30", "Tipo": "Alcantarilla", "Region": "Región 3", "Código": "6119", "Cuenca": "8- Río Salado", "C Cuenca": null, "Direccion": "Direccion General de Obras por Terceros - MOP", "Localidad": "Villa Trinidad", "Resp.": null, "Dpto": "San Cristobal" }, "geometry": { "type": "Point", "coordinates": [ -61.829537201526293, -30.21387625246853 ] } },
{ "type": "Feature", "properties": { "Nombre": "Boca de Registro 1", "Estado": "Sin Ejecutar", "Obra": "Desague Troncal Hohenfels Esperanza", "Datos": null, "Tipo": "Alcantarilla", "Region": "Región 3", "Código": "6120", "Cuenca": "8- Río Salado", "C Cuenca": null, "Direccion": "Direccion General de Obras por Terceros - MOP", "Localidad": "Esperanza", "Resp.": null, "Dpto": "Las Colonias" }, "geometry": { "type": "Point", "coordinates": [ -60.93449, -31.435229000000298 ] } },
{ "type": "Feature", "properties": { "Nombre": "Boca de Registro 2", "Estado": "Sin Ejecutar", "Obra": "Desague Troncal Hohenfels Esperanza", "Datos": null, "Tipo": "Alcantarilla", "Region": "Región 3", "Código": "6120", "Cuenca": "8- Río Salado", "C Cuenca": null, "Direccion": "Direccion General de Obras por Terceros - MOP", "Localidad": "Esperanza", "Resp.": null, "Dpto": "Las Colonias" }, "geometry": { "type": "Point", "coordinates": [ -60.935838, -31.434933000000299 ] } },
{ "type": "Feature", "properties": { "Nombre": "Boca de Registro 3", "Estado": "Sin Ejecutar", "Obra": "Desague Troncal Hohenfels Esperanza", "Datos": null, "Tipo": "Alcantarilla", "Region": "Región 3", "Código": "6120", "Cuenca": "8- Río Salado", "C Cuenca": null, "Direccion": "Direccion General de Obras por Terceros - MOP", "Localidad": "Esperanza", "Resp.": null, "Dpto": "Las Colonias" }, "geometry": { "type": "Point", "coordinates": [ -60.937489, -31.43451700000028 ] } },
{ "type": "Feature", "properties": { "Nombre": "Boca de Registro 4", "Estado": "Sin Ejecutar", "Obra": "Desague Troncal Hohenfels Esperanza", "Datos": null, "Tipo": "Alcantarilla", "Region": "Región 3", "Código": "6120", "Cuenca": "8- Río Salado", "C Cuenca": null, "Direccion": "Direccion General de Obras por Terceros - MOP", "Localidad": "Esperanza", "Resp.": null, "Dpto": "Las Colonias" }, "geometry": { "type": "Point", "coordinates": [ -60.939389, -31.434103000000285 ] } },
{ "type": "Feature", "properties": { "Nombre": "Boca de Registro 8", "Estado": "Sin Ejecutar", "Obra": "Desague Troncal Hohenfels Esperanza", "Datos": null, "Tipo": "Alcantarilla", "Region": "Región 3", "Código": "6120", "Cuenca": "8- Río Salado", "C Cuenca": null, "Direccion": "Direccion General de Obras por Terceros - MOP", "Localidad": "Esperanza", "Resp.": null, "Dpto": "Las Colonias" }, "geometry": { "type": "Point", "coordinates": [ -60.941269, -31.439847000000295 ] } },
{ "type": "Feature", "properties": { "Nombre": "Boca de Registro 7", "Estado": "Sin Ejecutar", "Obra": "Desague Troncal Hohenfels Esperanza", "Datos": null, "Tipo": "Alcantarilla", "Region": "Región 3", "Código": "6120", "Cuenca": "8- Río Salado", "C Cuenca": null, "Direccion": "Direccion General de Obras por Terceros - MOP", "Localidad": "Esperanza", "Resp.": null, "Dpto": "Las Colonias" }, "geometry": { "type": "Point", "coordinates": [ -60.940582, -31.437980000000284 ] } },
{ "type": "Feature", "properties": { "Nombre": "Boca de Registro 6", "Estado": "Sin Ejecutar", "Obra": "Desague Troncal Hohenfels Esperanza", "Datos": null, "Tipo": "Alcantarilla", "Region": "Región 3", "Código": "6120", "Cuenca": "8- Río Salado", "C Cuenca": null, "Direccion": "Direccion General de Obras por Terceros - MOP", "Localidad": "Esperanza", "Resp.": null, "Dpto": "Las Colonias" }, "geometry": { "type": "Point", "coordinates": [ -60.940268, -31.436821000000283 ] } },
{ "type": "Feature", "properties": { "Nombre": "Boca de Registro 5", "Estado": "Sin Ejecutar", "Obra": "Desague Troncal Hohenfels Esperanza", "Datos": null, "Tipo": "Alcantarilla", "Region": "Región 3", "Código": "6120", "Cuenca": "8- Río Salado", "C Cuenca": null, "Direccion": "Direccion General de Obras por Terceros - MOP", "Localidad": "Esperanza", "Resp.": null, "Dpto": "Las Colonias" }, "geometry": { "type": "Point", "coordinates": [ -60.939827, -31.435431000000303 ] } },
{ "type": "Feature", "properties": { "Nombre": "Boca de Registro S/N", "Estado": "Sin Ejecutar", "Obra": "Desague Troncal Hohenfels Esperanza", "Datos": "Medidas:\n1,20 m x 1,20 m", "Tipo": "Alcantarilla", "Region": "Región 3", "Código": "6120", "Cuenca": "8- Río Salado", "C Cuenca": null, "Direccion": "Direccion General de Obras por Terceros - MOP", "Localidad": "Esperanza", "Resp.": null, "Dpto": "Las Colonias" }, "geometry": { "type": "Point", "coordinates": [ -60.934920400000081, -31.435129200000286 ] } },
{ "type": "Feature", "properties": { "Nombre": "Cartel de Obra", "Estado": null, "Obra": "Desague Troncal Hohenfels Esperanza", "Datos": null, "Tipo": "Extra", "Region": "Región 3", "Código": "6120", "Cuenca": "8- Río Salado", "C Cuenca": null, "Direccion": "Direccion General de Obras por Terceros - MOP", "Localidad": "Esperanza", "Resp.": null, "Dpto": "Las Colonias" }, "geometry": { "type": "Point", "coordinates": [ -60.938976300000078, -31.440259300000289 ] } },
{ "type": "Feature", "properties": { "Nombre": "Puente Las Cañas", "Estado": "Sin Ejecutar", "Obra": "Alcantarillas A las Estacas y Canal Lassaga", "Datos": "A2 DPV H° A° 3 luces 4,50x5,50 mts\nH: 5,50 mts\nL: 4,50 mts\nAC: 7,00 mts\nTipo Oblicua", "Tipo": "Puente", "Region": "Región 4", "Código": "6121", "Cuenca": "13- Cañada Carrizales", "C Cuenca": null, "Direccion": "Direccion General de Obras por Terceros - MOP", "Localidad": "San Genaro, Carrizales, Totoras", "Resp.": null, "Dpto": "San Jerónimo" }, "geometry": { "type": "Point", "coordinates": [ -61.233038532993675, -32.393890434094594 ] } },
{ "type": "Feature", "properties": { "Nombre": "Puente Bartollosi", "Estado": "Sin Ejecutar", "Obra": "Alcantarillas A las Estacas y Canal Lassaga", "Datos": "A2 DPV H° A° 3 luces 4x4,50 mts\nH: 4,50 mts\nL: 4,00 mts\nAC: 7,00 mts\nTipo Oblicua", "Tipo": "Puente", "Region": "Región 4", "Código": "6121", "Cuenca": "13- Cañada Carrizales", "C Cuenca": null, "Direccion": "Direccion General de Obras por Terceros - MOP", "Localidad": "San Genaro, Carrizales, Totoras", "Resp.": null, "Dpto": "San Jerónimo" }, "geometry": { "type": "Point", "coordinates": [ -61.248357531143725, -32.402742433836096 ] } },
{ "type": "Feature", "properties": { "Nombre": "Alcantarilla. Maissonave - Canal Lassaga", "Estado": "Sin Ejecutar", "Obra": "Alcantarillas A las Estacas y Canal Lassaga", "Datos": "A2 MASPYMA H° A° 2 luces 5x3 mts\nH: 3,00 mts\nL: 5,00 mts\nAC: 6,50 mts\nTipo Recta con alas modificadas", "Tipo": "Alcantarilla", "Region": "Región 4", "Código": "6121", "Cuenca": "13- Cañada Carrizales", "C Cuenca": null, "Direccion": "Direccion General de Obras por Terceros - MOP", "Localidad": "San Genaro, Carrizales, Totoras", "Resp.": null, "Dpto": "Iriondo" }, "geometry": { "type": "Point", "coordinates": [ -61.120748543814933, -32.499142427602699 ] } },
{ "type": "Feature", "properties": { "Nombre": "OBRA DE ARTE Nº 2 – Arroyo Los Leones. “PUENTE DE MADERA”", "Estado": "Sin Ejecutar", "Obra": "Alcantarillas rurales Los Quirquinchos y la Villada", "Datos": "✓ Ángulo de esviaje de 58º, con muros de alas con inclinación de 45º respecto del eje del cauce.\n✓ 2 luces de 3.50m.\n✓ H=4.50m.\n✓ Ancho de calzada: 6.00m, con guardarruedas.\n✓ Cota de desagüe=93.41, Cota de Calzada=97.01 y Cota de Fundaci�", "Tipo": "Alcantarilla", "Region": "Región 5", "Código": "6122", "Cuenca": "14- Río Carcaraña", "C Cuenca": null, "Direccion": "Direccion General de Obras por Terceros - MOP", "Localidad": "Los Quirquinchos, Villada", "Resp.": null, "Dpto": "Caseros" }, "geometry": { "type": "Point", "coordinates": [ -61.687748, -33.305806000000253 ] } },
{ "type": "Feature", "properties": { "Nombre": "OBRA DE ARTE Nº 1 – Arroyo Los Leones. “ALCANTARILLA CAMINO COMUNAL", "Estado": "Sin Ejecutar", "Obra": "Alcantarillas rurales Los Quirquinchos y la Villada", "Datos": "✓ 2 luces de 3.50m.\n✓ H=5.00m.\n✓ Ancho de calzada: 7.00m.\n✓ Cota de desagüe=91.00, Cota de Calzada=94.77 y Cota de Fundación=89.50", "Tipo": "Alcantarilla", "Region": "Región 5", "Código": "6122", "Cuenca": "14- Río Carcaraña", "C Cuenca": null, "Direccion": "Direccion General de Obras por Terceros - MOP", "Localidad": "Los Quirquinchos, Villada", "Resp.": null, "Dpto": "Caseros" }, "geometry": { "type": "Point", "coordinates": [ -61.673461, -33.289870000000285 ] } },
{ "type": "Feature", "properties": { "Nombre": "OBRA DE ARTE Nº 3 – Arroyo Los Leones. “PUENTE MIXTO", "Estado": "Sin Ejecutar", "Obra": "Alcantarillas rurales Los Quirquinchos y la Villada", "Datos": "✓ Alcantarilla Tipo Z-2915-I.\n✓ Muros de ala independientes s/ Plano Tipo X-1676-I (Margen derecha).\n✓ L=4.00m.\n✓ H=3.00m.\n✓ Ancho de calzada: 7.00m, con guardarruedas.\n✓ Cota de desagüe=94.48, Cota de Calzada=97.59 y Cota de Fundación=93.3", "Tipo": "Alcantarilla", "Region": "Región 5", "Código": "6122", "Cuenca": "14- Río Carcaraña", "C Cuenca": null, "Direccion": "Direccion General de Obras por Terceros - MOP", "Localidad": "Los Quirquinchos, Villada", "Resp.": null, "Dpto": "Caseros" }, "geometry": { "type": "Point", "coordinates": [ -61.697299, -33.312407000000285 ] } },
{ "type": "Feature", "properties": { "Nombre": "• OBRA DE ARTE Nº 5 – Arroyo Saladillo. “CAMINO RURAL”", "Estado": "Sin Ejecutar", "Obra": "Alcantarillas rurales Los Quirquinchos y la Villada", "Datos": "La alcantarilla a construir es del tipo A2 DPV oblicua con tres luces de 3.50 m de luz cada una, 3.07 m de altura libre y profundidad de fundación de 1.43m, oblicua a 70º", "Tipo": "Alcantarilla", "Region": "Región 5", "Código": "6122", "Cuenca": "17- Arroyo Saladillo", "C Cuenca": null, "Direccion": "Direccion General de Obras por Terceros - MOP", "Localidad": "Los Quirquinchos, Villada", "Resp.": null, "Dpto": "Caseros" }, "geometry": { "type": "Point", "coordinates": [ -61.549572, -33.30987700000027 ] } },
{ "type": "Feature", "properties": { "Nombre": "OBRA DE ARTE Nº 4 – Arroyo Saladillo. “CAMINO CAMPING”", "Estado": "Sin Ejecutar", "Obra": "Alcantarillas rurales Los Quirquinchos y la Villada", "Datos": "\t\nLa alcantarilla a construir es del tipo A2 DPV recta con tres luces de 4.50 m de luz cada una, 4.50 m de altura libre y profundidad de fundación de 1.00m", "Tipo": "Alcantarilla", "Region": "Región 5", "Código": "6122", "Cuenca": "17- Arroyo Saladillo", "C Cuenca": null, "Direccion": "Direccion General de Obras por Terceros - MOP", "Localidad": "Los Quirquinchos, Villada", "Resp.": null, "Dpto": "Caseros" }, "geometry": { "type": "Point", "coordinates": [ -61.465974, -33.340900000000268 ] } },
{ "type": "Feature", "properties": { "Nombre": "Alcantarilla Nueva", "Estado": "Sin Ejecutar", "Obra": "Alcantarillas rurales Los Quirquinchos y la Villada", "Datos": null, "Tipo": "Alcantarilla", "Region": "Región 5", "Código": "6122", "Cuenca": "14- Río Carcaraña", "C Cuenca": null, "Direccion": "Direccion General de Obras por Terceros - MOP", "Localidad": "Los Quirquinchos, Villada", "Resp.": null, "Dpto": "Caseros" }, "geometry": { "type": "Point", "coordinates": [ -61.74412, -33.329314000000259 ] } },
{ "type": "Feature", "properties": { "Nombre": "ESTACION DE BOMBEO N°5", "Estado": "Sin Ejecutar", "Obra": "Defensas San Javier", "Datos": null, "Tipo": "Estacion de Bombeo", "Region": "Región 1", "Código": "1111", "Cuenca": "5- Río Parana", "C Cuenca": null, "Direccion": "Direccion General de Obras por Terceros - MOP", "Localidad": "San Javier", "Resp.": null, "Dpto": "San Javier" }, "geometry": { "type": "Point", "coordinates": [ -59.93725270285298, -30.590316512307492 ] } },
{ "type": "Feature", "properties": { "Nombre": "ESTACIÓN DE BOMBEO N°4", "Estado": "Sin Ejecutar", "Obra": "Defensas San Javier", "Datos": null, "Tipo": "Estacion de Bombeo", "Region": "Región 1", "Código": "1111", "Cuenca": "5- Río Parana", "C Cuenca": null, "Direccion": "Direccion General de Obras por Terceros - MOP", "Localidad": "San Javier", "Resp.": null, "Dpto": "San Javier" }, "geometry": { "type": "Point", "coordinates": [ -59.933371703310783, -30.587947512394074 ] } },
{ "type": "Feature", "properties": { "Nombre": "ESTACIÓN DE BOMBEO N°3", "Estado": "Sin Ejecutar", "Obra": "Defensas San Javier", "Datos": null, "Tipo": "Estacion de Bombeo", "Region": "Región 1", "Código": "1111", "Cuenca": "5- Río Parana", "C Cuenca": null, "Direccion": "Direccion General de Obras por Terceros - MOP", "Localidad": "San Javier", "Resp.": null, "Dpto": "San Javier" }, "geometry": { "type": "Point", "coordinates": [ -59.924227704402455, -30.581376512650397 ] } },
{ "type": "Feature", "properties": { "Nombre": "ESTACIÓN DE BOMBEO N°2", "Estado": "Sin Ejecutar", "Obra": "Defensas San Javier", "Datos": null, "Tipo": "Estacion de Bombeo", "Region": "Región 1", "Código": "1111", "Cuenca": "5- Río Parana", "C Cuenca": null, "Direccion": "Direccion General de Obras por Terceros - MOP", "Localidad": "San Javier", "Resp.": null, "Dpto": "San Javier" }, "geometry": { "type": "Point", "coordinates": [ -59.922950704629557, -30.57484451298312 ] } },
{ "type": "Feature", "properties": { "Nombre": "ESTACIÓN DE BOMBEO N°1", "Estado": "Sin Ejecutar", "Obra": "Defensas San Javier", "Datos": null, "Tipo": "Estacion de Bombeo", "Region": "Región 1", "Código": "1111", "Cuenca": "5- Río Parana", "C Cuenca": null, "Direccion": "Direccion General de Obras por Terceros - MOP", "Localidad": "San Javier", "Resp.": null, "Dpto": "San Javier" }, "geometry": { "type": "Point", "coordinates": [ -59.918218705200445, -30.570986513140099 ] } },
{ "type": "Feature", "properties": { "Nombre": "CARTEL DE OBRA", "Estado": "Cartel", "Obra": "Defensas San Javier", "Datos": null, "Tipo": "Extra", "Region": "Región 1", "Código": "1111", "Cuenca": "5- Río Parana", "C Cuenca": null, "Direccion": "Direccion General de Obras por Terceros - MOP", "Localidad": "San Javier", "Resp.": null, "Dpto": "San Javier" }, "geometry": { "type": "Point", "coordinates": [ -59.935738703325931, -30.567272513510929 ] } },
{ "type": "Feature", "properties": { "Nombre": "CARTEL DE OBRA", "Estado": "Cartel", "Obra": "Defensas San Javier", "Datos": null, "Tipo": "Extra", "Region": "Región 1", "Código": "1111", "Cuenca": "5- Río Parana", "C Cuenca": null, "Direccion": "Direccion General de Obras por Terceros - MOP", "Localidad": "San Javier", "Resp.": null, "Dpto": "San Javier" }, "geometry": { "type": "Point", "coordinates": [ -59.946630701703675, -30.599268511927932 ] } },
{ "type": "Feature", "properties": { "Nombre": "Inicio de Obra", "Estado": null, "Obra": "Defensas San Javier", "Datos": null, "Tipo": "Extra", "Region": "Región 1", "Código": "1111", "Cuenca": "5- Río Parana", "C Cuenca": null, "Direccion": "Direccion General de Obras por Terceros - MOP", "Localidad": "San Javier", "Resp.": null, "Dpto": "San Javier" }, "geometry": { "type": "Point", "coordinates": [ -59.943260702194365, -30.590222512372364 ] } },
{ "type": "Feature", "properties": { "Nombre": "Fin de Obra", "Estado": null, "Obra": "Defensas San Javier", "Datos": null, "Tipo": "Extra", "Region": "Región 1", "Código": "1111", "Cuenca": "5- Río Parana", "C Cuenca": null, "Direccion": "Direccion General de Obras por Terceros - MOP", "Localidad": "San Javier", "Resp.": null, "Dpto": "San Javier" }, "geometry": { "type": "Point", "coordinates": [ -59.935652703326546, -30.56793651347493 ] } },
{ "type": "Feature", "properties": { "Nombre": "Cartel de Obra", "Estado": "Finalizado", "Obra": "EJECUCIÓN DE OBRAS DE ARTE EN CANAL LARGUÍA – DPTO. IRIONDO –  PROVINCIA DE SANTA FE”", "Datos": null, "Tipo": "Cartel", "Region": null, "Código": "6124", "Cuenca": null, "C Cuenca": null, "Direccion": "Direccion General de Obras por Terceros - MOP", "Localidad": "Totoras", "Resp.": null, "Dpto": "Iriondo" }, "geometry": { "type": "Point", "coordinates": [ -61.172146563481085, -32.577428680328246 ] } },
{ "type": "Feature", "properties": { "Nombre": "Cartel", "Estado": "Finalizado", "Obra": "EJECUCIÓN DE OBRAS DE ARTE EN CANAL LARGUÍA – DPTO. IRIONDO –  PROVINCIA DE SANTA FE", "Datos": null, "Tipo": "Cartel", "Region": null, "Código": "6124", "Cuenca": null, "C Cuenca": null, "Direccion": "Direccion General de Obras por Terceros - MOP", "Localidad": "Totoras", "Resp.": null, "Dpto": "Iriondo" }, "geometry": { "type": "Point", "coordinates": [ -61.198018272631394, -32.575999782584397 ] } },
{ "type": "Feature", "properties": { "Nombre": "Alcantarilla N°1", "Estado": "En Ejecucion", "Obra": "EJECUCIÓN DE OBRAS DE ARTE EN CANAL LARGUÍA – DPTO. IRIONDO –  PROVINCIA DE SANTA FE", "Datos": "- 2 Luces de 5.00m.\n- H=5.00m.\n- Ancho de calzada: 8.00 m, con baranda.\n- Cota Rasante=, Cota de Calzada= y Cota de Fundación=", "Tipo": "Alcantarilla", "Region": null, "Código": "6124", "Cuenca": null, "C Cuenca": null, "Direccion": "Direccion General de Obras por Terceros - MOP", "Localidad": "Totoras", "Resp.": null, "Dpto": "Iriondo" }, "geometry": { "type": "Point", "coordinates": [ -61.146032707790035, -32.542020327774125 ] } },
{ "type": "Feature", "properties": { "Nombre": "Alcantarilla N°2", "Estado": "Sin Ejecutar", "Obra": "EJECUCIÓN DE OBRAS DE ARTE EN CANAL LARGUÍA – DPTO. IRIONDO –  PROVINCIA DE SANTA FE", "Datos": "- 2 L= 5.00 m.\n- H=5.00m.\n- Ancho de calzada:\n- Cota Rasante=, Cota de Calzada= y Cota de Fundación=", "Tipo": "Alcantarilla", "Region": null, "Código": "6124", "Cuenca": null, "C Cuenca": null, "Direccion": "Direccion General de Obras por Terceros - MOP", "Localidad": "Totoras", "Resp.": null, "Dpto": "Iriondo" }, "geometry": { "type": "Point", "coordinates": [ -61.149462062375321, -32.545501642277387 ] } },
{ "type": "Feature", "properties": { "Nombre": "Alcantarilla N°3", "Estado": "Sin Ejecutar", "Obra": "EJECUCIÓN DE OBRAS DE ARTE EN CANAL LARGUÍA – DPTO. IRIONDO –  PROVINCIA DE SANTA FE", "Datos": "- 2 L= 5.00m.\n- H=5.00m.\n- Ancho de calzada: , con baranda.\n- Cota Rasante=, Cota de Calzada= y Cota de Fundación=", "Tipo": "Alcantarilla", "Region": null, "Código": "6124", "Cuenca": null, "C Cuenca": null, "Direccion": "Direccion General de Obras por Terceros - MOP", "Localidad": "Totoras", "Resp.": null, "Dpto": "Iriondo" }, "geometry": { "type": "Point", "coordinates": [ -61.155800839289952, -32.549661766478081 ] } },
{ "type": "Feature", "properties": { "Nombre": "Alcantarilla N°4", "Estado": "Sin Ejecutar", "Obra": "EJECUCIÓN DE OBRAS DE ARTE EN CANAL LARGUÍA – DPTO. IRIONDO –  PROVINCIA DE SANTA FE", "Datos": "- 2 L= 5.00m.\n- H=5.00m.\n- Ancho de calzada: , con baranda.\n- Cota Rasante=, Cota de Calzada= y Cota de Fundación=", "Tipo": "Alcantarilla", "Region": null, "Código": "6124", "Cuenca": null, "C Cuenca": null, "Direccion": "Direccion General de Obras por Terceros - MOP", "Localidad": "Totoras", "Resp.": null, "Dpto": "Iriondo" }, "geometry": { "type": "Point", "coordinates": [ -61.165943015583842, -32.554579972558713 ] } },
{ "type": "Feature", "properties": { "Nombre": "Azud Nivelador", "Estado": "En Ejecucion", "Obra": "Azud Nivelador Laguna La Verde - Dpto. San Cristobal - Pcia. de Santa Fe", "Datos": "Emplazamiento Obra Azud Nivelador - Avances: Limpieza", "Tipo": "Azud", "Region": null, "Código": "6126", "Cuenca": "8- Rio Salado", "C Cuenca": null, "Direccion": "Direccion General de Obras por Terceros - MOP", "Localidad": "Huanqueros", "Resp.": null, "Dpto": "San Cristobal" }, "geometry": { "type": "Point", "coordinates": [ -61.248189215393303, -29.974451238342965 ] } },
{ "type": "Feature", "properties": { "Nombre": "Reservorio Plaza Evita", "Estado": null, "Obra": "Tareas de mantenimiento y reparacion Gran Santa Fe", "Datos": null, "Tipo": "Reservorio", "Region": "Región 1, Región 3", "Código": "6108", "Cuenca": "5- Río Parana", "C Cuenca": null, "Direccion": "Direccion General de Obras por Terceros - MOP", "Localidad": "Santa Fe, Colastiné, Rincón, Arroyo Leyes", "Resp.": null, "Dpto": null }, "geometry": { "type": "Point", "coordinates": [ -60.695763939263891, -31.67220353640872 ] } },
{ "type": "Feature", "properties": { "Nombre": "Proteccion con manta de H°", "Estado": "Finalizado", "Obra": "Tareas de mantenimiento y reparacion Gran Santa Fe", "Datos": null, "Tipo": "Proteccion", "Region": "Región 1, Región 3", "Código": "6108", "Cuenca": "5- Río Parana", "C Cuenca": null, "Direccion": "Direccion General de Obras por Terceros - MOP", "Localidad": "Santa Fe, Colastiné, Rincón, Arroyo Leyes", "Resp.": null, "Dpto": null }, "geometry": { "type": "Point", "coordinates": [ -60.581551890836444, -31.61541929266215 ] } },
{ "type": "Feature", "properties": { "Nombre": "Proteccion con manta de H°", "Estado": "Finalizado", "Obra": "Tareas de mantenimiento y reparacion Gran Santa Fe", "Datos": null, "Tipo": "Proteccion", "Region": "Región 1, Región 3", "Código": "6108", "Cuenca": "5- Río Parana", "C Cuenca": null, "Direccion": "Direccion General de Obras por Terceros - MOP", "Localidad": "Santa Fe, Colastiné, Rincón, Arroyo Leyes", "Resp.": null, "Dpto": null }, "geometry": { "type": "Point", "coordinates": [ -60.567291097140462, -31.614184688812845 ] } },
{ "type": "Feature", "properties": { "Nombre": "Proteccion con manta de H°", "Estado": "Finalizado", "Obra": "Tareas de mantenimiento y reparacion Gran Santa Fe", "Datos": null, "Tipo": "Proteccion", "Region": "Región 1, Región 3", "Código": "6108", "Cuenca": "5- Río Parana", "C Cuenca": null, "Direccion": "Direccion General de Obras por Terceros - MOP", "Localidad": "Santa Fe, Colastiné, Rincón, Arroyo Leyes", "Resp.": null, "Dpto": null }, "geometry": { "type": "Point", "coordinates": [ -60.561214504414878, -31.61198065404697 ] } },
{ "type": "Feature", "properties": { "Nombre": "Proteccion con manta de H°", "Estado": "Finalizado", "Obra": "Tareas de mantenimiento y reparacion Gran Santa Fe", "Datos": null, "Tipo": "Proteccion", "Region": "Región 1, Región 3", "Código": "6108", "Cuenca": "5- Río Parana", "C Cuenca": null, "Direccion": "Direccion General de Obras por Terceros - MOP", "Localidad": "Santa Fe, Colastiné, Rincón, Arroyo Leyes", "Resp.": null, "Dpto": null }, "geometry": { "type": "Point", "coordinates": [ -60.582390457188751, -31.597771517415843 ] } }
]
}
