{
"type": "FeatureCollection",
"name": "licitacion_canales_troncales",
"crs": { "type": "name", "properties": { "name": "urn:ogc:def:crs:OGC:1.3:CRS84" } },
"features": [
{ "type": "Feature", "properties": { "Nombre": "Canal RP39", "Longuitud": null, "Datos": null, "Estado": null, "Zona": "Norte" }, "geometry": { "type": "MultiLineString", "coordinates": [ [ [ -60.424836984140903, -30.360479860564549 ], [ -60.453499379189658, -30.35621273510511 ] ] ] } },
{ "type": "Feature", "properties": { "Nombre": "Canal Secundario La Mora", "Longuitud": null, "Datos": null, "Estado": null, "Zona": "Norte" }, "geometry": { "type": "MultiLineString", "coordinates": [ [ [ -60.508672991765863, -30.283815491836879 ], [ -60.458796807651247, -30.291115692853541 ] ] ] } },
{ "type": "Feature", "properties": { "Nombre": "Canal Secundario Wilhelm", "Longuitud": null, "Datos": null, "Estado": null, "Zona": "Norte" }, "geometry": { "type": "MultiLineString", "coordinates": [ [ [ -60.599873395325197, -30.30926534301862 ], [ -60.558721235140517, -30.315301307304239 ] ] ] } },
{ "type": "Feature", "properties": { "Nombre": "Canal Principal RP56-s La Cremeria", "Longuitud": null, "Datos": null, "Estado": null, "Zona": "Norte" }, "geometry": { "type": "MultiLineString", "coordinates": [ [ [ -60.656291650062322, -30.06495725804734 ], [ -60.692923033672983, -30.05912373052124 ] ] ] } },
{ "type": "Feature", "properties": { "Nombre": "Canal Laguna La Loca", "Longuitud": null, "Datos": null, "Estado": null, "Zona": "Norte" }, "geometry": { "type": "MultiLineString", "coordinates": [ [ [ -60.264574794600001, -28.774854628500009 ], [ -60.260174423800002, -28.775557200200002 ], [ -60.253516017599992, -28.776654223 ], [ -60.246364638600006, -28.777793123599999 ], [ -60.238272922199997, -28.779104247700001 ], [ -60.231529077200001, -28.780141319199998 ], [ -60.2221453887, -28.781668907499999 ], [ -60.218550366499997, -28.782239213299999 ], [ -60.21558396719999, -28.782698580400002 ], [ -60.215005960799999, -28.7827893895 ], [ -60.214646607600002, -28.7827995548 ], [ -60.214325405399997, -28.782745392300001 ], [ -60.214011062200008, -28.7826575711 ], [ -60.213665536900002, -28.782487110600002 ], [ -60.21328476259999, -28.782332170699998 ], [ -60.212974497300003, -28.782262387599999 ], [ -60.2127405341, -28.7822597752 ], [ -60.212335360999987, -28.7823163079 ], [ -60.211502110399998, -28.782383019200001 ], [ -60.208982857300001, -28.782636055800001 ], [ -60.206774153300003, -28.7828605228 ], [ -60.204203483800001, -28.783108192299999 ], [ -60.200796849100001, -28.783426046100001 ], [ -60.197953807200001, -28.783681599400001 ], [ -60.194928467300002, -28.783982249 ], [ -60.193582326000012, -28.784117403100002 ], [ -60.1908785563, -28.784367640900001 ], [ -60.1871426656, -28.784739305399999 ], [ -60.185667413499999, -28.784886330399999 ], [ -60.183184853699991, -28.785134697099991 ], [ -60.1798974923, -28.785423167699999 ], [ -60.177876612499993, -28.785601013099999 ], [ -60.175467043899999, -28.785853723500001 ], [ -60.171978379599992, -28.786181126799999 ], [ -60.167765544, -28.7865899064 ], [ -60.164450795699999, -28.786915820099999 ], [ -60.161220330899987, -28.787227828599999 ], [ -60.158821707900003, -28.7874196205 ], [ -60.157640053500003, -28.787549425800002 ], [ -60.153268410400003, -28.7879677056 ], [ -60.150076272100009, -28.788282450200001 ], [ -60.149440826599999, -28.788330003 ], [ -60.146803567699997, -28.7885971826 ], [ -60.1440903226, -28.788824118400001 ], [ -60.143821741799997, -28.7888854608 ], [ -60.143559723700001, -28.788990096100001 ], [ -60.143381595700014, -28.789113178899999 ], [ -60.143193077900001, -28.7892394205 ], [ -60.142956065500009, -28.7894147178 ], [ -60.141226104100006, -28.790669961900001 ], [ -60.138145526800002, -28.792973348699999 ], [ -60.135241257799997, -28.795145656799999 ], [ -60.134326061400003, -28.795798194700009 ], [ -60.133927304199993, -28.796085540699998 ], [ -60.13357766419999, -28.796248315900002 ], [ -60.133326824100003, -28.796315099299999 ], [ -60.133121695, -28.796361495599999 ], [ -60.132277530700001, -28.7964299651 ], [ -60.1308301535, -28.7965792884 ], [ -60.128731219599999, -28.796784850600002 ], [ -60.128132102199991, -28.7968464494 ], [ -60.127468039599997, -28.796896670799999 ], [ -60.126594533300008, -28.797030933399999 ], [ -60.1247151261, -28.797177052399999 ], [ -60.121700318400002, -28.797500105299999 ], [ -60.119387079, -28.7977410353 ], [ -60.116128150400002, -28.7980580252 ], [ -60.114994527100002, -28.798170477 ], [ -60.112805248, -28.7983905205 ], [ -60.110910219799997, -28.798584670099999 ], [ -60.108332166099999, -28.798848987500001 ], [ -60.104378755299997, -28.799220996700001 ], [ -60.102902944900002, -28.7993712689 ], [ -60.1018998009, -28.7994504065 ], [ -60.101674999700002, -28.7994740898 ], [ -60.101045245500003, -28.799530689600001 ], [ -60.100662773700002, -28.799552635 ], [ -60.098213146299997, -28.799767313299999 ], [ -60.096043796500012, -28.799960286899999 ], [ -60.095068981899999, -28.800046796299998 ], [ -60.094920188400003, -28.800105503899999 ], [ -60.094765262900012, -28.800207026 ], [ -60.094592142899998, -28.800319664 ], [ -60.094368369599998, -28.800493489800001 ], [ -60.093306475200002, -28.801165566600002 ], [ -60.091538616700007, -28.802251607599999 ], [ -60.090524671500013, -28.802877012700002 ], [ -60.089258242299991, -28.803658879699999 ], [ -60.088289015599997, -28.804275400800002 ], [ -60.086944583099999, -28.8050845516 ], [ -60.086660244400001, -28.8052679097 ], [ -60.08646624, -28.8054117977 ], [ -60.086192433, -28.805644686699999 ], [ -60.085666825499999, -28.806166107900001 ], [ -60.085378984199998, -28.806448544599998 ], [ -60.0848356825, -28.806972514400002 ], [ -60.083352497100002, -28.808445751600001 ], [ -60.082112214200009, -28.809693241400002 ], [ -60.081285545100002, -28.810462994 ], [ -60.080725912299997, -28.811011475800001 ], [ -60.079713474199998, -28.811969275799999 ], [ -60.078341577900012, -28.8132981334 ], [ -60.077402673500004, -28.8142323593 ], [ -60.077029323, -28.814531259 ], [ -60.076024090799997, -28.815371872 ], [ -60.074558383300001, -28.816514850699999 ], [ -60.0725859275, -28.8181259636 ], [ -60.071897647500002, -28.818663761300002 ], [ -60.0711694114, -28.819276247499999 ], [ -60.0702828485, -28.819992027200001 ], [ -60.068682388600003, -28.821277954700001 ], [ -60.067462164200009, -28.822248693100001 ], [ -60.066329467300001, -28.823180092899999 ], [ -60.065190659599999, -28.8240809644 ], [ -60.0637182221, -28.825275660500001 ], [ -60.062249485, -28.826422871599998 ], [ -60.0608543803, -28.827590854 ], [ -60.059898622200002, -28.828362898599998 ], [ -60.059733829300001, -28.828427568 ], [ -60.059046404599997, -28.829031368700001 ], [ -60.058022405300001, -28.8298563454 ], [ -60.057583669100012, -28.830198754600001 ], [ -60.056365276199998, -28.831081050600002 ], [ -60.054218738099991, -28.832620778500001 ], [ -60.053001717799987, -28.833494628 ], [ -60.051320432200008, -28.834703617799999 ], [ -60.050517087199999, -28.835268299500001 ], [ -60.050192629900003, -28.835465486299999 ], [ -60.04986485189999, -28.8356184431 ], [ -60.049270575800001, -28.8358663267 ], [ -60.04587897, -28.8373627683 ], [ -60.044167384300003, -28.838133069800008 ], [ -60.043939849, -28.838248988499998 ], [ -60.0434862006, -28.838802190399999 ], [ -60.042804176500013, -28.8397577185 ] ] ] } },
{ "type": "Feature", "properties": { "Nombre": "Canal La Loquita", "Longuitud": null, "Datos": null, "Estado": null, "Zona": "Norte" }, "geometry": { "type": "MultiLineString", "coordinates": [ [ [ -60.119377640909839, -28.767762397088671 ], [ -60.119306353218263, -28.764768457868989 ], [ -60.123115531537429, -28.752271753564202 ], [ -60.126107268600002, -28.7442520309 ], [ -60.129879713, -28.733642052299999 ], [ -60.131005270700001, -28.730155289 ], [ -60.131877327652752, -28.727672745158351 ], [ -60.135575178493887, -28.724402478547599 ], [ -60.151483698900002, -28.7102655144 ], [ -60.160254335633397, -28.701911977621538 ], [ -60.16654343464068, -28.696139837911431 ], [ -60.175183876737592, -28.694722907433349 ] ] ] } },
{ "type": "Feature", "properties": { "Nombre": "Canal de Los Ingleses", "Longuitud": null, "Datos": null, "Estado": null, "Zona": "Norte" }, "geometry": { "type": "MultiLineString", "coordinates": [ [ [ -59.91010822, -28.323689826300001 ], [ -59.915211088600003, -28.320702113500008 ], [ -59.930282650600013, -28.311906844100001 ], [ -59.931562009500013, -28.311147444100001 ], [ -59.941448349899993, -28.305585624799999 ], [ -59.951517454900006, -28.299631037499999 ], [ -59.959629344100001, -28.294974715599999 ], [ -59.969494078499999, -28.292352969900001 ], [ -59.971334643500001, -28.292221106900001 ], [ -59.972664341200002, -28.292299571800001 ], [ -59.973478952199997, -28.2925335911 ], [ -59.977890110300002, -28.2940093964 ], [ -59.9781308604, -28.294226743300001 ], [ -59.978138619799999, -28.295726137799999 ], [ -59.982851694899992, -28.295763109900001 ] ] ] } },
{ "type": "Feature", "properties": { "Nombre": "Canal Ruta Prov. 290", "Longuitud": 139.995, "Datos": "Itervencion TOTAL", "Estado": null, "Zona": "Norte" }, "geometry": { "type": "MultiLineString", "coordinates": [ [ [ -61.863811534476298, -28.905313177426599 ], [ -61.862077864818311, -28.905559436184301 ], [ -61.860247641496599, -28.905845408184501 ], [ -61.857441044396992, -28.9062634283625 ], [ -61.854713590122401, -28.906676780112701 ], [ -61.851736455052396, -28.9071380072991 ], [ -61.848994580631299, -28.907552144507498 ], [ -61.845860952115103, -28.908032542534102 ], [ -61.842692946384993, -28.908522651097801 ], [ -61.839734892136299, -28.908982022445102 ], [ -61.837136439538, -28.9093822053837 ], [ -61.8339367690795, -28.909882504780299 ], [ -61.831426763157808, -28.910273077444099 ], [ -61.827869454316001, -28.910808778864599 ], [ -61.823917761750998, -28.911404829071799 ], [ -61.820827164606001, -28.911889342747401 ], [ -61.817477157134491, -28.9124060729342 ], [ -61.814157049468498, -28.912913249935599 ], [ -61.8102768638756, -28.9135062149719 ], [ -61.806880314083287, -28.9140355818679 ], [ -61.803842978665699, -28.914490130841699 ], [ -61.799804409017398, -28.915112312234001 ], [ -61.796962099279398, -28.9155500317157 ], [ -61.793694043755103, -28.916052642055 ], [ -61.7892424625649, -28.916729338259302 ], [ -61.787135811061603, -28.917058053499002 ], [ -61.783965230766903, -28.917552278202301 ], [ -61.7801211765277, -28.918131096796198 ], [ -61.777016484657487, -28.918599417107998 ], [ -61.772372804418097, -28.919311114121399 ], [ -61.77018533795291, -28.919647394143901 ], [ -61.76790289291241, -28.919999879631501 ], [ -61.765135500015099, -28.920419090745501 ], [ -61.7619711491961, -28.920904200732 ], [ -61.7584435898845, -28.921435008492899 ], [ -61.757967587511096, -28.921733331539201 ], [ -61.757966451511109, -28.921734424286502 ], [ -61.757777939873399, -28.921928953676591 ], [ -61.757622768107403, -28.922091220689801 ], [ -61.7574784770066, -28.922322726961699 ], [ -61.75757269498299, -28.9229012323988 ], [ -61.757896970300699, -28.924628173646799 ], [ -61.758227918167599, -28.926537545978199 ], [ -61.758530929867113, -28.9284047045916 ], [ -61.758595225053902, -28.928734768849001 ], [ -61.758597228106289, -28.9287989401784 ], [ -61.758561486507197, -28.928852760606301 ], [ -61.758494144726903, -28.928885768505499 ], [ -61.758301217582797, -28.928913643766499 ], [ -61.756223538942898, -28.9292640294126 ], [ -61.752879180613697, -28.9297815942456 ], [ -61.748156557061002, -28.930507333397699 ], [ -61.742870213149601, -28.931324484552199 ], [ -61.7360068600346, -28.932399508981401 ], [ -61.732425350068098, -28.932945964120702 ], [ -61.727224562922309, -28.933738957934001 ], [ -61.724439352256603, -28.934162680457799 ], [ -61.719112014406299, -28.934984006480899 ], [ -61.716185246177702, -28.935447967616501 ], [ -61.715440709700601, -28.936305972408299 ], [ -61.714774655192002, -28.937178317718299 ], [ -61.714755766776008, -28.937305029919699 ], [ -61.715272138603801, -28.9405890050603 ], [ -61.713322164187602, -28.940947642403302 ], [ -61.710199157052699, -28.941558665034101 ], [ -61.707871434565597, -28.942025732843799 ], [ -61.704751828173293, -28.9426496786831 ], [ -61.703926492830398, -28.942815602775799 ], [ -61.703894009542303, -28.942937394863801 ], [ -61.703780039830399, -28.9430877171406 ], [ -61.702523927, -28.943000893200299 ], [ -61.701190668, -28.937836640200398 ], [ -61.700839183, -28.937755310200401 ], [ -61.686422887970501, -28.940076996104501 ], [ -61.669551553036698, -28.942596694437 ], [ -61.6686203721057, -28.937828485478001 ], [ -61.667899914256303, -28.934776219791601 ], [ -61.666533876095002, -28.933343100830601 ], [ -61.6646941733853, -28.9328288149553 ], [ -61.6593933462416, -28.933485034010701 ], [ -61.6247404522192, -28.938902466529999 ], [ -61.5822828323858, -28.9450316846888 ], [ -61.577759263999098, -28.945858415149299 ], [ -61.5756512854569, -28.9461868093859 ], [ -61.572853338742703, -28.9466151878194 ], [ -61.570434704951097, -28.946996204260799 ], [ -61.568396653927202, -28.9473168744967 ], [ -61.566421017958298, -28.947607870124202 ], [ -61.563074154979397, -28.948125825758499 ], [ -61.560403192616597, -28.948553227466409 ], [ -61.558530139656298, -28.9488486213965 ], [ -61.556380248155598, -28.949183695090301 ], [ -61.554439550015204, -28.9494858363662 ], [ -61.552040420004609, -28.949854238408001 ], [ -61.549908206346103, -28.950184055182 ], [ -61.548434371231998, -28.950405902611301 ], [ -61.547562108215303, -28.950543784792199 ], [ -61.544993310271892, -28.9509475354958 ], [ -61.541129054970398, -28.951549531115099 ], [ -61.538467488354101, -28.9519572672694 ], [ -61.536146425020497, -28.952319456802702 ], [ -61.533769484262287, -28.952683556206601 ], [ -61.531164075697014, -28.953088639865399 ], [ -61.528860348913099, -28.953439777412601 ], [ -61.526097991422702, -28.953868140191801 ], [ -61.523417698535113, -28.9542679935089 ], [ -61.520993735971402, -28.9546642150368 ], [ -61.518737179525303, -28.954989823359799 ], [ -61.516464274950202, -28.955350531044701 ], [ -61.513401551668103, -28.9558202841861 ], [ -61.511318544001398, -28.956147407829899 ], [ -61.508791571234703, -28.956551750148201 ], [ -61.508200347176412, -28.956652528372398 ], [ -61.507130032177301, -28.956821683077401 ], [ -61.506944072989292, -28.956811242799599 ], [ -61.506760366841903, -28.9567529634596 ], [ -61.506524232833897, -28.956590537409401 ], [ -61.506321403485003, -28.956423405342299 ], [ -61.506186596082998, -28.956239149548502 ], [ -61.506124953771703, -28.956016846762299 ], [ -61.506025571848603, -28.955508808382799 ], [ -61.505581389956397, -28.953182738221209 ], [ -61.504894444353297, -28.9495987144312 ], [ -61.504249262473003, -28.946283616129701 ], [ -61.503688149579901, -28.9434238307439 ], [ -61.503173690600413, -28.9407088780534 ], [ -61.502759794709803, -28.938623812245901 ], [ -61.502653340032403, -28.9380422820199 ], [ -61.502162133529787, -28.9355520408138 ], [ -61.5006156929309, -28.927632828711491 ], [ -61.500475229918699, -28.927650695059501 ], [ -61.500407794364001, -28.9275875226474 ], [ -61.50034239685781, -28.927537275034801 ], [ -61.500247344058593, -28.927481308551599 ], [ -61.500111889777301, -28.927467816528299 ], [ -61.499901816470903, -28.927496057027501 ], [ -61.498986120333299, -28.9276439270152 ], [ -61.496511592761003, -28.928046124434299 ], [ -61.492534883788601, -28.928687689432699 ], [ -61.489176926005499, -28.929242642997291 ], [ -61.483572643405402, -28.930126913987699 ], [ -61.478114102802003, -28.9309998300829 ], [ -61.474978779327699, -28.931492526846899 ], [ -61.470095291742503, -28.932277108040999 ], [ -61.468980330028387, -28.932449618726299 ], [ -61.467197113962101, -28.932720541342 ], [ -61.463391551803603, -28.9333213861931 ], [ -61.458267310735401, -28.9341164054137 ], [ -61.454373363191991, -28.9347201065926 ], [ -61.449711602398907, -28.935434307052699 ], [ -61.445302127793802, -28.936113180326199 ], [ -61.438294113045004, -28.937193620636901 ], [ -61.4356564662572, -28.937603987655901 ], [ -61.430546974681398, -28.938385357048801 ], [ -61.424880196828497, -28.939256003772801 ], [ -61.424197890037497, -28.939357177367199 ], [ -61.326388462205301, -28.9543687193759 ], [ -61.322473550633198, -28.934596875533 ], [ -61.298011570867203, -28.938154788340501 ], [ -61.242459521758292, -28.9460479927648 ], [ -61.235464918866803, -28.947035735495302 ], [ -61.192595783212397, -28.9532007274805 ], [ -61.188877629239698, -28.9537479236668 ], [ -61.156441109634102, -28.958430295922401 ], [ -61.128226824206997, -28.962572119161301 ], [ -61.119942658349999, -28.963790473156099 ], [ -61.117062133544799, -28.964201992762298 ], [ -61.114347627521902, -28.964626438075701 ], [ -61.112414801964192, -28.965250103954201 ], [ -61.109044729289103, -28.966431293390698 ], [ -61.106658904531997, -28.9672885807644 ], [ -61.106049973610901, -28.9675631175155 ], [ -61.105236070583899, -28.968024183853601 ], [ -61.104439560737902, -28.968462702158 ], [ -61.103885982601703, -28.968791592151401 ], [ -61.103367258162102, -28.969164190987001 ], [ -61.102891408170997, -28.969539537911601 ], [ -61.102293400875709, -28.970012691450101 ], [ -61.10174196322221, -28.970585079114699 ], [ -61.101405358040203, -28.970971950047591 ], [ -61.101136701538891, -28.9713470618786 ], [ -61.100763672010899, -28.9720110516609 ], [ -61.100315930896201, -28.972842317682499 ], [ -61.095516644760899, -28.980919293233899 ], [ -61.092569308716598, -28.9858601106815 ], [ -61.091125693520901, -28.988246006879901 ], [ -61.090870550592797, -28.988587905461301 ], [ -61.090480462644301, -28.989038738471901 ], [ -61.0901404179967, -28.9893476849393 ], [ -61.089579298139498, -28.9897243037259 ], [ -61.088307513804203, -28.9902853818102 ], [ -61.087107325554598, -28.9906580125785 ], [ -61.086349666165503, -28.9909011210421 ], [ -61.064658571071398, -28.994202226597601 ], [ -61.043658861000502, -28.9973563785557 ], [ -61.015729744633603, -29.001798404150001 ], [ -61.009976705869292, -29.0026916870533 ], [ -60.99752016936241, -29.004561773156102 ], [ -60.971894692643801, -29.008390953514699 ], [ -60.951455810088198, -29.011472894190099 ], [ -60.9406505133839, -29.0130736192956 ], [ -60.927568162872902, -29.0150152015609 ], [ -60.914181250200599, -29.0170021511972 ], [ -60.910863490995503, -29.017479922499898 ], [ -60.910228209439303, -29.017681628292099 ], [ -60.909789046435087, -29.0178904982122 ], [ -60.9093011931839, -29.018134003154099 ], [ -60.908843321732903, -29.0184119731591 ], [ -60.908484128826601, -29.018723114972602 ], [ -60.908213969238098, -29.019041893610598 ], [ -60.906930343374903, -29.0209542750687 ], [ -60.903296408194997, -29.0263826978255 ], [ -60.899080770224799, -29.032833775064301 ], [ -60.894679539286997, -29.0394106745653 ], [ -60.894051516096987, -29.040393768336301 ], [ -60.893529311239, -29.041167760727799 ], [ -60.893133513934401, -29.041830269966599 ], [ -60.893008701543501, -29.042139581381999 ], [ -60.893001862140501, -29.042456729423201 ], [ -60.89303582714539, -29.0429277403505 ], [ -60.893559290825202, -29.0454403307576 ], [ -60.894001193023101, -29.047714845670001 ], [ -60.8949206090101, -29.0523965609196 ], [ -60.895105045926897, -29.0532684219767 ], [ -60.895289067024997, -29.0541986278241 ], [ -60.896557311309998, -29.0608138020017 ], [ -60.897069924171802, -29.063259619293 ], [ -60.897073327242403, -29.0636363267779 ], [ -60.8969497943012, -29.064065832054801 ], [ -60.896808102364098, -29.064493423236499 ], [ -60.896330644569908, -29.065799479649002 ], [ -60.896089567090499, -29.066220888017401 ], [ -60.8958473675481, -29.066513822056699 ], [ -60.893667490188101, -29.069100475818299 ], [ -60.891108312161698, -29.072038079825901 ], [ -60.889928055521388, -29.073456747017399 ], [ -60.888423930395298, -29.0751382876424 ], [ -60.885046921897498, -29.079085406665499 ], [ -60.883204984123701, -29.081212900235801 ], [ -60.880698364742003, -29.084107914234899 ], [ -60.879106908214602, -29.0859696869814 ], [ -60.876383606324303, -29.089116208914302 ], [ -60.873131156379188, -29.092889410312509 ], [ -60.871795066045003, -29.094506660387001 ], [ -60.86977724847231, -29.0971878639488 ], [ -60.869544110021103, -29.097446553671599 ], [ -60.8691666937939, -29.097825602386699 ], [ -60.867517467871707, -29.099273557320402 ], [ -60.863300841212087, -29.1028845479008 ], [ -60.860691241884894, -29.105150894141001 ], [ -60.859761878899697, -29.1059176234441 ], [ -60.858882874631291, -29.106691381995901 ], [ -60.857010334761313, -29.108291469778599 ], [ -60.855584186143403, -29.109516269743999 ], [ -60.853415294548398, -29.111359940773202 ], [ -60.850956029710609, -29.113479862515199 ], [ -60.849894111097491, -29.114359177715698 ], [ -60.848637810466698, -29.115457455052699 ], [ -60.847801460990603, -29.116161879855401 ], [ -60.845864134370409, -29.1178060957829 ], [ -60.8442438675199, -29.119177469024901 ], [ -60.842511594802502, -29.120657767211799 ], [ -60.840882993669808, -29.1220425049715 ], [ -60.840090833543101, -29.1227195114034 ], [ -60.839795925270401, -29.122964001639801 ], [ -60.8396135631086, -29.123168394171898 ], [ -60.839502472811397, -29.123403469479001 ], [ -60.839450342021699, -29.123638133121101 ], [ -60.839357105928798, -29.124291742076991 ], [ -60.839312664626597, -29.124869506932999 ], [ -60.839297871746098, -29.1250179898997 ], [ -60.839105655571203, -29.125282724479 ], [ -60.838037620269503, -29.126148877151799 ], [ -60.8334813127288, -29.1299393518191 ], [ -60.829280676907388, -29.133439010367798 ], [ -60.824412724168901, -29.137542981757001 ], [ -60.820041082705004, -29.141127942974901 ], [ -60.815730364005603, -29.144735477640999 ], [ -60.81445379993, -29.145758388209099 ], [ -60.810592044747608, -29.149005137840891 ], [ -60.808850031128998, -29.1504569399819 ], [ -60.805894215621102, -29.152879042016501 ], [ -60.8045602701497, -29.153965215930899 ], [ -60.801076694284397, -29.156883912634701 ], [ -60.799776563983613, -29.158046234824791 ], [ -60.797845713903399, -29.1599247428579 ], [ -60.796927259885898, -29.160778989523099 ], [ -60.794813388310303, -29.1627651135965 ], [ -60.792189082033097, -29.165224444529301 ], [ -60.790869897757702, -29.1664333957299 ], [ -60.787360567572399, -29.169730800943402 ], [ -60.785839419180803, -29.171122717922501 ], [ -60.785450695286798, -29.171521856537591 ], [ -60.785142554957503, -29.171860524764298 ], [ -60.784734508588599, -29.1726218082724 ], [ -60.782801069088698, -29.176130849078501 ], [ -60.782277719694193, -29.177004880736799 ], [ -60.779928492432191, -29.1811545719906 ], [ -60.77797535605599, -29.1850144246987 ], [ -60.775166806690301, -29.190835068317998 ], [ -60.774610895074801, -29.1919236195377 ], [ -60.7723548181607, -29.1964788591226 ], [ -60.772099956231699, -29.197007550825798 ], [ -60.769505708272803, -29.202292057944099 ], [ -60.768346517161, -29.204595867828701 ], [ -60.768110847871107, -29.2050776183432 ], [ -60.767918771966499, -29.205350070332798 ], [ -60.767680342477, -29.205492829218102 ], [ -60.767428629291302, -29.2056074639708 ], [ -60.7658955940121, -29.2058315805441 ], [ -60.761550245084813, -29.206496274789 ], [ -60.7506718195906, -29.208132356226301 ], [ -60.741326278103799, -29.209552117538699 ], [ -60.732220055762987, -29.210908404325099 ], [ -60.721794930208802, -29.212502981991999 ], [ -60.716627044256299, -29.213289538670999 ], [ -60.707181695504602, -29.214690872276101 ], [ -60.694212546629913, -29.2166559132889 ], [ -60.690947702166497, -29.2171586570682 ], [ -60.687279946197208, -29.217717168455302 ], [ -60.679940557531999, -29.218795824330002 ], [ -60.671000475959502, -29.220152702886299 ], [ -60.669795556539199, -29.220335573826901 ], [ -60.669219231816413, -29.2204215444741 ], [ -60.668893279603203, -29.2206566868498 ], [ -60.668494564817209, -29.221177416056001 ], [ -60.661675135102492, -29.2296899210898 ] ] ] } },
{ "type": "Feature", "properties": { "Nombre": "Canal Ruta Prov. 98", "Longuitud": 79.849, "Datos": "Itervencion TOTAL", "Estado": null, "Zona": "Norte" }, "geometry": { "type": "MultiLineString", "coordinates": [ [ [ -61.378482, -29.210908 ], [ -61.374743, -29.211887 ], [ -61.356965, -29.212688 ], [ -61.337813, -29.215666 ], [ -61.302442, -29.220966 ], [ -61.279865, -29.224382 ], [ -61.238609, -29.230444 ], [ -61.227031, -29.232068 ], [ -61.225022, -29.232339 ], [ -61.224507, -29.232179 ], [ -61.199339, -29.236023 ], [ -61.172017, -29.240175 ], [ -61.145173, -29.244121 ], [ -61.114689, -29.248698 ], [ -61.084107, -29.253348 ], [ -61.064276, -29.256341 ], [ -61.047676, -29.258916 ], [ -61.022569, -29.263373 ], [ -61.021957, -29.263487 ], [ -60.989843, -29.271255 ], [ -60.971379, -29.275614 ], [ -60.941074, -29.288208 ], [ -60.924908, -29.295054 ], [ -60.908638, -29.298484 ], [ -60.879987, -29.310096 ], [ -60.867342, -29.315163 ], [ -60.857809, -29.318911 ], [ -60.843989, -29.324222 ], [ -60.819167, -29.334425 ], [ -60.800971, -29.341832 ], [ -60.792295, -29.343484 ], [ -60.771635, -29.348204 ], [ -60.744669, -29.35426 ], [ -60.721939, -29.359309 ], [ -60.692838, -29.365607 ], [ -60.662245, -29.372305 ], [ -60.632778, -29.378307 ], [ -60.603602, -29.383963 ], [ -60.595706, -29.385646 ], [ -60.594736, -29.38964 ], [ -60.595067, -29.393934 ] ] ] } },
{ "type": "Feature", "properties": { "Nombre": "Colector Nº13 - Canal San Pedro", "Longuitud": null, "Datos": null, "Estado": null, "Zona": "Norte" }, "geometry": { "type": "MultiLineString", "coordinates": [ [ [ -60.267785908484299, -30.08738259435583 ], [ -60.300429046223151, -30.082671477734639 ], [ -60.302766473038353, -30.09270635106073 ], [ -60.309666085790518, -30.092127428530699 ] ] ] } },
{ "type": "Feature", "properties": { "Nombre": "Canal Principal Malaquias", "Longuitud": null, "Datos": null, "Estado": null, "Zona": "Centro" }, "geometry": { "type": "MultiLineString", "coordinates": [ [ [ -60.817792086780351, -31.664477991318229 ], [ -60.818130729188681, -31.665965172172189 ], [ -60.818229675160268, -31.666387228992608 ], [ -60.818331169211007, -31.666810975761312 ], [ -60.818454368216827, -31.66738403869806 ], [ -60.818552478311851, -31.667829525097041 ], [ -60.818612978505087, -31.668184176792298 ], [ -60.818671152823001, -31.668403467049799 ], [ -60.818697956514832, -31.66860794131604 ], [ -60.818710829631769, -31.66869818909279 ], [ -60.818723260823958, -31.668804744536949 ], [ -60.818716919187942, -31.66899646076148 ], [ -60.818689535931533, -31.66920589489364 ], [ -60.818675324988128, -31.669426939699811 ], [ -60.81868431900341, -31.669636313467059 ], [ -60.818719620052157, -31.66986351873258 ], [ -60.818827800273262, -31.670324077824649 ], [ -60.818988696155557, -31.67100114929433 ], [ -60.819252651276173, -31.672066117543729 ], [ -60.819429029373822, -31.672770719409279 ], [ -60.819563545635553, -31.673186665851858 ], [ -60.81966291941287, -31.673380701244831 ], [ -60.819869471381793, -31.673606231271641 ], [ -60.820036670783601, -31.67371537152928 ], [ -60.820325531695261, -31.67382515921976 ], [ -60.820546297386208, -31.67387080123569 ], [ -60.820802104660643, -31.673905405287361 ], [ -60.82104402071608, -31.673879185437009 ], [ -60.821809263025841, -31.6737233069131 ], [ -60.822516271692443, -31.673598986217691 ], [ -60.824267148632252, -31.673302374339219 ], [ -60.826479897506523, -31.672902844943511 ], [ -60.826914212659837, -31.67284125303371 ], [ -60.827245961942189, -31.672802246469139 ], [ -60.827840364190081, -31.672835571090811 ], [ -60.828326585157463, -31.67292378352402 ], [ -60.828595325149003, -31.672995263609611 ], [ -60.829086757653322, -31.673240954294979 ], [ -60.829315421874021, -31.673355280815159 ], [ -60.829558322550717, -31.673547454996889 ], [ -60.830201131613613, -31.67419358520101 ], [ -60.830845548754994, -31.674876283579511 ], [ -60.831211837441252, -31.67524585966871 ], [ -60.831866759597332, -31.675898787525082 ], [ -60.832750508840178, -31.676850628394359 ], [ -60.833147683115172, -31.67724900173096 ], [ -60.833395107509759, -31.677496129201479 ], [ -60.83370346582781, -31.6778216661912 ], [ -60.834383196667019, -31.678528283683999 ], [ -60.835054816836049, -31.679210050771388 ], [ -60.835322428649818, -31.679490788468019 ], [ -60.835568857554883, -31.679766950259491 ], [ -60.835874986043962, -31.680044299054352 ], [ -60.835995132844133, -31.680162445952451 ], [ -60.836094190869289, -31.68029365825047 ], [ -60.836396513103971, -31.680619733575249 ], [ -60.836660147798007, -31.680861343103381 ], [ -60.836936259503013, -31.681160637665219 ], [ -60.837251119471581, -31.68147533898177 ], [ -60.837624481305461, -31.681846607371039 ], [ -60.838167521884657, -31.682410462749761 ], [ -60.838586061933484, -31.682836604124191 ], [ -60.83899972760311, -31.683264436642961 ], [ -60.83930935278903, -31.683594352490289 ], [ -60.839542607082571, -31.683864146708508 ], [ -60.839754604568121, -31.684059452375429 ], [ -60.840063047450023, -31.684360925136339 ], [ -60.840319448494753, -31.68462134535006 ], [ -60.840857175908511, -31.685178216785658 ], [ -60.841155211329337, -31.68551372411887 ], [ -60.841511172469453, -31.68589710736634 ], [ -60.841907595900793, -31.686284342345811 ], [ -60.842160546243889, -31.686557170787282 ], [ -60.842551926736981, -31.68696564633623 ], [ -60.843086674983702, -31.687519102036241 ], [ -60.843939077369278, -31.68840450453461 ], [ -60.844222389840077, -31.68867027767774 ], [ -60.844731117225301, -31.68919253891735 ], [ -60.844826416636337, -31.689287447219709 ], [ -60.844896727818728, -31.689392643284329 ], [ -60.845178543215738, -31.689678340308209 ], [ -60.845545937959869, -31.690073188081019 ], [ -60.845891283958963, -31.690435077414161 ], [ -60.846260894254613, -31.69081071954222 ], [ -60.846780121869827, -31.691279912926959 ], [ -60.847449185087612, -31.691888984834819 ], [ -60.8477502921656, -31.692171400832361 ], [ -60.848223761013493, -31.692605279761668 ], [ -60.848720050713077, -31.69305442034501 ], [ -60.849029044302007, -31.693333269041339 ], [ -60.849361558600911, -31.693651533191311 ], [ -60.849710265214433, -31.6939596154917 ], [ -60.8499333838149, -31.69416500643046 ], [ -60.850422080382643, -31.69464185520016 ], [ -60.85090183335047, -31.6951202702068 ], [ -60.851159375578341, -31.69547588151557 ], [ -60.851353884196442, -31.695755322914358 ], [ -60.851553295398837, -31.69610354010733 ], [ -60.851688662749183, -31.696395975551731 ], [ -60.852008348568347, -31.69738765499784 ], [ -60.852159105274758, -31.697923744737611 ], [ -60.852362126296683, -31.698627496388379 ], [ -60.852765048585333, -31.699998140445459 ], [ -60.85306045914124, -31.700979582671248 ], [ -60.853413229674878, -31.70214520032189 ], [ -60.853507139701073, -31.702559526347311 ], [ -60.853848078312573, -31.703654362702778 ], [ -60.854268106375748, -31.705148005074602 ], [ -60.854568740319763, -31.706034852162951 ], [ -60.854669465964648, -31.706438726582508 ], [ -60.855040155325767, -31.707739283744498 ], [ -60.855441278211437, -31.70908755716961 ], [ -60.855766449460788, -31.71022041766004 ], [ -60.855930060669202, -31.710811776183011 ], [ -60.856152838520359, -31.711676575186551 ], [ -60.856443810539183, -31.712705219288669 ], [ -60.85686696186044, -31.714123850398298 ], [ -60.857154092326482, -31.715052843276329 ], [ -60.857300393910371, -31.715537724427421 ], [ -60.857424463212382, -31.715970206411761 ], [ -60.857571326098423, -31.716420744070479 ], [ -60.857907943547907, -31.71760451565833 ], [ -60.858039459117528, -31.718068729202709 ], [ -60.858208068998202, -31.718699436237589 ], [ -60.858498871959192, -31.719668423466569 ], [ -60.858706922036539, -31.72034991229167 ], [ -60.859471338417187, -31.722978544271829 ], [ -60.859689165093698, -31.723737284640571 ], [ -60.860072528118089, -31.725009767314909 ], [ -60.8603657333284, -31.726064091023201 ], [ -60.860579600506732, -31.72677358175126 ], [ -60.860611048975002, -31.7270293216935 ], [ -60.86081039304689, -31.727662521645112 ], [ -60.860897881513267, -31.728130338415429 ], [ -60.861203496888969, -31.729078492315931 ], [ -60.861472792072597, -31.730034340524551 ], [ -60.861894794917013, -31.731241209083219 ], [ -60.862022834955013, -31.731606852706111 ], [ -60.862445778630509, -31.73297604880328 ], [ -60.862731645491444, -31.734009042148251 ], [ -60.862952854878898, -31.734834450253 ], [ -60.863157479458131, -31.735534326847549 ], [ -60.863393885270142, -31.736339904785488 ], [ -60.863715456424671, -31.737482603423562 ], [ -60.863917782144497, -31.73812271961522 ], [ -60.864280261264867, -31.739369386724 ], [ -60.864633484234197, -31.740666598788678 ], [ -60.864836581170259, -31.741332662121291 ], [ -60.865231985978852, -31.742665017736091 ], [ -60.865675201189838, -31.7441924175262 ], [ -60.866034479301661, -31.745326988291431 ], [ -60.866170460815567, -31.74588273131684 ], [ -60.866362497809433, -31.746495308732939 ], [ -60.866682585026119, -31.747556605937689 ], [ -60.866865043843553, -31.74822230141724 ], [ -60.867230518357253, -31.749465804945491 ], [ -60.867486633644582, -31.750411985194258 ], [ -60.867821599284987, -31.75129891122527 ], [ -60.86806734472583, -31.75193675275133 ], [ -60.868488137614868, -31.753060438978821 ], [ -60.868821936903259, -31.753974421679288 ], [ -60.869123356043893, -31.754721441876821 ], [ -60.869633642950532, -31.75613142134868 ], [ -60.869770604977163, -31.756427046129041 ], [ -60.870059459654009, -31.757140676328831 ], [ -60.870453350586217, -31.75829538950963 ], [ -60.870541565244018, -31.758516445219961 ], [ -60.870600712901712, -31.75862016116891 ], [ -60.87061658740123, -31.758729931288752 ], [ -60.870639298532133, -31.758866189294579 ], [ -60.870869427433632, -31.759414052910319 ], [ -60.871036275221812, -31.75999481699106 ], [ -60.871143949082587, -31.760213853814559 ], [ -60.871317158941629, -31.760551822495412 ], [ -60.871454226494237, -31.760888234538822 ], [ -60.871518381173033, -31.761015903013341 ], [ -60.871706499977819, -31.76149674076839 ], [ -60.871920053452392, -31.762088167230829 ], [ -60.872111441097822, -31.762616479515462 ], [ -60.872295422755002, -31.763079700351241 ], [ -60.872411646837101, -31.76338955207385 ], [ -60.872505267193809, -31.763547304781149 ], [ -60.872557703356037, -31.76365995052905 ], [ -60.872683871004782, -31.763982185015191 ], [ -60.872781018582849, -31.764217727133239 ], [ -60.87297184542328, -31.764631726828789 ], [ -60.873118927830987, -31.765002166586989 ], [ -60.873251573649583, -31.76529794923891 ], [ -60.873352504307533, -31.765483546240251 ], [ -60.873423402594753, -31.765641336309699 ], [ -60.873459048645429, -31.76578353360372 ], [ -60.873488124590878, -31.766061081305359 ], [ -60.873533532527063, -31.766281848490308 ], [ -60.873543576862261, -31.766508637006329 ], [ -60.873533639633223, -31.766679680652171 ], [ -60.873473297325823, -31.76688466352725 ], [ -60.873272318250557, -31.76733962304148 ], [ -60.873115201016873, -31.767747015859591 ], [ -60.872926251044987, -31.768140091002 ], [ -60.872705924715319, -31.768629556404431 ], [ -60.872685189289392, -31.76879613294258 ], [ -60.872576072629784, -31.76901012862114 ], [ -60.87238326987142, -31.769298568663949 ], [ -60.872100995638426, -31.76969982762359 ], [ -60.871938870732983, -31.769860581807119 ], [ -60.87182737900882, -31.769925949219459 ], [ -60.871656331824418, -31.770153714713 ], [ -60.871469071751491, -31.770560368152339 ], [ -60.87117234942032, -31.771037319656131 ], [ -60.870967169649482, -31.771381324023888 ], [ -60.870871576270027, -31.77158216164716 ], [ -60.870796344401249, -31.77176003913511 ], [ -60.870735814800177, -31.7719372717977 ], [ -60.870703318609181, -31.772052738969322 ], [ -60.870677473379899, -31.772139990880351 ], [ -60.870672658933707, -31.77227343269907 ], [ -60.870700863376328, -31.772405306919431 ], [ -60.870948240940002, -31.773446025973811 ], [ -60.871082607533047, -31.77404167801738 ], [ -60.871156750387392, -31.774508277692899 ], [ -60.87126548141125, -31.775120239583721 ], [ -60.87128714282715, -31.775380384055289 ], [ -60.87124509573119, -31.775627182142792 ], [ -60.871202495656462, -31.775873172487572 ], [ -60.871201424941553, -31.776120114633159 ], [ -60.87115726132506, -31.776415661636658 ], [ -60.871135058700482, -31.776610501351389 ], [ -60.871134139937027, -31.776895633145749 ], [ -60.871111742574023, -31.777294075761951 ], [ -60.871067711050337, -31.77758346801517 ], [ -60.871019170015579, -31.77909454868691 ], [ -60.870945028153493, -31.780206210125581 ], [ -60.870952195068227, -31.780434806740541 ], [ -60.87101384386326, -31.78060444292128 ], [ -60.871064552069129, -31.78072811365621 ], [ -60.871133525765401, -31.780848755912292 ], [ -60.871424520743098, -31.78112191910737 ], [ -60.87187021944856, -31.781465732665389 ], [ -60.872716791738327, -31.781991213127629 ], [ -60.873166120943843, -31.7822839417524 ], [ -60.873866010994099, -31.78281432155833 ], [ -60.874355973165208, -31.783183966738761 ], [ -60.874752097599803, -31.783441950207798 ], [ -60.875075402804391, -31.78364671718824 ], [ -60.875374013488312, -31.78384263624725 ], [ -60.875620622729791, -31.784036332897511 ], [ -60.875836502960233, -31.784178882217489 ], [ -60.87622089874025, -31.784510928905579 ], [ -60.876509956193772, -31.784750622490488 ], [ -60.876601532908722, -31.784866399710712 ], [ -60.876683985603073, -31.78499141407741 ], [ -60.876711319503229, -31.78509737199791 ], [ -60.876732166875968, -31.7852021424656 ], [ -60.876771622036863, -31.78542544236727 ], [ -60.876759819339938, -31.785653025726891 ], [ -60.876732407570337, -31.785760353961258 ], [ -60.876668889430462, -31.78594726347578 ] ] ] } },
{ "type": "Feature", "properties": { "Nombre": "Canal Las Bandurrias (aa RN34)", "Longuitud": null, "Datos": null, "Estado": null, "Zona": "Centro" }, "geometry": { "type": "MultiLineString", "coordinates": [ [ [ -61.517884203400001, -32.159629248500003 ], [ -61.517635271299987, -32.159538662499997 ], [ -61.517279480299997, -32.159479556400001 ], [ -61.517069712800009, -32.159546069800001 ], [ -61.516846026100012, -32.159659131600002 ], [ -61.516388350500002, -32.159771818 ], [ -61.515451896800002, -32.160047941499997 ], [ -61.514552685399998, -32.160292076099999 ], [ -61.514251615, -32.160291563100003 ], [ -61.512763724700001, -32.1603814371 ], [ -61.511130382899999, -32.160447228899997 ], [ -61.508907884700001, -32.160579489 ], [ -61.506521339, -32.160718039 ], [ -61.505592514100002, -32.1607232036 ], [ -61.504364724299997, -32.160795878400002 ], [ -61.5007368825, -32.1609508413 ], [ -61.499649574400003, -32.161023021200002 ], [ -61.499244082399997, -32.1611220132 ], [ -61.4972927353, -32.161465876 ], [ -61.496552915499997, -32.161649779699999 ], [ -61.495002966100003, -32.1619214555 ], [ -61.492259286299998, -32.162410122 ], [ -61.487241342099999, -32.163290412599999 ], [ -61.486953592200003, -32.163461331800001 ], [ -61.486656156200013, -32.163460775499999 ], [ -61.484468060600008, -32.163790294199998 ], [ -61.479164717, -32.164785643599998 ], [ -61.4758861567, -32.165381077100001 ], [ -61.475370624499988, -32.165464165 ], [ -61.4752444672, -32.165281440299999 ], [ -61.475015451999987, -32.165260384299998 ], [ -61.474851754200003, -32.165187027100004 ], [ -61.473408874900002, -32.164389941099998 ], [ -61.473107603099997, -32.164285433499998 ], [ -61.4726106253, -32.164361694500002 ], [ -61.472114214900003, -32.164360610099997 ], [ -61.471512313500007, -32.164423752700003 ], [ -61.471109607700001, -32.164373766799997 ], [ -61.470838365799999, -32.164313795299996 ], [ -61.469045063599999, -32.164380132700003 ], [ -61.468707385599998, -32.164472635499997 ], [ -61.468357573399999, -32.164520815 ], [ -61.467791006, -32.164499173400003 ], [ -61.467358491699997, -32.1645872888 ], [ -61.46681839530001, -32.164560989800002 ], [ -61.466287672500002, -32.164529869500001 ], [ -61.465958594699998, -32.164494803399997 ], [ -61.464801804700002, -32.164531329100001 ], [ -61.463824008900012, -32.1645643544 ], [ -61.463090976700002, -32.164568346 ], [ -61.462613079500002, -32.1646361488 ], [ -61.46121529269999, -32.164667573 ], [ -61.460572979, -32.1646760028 ], [ -61.459973678799997, -32.164708893899999 ], [ -61.459494321699992, -32.164742398900003 ], [ -61.459236416300001, -32.1647716274 ], [ -61.455645367199999, -32.164866856700002 ], [ -61.453184825400001, -32.164967811899999 ], [ -61.4528565337, -32.165022986899999 ], [ -61.4526471836, -32.1650905618 ], [ -61.452434918599998, -32.165075503399997 ], [ -61.452176935899999, -32.165081900399997 ], [ -61.450545703700001, -32.165135795399998 ], [ -61.448484449299997, -32.1652071703 ], [ -61.445771602699992, -32.165313643899999 ], [ -61.444528498899999, -32.165328822600003 ], [ -61.444339339, -32.165335642199999 ], [ -61.443896701100002, -32.165327300100003 ], [ -61.443531147800002, -32.165384602099998 ], [ -61.44320886229999, -32.165401959699999 ], [ -61.442932747699999, -32.1653878531 ], [ -61.44189607, -32.165417701700001 ], [ -61.441608094400003, -32.165431502899999 ], [ -61.441384607500012, -32.165347034699998 ], [ -61.441203842500002, -32.165310089599998 ], [ -61.440932517799993, -32.165276565500001 ], [ -61.440588013800003, -32.165188052799998 ], [ -61.440347411399998, -32.165111593500001 ], [ -61.437520221299998, -32.164514452900001 ], [ -61.435355782599999, -32.164049924399997 ], [ -61.4333595003, -32.163623657099997 ], [ -61.431946025400009, -32.163324464299997 ], [ -61.431142680300013, -32.163167685300003 ], [ -61.430423770600001, -32.163118905600001 ], [ -61.429693981600003, -32.163101499100001 ], [ -61.428791299600007, -32.163296755399998 ], [ -61.428280421399997, -32.163387339800003 ], [ -61.427486800200001, -32.163509787800002 ], [ -61.427062689600007, -32.163487852199999 ], [ -61.426622172299993, -32.163403899800002 ], [ -61.426207475299996, -32.163335411399999 ], [ -61.4244989468, -32.163439924499997 ], [ -61.423824204499986, -32.163573520699998 ], [ -61.421373002300001, -32.164142042 ], [ -61.420891244699988, -32.164242544899999 ], [ -61.419638245, -32.164500241600003 ], [ -61.418777445099998, -32.164710873399997 ], [ -61.418248383300003, -32.164904976899997 ], [ -61.417976158899997, -32.165020766700003 ], [ -61.417855680400002, -32.165037395100001 ], [ -61.417723710799997, -32.165010092499998 ], [ -61.417522082700003, -32.164900013900002 ], [ -61.417016719400003, -32.164590759799999 ], [ -61.416360708299997, -32.164212733600003 ], [ -61.415750169500001, -32.163897519300001 ], [ -61.4153343013, -32.163758324299998 ], [ -61.414260010900001, -32.1634737738 ], [ -61.412931354500003, -32.163055496 ], [ -61.411855259399999, -32.162743551600002 ], [ -61.411246183300001, -32.1625068588 ], [ -61.410932539500003, -32.162359468699997 ], [ -61.410659483, -32.162154354 ], [ -61.409496344099992, -32.161612799 ], [ -61.409129868500003, -32.161397025299998 ], [ -61.408478426300007, -32.161034346 ], [ -61.408247469400003, -32.160983849899999 ], [ -61.408038945199991, -32.1608717875 ], [ -61.407644669100002, -32.160640090299999 ], [ -61.407210399100002, -32.160395991199998 ], [ -61.4064848, -32.159969395 ], [ -61.406190403399989, -32.15984963 ], [ -61.405953665799998, -32.159709176699998 ], [ -61.405874851500002, -32.159589341199997 ], [ -61.4057132732, -32.159483871299997 ], [ -61.405637840700003, -32.159381550100001 ], [ -61.405648647900001, -32.159235868 ], [ -61.405611505700008, -32.159023176399998 ], [ -61.405587314, -32.158860897499999 ], [ -61.405530550100003, -32.158609945 ], [ -61.405442313, -32.158363498900002 ], [ -61.405325061, -32.158204782399999 ], [ -61.405155606, -32.158116469600003 ], [ -61.404806775300003, -32.157928335800001 ], [ -61.404409911599998, -32.157726414400003 ], [ -61.4037948888, -32.157434458799997 ], [ -61.403308321, -32.157181752900001 ], [ -61.402926166100002, -32.157057935899999 ], [ -61.4026189004, -32.156951734899998 ], [ -61.40230353039999, -32.156865591100001 ], [ -61.402154991499991, -32.156759816099999 ], [ -61.401744865300003, -32.156606777900002 ], [ -61.401459126799999, -32.156486214899999 ], [ -61.401031074, -32.156338645200002 ], [ -61.400737735, -32.156209068599999 ], [ -61.400342766400001, -32.1560027576 ], [ -61.399660365499997, -32.155694097900003 ], [ -61.399014626, -32.155382084599999 ], [ -61.398591751300003, -32.155133937400002 ], [ -61.398090394599997, -32.154783110700002 ], [ -61.397857892099992, -32.1545891309 ], [ -61.397684681900003, -32.154418215900002 ], [ -61.397427142700003, -32.154197663300003 ], [ -61.397306099399991, -32.154106462199998 ], [ -61.397045519300008, -32.153939912299997 ], [ -61.396115047699993, -32.153515176900001 ], [ -61.394910578699999, -32.152945212299997 ], [ -61.394354087899998, -32.1527073938 ], [ -61.3932483886, -32.152494949 ], [ -61.392739329400001, -32.1523589022 ], [ -61.392165699899991, -32.152210949800001 ], [ -61.391241302700003, -32.151950001 ], [ -61.389453423200003, -32.1515186751 ], [ -61.389355110899999, -32.151522362800002 ], [ -61.389233566300007, -32.151438763800002 ], [ -61.388752136900003, -32.151278916400003 ], [ -61.386112256499999, -32.150409592800003 ], [ -61.38402808570001, -32.149722286799999 ], [ -61.383448471599998, -32.149558042599999 ], [ -61.380626488399997, -32.148864120900001 ], [ -61.378798742300013, -32.148417424500003 ], [ -61.3774491673, -32.148104372200002 ], [ -61.376488572600003, -32.147827465100001 ], [ -61.376178253399999, -32.147790237499997 ], [ -61.375692378899998, -32.147769361100003 ], [ -61.373515768799997, -32.147520148 ], [ -61.3723133453, -32.147377189499998 ], [ -61.371055209799998, -32.147235948 ], [ -61.367893968300002, -32.146888086499999 ], [ -61.366751457100001, -32.146756248 ], [ -61.364400419, -32.146495444800003 ], [ -61.362388028799998, -32.146247649700001 ], [ -61.360318049200004, -32.146014937099999 ], [ -61.358443475900003, -32.145796698600002 ], [ -61.357675867300003, -32.145725894400002 ], [ -61.357340195, -32.145647247 ], [ -61.356844148500002, -32.1455434565 ], [ -61.356421508300002, -32.145508616100003 ], [ -61.355844636299999, -32.145546674800002 ], [ -61.355228488599998, -32.145606644300003 ], [ -61.350444678300001, -32.146036904399999 ], [ -61.347436386699997, -32.145841919200002 ], [ -61.345523686500002, -32.145263187300003 ], [ -61.34282321029999, -32.143919886500001 ] ] ] } },
{ "type": "Feature", "properties": { "Nombre": "Canal Secundario Las Avispas", "Longuitud": 39.459, "Datos": "Itervencion TOTAL", "Estado": null, "Zona": "Centro" }, "geometry": { "type": "MultiLineString", "coordinates": [ [ [ -61.207894, -29.887735 ], [ -61.212406, -29.884707 ], [ -61.217596, -29.882295 ], [ -61.221471, -29.879584 ], [ -61.227031, -29.874891 ], [ -61.228783, -29.87231 ], [ -61.230366, -29.870508 ], [ -61.232306, -29.86878 ], [ -61.238709, -29.867399 ], [ -61.242814, -29.867671 ], [ -61.258854, -29.866898 ], [ -61.265358, -29.866525 ], [ -61.267676, -29.866502 ], [ -61.268825, -29.865714 ], [ -61.270626, -29.866235 ], [ -61.276888, -29.870415 ], [ -61.278814, -29.871794 ], [ -61.283858, -29.875116 ], [ -61.287992, -29.87772 ], [ -61.292158, -29.88012 ], [ -61.294946, -29.881778 ], [ -61.301063, -29.884221 ], [ -61.302931, -29.885138 ], [ -61.308269, -29.885545 ], [ -61.312975, -29.88581 ], [ -61.316533, -29.88654 ], [ -61.325413, -29.883654 ], [ -61.333068, -29.875883 ], [ -61.335104, -29.874774 ], [ -61.338743, -29.873494 ], [ -61.341139, -29.872615 ], [ -61.343986, -29.872198 ], [ -61.353898, -29.871143 ], [ -61.359226, -29.871653 ], [ -61.366864, -29.869398 ], [ -61.379676, -29.8674 ], [ -61.390637, -29.866974 ], [ -61.404438, -29.86638 ], [ -61.407522, -29.866841 ], [ -61.408775, -29.866757 ], [ -61.413305, -29.86932 ], [ -61.414043, -29.870222 ], [ -61.416011, -29.870667 ], [ -61.417365, -29.871818 ], [ -61.419059, -29.8718 ], [ -61.424547, -29.875238 ], [ -61.427973, -29.877921 ], [ -61.430316, -29.879605 ], [ -61.435546, -29.883667 ], [ -61.438338, -29.885579 ], [ -61.443907, -29.888394 ], [ -61.446201, -29.889729 ], [ -61.455883, -29.887924 ], [ -61.462501, -29.886689 ], [ -61.469235, -29.885433 ], [ -61.475841, -29.891965 ], [ -61.47754, -29.892256 ], [ -61.484841, -29.897459 ], [ -61.491601, -29.899209 ], [ -61.497835, -29.898594 ], [ -61.50116, -29.89903 ], [ -61.504891, -29.899291 ], [ -61.509203, -29.90134 ], [ -61.511182, -29.902483 ], [ -61.513506, -29.90277 ], [ -61.519098, -29.901769 ], [ -61.520705, -29.901349 ], [ -61.524563, -29.902509 ], [ -61.527254, -29.902679 ], [ -61.53114, -29.905645 ], [ -61.534627, -29.907612 ], [ -61.539104, -29.909032 ], [ -61.543115, -29.911321 ], [ -61.547774, -29.912665 ], [ -61.550655, -29.914419 ], [ -61.555006, -29.915961 ], [ -61.558425, -29.917863 ], [ -61.560536, -29.918952 ], [ -61.56674, -29.922693 ], [ -61.569536, -29.924601 ] ] ] } },
{ "type": "Feature", "properties": { "Nombre": "Canal Secundario Nº 3", "Longuitud": 51.203, "Datos": "Itervencion TOTAL", "Estado": null, "Zona": "Centro" }, "geometry": { "type": "MultiLineString", "coordinates": [ [ [ -61.7676730972737, -30.681004247180091 ], [ -61.764164149899692, -30.679996490065001 ], [ -61.761902325143708, -30.6794385871043 ], [ -61.759506431841203, -30.6787011077786 ], [ -61.758837671421098, -30.678345927561502 ], [ -61.753391406766802, -30.6771123100519 ], [ -61.7478549427071, -30.675903030825701 ], [ -61.747645112862998, -30.6759368763719 ], [ -61.743593457006099, -30.674654128741501 ], [ -61.740369677093803, -30.673692207907401 ], [ -61.736512846255401, -30.672477325456299 ], [ -61.733438256859898, -30.671531089937002 ], [ -61.7320302493874, -30.671204297700299 ], [ -61.7300562040583, -30.670586891174 ], [ -61.7294224593142, -30.670407933628201 ], [ -61.728994859162498, -30.670257792717599 ], [ -61.728558639916798, -30.670092253901899 ], [ -61.728044692002698, -30.6697622652269 ], [ -61.727653788359397, -30.669498995368201 ], [ -61.727246938502908, -30.6691778596348 ], [ -61.726675087505299, -30.668624354570301 ], [ -61.7262263784, -30.668295565305499 ], [ -61.725113357795387, -30.667434059546899 ], [ -61.7228182804865, -30.6656503393116 ], [ -61.719177946770387, -30.662751886122699 ], [ -61.716892388637902, -30.661075154350598 ], [ -61.7152409094153, -30.659703662359401 ], [ -61.713675635275607, -30.658503257872699 ], [ -61.713179786303002, -30.657921542008001 ], [ -61.712876851106202, -30.657341609836401 ], [ -61.712783439092398, -30.656770909295599 ], [ -61.712779930021, -30.656388585405999 ], [ -61.71273974996231, -30.656068068382801 ], [ -61.712575579245787, -30.6557436844714 ], [ -61.712372028358899, -30.655463467196899 ], [ -61.712020269459003, -30.655142816952399 ], [ -61.711737738577703, -30.6549621175451 ], [ -61.711402993567212, -30.654825392400198 ], [ -61.710963839427798, -30.6547600221732 ], [ -61.710226804306103, -30.654714172757298 ], [ -61.706453581730599, -30.6544542749388 ], [ -61.703581877278403, -30.654292292590998 ], [ -61.700707781184491, -30.654094565729999 ], [ -61.696494279384801, -30.653827242748299 ], [ -61.692777773652601, -30.653616256258001 ], [ -61.692309517530099, -30.653585921698301 ], [ -61.691294747870501, -30.6535297831647 ], [ -61.690922711953803, -30.653490074812201 ], [ -61.690557523978001, -30.653388321139101 ], [ -61.690264191756697, -30.6532977161995 ], [ -61.6899535655131, -30.6531603505669 ], [ -61.689738906180601, -30.653029041081101 ], [ -61.689212050724002, -30.652681925633001 ], [ -61.686791600530803, -30.6512011902113 ], [ -61.685543101401009, -30.650465629976399 ], [ -61.683862365268098, -30.649410551014299 ], [ -61.682023308257399, -30.648330082988299 ], [ -61.678798834422999, -30.646284411646199 ], [ -61.6759916495784, -30.6446047382186 ], [ -61.673506789847302, -30.643067127915799 ], [ -61.670738754650998, -30.6414032449273 ], [ -61.668961717506107, -30.640266955166702 ], [ -61.666995629972803, -30.6390635335617 ], [ -61.663991429170402, -30.637188975566801 ], [ -61.661950927564902, -30.635932497190002 ], [ -61.660554280129098, -30.635091983465191 ], [ -61.659281318746103, -30.6342865798863 ], [ -61.658598980815697, -30.6339035320213 ], [ -61.658147496961902, -30.633670486654498 ], [ -61.657554739852507, -30.633543582989599 ], [ -61.656985086766902, -30.633450471334299 ], [ -61.6563365490561, -30.633403814598701 ], [ -61.655227120250203, -30.633312160494501 ], [ -61.651506942781907, -30.632884750326198 ], [ -61.648761000073399, -30.632595216157199 ], [ -61.647760917713001, -30.632518073475499 ], [ -61.647097193062301, -30.6324239459972 ], [ -61.6467072842037, -30.6323393333961 ], [ -61.646341119862299, -30.632228085345599 ], [ -61.646077031562498, -30.6320908335315 ], [ -61.645774114211108, -30.6319330599847 ], [ -61.645526148369498, -30.631762415391002 ], [ -61.6453183290769, -30.631511359662099 ], [ -61.6450177638159, -30.631171924986798 ], [ -61.644741721027302, -30.630765443530301 ], [ -61.644577255193902, -30.630191792742199 ], [ -61.644510696185009, -30.6299067530075 ], [ -61.643558158148203, -30.625977597253801 ], [ -61.642891198831691, -30.6232201857514 ], [ -61.641866745661702, -30.6189448023366 ], [ -61.640919974145113, -30.6149664833261 ], [ -61.64026919746069, -30.612256192847099 ], [ -61.639161496729699, -30.607634978616002 ], [ -61.638711971910801, -30.607229584881001 ], [ -61.638358843400098, -30.606951306985 ], [ -61.637861180869493, -30.606714619338501 ], [ -61.637350508176191, -30.606510108806599 ], [ -61.636825802509598, -30.606413362285402 ], [ -61.633930759572202, -30.6063001478331 ], [ -61.630053310679301, -30.606139572725109 ], [ -61.628872016196112, -30.606113608674299 ], [ -61.628408915181403, -30.606108946079999 ], [ -61.6280718758387, -30.606030105702398 ], [ -61.627766595740901, -30.605930124619601 ], [ -61.627493024316699, -30.605787269298201 ], [ -61.627214851403203, -30.605531289791699 ], [ -61.626932001405997, -30.605151364876601 ], [ -61.626704532607199, -30.6048473130591 ], [ -61.625282527558603, -30.602780390309899 ], [ -61.623310232280502, -30.6000327530014 ], [ -61.622345755511112, -30.5986993246377 ], [ -61.619824486385397, -30.595114888364101 ], [ -61.6176704366584, -30.5919873060807 ], [ -61.616687058349399, -30.590661009773701 ], [ -61.615937642156602, -30.5896244487218 ], [ -61.61533011975461, -30.588764055616899 ], [ -61.615194729835302, -30.588595648152499 ], [ -61.6148909756742, -30.588382434288391 ], [ -61.614437224568498, -30.5881570121288 ], [ -61.613918846618397, -30.588076324759101 ], [ -61.613367999244801, -30.588086944108401 ], [ -61.612866300600999, -30.588157285465499 ], [ -61.612094820257802, -30.588284176796702 ], [ -61.611663094977303, -30.5882743741662 ], [ -61.61111987721609, -30.588172880046798 ], [ -61.6107768824833, -30.588088655501899 ], [ -61.610434693712598, -30.587939667393801 ], [ -61.609938241648599, -30.587627549049699 ], [ -61.609634352904102, -30.587430557464501 ], [ -61.609238517841902, -30.587081748912102 ], [ -61.608744019010302, -30.586634955675802 ], [ -61.607481890723697, -30.585505477258799 ], [ -61.6045846478074, -30.582961136328802 ], [ -61.60373709921349, -30.582252088956899 ], [ -61.603333998511808, -30.581978565030798 ], [ -61.602835854144701, -30.581801085150701 ], [ -61.602349305048797, -30.581688393756799 ], [ -61.601416052331899, -30.581527899236601 ], [ -61.593787433147902, -30.582792791683101 ], [ -61.579852070235297, -30.585111575640202 ], [ -61.569215517884203, -30.586876161766298 ], [ -61.558056031753402, -30.588722175599202 ], [ -61.521328520918402, -30.595062208490798 ], [ -61.488895683280099, -30.6006175040933 ], [ -61.46639756949579, -30.6043113698578 ], [ -61.466351014998793, -30.604307836231609 ], [ -61.466346735511301, -30.604307523723602 ], [ -61.465890629662802, -30.604130485730199 ], [ -61.4655687042791, -30.604001447340998 ], [ -61.465055579916203, -30.603665777534498 ], [ -61.461211945671202, -30.601512490767 ], [ -61.460826275521413, -30.6013032579474 ], [ -61.460456719059898, -30.6011742002561 ], [ -61.46004611073861, -30.601074642686001 ], [ -61.459738522449697, -30.601066189827801 ], [ -61.459145310368903, -30.601144363956202 ], [ -61.456786164969287, -30.601551306701399 ], [ -61.452833960079197, -30.602255951719101 ], [ -61.452412336801402, -30.602242532180998 ], [ -61.452168220357201, -30.6022397561152 ], [ -61.450541958451197, -30.602568687846698 ], [ -61.447177716705298, -30.603141153453802 ], [ -61.441979163174103, -30.604067214479102 ], [ -61.437535365968692, -30.604858286916102 ], [ -61.433317234766299, -30.6055578870718 ], [ -61.428424314592696, -30.606433686083601 ], [ -61.425728725638699, -30.6068750597918 ], [ -61.425154745709698, -30.6070037354155 ], [ -61.424819878593503, -30.607162978783499 ], [ -61.424568248402409, -30.6073387160483 ], [ -61.424382838897287, -30.607536635513299 ], [ -61.424211048579309, -30.6077746295766 ], [ -61.423581281764001, -30.6085735572827 ], [ -61.423197814013093, -30.609089031136001 ], [ -61.422879051987501, -30.609359205420098 ], [ -61.422626424564299, -30.609510148186502 ], [ -61.422373461551203, -30.609638186317309 ], [ -61.421978580869002, -30.609744416826299 ], [ -61.421695799890998, -30.609765726132899 ], [ -61.419001052554513, -30.610237707645901 ], [ -61.414943298525202, -30.610906739675691 ], [ -61.411388316495909, -30.6115348372584 ], [ -61.409305466239488, -30.611857480181101 ], [ -61.4078519719083, -30.612121150009301 ], [ -61.405401214207409, -30.612537179852499 ], [ -61.403166491602498, -30.6129027627859 ], [ -61.400905342423798, -30.6132881632055 ], [ -61.400080556250998, -30.613420062033999 ], [ -61.399367890354497, -30.613575641421701 ], [ -61.397238123590689, -30.614042899285501 ], [ -61.396225580892903, -30.614265807141791 ], [ -61.3952435372723, -30.614485313584598 ], [ -61.394500609203398, -30.614640469713802 ], [ -61.392234137714503, -30.6150164882987 ], [ -61.39009720435201, -30.615388377495002 ], [ -61.388127098144508, -30.6157238187979 ], [ -61.385512150156003, -30.616170721076799 ], [ -61.382682984256988, -30.616661245639001 ], [ -61.380554630406593, -30.617040554134501 ], [ -61.377590233555097, -30.617528796711799 ], [ -61.376317860535799, -30.617767470689898 ], [ -61.3746294433437, -30.618016212590099 ], [ -61.373190740609992, -30.6182999952091 ], [ -61.372168316713399, -30.6184581562167 ], [ -61.371554740808293, -30.618614072234699 ], [ -61.371065630476402, -30.6188778922509 ], [ -61.3707157371988, -30.619142046927799 ], [ -61.370479897354791, -30.6193967915653 ], [ -61.370259361857201, -30.619738677611799 ], [ -61.3701481300591, -30.620104033332701 ], [ -61.370075124267103, -30.620451399343501 ], [ -61.370049064334701, -30.620755701446502 ], [ -61.370102841106203, -30.621079094192101 ], [ -61.370180368445098, -30.621496845022609 ], [ -61.370689998941202, -30.6238423429607 ], [ -61.371132096875101, -30.625871174547498 ], [ -61.371398863026101, -30.627098539549898 ], [ -61.371506030909899, -30.627509663159 ], [ -61.371554424350393, -30.627909140932601 ], [ -61.371578532068, -30.628243036877109 ], [ -61.3715318316804, -30.628525550499202 ], [ -61.371407069474891, -30.628937496993199 ], [ -61.371234081076302, -30.629472158066299 ], [ -61.370852490081099, -30.630730620556498 ], [ -61.370420168101198, -30.632186408970401 ], [ -61.370183298883603, -30.633014134573301 ], [ -61.369940795230413, -30.6336791280299 ], [ -61.3694953093568, -30.635164724147899 ], [ -61.369267937217508, -30.6359272315607 ], [ -61.369037344021301, -30.636631600619101 ], [ -61.368532497415501, -30.6384514272907 ], [ -61.367682094176502, -30.641221330420201 ], [ -61.366801989335002, -30.644159471832701 ], [ -61.366394729589302, -30.645565920085499 ], [ -61.365834363518204, -30.647368011103399 ], [ -61.365610374443207, -30.648078166802701 ], [ -61.365540710126297, -30.6484429911118 ], [ -61.365503682545111, -30.648762378070199 ], [ -61.365528236113498, -30.649210539002599 ], [ -61.365636022297707, -30.649769298754901 ], [ -61.36582417647579, -30.6506205979952 ], [ -61.365902302767402, -30.650850209343901 ], [ -61.3660179761984, -30.651279645128099 ], [ -61.366047075018287, -30.651590851378099 ], [ -61.366107360304298, -30.6520723669781 ], [ -61.36609760109009, -30.6556139117314 ], [ -61.366125464317001, -30.658944739118901 ], [ -61.366093782688402, -30.660474852685201 ], [ -61.3662808778124, -30.661975518925601 ], [ -61.366680298804702, -30.664670303374699 ], [ -61.367079282332199, -30.667732337550401 ], [ -61.367312471413413, -30.6697475818542 ], [ -61.367719589502101, -30.672391321370899 ], [ -61.367837575171897, -30.673522666116199 ], [ -61.367905597933699, -30.673951607750201 ], [ -61.367911836485, -30.6744090681374 ], [ -61.367946885621599, -30.674771166482699 ], [ -61.368050655550398, -30.675100794775599 ], [ -61.368052679584203, -30.675399838351701 ], [ -61.36800636071861, -30.675733572434201 ], [ -61.367938386461098, -30.676137340382901 ], [ -61.367753225614798, -30.676621888400302 ], [ -61.367487924740097, -30.677276563511398 ], [ -61.367110385877687, -30.678274774641 ], [ -61.366769744950801, -30.679100246374599 ], [ -61.366500306889499, -30.679736203834601 ], [ -61.366151489297998, -30.680218773451699 ], [ -61.365666492827813, -30.680693755154302 ], [ -61.365198870688502, -30.681039312486998 ], [ -61.364614161409698, -30.681354802949699 ], [ -61.3636232090955, -30.6816323481316 ] ] ] } },
{ "type": "Feature", "properties": { "Nombre": "Canal Ppal San Ignacio", "Longuitud": 6.957, "Datos": "Itervencion TOTAL", "Estado": null, "Zona": "Centro" }, "geometry": { "type": "MultiLineString", "coordinates": [ [ [ -60.634122120500002, -31.250521969400001 ], [ -60.634917979599997, -31.250025081 ], [ -60.639259424199999, -31.248927997100001 ], [ -60.641912328899998, -31.248235471499999 ], [ -60.642768105099996, -31.2481179772 ], [ -60.643954982899999, -31.248244125199999 ], [ -60.6465185, -31.2487200423 ], [ -60.648124889899997, -31.2490741266 ], [ -60.648906408199998, -31.249087851300001 ], [ -60.649584264799998, -31.248978425699999 ], [ -60.651153884499998, -31.248466974900001 ], [ -60.65197035700001, -31.2484537383 ], [ -60.652813966500013, -31.24829791 ], [ -60.652844340500003, -31.247868225200001 ], [ -60.658579090800004, -31.246215253399999 ], [ -60.662923917700013, -31.244859095599999 ], [ -60.666177237500001, -31.2438435095 ], [ -60.670120106399992, -31.2425670061 ], [ -60.6735017544, -31.241610246299999 ], [ -60.674427624899998, -31.241090838 ], [ -60.674990919099997, -31.240774826599999 ], [ -60.675316764400002, -31.2404283421 ], [ -60.676071632199999, -31.239140472500001 ], [ -60.67950521089999, -31.234084517300001 ], [ -60.680538376900003, -31.2325607953 ], [ -60.680758099400002, -31.2318419106 ], [ -60.68083504389999, -31.231372223299999 ], [ -60.678531584300003, -31.222170722400001 ], [ -60.677375168499999, -31.217235438100001 ], [ -60.67739189560001, -31.217148785500001 ] ] ] } },
{ "type": "Feature", "properties": { "Nombre": "Canal Principal Nº 1", "Longuitud": 23.014, "Datos": "Itervencion TOTAL", "Estado": null, "Zona": "Centro" }, "geometry": { "type": "MultiLineString", "coordinates": [ [ [ -61.364142567892998, -30.681712526080599 ], [ -61.349139612626402, -30.684993775265198 ], [ -61.344242462995602, -30.684257091020999 ], [ -61.342175005720698, -30.684493233847601 ], [ -61.339306040037798, -30.686670470538601 ], [ -61.337231060091703, -30.688734506276099 ], [ -61.335215603194598, -30.689582048798499 ], [ -61.3312190883778, -30.6901003253321 ], [ -61.329538070495097, -30.689901618251199 ], [ -61.327353055128199, -30.690068308524609 ], [ -61.32484522430061, -30.690789536301502 ], [ -61.323535463494103, -30.6915628838929 ], [ -61.323095234604203, -30.692058672743698 ], [ -61.322680427364297, -30.692388498006999 ], [ -61.32055391540311, -30.694046062625301 ], [ -61.318806706733398, -30.695428878425599 ], [ -61.317309415627697, -30.696617846578199 ], [ -61.3157281769425, -30.697840783066798 ], [ -61.314479585985993, -30.698827566150801 ], [ -61.3137777419131, -30.699341147512602 ], [ -61.312908394289103, -30.7000002459291 ], [ -61.311446869513198, -30.701137539514601 ], [ -61.310356025318512, -30.702009600043901 ], [ -61.30911312771719, -30.702960318027301 ], [ -61.308377354211501, -30.7035245430007 ], [ -61.307917958493903, -30.703751582899098 ], [ -61.307519405360097, -30.7038942229577 ], [ -61.307207622316803, -30.703981173181599 ], [ -61.306698129217509, -30.7041020927084 ], [ -61.306036275369998, -30.704196034215499 ], [ -61.3051357303695, -30.704349444449701 ], [ -61.303917760474597, -30.704532949112 ], [ -61.302003838664, -30.704820795069601 ], [ -61.29880366450459, -30.7053204607063 ], [ -61.2942221286836, -30.706016561124809 ], [ -61.291110065015602, -30.706518877637109 ], [ -61.2888256224999, -30.706898878841901 ], [ -61.287179803929199, -30.707137522970498 ], [ -61.281559621075203, -30.708029715527999 ], [ -61.276106888560498, -30.708848624838001 ], [ -61.273607760842303, -30.709219917044699 ], [ -61.2703619961733, -30.709746243323298 ], [ -61.266300833814803, -30.710361612913399 ], [ -61.261386625936197, -30.7111164627593 ], [ -61.257212475468599, -30.711776939779998 ], [ -61.256602241992709, -30.711870707248899 ], [ -61.256188634004197, -30.711870476648201 ], [ -61.255810207947498, -30.711885936528802 ], [ -61.25543231286359, -30.7118709222738 ], [ -61.252860625292897, -30.711771821432201 ], [ -61.250345975193909, -30.711688644767399 ], [ -61.246002034444899, -30.7114954411357 ], [ -61.243601227735091, -30.7114203357904 ], [ -61.243152172306701, -30.711419607681101 ], [ -61.242743671592187, -30.711465122522199 ], [ -61.242416986431301, -30.7115624942906 ], [ -61.241959093799402, -30.711729285216901 ], [ -61.241541842327898, -30.711937240010801 ], [ -61.238479698174586, -30.713404233178899 ], [ -61.235340620653993, -30.714885319541398 ], [ -61.233892094984292, -30.715484610830291 ], [ -61.2287137421919, -30.716371911127599 ], [ -61.2221423287383, -30.717477484490399 ], [ -61.2130464708465, -30.7189821178447 ], [ -61.206012520624903, -30.720142198113209 ], [ -61.198249703748701, -30.721485178837099 ], [ -61.193255005056301, -30.722315806947702 ], [ -61.1889994605365, -30.723188638569901 ], [ -61.187604775292002, -30.723430492132699 ], [ -61.185994657470502, -30.723674299525399 ], [ -61.185251926497102, -30.7236813810066 ], [ -61.184472949618687, -30.723468655640701 ], [ -61.179528772307087, -30.721661909565999 ], [ -61.177979721360799, -30.7214755276073 ], [ -61.176236750713599, -30.721696556408599 ], [ -61.175662145773103, -30.7219154740364 ], [ -61.175216437546993, -30.721969145504801 ], [ -61.174350722625803, -30.721644807203599 ], [ -61.172979022896889, -30.720775231417999 ], [ -61.172339426319297, -30.720509925234499 ], [ -61.171109035159503, -30.7199941352787 ], [ -61.170496607241986, -30.719782027992 ], [ -61.1695140101654, -30.719290714500499 ], [ -61.168295892466702, -30.718690788585199 ], [ -61.167518604090198, -30.718365607769201 ], [ -61.164885378417999, -30.717316379513399 ], [ -61.160401161820701, -30.715577307213 ], [ -61.154364006089502, -30.713298269562301 ], [ -61.152199944066503, -30.7126607797763 ], [ -61.148427423532198, -30.711651862640299 ], [ -61.146259840726493, -30.7117532999623 ], [ -61.143434789885198, -30.711682574123 ], [ -61.140198299806499, -30.711717002782201 ], [ -61.138827268430809, -30.7116180753234 ] ] ] } },
{ "type": "Feature", "properties": { "Nombre": "Canal Principal Nº 2", "Longuitud": 63.293, "Datos": "Itervencion TOTAL", "Estado": null, "Zona": "Centro" }, "geometry": { "type": "MultiLineString", "coordinates": [ [ [ -61.782701907443411, -30.469396165862001 ], [ -61.782464303271603, -30.4681290489365 ], [ -61.783294185866602, -30.467944871360999 ], [ -61.782858832316514, -30.466296282814799 ], [ -61.782310219796699, -30.4638261600855 ], [ -61.78150940993681, -30.460475397990798 ], [ -61.78097831472531, -30.458269679422902 ], [ -61.780049268325399, -30.4542537371827 ], [ -61.779059655309013, -30.450115071809499 ], [ -61.7778383494189, -30.445159729963802 ], [ -61.776840668386292, -30.4408425606923 ], [ -61.774162841016199, -30.429285085201801 ], [ -61.772301197618198, -30.421746036499599 ], [ -61.765527631294702, -30.393691678273601 ], [ -61.764184299971603, -30.388356196445301 ], [ -61.764288109018302, -30.387908185988099 ], [ -61.763651480435492, -30.3849649697427 ], [ -61.762213386267192, -30.378583812401299 ], [ -61.760335581054598, -30.369167251014701 ], [ -61.759733427456787, -30.365968413036299 ], [ -61.759340302947997, -30.364298647743698 ], [ -61.758658360761203, -30.363556198410691 ], [ -61.757708180672601, -30.363046421695699 ], [ -61.7492310609436, -30.362196018465902 ], [ -61.748734208707603, -30.3623770164143 ], [ -61.736650215830409, -30.360468905421602 ], [ -61.723680808030103, -30.3584625483116 ], [ -61.712215082441098, -30.356718666422701 ], [ -61.706126244946297, -30.355778929390301 ], [ -61.699975363348891, -30.354904616043001 ], [ -61.689490140203503, -30.353334467098399 ], [ -61.676955268466003, -30.351430660984601 ], [ -61.675692465114999, -30.3509505313395 ], [ -61.674618673966201, -30.3505825043475 ], [ -61.6732825662164, -30.3496737771517 ], [ -61.671633775227299, -30.3465546561204 ], [ -61.669708241205299, -30.3426850104136 ], [ -61.666471911741198, -30.336779921826299 ], [ -61.664914284530497, -30.335119887421399 ], [ -61.663522694891, -30.333514989037901 ], [ -61.660600992154002, -30.3305646118372 ], [ -61.657536477875198, -30.327209403561699 ], [ -61.6557475651666, -30.325271526527601 ], [ -61.654677585117803, -30.3244546713631 ], [ -61.654177286082003, -30.324146021985399 ], [ -61.646376341251703, -30.3195293176781 ], [ -61.640149585900197, -30.315918468548301 ], [ -61.639660929897197, -30.315643022038099 ], [ -61.639466774751291, -30.315545234826601 ], [ -61.630736256281793, -30.317134900558798 ], [ -61.624964877074703, -30.318205603875601 ], [ -61.614194981117699, -30.320180135315901 ], [ -61.607674214588002, -30.321377629870199 ], [ -61.60108926108979, -30.322540404192299 ], [ -61.594780982863398, -30.323656222215099 ], [ -61.588558414998602, -30.324792656843599 ], [ -61.580841524744507, -30.326294575718801 ], [ -61.575760382666303, -30.3272221685313 ], [ -61.565537536220013, -30.329131308212901 ], [ -61.563150142989109, -30.329372278624401 ], [ -61.557386275307998, -30.330447734587899 ], [ -61.548026845379098, -30.332156253651199 ], [ -61.540969185991003, -30.3334970629911 ], [ -61.5306045860141, -30.335314989707499 ], [ -61.527021055749898, -30.335962528947899 ], [ -61.517232761443701, -30.337737327153501 ], [ -61.510472883806102, -30.3389610107536 ], [ -61.502945258888502, -30.340364988438001 ], [ -61.492459538483807, -30.342382445700899 ], [ -61.490607030422403, -30.3426839694759 ], [ -61.483064198804001, -30.344037542655901 ], [ -61.473604666142997, -30.346046233673899 ], [ -61.463949236100397, -30.347702878594191 ], [ -61.455377541817299, -30.349120056686601 ], [ -61.447163787512487, -30.350488146243499 ], [ -61.439393537147701, -30.351823660861601 ], [ -61.430226790599313, -30.353317929009901 ], [ -61.421232433092896, -30.3547872057114 ], [ -61.4141727973171, -30.355941481460199 ], [ -61.411421338704201, -30.3564167608872 ], [ -61.410701147580099, -30.3566313707056 ], [ -61.409974509631603, -30.356800393856599 ], [ -61.409347069091403, -30.356912707787799 ], [ -61.401089802017907, -30.358258253207399 ], [ -61.392888441541601, -30.3595884637189 ], [ -61.383897388620611, -30.361112755657601 ], [ -61.375968125888299, -30.362401488622599 ], [ -61.369764274181591, -30.363439734151001 ], [ -61.365876655992508, -30.364119702726299 ], [ -61.365810174036397, -30.364121764874898 ], [ -61.3507186257416, -30.366489460407799 ], [ -61.332324595223703, -30.369501842769001 ], [ -61.325816263884811, -30.370568656787601 ], [ -61.323658141423302, -30.370934273402401 ], [ -61.3212642242705, -30.371312480547001 ], [ -61.319331450971603, -30.371641094314 ], [ -61.316450984869107, -30.372117382627501 ], [ -61.314581384037602, -30.372436367381791 ], [ -61.312728413183997, -30.3727097137591 ], [ -61.310738436914903, -30.373020268389599 ], [ -61.308734443224601, -30.373349804465199 ], [ -61.307604370635403, -30.373557529731599 ], [ -61.307024911920301, -30.373649493544299 ], [ -61.30653688170559, -30.373741760928901 ], [ -61.306223302477697, -30.373767001618099 ], [ -61.305726718925001, -30.373825431597599 ], [ -61.305186700161691, -30.373861177028601 ], [ -61.304282095830899, -30.3739194727181 ], [ -61.303581057383397, -30.373939644124999 ], [ -61.303101783333901, -30.3740206598901 ], [ -61.302709684605198, -30.374079431666502 ], [ -61.301945128547899, -30.374213738673799 ], [ -61.297311764931202, -30.374966709619802 ], [ -61.295841138412101, -30.3752175189592 ], [ -61.292644417657101, -30.375742895397 ], [ -61.291757030760998, -30.375934117842899 ], [ -61.28865542716489, -30.3764563031779 ], [ -61.2863414699031, -30.376802321252399 ], [ -61.284435708082597, -30.377119459663799 ], [ -61.282581727982887, -30.377406224290102 ], [ -61.280800050685002, -30.3776822325936 ], [ -61.278972685735802, -30.3779807281099 ], [ -61.278372359418007, -30.378086338745199 ], [ -61.275457453302813, -30.378578059889801 ], [ -61.272491702739998, -30.3790547037663 ], [ -61.267965836931509, -30.379795958104399 ], [ -61.264407381791592, -30.380360127211802 ], [ -61.260811714515498, -30.3809394944094 ], [ -61.258092526897897, -30.381384873132301 ], [ -61.256013412945897, -30.381725653499501 ], [ -61.255523229148601, -30.3818113180306 ], [ -61.255004435182997, -30.3818243742313 ], [ -61.254633975024603, -30.3817997855881 ] ] ] } },
{ "type": "Feature", "properties": { "Nombre": "Canal Principal Nº 4", "Longuitud": 59.71, "Datos": "Itervencion TOTAL", "Estado": null, "Zona": "Centro" }, "geometry": { "type": "MultiLineString", "coordinates": [ [ [ -61.454816455930803, -29.697457007491 ], [ -61.455090395693396, -29.700575089872402 ], [ -61.457450946295197, -29.704925884584998 ], [ -61.459079934245509, -29.707789305104999 ], [ -61.463661803252897, -29.7154709794202 ], [ -61.466780930325001, -29.7202143933619 ], [ -61.469675514019102, -29.723866035352309 ], [ -61.472217425330101, -29.726244985560999 ], [ -61.4752222548885, -29.728837560982601 ], [ -61.477140552969402, -29.730375569270102 ], [ -61.488046755192599, -29.739403364639902 ], [ -61.494994390907799, -29.744797756238601 ], [ -61.496872149213097, -29.746682223029701 ], [ -61.498459574309109, -29.747815907128999 ], [ -61.499196775345013, -29.748474991763398 ], [ -61.502328078421407, -29.7506085930473 ], [ -61.509846133238398, -29.755584010784499 ], [ -61.515541574563898, -29.759310712645501 ], [ -61.515872573410199, -29.759795890106801 ], [ -61.516394233812299, -29.7603124098164 ], [ -61.520265730500299, -29.7633457222632 ], [ -61.526549409660298, -29.768030411982199 ], [ -61.532944407777102, -29.773039411829501 ], [ -61.5359283097782, -29.7751738444673 ], [ -61.535974402503498, -29.775682349416901 ], [ -61.535921854844197, -29.776165294807701 ], [ -61.536005261809699, -29.776695571676299 ], [ -61.536212930082407, -29.776992079241701 ], [ -61.536649036627999, -29.777230933450301 ], [ -61.537175154796401, -29.7775461950195 ], [ -61.538032078211103, -29.777847035576801 ], [ -61.539406252516301, -29.7786074600094 ], [ -61.544286335753199, -29.782088600545801 ], [ -61.547839983325503, -29.7845731708226 ], [ -61.550680369852493, -29.786739948801891 ], [ -61.552522342460797, -29.7883990861448 ], [ -61.553131225967299, -29.788906617896401 ], [ -61.553559606558203, -29.789324263845899 ], [ -61.5541025766898, -29.789676254063501 ], [ -61.55704259594431, -29.791501765341899 ], [ -61.563415898715597, -29.795317042353499 ], [ -61.565499526100503, -29.796579149874201 ], [ -61.566257157287701, -29.797020977337901 ], [ -61.566907056904597, -29.7981254655394 ], [ -61.569402580913803, -29.8021475307579 ], [ -61.56969388846079, -29.802557297728001 ], [ -61.5699863634295, -29.803031453260701 ], [ -61.570351069174599, -29.803431291835 ], [ -61.571025093270599, -29.804075308328802 ], [ -61.577728173874391, -29.809690636189 ], [ -61.581800134413498, -29.8133472514758 ], [ -61.582396369397202, -29.813861997204398 ], [ -61.582984717233501, -29.8144418895148 ], [ -61.583240834054408, -29.814649825392401 ], [ -61.583528731357603, -29.8148665878252 ], [ -61.583954548652898, -29.815136857526898 ], [ -61.587074014981908, -29.815772659092399 ], [ -61.592841667464697, -29.816985460968301 ], [ -61.593474736365899, -29.817143702650501 ], [ -61.594160764098397, -29.817337569484501 ], [ -61.594448349922999, -29.817590177835299 ], [ -61.594716171733808, -29.817906931563002 ], [ -61.594933009752808, -29.818361193255701 ], [ -61.595098271137303, -29.818752771450999 ], [ -61.595230701066797, -29.818996458580699 ], [ -61.6024949259658, -29.852208025755701 ], [ -61.6030287154679, -29.854521467466501 ], [ -61.609096764240498, -29.881675438488099 ], [ -61.612088721711601, -29.895735320564899 ], [ -61.616251633741598, -29.9137591409139 ], [ -61.618854920608698, -29.92655006267 ], [ -61.624370646852391, -29.930924753120301 ], [ -61.626034953189397, -29.932328755949499 ], [ -61.628895870591499, -29.934617774625199 ], [ -61.630245103566409, -29.935640811947099 ], [ -61.632228613919089, -29.937240798409 ], [ -61.6325811115221, -29.937450712819 ], [ -61.633004402862802, -29.937451084513601 ], [ -61.633528641457303, -29.937311805253099 ], [ -61.634325184000787, -29.937015554214302 ], [ -61.634879716082096, -29.936832626926599 ], [ -61.635726468787901, -29.936711081212199 ], [ -61.647805484648998, -29.9347486031978 ], [ -61.648431478449197, -29.9346360798109 ], [ -61.65127405478929, -29.934623116056699 ], [ -61.665565945237987, -29.934569261465299 ], [ -61.670636986416802, -29.934664195923201 ], [ -61.672392949753991, -29.934665205652401 ], [ -61.673119461113799, -29.9347967974653 ], [ -61.6737095153225, -29.9352169126436 ], [ -61.674102672142503, -29.9357812171218 ], [ -61.675472895723097, -29.9415200134417 ], [ -61.676336325106497, -29.945396681758709 ], [ -61.680352695939199, -29.9641905863947 ], [ -61.682460718782103, -29.973732990844901 ], [ -61.683732974655101, -29.979548700322599 ], [ -61.685104555781699, -29.986133348506101 ], [ -61.685500947118904, -29.988111512180399 ], [ -61.685705113336603, -29.988652841401699 ], [ -61.686057145088299, -29.9889383839656 ], [ -61.6865000625004, -29.989243651123399 ], [ -61.689078217950097, -29.990251893638 ], [ -61.697101471105697, -29.9931104358397 ], [ -61.700895791164697, -29.994499390330098 ], [ -61.704292563595303, -29.995645718755402 ], [ -61.7088681770582, -29.997276256883399 ], [ -61.71351492187501, -29.998999691252099 ], [ -61.714890331058903, -29.999521431098898 ], [ -61.716185567986308, -29.999984278687499 ], [ -61.716696822811798, -30.000240263156101 ], [ -61.716992154713601, -30.000574918400201 ], [ -61.717276119579303, -30.0009292490825 ], [ -61.717968959888701, -30.001923312531201 ], [ -61.720307745090707, -30.005040109181898 ], [ -61.7226688030727, -30.008347011340799 ], [ -61.72471365737281, -30.011073247494 ], [ -61.726364357210798, -30.013381085109 ], [ -61.728057543498402, -30.015645636669099 ], [ -61.729102819272498, -30.0170825255301 ], [ -61.729398229191702, -30.017495873846201 ], [ -61.729779421140499, -30.018236330450801 ], [ -61.730029356792009, -30.018757920158102 ], [ -61.730449678016598, -30.0197912403362 ], [ -61.730790498300287, -30.020558850860098 ], [ -61.731310458873807, -30.0215502301592 ], [ -61.731583180601397, -30.021835642398301 ], [ -61.731912744252703, -30.022042336434399 ], [ -61.732503730423893, -30.022150655056802 ], [ -61.733071999988503, -30.022170402570801 ], [ -61.734163109721003, -30.0220130736325 ], [ -61.740066509539098, -30.021298610293201 ], [ -61.743840723320403, -30.020865804262399 ], [ -61.746301228813699, -30.020600347055201 ], [ -61.746812666038899, -30.020600354756201 ], [ -61.747290007768399, -30.0206889239929 ], [ -61.748066715139601, -30.0210411288415 ], [ -61.751512876523499, -30.022268086146099 ], [ -61.752524426605198, -30.022799451092901 ], [ -61.7529790638417, -30.0231241751748 ], [ -61.753268097895202, -30.023474440172599 ], [ -61.753427242546799, -30.023907429560001 ], [ -61.753086277258099, -30.0240550515317 ], [ -61.753370447724897, -30.0245175555612 ], [ -61.753734170455303, -30.024822602595599 ], [ -61.754143349531297, -30.024999717117598 ], [ -61.754586629947298, -30.0252260314004 ], [ -61.756166525765998, -30.0257967007785 ], [ -61.761424502149197, -30.027626122963198 ], [ -61.763492486007102, -30.0284617468064 ], [ -61.76923814273929, -30.030631708391599 ], [ -61.772273263572103, -30.031762867924702 ], [ -61.7748725544606, -30.032753438236 ], [ -61.777145037550298, -30.033572807910701 ], [ -61.778009003550203, -30.033848157982199 ], [ -61.778315929675607, -30.033916973824802 ], [ -61.778725136172312, -30.033916880380399 ], [ -61.779304813379099, -30.0338183403661 ], [ -61.779839040554698, -30.0337788517968 ], [ -61.780259640271503, -30.033867316106701 ], [ -61.780566599562093, -30.034034531747899 ], [ -61.780828159187202, -30.034408410370101 ], [ -61.781260333234997, -30.035106985441001 ], [ -61.782534087055012, -30.0371259530849 ], [ -61.783542901911403, -30.0387736931741 ], [ -61.784111570827299, -30.039560804679802 ], [ -61.784395851620893, -30.039806746201101 ], [ -61.784702855939813, -30.040023157029601 ], [ -61.785021199831803, -30.040160839152101 ], [ -61.785532769219202, -30.040239421667899 ], [ -61.786078396104507, -30.040199905426402 ], [ -61.786943080940198, -30.0399943593006 ], [ -61.795452473317297, -30.038165748114199 ], [ -61.804993644889812, -30.0360244454737 ], [ -61.815032272162497, -30.033964602564399 ], [ -61.8180282550071, -30.0332150690341 ], [ -61.818690035691702, -30.0331988064999 ], [ -61.819168098487999, -30.0333417867073 ], [ -61.820032297531498, -30.033611874856199 ], [ -61.821356229453798, -30.034088595037801 ], [ -61.824978746441403, -30.035391559561798 ] ] ] } },
{ "type": "Feature", "properties": { "Nombre": "Canal Aliv. Lag. Paiva", "Longuitud": 10.295, "Datos": "Itervencion TOTAL", "Estado": null, "Zona": "Centro" }, "geometry": { "type": "MultiLineString", "coordinates": [ [ [ -60.610048910503501, -31.272722247330201 ], [ -60.609662749676303, -31.272918894335 ], [ -60.609405069502998, -31.272997823826699 ], [ -60.60909013970921, -31.273018789580401 ], [ -60.608785379815892, -31.27311360765 ], [ -60.608160841495803, -31.273238925269201 ], [ -60.606144445481902, -31.273617907702199 ], [ -60.602571097137307, -31.274308321872599 ], [ -60.597566818082797, -31.275265983167401 ], [ -60.592667565232396, -31.2762346369414 ], [ -60.586651472842398, -31.277365720930899 ], [ -60.579944667568, -31.278650858127499 ], [ -60.579281863583098, -31.278810505950499 ], [ -60.576043746206999, -31.279444062936399 ], [ -60.570732863861103, -31.280422215736799 ], [ -60.5685652305215, -31.280813221625401 ], [ -60.568100001053999, -31.280857475370901 ], [ -60.567002514585297, -31.281113026957101 ], [ -60.563701121048297, -31.281748874468999 ], [ -60.557357690163698, -31.2829316970627 ], [ -60.551511599199912, -31.284064051693399 ], [ -60.55015014799099, -31.284349449704202 ], [ -60.549747976466698, -31.284415430697099 ], [ -60.5492517580007, -31.284474050199901 ], [ -60.548654102128097, -31.284412410339701 ], [ -60.546666735504402, -31.2841168830569 ], [ -60.545981169910497, -31.284048051245801 ], [ -60.545518635326403, -31.2840086631664 ], [ -60.544920301424298, -31.284098790195099 ], [ -60.544196515962703, -31.284235075611999 ], [ -60.541896889992799, -31.284685436709399 ], [ -60.535719380068301, -31.285862764812698 ], [ -60.529615601787597, -31.286957215156601 ], [ -60.529114359557902, -31.2870536312846 ], [ -60.528655333049407, -31.287171624811901 ], [ -60.528123484419901, -31.2872889171447 ], [ -60.527664558226498, -31.287331979188099 ], [ -60.527054425326298, -31.287241944216301 ], [ -60.5253818610908, -31.287013132653701 ], [ -60.524158723933901, -31.286864629187502 ], [ -60.523771915838807, -31.2868640446362 ], [ -60.523530943867897, -31.286747051891101 ], [ -60.523312606008098, -31.2866048589316 ], [ -60.523117226493611, -31.2865568047112 ], [ -60.522880573432502, -31.286667117058499 ], [ -60.522691452640807, -31.286861454417998 ], [ -60.522593307371203, -31.287112791983901 ], [ -60.5224253377609, -31.287194748763799 ], [ -60.5221574309952, -31.2872391271376 ], [ -60.521861630853799, -31.287208838790701 ], [ -60.521543761384301, -31.287110409641201 ], [ -60.5210403439335, -31.287034007036802 ], [ -60.520569249962413, -31.287041817863098 ], [ -60.519996701086797, -31.287332169870599 ], [ -60.519437054429197, -31.287713384362199 ], [ -60.519079269758798, -31.2877969890523 ], [ -60.518603437270698, -31.287768292099301 ], [ -60.518577920789987, -31.2877542372335 ], [ -60.518199612358409, -31.287605323903801 ], [ -60.518190911679298, -31.287598193497299 ], [ -60.517843088197999, -31.2875190078482 ], [ -60.517438093861003, -31.2874025128421 ], [ -60.517158452133501, -31.287276316567901 ], [ -60.516813028611992, -31.287259968857501 ], [ -60.5164215930496, -31.287297255054298 ], [ -60.516010047166702, -31.287267149015101 ], [ -60.515557102911998, -31.287042512449599 ], [ -60.515138358681703, -31.286662383801499 ], [ -60.514733226849302, -31.286428778725 ], [ -60.514092166401198, -31.286335924144499 ], [ -60.513081612493501, -31.2862866685876 ], [ -60.511934506944492, -31.286381262173801 ], [ -60.511243552864002, -31.286540479840902 ], [ -60.510713673461197, -31.286643483209598 ], [ -60.510140094447912, -31.286642822917901 ], [ -60.509601185263193, -31.286514626987898 ], [ -60.509243704303202, -31.286514110395501 ], [ -60.508933435070809, -31.286610354153101 ], [ -60.508734813965802, -31.286930223614402 ], [ -60.508672644017203, -31.287193528793399 ], [ -60.508571218923898, -31.287318044426002 ], [ -60.508198868970297, -31.2875159192862 ], [ -60.507692756560687, -31.287672334602799 ], [ -60.507080028613309, -31.2878537425104 ], [ -60.506333918808501, -31.2879002281922 ], [ -60.506006619586103, -31.2878999763373 ] ] ] } },
{ "type": "Feature", "properties": { "Nombre": "Canal Cda. De Sunchales", "Longuitud": 29.793, "Datos": "Itervencion TOTAL", "Estado": null, "Zona": "Centro" }, "geometry": { "type": "MultiLineString", "coordinates": [ [ [ -61.499077326286198, -30.9560573677661 ], [ -61.498067152159201, -30.955539261842699 ], [ -61.497602220217892, -30.955410136293001 ], [ -61.497470794098199, -30.9556463892749 ], [ -61.496990697384902, -30.955752167158401 ], [ -61.496370586110402, -30.9554014382982 ], [ -61.495473258448499, -30.955383193322699 ], [ -61.494816147259598, -30.954789505231201 ], [ -61.494186571853199, -30.9548970017341 ], [ -61.4884779243759, -30.953130375297199 ], [ -61.479273816681001, -30.950447794081899 ], [ -61.476748320785703, -30.9497717183086 ], [ -61.476588500079004, -30.9491006677973 ], [ -61.475359509613199, -30.949114703787298 ], [ -61.474196290847999, -30.949085028249801 ], [ -61.47071688485579, -30.948580642256399 ], [ -61.469516074263701, -30.948265021215601 ], [ -61.465183383250199, -30.947355004071301 ], [ -61.4625993662805, -30.9467400270896 ], [ -61.462231381470993, -30.946572392054499 ], [ -61.456265895938699, -30.946131751736001 ], [ -61.453484991421398, -30.945813186412501 ], [ -61.452241238562699, -30.945368977941701 ], [ -61.451045695877397, -30.944716177455099 ], [ -61.4483559186395, -30.943994157606902 ], [ -61.447364700290301, -30.944126206645699 ], [ -61.445941729072914, -30.944315759479402 ], [ -61.4453870879411, -30.944285091237202 ], [ -61.443763869359302, -30.944589566135299 ], [ -61.435186790268197, -30.945286391174101 ], [ -61.434836532861198, -30.945190063420998 ], [ -61.430099445410399, -30.944968372659702 ], [ -61.425486426619401, -30.945293525306099 ], [ -61.421436767122302, -30.9443932239401 ], [ -61.420513594043399, -30.944509256021 ], [ -61.419875231984498, -30.944381754251999 ], [ -61.416791144175903, -30.944824551801901 ], [ -61.411354909526992, -30.9455631449724 ], [ -61.409897202518103, -30.9458367558105 ], [ -61.409283961746901, -30.945916182845 ], [ -61.408587443921398, -30.945939696743199 ], [ -61.408078708147499, -30.9461454844045 ], [ -61.405988122674998, -30.946748248501901 ], [ -61.405673026221997, -30.946729576546002 ], [ -61.398540284445197, -30.946160579389801 ], [ -61.397219707991603, -30.946284408375799 ], [ -61.395668964903102, -30.946320468254701 ], [ -61.3877893815934, -30.943599223867 ], [ -61.387153419111392, -30.942797908429799 ], [ -61.387056938664813, -30.942668194455202 ], [ -61.386015616990008, -30.9415423195715 ], [ -61.385679132921787, -30.941245274185501 ], [ -61.382372138729004, -30.939977852787401 ], [ -61.381690218615091, -30.939913559570499 ], [ -61.377101903409603, -30.9373139074041 ], [ -61.376801752415197, -30.937231203513001 ], [ -61.376442723112, -30.9373297115011 ], [ -61.376300025219599, -30.937217246449599 ], [ -61.37602522091251, -30.9368858663419 ], [ -61.375876405339397, -30.936817340766009 ], [ -61.372727993207199, -30.935263903435899 ], [ -61.372573319599198, -30.935169471955 ], [ -61.372501191531001, -30.935110796976598 ], [ -61.372459210953792, -30.935026162361002 ], [ -61.372432339391302, -30.9349474908724 ], [ -61.372429053860401, -30.934861056587501 ], [ -61.372428832787797, -30.934748192682601 ], [ -61.372404269691692, -30.9346458231702 ], [ -61.372362643120702, -30.934543472462099 ], [ -61.372262568667402, -30.934451662503999 ], [ -61.370936875237099, -30.933414254190399 ], [ -61.366995527234501, -30.9310946699262 ], [ -61.365921156494103, -30.9305949750301 ], [ -61.364964641023299, -30.930485769846001 ], [ -61.364736761548997, -30.930047103047109 ], [ -61.364082686836397, -30.929779233535001 ], [ -61.362762130480299, -30.928397261835102 ], [ -61.361429994259602, -30.92814881951 ], [ -61.361074590148597, -30.927484438993101 ], [ -61.357458115666198, -30.9261981441906 ], [ -61.35437449339009, -30.924417003761601 ], [ -61.347413293199203, -30.9204439924303 ] ] ] } },
{ "type": "Feature", "properties": { "Nombre": "Canal Cda. De Sunchales", "Longuitud": 29.793, "Datos": "Itervencion TOTAL", "Estado": null, "Zona": null }, "geometry": { "type": "MultiLineString", "coordinates": [ [ [ -61.347413293199203, -30.9204439924303 ], [ -61.347110760020307, -30.920385160273 ], [ -61.34651563130241, -30.920467294329502 ], [ -61.3461882058375, -30.920429533778599 ], [ -61.345723677902498, -30.920402623664501 ], [ -61.345397453779803, -30.920428979470191 ], [ -61.345102103241587, -30.920472085413699 ], [ -61.344913532098403, -30.920510481749101 ], [ -61.344579531928098, -30.9206188679055 ], [ -61.344279334320703, -30.9207126344686 ], [ -61.344076576821202, -30.920784635883301 ], [ -61.343827565781098, -30.9208689049184 ], [ -61.343612336883503, -30.920934812425099 ], [ -61.343290810066101, -30.9209905687242 ], [ -61.343093600528903, -30.9210240108027 ], [ -61.342946678596903, -30.921076374315401 ], [ -61.3427567443619, -30.921170101472001 ], [ -61.342584501194899, -30.921235533856201 ], [ -61.3422602330538, -30.921325072511099 ], [ -61.341259984605202, -30.9216025720219 ], [ -61.340869835683307, -30.9217074006255 ], [ -61.340657059320108, -30.921785930870499 ], [ -61.340451689213602, -30.921854734144109 ], [ -61.340307241706498, -30.921867946571101 ], [ -61.340175422653203, -30.921855063540999 ], [ -61.339980268127803, -30.921855291345601 ], [ -61.339800328532199, -30.9218663728611 ], [ -61.339625480080798, -30.921883975907399 ], [ -61.339035404478707, -30.921923808159299 ], [ -61.338168718083601, -30.922000924441999 ], [ -61.337352579992597, -30.922079748752001 ], [ -61.3362730077246, -30.9221701468025 ], [ -61.3353620310357, -30.9222620054747 ], [ -61.334224193621303, -30.922321224806002 ], [ -61.333679339571013, -30.9223696748173 ], [ -61.332935845487903, -30.922933136381999 ], [ -61.331737923185798, -30.9223727995609 ], [ -61.330356205389499, -30.922530192747299 ], [ -61.328608782292299, -30.922261819051201 ], [ -61.32702609389429, -30.921896284255201 ], [ -61.326035118857106, -30.9219761008953 ], [ -61.3249192589617, -30.921655409946698 ], [ -61.324196626190798, -30.9218111139412 ], [ -61.323839978616107, -30.9216664640226 ], [ -61.322450181156597, -30.922122700016001 ], [ -61.3218767137583, -30.922310949558899 ], [ -61.321684145819802, -30.922350291017501 ], [ -61.320897120417392, -30.922297982975198 ], [ -61.320382955271093, -30.922263807409401 ], [ -61.319519676265308, -30.922386506135499 ], [ -61.319311334325292, -30.9223313638714 ], [ -61.318983148048197, -30.922185513199 ], [ -61.3187574747935, -30.922116171295901 ], [ -61.318536807873102, -30.921994632458301 ], [ -61.318300963644397, -30.921901376948998 ], [ -61.318049939352903, -30.9218255373153 ], [ -61.317948974084103, -30.921718217079 ], [ -61.317920883201197, -30.921563870625501 ], [ -61.317821859017002, -30.921437871028399 ], [ -61.317626629892899, -30.9213815372871 ], [ -61.317376054483198, -30.921076878191101 ], [ -61.315587941936691, -30.920651388674301 ], [ -61.315106054685302, -30.9205381468125 ], [ -61.314619432287792, -30.920545160166601 ], [ -61.314381247269893, -30.9205823571385 ], [ -61.314229273047097, -30.920654255884099 ], [ -61.314079838913401, -30.920728329179699 ], [ -61.313801242627697, -30.9208397169165 ], [ -61.313457751976401, -30.920887947629002 ], [ -61.313109912091491, -30.920891976346901 ], [ -61.312796469822104, -30.920929122945601 ], [ -61.312526021671502, -30.9210030701989 ], [ -61.312277050834403, -30.921073308736901 ], [ -61.309007474115496, -30.921770340021101 ], [ -61.3078723705325, -30.921834236889701 ], [ -61.307580283714593, -30.9217829348962 ], [ -61.306118638506298, -30.922030459305901 ], [ -61.305603478825397, -30.922178300205299 ], [ -61.305337300339502, -30.922233800505499 ], [ -61.305071068986699, -30.922256157396301 ], [ -61.304937922040899, -30.922241538211299 ], [ -61.3038941371357, -30.921925404414502 ], [ -61.303644991053893, -30.9218777369015 ], [ -61.3034731388477, -30.921815256809499 ], [ -61.3031981637399, -30.9217049890342 ], [ -61.302953334063403, -30.921664680952201 ], [ -61.301602032051598, -30.921305234863599 ], [ -61.2988433734781, -30.9204840753311 ], [ -61.296244878112802, -30.919904198708899 ], [ -61.2935660321276, -30.919200063576401 ], [ -61.291267861053598, -30.918585252126409 ], [ -61.288908854349103, -30.917988023772001 ], [ -61.286815817620393, -30.9174083523381 ], [ -61.283698549533099, -30.916609897032899 ], [ -61.282744986492688, -30.916356411015101 ], [ -61.280521821878693, -30.9157893715585 ], [ -61.278565937648096, -30.915262886648499 ], [ -61.276955214793908, -30.914810885386402 ], [ -61.276084200130299, -30.9146270333781 ], [ -61.275207947049708, -30.914369760978602 ], [ -61.274842850909508, -30.914255802025401 ], [ -61.274585223166603, -30.914274394574601 ], [ -61.274091228812203, -30.914083169144298 ], [ -61.273726187200509, -30.9140355207767 ], [ -61.273361087051512, -30.913917877998099 ], [ -61.272561846881793, -30.913707438705099 ], [ -61.270304243726208, -30.9131185093051 ], [ -61.265580147821296, -30.911956400490201 ], [ -61.264312824197397, -30.911615217675902 ], [ -61.260085154510598, -30.910575197175 ], [ -61.257002834794001, -30.909768001821099 ], [ -61.254911808479498, -30.909245786290899 ], [ -61.2527869541249, -30.9087442284231 ], [ -61.250774560274003, -30.9081782543435 ], [ -61.249189891461498, -30.9077848401772 ], [ -61.247117673509599, -30.9072717218117 ], [ -61.246572253529898, -30.907106191805909 ], [ -61.246121347790101, -30.9070069384878 ], [ -61.245880894863298, -30.906992308603101 ], [ -61.245558861713697, -30.9069924609596 ], [ -61.245335598670401, -30.9070072910588 ], [ -61.245065115419308, -30.907044256351199 ], [ -61.244822028565501, -30.906978053679001 ], [ -61.244366867186599, -30.906937736503899 ], [ -61.243903146920609, -30.906941628697101 ], [ -61.243542476800499, -30.906941786839699 ], [ -61.243177502159497, -30.906938269628899 ], [ -61.242928429267899, -30.906875746432998 ], [ -61.242696503604499, -30.906769010500099 ], [ -61.242498924774502, -30.906647523249699 ], [ -61.242346128092699, -30.9066883577079 ], [ -61.242178724731602, -30.906787899945002 ], [ -61.242049988696103, -30.906920584299701 ], [ -61.241891211201001, -30.907079061961301 ], [ -61.241710841660797, -30.907020196725998 ], [ -61.241367289851993, -30.906917190475198 ], [ -61.240843442178587, -30.906910050639301 ], [ -61.2402680829532, -30.906910292939099 ], [ -61.239609340040097, -30.9069169414839 ], [ -61.238991070506898, -30.906961402382802 ], [ -61.238574617103303, -30.907035250059199 ], [ -61.238291230536198, -30.907035365971801 ], [ -61.238016431739013, -30.9070428395306 ], [ -61.237681476962088, -30.9069508792821 ], [ -61.237424477446403, -30.9069296820267 ], [ -61.236612929421987, -30.906871056385501 ], [ -61.235921651278197, -30.906908164897899 ], [ -61.235299067673402, -30.906915771727601 ], [ -61.234891132502597, -30.906860666344802 ], [ -61.234380234375202, -30.906960321009802 ], [ -61.233786589591901, -30.907075400423601 ], [ -61.232837681969592, -30.907097850121101 ], [ -61.232361078136393, -30.907098026835609 ], [ -61.232090566411202, -30.907098123735299 ], [ -61.231841567011493, -30.9071755764773 ], [ -61.231652704897698, -30.907293527525699 ], [ -61.231450917879613, -30.907348857886699 ], [ -61.231150311089202, -30.907253180596999 ], [ -61.230797159190601, -30.907223090960599 ], [ -61.230492347189298, -30.907322663104502 ], [ -61.2302648249497, -30.907433268897702 ], [ -61.229942826420597, -30.907510735923299 ], [ -61.229710950170997, -30.907466611277499 ], [ -61.2294919016447, -30.907323004630801 ], [ -61.2292385049969, -30.907179408374301 ], [ -61.228989466031997, -30.907179493133299 ], [ -61.228731876597607, -30.907256949400001 ], [ -61.228555818067498, -30.907209108780801 ], [ -61.228285212431501, -30.9069955261659 ], [ -61.227894408281699, -30.906826184719399 ], [ -61.227585710010601, -30.9067959889314 ], [ -61.227323826696498, -30.906869749383201 ], [ -61.227091992896199, -30.9069435038199 ], [ -61.22689449765911, -30.9069804061517 ], [ -61.226572477749798, -30.907013664057001 ], [ -61.226282961451908, -30.906999021001798 ], [ -61.2261325864417, -30.906796442139601 ], [ -61.225986496832398, -30.906538609595 ], [ -61.225848975209203, -30.9062439261596 ], [ -61.225599889858898, -30.906126111491101 ], [ -61.225342232588893, -30.906041458366101 ], [ -61.225024437807193, -30.905875772480101 ], [ -61.224771022528408, -30.905673229791301 ], [ -61.224410126524603, -30.9054779179557 ], [ -61.223508262247691, -30.9049771528029 ], [ -61.222949923216198, -30.904549964706199 ], [ -61.221946105266703, -30.903949295225701 ], [ -61.221220307303312, -30.903474258272102 ], [ -61.220863864521498, -30.903264364919099 ], [ -61.220550363016599, -30.903050773527301 ], [ -61.220236823396498, -30.9027524502843 ], [ -61.219794443218703, -30.902238998739399 ], [ -61.218393744106599, -30.900735032505398 ], [ -61.216778175804791, -30.899048402491399 ], [ -61.216155440879909, -30.898455410611199 ], [ -61.215725981577798, -30.898046584932398 ], [ -61.215537033265598, -30.897936103515999 ], [ -61.215335244093701, -30.8979251024832 ], [ -61.215124889213307, -30.897987774938599 ], [ -61.214996118495492, -30.8980651661292 ], [ -61.214875927230992, -30.898153614835099 ], [ -61.214624663603203, -30.898278873266399 ], [ -61.214268324129698, -30.8983305321023 ], [ -61.213924871421, -30.898400602660899 ], [ -61.213615757148901, -30.8984154076892 ], [ -61.212577170217301, -30.898767987177699 ], [ -61.212177900514106, -30.8988491192836 ], [ -61.211752911144487, -30.898978142796 ] ] ] } },
{ "type": "Feature", "properties": { "Nombre": "Canal El Retiro", "Longuitud": 9.793, "Datos": "Itervencion TOTAL", "Estado": null, "Zona": null }, "geometry": { "type": "MultiLineString", "coordinates": [ [ [ -61.211752911144487, -30.898978142796 ], [ -61.210988704917, -30.899092499786001 ], [ -61.21028916658431, -30.899235275204202 ], [ -61.2086946822538, -30.899573127929902 ], [ -61.208106512014503, -30.899724275695501 ], [ -61.207732994333099, -30.899779603433299 ], [ -61.207389520653997, -30.899779662055 ], [ -61.206748891216591, -30.899794496091999 ], [ -61.205860152552098, -30.899820424246101 ], [ -61.205031522984399, -30.899831599813009 ], [ -61.204047714920392, -30.899831741467199 ], [ -61.202596532165501, -30.899835617030501 ], [ -61.201706319841897, -30.8998408682607 ], [ -61.200941772291209, -30.899931004335901 ], [ -61.199799457152899, -30.8999023810658 ], [ -61.198875997025297, -30.899953926156709 ], [ -61.197937972194801, -30.899919406706001 ], [ -61.196789643454501, -30.899996684430601 ], [ -61.195626210700198, -30.900009210188191 ], [ -61.194528840750209, -30.900024732032801 ], [ -61.193443241694297, -30.900037313086401 ], [ -61.192426822827613, -30.900009068504701 ], [ -61.191977072227701, -30.899885596948401 ], [ -61.191103069167099, -30.8996637031061 ], [ -61.190230557651802, -30.899468214730302 ], [ -61.189609926061699, -30.899457942008201 ], [ -61.189063287716301, -30.8994026496411 ], [ -61.18851760626719, -30.8993434951193 ], [ -61.187668198202601, -30.899356635209902 ], [ -61.186849075576497, -30.899374650652 ], [ -61.1859871384382, -30.899152526819201 ], [ -61.185210252041912, -30.899107185038801 ], [ -61.183450043273197, -30.899085119630701 ], [ -61.177974518280998, -30.899520568747 ], [ -61.178100491754698, -30.9000765720636 ], [ -61.177194448212603, -30.8998485224147 ], [ -61.176717254815898, -30.899747869234599 ], [ -61.1761762237577, -30.899857784034499 ], [ -61.175349414216299, -30.9001325578623 ], [ -61.174576889622287, -30.900320928847599 ], [ -61.173649064102101, -30.900482069401502 ], [ -61.172734048332799, -30.900786261832 ], [ -61.171927146706402, -30.9008794790259 ], [ -61.171276819611201, -30.901104903308099 ], [ -61.170925669867408, -30.9013562516128 ], [ -61.170241266737087, -30.901692700932401 ], [ -61.170138942245309, -30.901188655125399 ], [ -61.169559093601798, -30.901597646090899 ], [ -61.1690673195573, -30.9019114562231 ], [ -61.168406537936697, -30.9025131219047 ], [ -61.168007822228702, -30.902629204197002 ], [ -61.1657960697448, -30.902801875414202 ], [ -61.163876586140198, -30.902673115664101 ], [ -61.162953105219302, -30.902603498172699 ], [ -61.161471783823998, -30.902565878540699 ], [ -61.159623124078401, -30.903475875096301 ], [ -61.155414686636099, -30.9026740080762 ], [ -61.151357695589503, -30.9019815284333 ], [ -61.150660135941393, -30.901891264325599 ], [ -61.149160931946803, -30.902192053466599 ], [ -61.148894026176301, -30.9023154667399 ], [ -61.148497203374703, -30.902399141335799 ], [ -61.148245326995102, -30.902437660324001 ], [ -61.148029411970803, -30.902504485640598 ], [ -61.147858448094397, -30.902658800825801 ], [ -61.147771448327198, -30.902779695383401 ], [ -61.147576497583799, -30.902905696281898 ], [ -61.147342742525801, -30.902971172579601 ], [ -61.147045899945901, -30.902971081374801 ], [ -61.146677038365098, -30.903112475939601 ], [ -61.146524086377909, -30.903212759893499 ], [ -61.146275151994303, -30.903379912521299 ], [ -61.146041237717597, -30.903467312831499 ], [ -61.145828351444997, -30.9034621008547 ], [ -61.145627520422401, -30.903325692157001 ], [ -61.145298121501, -30.903259208602702 ], [ -61.144965295150897, -30.903269397098398 ], [ -61.144653494395001, -30.903199834004099 ], [ -61.144380704547203, -30.903068542442401 ], [ -61.14419187484831, -30.902890962258599 ], [ -61.144000064985292, -30.902713381081799 ], [ -61.143745685214199, -30.902650676371099 ], [ -61.1435177801363, -30.902717491993599 ], [ -61.143343840153896, -30.9027971872442 ], [ -61.14302602397909, -30.9027739312696 ], [ -61.14289114242959, -30.902673552196699 ], [ -61.142675376933703, -30.9024187804634 ], [ -61.142504555878197, -30.9022283400414 ], [ -61.142029591469701, -30.902145853387101 ], [ -61.140473872418099, -30.901812981917299 ], [ -61.140147057185303, -30.901812868491 ], [ -61.1399581121618, -30.901907987524499 ], [ -61.139565192228297, -30.9021857052591 ], [ -61.13936432856309, -30.9021444724217 ], [ -61.1391244984192, -30.9020620593712 ], [ -61.138908622065593, -30.9020619759936 ], [ -61.137199436352901, -30.901702469107398 ], [ -61.136097429267799, -30.901033764908199 ], [ -61.135782624803802, -30.901002771423101 ], [ -61.135536740190602, -30.9010386968035 ], [ -61.135332804112693, -30.9011338054428 ], [ -61.135152849568499, -30.901257230147301 ], [ -61.134906927953502, -30.901357468525099 ], [ -61.134612785447203, -30.901275568573201 ], [ -61.134367023230602, -30.901082509504299 ], [ -61.134202177273202, -30.900956382384091 ], [ -61.134016376101087, -30.9007942278039 ], [ -61.133917539991998, -30.900585801258401 ], [ -61.133833663459598, -30.900446833452801 ], [ -61.133719745677702, -30.900418493319499 ], [ -61.133569908292991, -30.9002717879378 ], [ -61.1333361832693, -30.900016995080801 ], [ -61.132621598945107, -30.8994650816114 ], [ -61.132336899808401, -30.899215404917001 ], [ -61.132106117469299, -30.899063525886 ], [ -61.131944317606902, -30.898873073217199 ], [ -61.131893451339501, -30.898690389117 ], [ -61.131926522784909, -30.898518027794101 ], [ -61.131986582738797, -30.898358552842002 ], [ -61.131948848823491, -30.8981061999263 ], [ -61.131933986257494, -30.8978643523347 ], [ -61.131859172689992, -30.8976276379185 ], [ -61.131667347023203, -30.8975143518478 ], [ -61.131385654621901, -30.8972724028283 ], [ -61.131160949559501, -30.896989306628999 ], [ -61.130876288057102, -30.896703613560309 ], [ -61.130639260030193, -30.8964529569452 ], [ -61.129917237197503, -30.895541895802101 ], [ -61.128941230778103, -30.894371705239699 ], [ -61.128348016716487, -30.893674242291102 ], [ -61.127892640691201, -30.893128617161899 ], [ -61.127426448971001, -30.892771598311299 ], [ -61.126824135772097, -30.892269647502101 ], [ -61.126476536249498, -30.891999355447201 ], [ -61.125988206622708, -30.890848785209499 ], [ -61.1255182096696, -30.889806289589899 ], [ -61.1248366295087, -30.888283866533602 ], [ -61.124594124869098, -30.887774356751201 ], [ -61.124504405882988, -30.887432136971899 ], [ -61.124393645491402, -30.8871748149034 ], [ -61.124044330371802, -30.886870944059702 ] ] ] } },
{ "type": "Feature", "properties": { "Nombre": "Canal Empalme San Carlos", "Longuitud": 7.69, "Datos": "Itervencion TOTAL", "Estado": null, "Zona": "Centro" }, "geometry": { "type": "MultiLineString", "coordinates": [ [ [ -60.813626, -31.553763 ], [ -60.822562, -31.551989 ], [ -60.828797, -31.550681 ], [ -60.834544, -31.549496 ], [ -60.844085, -31.552827 ], [ -60.847546, -31.554012 ], [ -60.8529, -31.555743 ], [ -60.856713, -31.557185 ], [ -60.857131, -31.557022 ], [ -60.86534, -31.559901 ], [ -60.867843, -31.560862 ], [ -60.869387, -31.561441 ], [ -60.869595, -31.56118 ], [ -60.874763, -31.562871 ], [ -60.874648, -31.563072 ], [ -60.886786, -31.56717 ], [ -60.889196, -31.568002 ] ] ] } },
{ "type": "Feature", "properties": { "Nombre": "Canal Perimetral Sanford", "Longuitud": null, "Datos": null, "Estado": null, "Zona": "Sur" }, "geometry": { "type": "MultiLineString", "coordinates": [ [ [ -61.2716959993, -33.143438509500001 ], [ -61.280810328400001, -33.138212231799997 ], [ -61.287139581300003, -33.146006706500003 ] ] ] } },
{ "type": "Feature", "properties": { "Nombre": "Canal Conexion al  Canal San Urbano", "Longuitud": null, "Datos": null, "Estado": null, "Zona": "Sur" }, "geometry": { "type": "MultiLineString", "coordinates": [ [ [ -61.855496044002322, -33.804646410081141 ], [ -61.855007894980581, -33.804303319556723 ], [ -61.85466601586198, -33.804025621576542 ], [ -61.853828641090303, -33.803600620319273 ], [ -61.853297652942651, -33.803337317588898 ], [ -61.852513497239322, -33.803058545015979 ], [ -61.85201941363686, -33.802902908411163 ], [ -61.851463963805919, -33.802724936073751 ], [ -61.850307291520167, -33.802124377647353 ], [ -61.849533314887019, -33.801640291141602 ], [ -61.848610282919402, -33.800918415294682 ], [ -61.847994464432553, -33.800479832856169 ], [ -61.847436924185573, -33.800078616082857 ], [ -61.846491030473629, -33.799497202748029 ], [ -61.845735350189742, -33.799065256415602 ], [ -61.844681635572712, -33.798480100482159 ], [ -61.844136654714568, -33.798203363941518 ], [ -61.843495268733022, -33.797959612701753 ], [ -61.842284187448129, -33.797441060219533 ], [ -61.841197958293527, -33.796952213706327 ], [ -61.839895792623253, -33.796315586583617 ], [ -61.838644595095367, -33.795682460603459 ], [ -61.8375820703409, -33.795111390802859 ], [ -61.837035688081563, -33.79467856242762 ], [ -61.836293929684047, -33.794317467806941 ], [ -61.835582712778191, -33.794014212823747 ], [ -61.835014458640622, -33.793777552136547 ], [ -61.833686138523291, -33.793316861528361 ], [ -61.833271188494422, -33.793103176977709 ], [ -61.831102000686407, -33.792012315405813 ], [ -61.828266771314468, -33.790423006400552 ], [ -61.826874533541222, -33.789566751787312 ], [ -61.824956208871313, -33.788130309548599 ], [ -61.823083, -33.786608 ], [ -61.82100923822329, -33.78500519796421 ], [ -61.81874326993087, -33.78205080400005 ], [ -61.818284824932029, -33.781601319385153 ], [ -61.817981307320871, -33.781198211531773 ], [ -61.816474778044352, -33.778761132163623 ], [ -61.815308677813469, -33.776999579328113 ], [ -61.814742612595239, -33.776200153125423 ], [ -61.813922325537071, -33.774863100567522 ], [ -61.813176597150743, -33.773267381393062 ], [ -61.812634527520402, -33.772086717570978 ], [ -61.81171859250415, -33.769912993447463 ], [ -61.810966879309753, -33.768043236470632 ], [ -61.810754262526778, -33.767590938357678 ], [ -61.810663350275981, -33.767425479857323 ], [ -61.810509203745092, -33.767290528318398 ], [ -61.810242206848642, -33.767112428054688 ], [ -61.809734817481967, -33.766839708217027 ], [ -61.809561852091399, -33.766616941232627 ], [ -61.809476132421338, -33.766267778596792 ], [ -61.809488307599942, -33.765702019613272 ], [ -61.809407900861487, -33.765390607112522 ], [ -61.808916791250809, -33.764540423097181 ], [ -61.808469896485832, -33.763810992301721 ], [ -61.807767656058822, -33.762664450829547 ], [ -61.807230055824412, -33.76184406983073 ], [ -61.806865859439277, -33.761026917164443 ], [ -61.806225280056459, -33.759212662127943 ], [ -61.80598584260953, -33.758895426007172 ], [ -61.805337277427007, -33.758446221782769 ], [ -61.804304195628461, -33.757875133148147 ], [ -61.803817515224317, -33.757447356199613 ], [ -61.803606838040409, -33.757098873742017 ], [ -61.803509380269212, -33.75675838683221 ], [ -61.803479516760333, -33.756435782824973 ], [ -61.803462404152377, -33.756098349553298 ], [ -61.803513476282291, -33.755790742493303 ], [ -61.803522584072461, -33.755557792580589 ], [ -61.803482572448431, -33.755309893771773 ], [ -61.803191631459619, -33.754935225001837 ], [ -61.801807720586837, -33.753849936582341 ], [ -61.799968862507761, -33.75243345978452 ], [ -61.799675802367517, -33.752209812702269 ], [ -61.799312345475087, -33.751760350675433 ], [ -61.798175336346517, -33.750117260494157 ], [ -61.797435315719611, -33.749071277766603 ], [ -61.796994364139628, -33.748609721709776 ], [ -61.795722152858687, -33.747320785131102 ], [ -61.795395960870451, -33.746988327132662 ], [ -61.794678761013841, -33.746021135875573 ], [ -61.793927951576592, -33.745019218560557 ], [ -61.793496883354223, -33.744398761949128 ], [ -61.793026584571393, -33.74317406659344 ], [ -61.792723058920451, -33.742777171969209 ], [ -61.790651921833202, -33.73991606843979 ], [ -61.78875806945387, -33.736771387326051 ], [ -61.788542155259897, -33.736185668335722 ], [ -61.788386331809463, -33.735821190299959 ], [ -61.788207915375843, -33.735375749885073 ], [ -61.788169145263652, -33.734923872673022 ], [ -61.788036444472652, -33.734610690909058 ], [ -61.787878723417421, -33.734332154877841 ], [ -61.787553004595743, -33.73402908605722 ], [ -61.78689190431556, -33.733570241861649 ], [ -61.785505207227757, -33.732750210318628 ], [ -61.784678424954457, -33.732211864932943 ], [ -61.784232550465731, -33.731826991718329 ], [ -61.782993888940076, -33.730631285798751 ], [ -61.782083510204089, -33.729695974963839 ], [ -61.7813983838927, -33.729098302649597 ], [ -61.780091765929519, -33.728146087127378 ], [ -61.778592343460843, -33.72700465663312 ], [ -61.777929611493278, -33.726499469004239 ], [ -61.7772279037532, -33.725903827875847 ], [ -61.776861106890301, -33.725489698505939 ], [ -61.776118509828002, -33.724505053946821 ], [ -61.775917613050609, -33.724253336796309 ], [ -61.775539862324159, -33.723834240113121 ], [ -61.775130336775049, -33.723529561639999 ], [ -61.774394911871063, -33.723016308940352 ], [ -61.773793401981607, -33.722507981623522 ], [ -61.77312667258466, -33.721800867955849 ], [ -61.77299413206768, -33.721666643284792 ], [ -61.771352507190727, -33.720472905222493 ], [ -61.7694212347049, -33.719022521343597 ], [ -61.768743377194937, -33.71850842430451 ], [ -61.768475587783591, -33.71832006243892 ], [ -61.767724074168243, -33.71800279870488 ], [ -61.764565928143597, -33.716777392015523 ], [ -61.761625751001787, -33.715663810758393 ], [ -61.75949570174874, -33.714782552108431 ], [ -61.757598767319223, -33.714061805938599 ], [ -61.756784461371637, -33.713783436294143 ], [ -61.756044444681443, -33.71372381249499 ], [ -61.755509421561548, -33.713896470697151 ], [ -61.754928570048321, -33.713990757436953 ], [ -61.750743382859191, -33.714685370189727 ], [ -61.7487517366419, -33.715010800652713 ], [ -61.748278601295489, -33.715013423603011 ], [ -61.747849023508202, -33.714826216068502 ], [ -61.747673290221769, -33.714704422980567 ], [ -61.747558990175811, -33.714600900222791 ], [ -61.747270551385178, -33.71454977236705 ], [ -61.746937084111927, -33.714562219319113 ], [ -61.746706582885942, -33.714631835604038 ], [ -61.746537014442858, -33.714736502170062 ], [ -61.746440924932237, -33.715067676050062 ], [ -61.746269677607692, -33.715373140598423 ], [ -61.7461421868936, -33.715561135972813 ], [ -61.74589950189916, -33.715616193919523 ], [ -61.745716670402082, -33.715827825067613 ] ] ] } },
{ "type": "Feature", "properties": { "Nombre": "Canal Del Medio", "Longuitud": null, "Datos": null, "Estado": null, "Zona": "Sur" }, "geometry": { "type": "MultiLineString", "coordinates": [ [ [ -60.925978855977178, -33.640911610071221 ], [ -60.927040606210781, -33.641583109544733 ], [ -60.927311579001952, -33.64244019248369 ], [ -60.927798321026572, -33.642790774825073 ], [ -60.928424984904218, -33.643260098152702 ], [ -60.928916171694702, -33.643870720771687 ], [ -60.929369842216637, -33.644514010152243 ], [ -60.929927464491684, -33.645168494616797 ], [ -60.930838401734889, -33.646123983232307 ], [ -60.931310876924186, -33.646424910022233 ], [ -60.931656303563798, -33.646780537542377 ], [ -60.931993634598022, -33.647295502240127 ], [ -60.932303129967202, -33.648189438328771 ], [ -60.93274152090455, -33.649516321191527 ], [ -60.93257450698421, -33.649812150889282 ], [ -60.932273284051327, -33.650137862411789 ], [ -60.931887910561258, -33.650667196522043 ], [ -60.931810128293932, -33.650963732761909 ], [ -60.93210309394599, -33.651356084997524 ], [ -60.9324183711499, -33.651748615297208 ], [ -60.932801565002507, -33.652049600614568 ], [ -60.933127130642298, -33.652194581635193 ], [ -60.933888382254871, -33.653928267446162 ], [ -60.934392929985613, -33.654031332653453 ], [ -60.934864383878633, -33.654342188491292 ], [ -60.936037522569542, -33.65451246942942 ], [ -60.936351694176643, -33.655004033010457 ], [ -60.936668209763923, -33.655291319003702 ], [ -60.937001864076883, -33.656030665162447 ], [ -60.937255146609452, -33.656181275666093 ], [ -60.937908808181668, -33.656254557477013 ], [ -60.938742363126508, -33.656205444203401 ], [ -60.939344103872919, -33.656265924144861 ], [ -60.940569937131222, -33.657034312391872 ], [ -60.942807587019153, -33.658304366850203 ], [ -60.944007497311148, -33.658820363163358 ], [ -60.945526440885857, -33.659779169581761 ], [ -60.947329191159326, -33.661107792440127 ], [ -60.949771950443953, -33.662988226881787 ], [ -60.951864816102358, -33.664586190761277 ], [ -60.952856208802899, -33.665356085190702 ], [ -60.953818879859149, -33.666090065077171 ], [ -60.95473994777133, -33.667035932699918 ], [ -60.957085674427603, -33.669174733744981 ], [ -60.95896972379937, -33.670792939910562 ], [ -60.960418667403637, -33.671906112031678 ], [ -60.961344608964069, -33.672427514978203 ], [ -60.963257730715569, -33.673239561700811 ], [ -60.965381590979462, -33.67421095263591 ], [ -60.966651130374103, -33.67471047660154 ], [ -60.967305788734457, -33.674935898489707 ], [ -60.968147518613371, -33.67509745212471 ], [ -60.96932619011438, -33.675194605536277 ], [ -60.971017183050897, -33.675221973803588 ], [ -60.972546554947513, -33.675248084704371 ], [ -60.973094880865183, -33.675252274165402 ], [ -60.973774110419058, -33.675425591426709 ], [ -60.974187892714532, -33.675592075349307 ], [ -60.97456694249523, -33.675767902956281 ], [ -61.003917542425022, -33.702598845525401 ], [ -61.008746269292878, -33.707319445713537 ], [ -61.012889732709283, -33.710970678748872 ], [ -61.027250022662933, -33.724466423633707 ], [ -61.029726437869897, -33.726800195772427 ], [ -61.033937196885688, -33.730808392773092 ], [ -61.035538569420822, -33.73161390849635 ], [ -61.036952035550087, -33.732062629620998 ], [ -61.045960319756077, -33.732805583257047 ], [ -61.047125841325403, -33.733000437970937 ], [ -61.050197125583537, -33.733844402697642 ], [ -61.056827706072418, -33.735374487342312 ], [ -61.059956670602169, -33.735910658830072 ], [ -61.06149278592715, -33.73635813367909 ], [ -61.067327284730567, -33.737843195312912 ], [ -61.06879774378065, -33.737932886190947 ], [ -61.069588487112249, -33.737516573023989 ], [ -61.070868171842022, -33.736201202414399 ] ] ] } },
{ "type": "Feature", "properties": { "Nombre": "Canal Juncal", "Longuitud": null, "Datos": null, "Estado": null, "Zona": "Sur" }, "geometry": { "type": "MultiLineString", "coordinates": [ [ [ -61.218099986494913, -33.706137267589313 ], [ -61.215040334204133, -33.704461132119228 ], [ -61.205826770904949, -33.699485304140516 ], [ -61.199354246806607, -33.696035957745387 ], [ -61.193678966130427, -33.69298709363661 ], [ -61.187857318020363, -33.689911133801907 ], [ -61.186842304312421, -33.689329194271771 ], [ -61.182045687285139, -33.686726587112013 ], [ -61.178169634539643, -33.684638487054293 ], [ -61.173342576172168, -33.681932245590602 ], [ -61.16990575710858, -33.680091090808148 ], [ -61.166391680795009, -33.678152342914132 ], [ -61.165570703004647, -33.677735859787887 ], [ -61.165173376457332, -33.67759156431687 ], [ -61.164707853077218, -33.677469025436203 ], [ -61.163717761212979, -33.677422819005614 ], [ -61.160586716100418, -33.677637703168656 ], [ -61.160180617982313, -33.67766498827811 ], [ -61.159789895518458, -33.677631530261088 ], [ -61.159485832707752, -33.677549046200021 ], [ -61.159153118153249, -33.677396408943594 ], [ -61.15874225866343, -33.677154652180718 ], [ -61.158124202643947, -33.676902835203073 ], [ -61.15752314571921, -33.676801867317693 ], [ -61.157028320090163, -33.676795510315408 ], [ -61.156654469214281, -33.676840978984472 ], [ -61.153652996931157, -33.677579223995558 ], [ -61.149314005996338, -33.678643268691602 ], [ -61.146781765398927, -33.6792504416089 ], [ -61.145273965112139, -33.679620978626332 ], [ -61.144737891775861, -33.679800835069351 ], [ -61.144415672775558, -33.680025296006797 ], [ -61.144265471169433, -33.680194474855433 ], [ -61.144081587136498, -33.680399927461039 ], [ -61.143849994228113, -33.680589451863163 ], [ -61.143490661675322, -33.680665867507933 ], [ -61.143170260483259, -33.680665465014478 ], [ -61.142734302785982, -33.680636888189149 ], [ -61.140259636567563, -33.68042151478155 ], [ -61.138497356563953, -33.680279219764948 ], [ -61.136893228842098, -33.680164711115992 ], [ -61.13606493676658, -33.680067366493233 ], [ -61.135632947760698, -33.680067068800547 ], [ -61.135390508416592, -33.680147584684029 ], [ -61.135162868908012, -33.68024018409519 ], [ -61.134939070127793, -33.680393687148523 ], [ -61.134622954695757, -33.680656170878912 ], [ -61.133944804288483, -33.681544925157908 ], [ -61.132705008231412, -33.682976719393018 ], [ -61.130349525465768, -33.685705803326933 ], [ -61.128328790490919, -33.688102931061167 ], [ -61.126981547044053, -33.6896787598332 ], [ -61.126684378140837, -33.690038414592003 ], [ -61.126359642537949, -33.69038954648093 ], [ -61.126121846131511, -33.690684619002518 ], [ -61.125846447270391, -33.690935171041197 ], [ -61.125461829647357, -33.691231114984362 ], [ -61.124845011170862, -33.69162752221478 ], [ -61.122883485581859, -33.692621573144649 ], [ -61.122469091215372, -33.692857346761834 ], [ -61.116675441712687, -33.695809740500117 ], [ -61.108786503072167, -33.699921516374253 ], [ -61.107239622294223, -33.700661139988917 ], [ -61.103381041643779, -33.702646779671603 ], [ -61.102584885582012, -33.703071727776532 ], [ -61.09789572259222, -33.706660078301063 ], [ -61.096209880910081, -33.708085468590291 ], [ -61.095842473454212, -33.708828170829733 ], [ -61.095521386693612, -33.710638543961949 ], [ -61.09463336934936, -33.715548641774603 ], [ -61.093919936087673, -33.720018996893877 ], [ -61.093687012770438, -33.721034367383837 ], [ -61.093432317302522, -33.721625436788713 ], [ -61.092254584108133, -33.723087353715322 ], [ -61.088392211678062, -33.72738008756469 ], [ -61.087229493216242, -33.728745970934362 ], [ -61.086549024395467, -33.729368161261633 ], [ -61.085930814239283, -33.729729626882772 ], [ -61.079581055107269, -33.731757148785682 ], [ -61.07737700162474, -33.732433680941597 ], [ -61.074096972076987, -33.73357141924172 ], [ -61.073267715712682, -33.734119980173752 ], [ -61.072846141924238, -33.734485638645857 ], [ -61.070868171842022, -33.736201202414399 ] ] ] } },
{ "type": "Feature", "properties": { "Nombre": "A° San Lorenzo", "Longuitud": 32.906, "Datos": "Itervencion TOTAL", "Estado": null, "Zona": "Sur" }, "geometry": { "type": "MultiLineString", "coordinates": [ [ [ -60.725839746095403, -32.7195061617007 ], [ -60.726998379393692, -32.719856217037702 ], [ -60.727295362068404, -32.719918113278197 ], [ -60.72759246668231, -32.719994976107202 ], [ -60.728164764464601, -32.720175022696203 ], [ -60.728386495577503, -32.720233610427101 ], [ -60.728612042686002, -32.720217331071503 ], [ -60.728793462997892, -32.720216276706402 ], [ -60.729187977432098, -32.720300054405499 ], [ -60.730045298249408, -32.720429861487702 ], [ -60.730342010265403, -32.720458071345497 ], [ -60.730779066545502, -32.720332030707098 ], [ -60.731277735562003, -32.720164465427999 ], [ -60.7318481464565, -32.720112488649399 ], [ -60.732167410729502, -32.7201929532512 ], [ -60.732375777539701, -32.720240385944798 ], [ -60.732637089722303, -32.720268797136903 ], [ -60.733096604282693, -32.720183781914699 ], [ -60.733483270669097, -32.720121618833304 ], [ -60.7341366801259, -32.719938167129399 ], [ -60.735280784703491, -32.719695702806 ], [ -60.735586007392499, -32.7196826865693 ], [ -60.735903458915892, -32.719542360861197 ], [ -60.736486614463793, -32.719157226042199 ], [ -60.737248444385912, -32.718707424124602 ], [ -60.737758116400599, -32.718266585499997 ], [ -60.73802636395191, -32.718062927273103 ], [ -60.738511730527101, -32.717895411675102 ], [ -60.738834398504991, -32.7178523461411 ], [ -60.739544962039609, -32.717627365850497 ], [ -60.740601914481203, -32.717284343212498 ], [ -60.741003295208202, -32.717128540940998 ], [ -60.742005041082606, -32.716800785437997 ], [ -60.742971630514198, -32.716503168073402 ], [ -60.743244781484101, -32.716359345283699 ], [ -60.743474181956699, -32.716275655980603 ], [ -60.744046090214702, -32.716148691256201 ], [ -60.7445449889805, -32.716014751915502 ], [ -60.745173477477792, -32.716033472354198 ], [ -60.745979170241803, -32.716077330432 ], [ -60.746678390973102, -32.716088137609397 ], [ -60.747251247867297, -32.716051085906599 ], [ -60.747542957581601, -32.716011925421398 ], [ -60.747994763233301, -32.716069106664399 ], [ -60.748269711545298, -32.716142310664402 ], [ -60.749030862628302, -32.716152735135303 ], [ -60.750314363804002, -32.716189968237899 ], [ -60.75094353122131, -32.716290984062702 ], [ -60.751385486889099, -32.716228460998202 ], [ -60.752299939204399, -32.716050866108603 ], [ -60.7527638265842, -32.715965753751 ], [ -60.753793961980698, -32.715866009205499 ], [ -60.754184014858097, -32.715945993092497 ], [ -60.754678301324198, -32.7161696514667 ], [ -60.755154726956391, -32.7163567772565 ], [ -60.755481392285603, -32.716430469033597 ], [ -60.7560277127875, -32.716470632994799 ], [ -60.757696768035103, -32.716561048691297 ], [ -60.759701960486403, -32.716701658679298 ], [ -60.760795690705613, -32.7167771519117 ], [ -60.762227314592003, -32.716849180832803 ], [ -60.763325378418102, -32.7169119641649 ], [ -60.764468261192697, -32.717123429170599 ], [ -60.765005754756601, -32.717210584588997 ], [ -60.765806041914409, -32.717150284683299 ], [ -60.7669678387416, -32.717111204643203 ], [ -60.767693440057997, -32.717062026350703 ], [ -60.768386092924203, -32.716990747133401 ], [ -60.76945608980369, -32.716842124505099 ], [ -60.770485458836902, -32.716811236321398 ], [ -60.772202752281601, -32.716704831512303 ], [ -60.772919353358802, -32.716635744932603 ], [ -60.773679550811799, -32.716569700768602 ], [ -60.774359058754698, -32.716537481058602 ], [ -60.77585094836941, -32.716388370012098 ], [ -60.776614839301693, -32.716352726057401 ], [ -60.777526407686203, -32.716254419069998 ], [ -60.778435876758792, -32.716186531372699 ], [ -60.778978785013997, -32.716189486921699 ], [ -60.779659106075989, -32.716217480324403 ], [ -60.7813706132806, -32.716339632124701 ], [ -60.7823469383044, -32.7164695325907 ], [ -60.785222590797787, -32.717060976006401 ], [ -60.788209928024898, -32.717674051535397 ], [ -60.789420402860813, -32.717908781534 ], [ -60.790930806768898, -32.718221764117501 ], [ -60.79119621182209, -32.7182825131135 ], [ -60.791440988698902, -32.718378304862 ], [ -60.791612383980201, -32.718582798189601 ], [ -60.791841827646508, -32.7188394278065 ], [ -60.791919244584392, -32.718959041952203 ], [ -60.792046198376703, -32.719092121732501 ], [ -60.792347172976498, -32.719260345798197 ], [ -60.793115060812603, -32.719549524714303 ], [ -60.79631126168379, -32.720892170825003 ], [ -60.798490045018603, -32.721751347554502 ], [ -60.800262413684507, -32.722449781826697 ], [ -60.801240266468596, -32.722932683662599 ], [ -60.801527129306201, -32.723148163114097 ], [ -60.801819507653803, -32.723359156825602 ], [ -60.802114830140098, -32.723630166651198 ], [ -60.802659220562013, -32.7241158502651 ], [ -60.803556072488909, -32.724860676140501 ], [ -60.805241226114703, -32.726355313441701 ], [ -60.805796345135001, -32.726840979828999 ], [ -60.806498299884609, -32.727464231311501 ], [ -60.808265602705703, -32.728983901999499 ], [ -60.811321593759409, -32.731404522272001 ], [ -60.81481421718, -32.734133472798 ], [ -60.817653666294902, -32.7364341095169 ], [ -60.819949032311513, -32.738187145457601 ], [ -60.8223079222442, -32.740058753319602 ], [ -60.824918079840202, -32.742177606249498 ], [ -60.826515657275699, -32.7434669578344 ], [ -60.828974786899607, -32.745355222375302 ], [ -60.8312265951648, -32.747124452382302 ], [ -60.8337493943555, -32.7490645941784 ], [ -60.834241317120899, -32.749483428129203 ], [ -60.8345926497664, -32.7498565420426 ], [ -60.834892819346699, -32.750269036415702 ], [ -60.835634033882698, -32.751253772501599 ], [ -60.836754732861792, -32.752735890386603 ], [ -60.837560577636808, -32.753754733023001 ], [ -60.838227164188702, -32.754575227670102 ], [ -60.840135265878899, -32.757093118825999 ], [ -60.840811258741098, -32.758018858199499 ], [ -60.841217067753803, -32.758492965418498 ], [ -60.841447237030003, -32.758870825243299 ], [ -60.841771776601597, -32.759527785125698 ], [ -60.842899451429801, -32.761762051258998 ], [ -60.844233853322088, -32.764300543308899 ], [ -60.845026247194198, -32.765942702421597 ], [ -60.845222792187599, -32.766337770567297 ], [ -60.845491694032098, -32.766703103543101 ], [ -60.845716380541802, -32.766957512511901 ], [ -60.846056822131203, -32.7673160198378 ], [ -60.847421295163699, -32.768510535959898 ], [ -60.851440407249193, -32.772290074008197 ], [ -60.853984486463297, -32.774765078801202 ], [ -60.855284112502893, -32.776022858039603 ], [ -60.856028584476398, -32.7767495337377 ], [ -60.856332117020003, -32.776951153937297 ], [ -60.856619224150002, -32.777056247721497 ], [ -60.856966740260702, -32.777135134507297 ], [ -60.857611255886802, -32.777281945016199 ], [ -60.858658813702007, -32.777522264753898 ], [ -60.859225372453103, -32.777648094670496 ], [ -60.8595339423563, -32.7777439204418 ], [ -60.8598339358525, -32.777871601590903 ], [ -60.860144396622502, -32.778004062908003 ], [ -60.86053504025849, -32.778170467707199 ], [ -60.863297980463997, -32.779439578319902 ], [ -60.866868649759986, -32.781078450914102 ], [ -60.870039162851, -32.782479824478699 ], [ -60.875667283033202, -32.784830996109903 ], [ -60.878421188127703, -32.7858776526867 ], [ -60.881008617820797, -32.786907406456699 ], [ -60.884480582589909, -32.788289930955301 ], [ -60.886705309741487, -32.789146564312098 ], [ -60.887195059364103, -32.789388499698603 ], [ -60.8883707682497, -32.790057308732301 ], [ -60.889148789794902, -32.790415482096797 ], [ -60.889357792570898, -32.790612193352402 ] ] ] } },
{ "type": "Feature", "properties": { "Nombre": "Canal San Urbano", "Longuitud": 56.978, "Datos": "Itervencion TOTAL", "Estado": null, "Zona": "Sur" }, "geometry": { "type": "MultiLineString", "coordinates": [ [ [ -61.071462374332, -33.435118295340899 ], [ -61.072432861437299, -33.437472095829399 ], [ -61.073451638114399, -33.4401188923867 ], [ -61.073732683872102, -33.442916653531697 ], [ -61.073616759087891, -33.446244060726102 ], [ -61.073504028219801, -33.448011601418301 ], [ -61.07326119400939, -33.4501373381284 ], [ -61.0725161778225, -33.453357426745299 ], [ -61.072898228892797, -33.455252235126501 ], [ -61.073276360376603, -33.456827592096403 ], [ -61.073590544428598, -33.4604895456823 ], [ -61.073943341985, -33.463643744698103 ], [ -61.074199530701101, -33.466234984188198 ], [ -61.074717215283798, -33.470026716719502 ], [ -61.075504617528303, -33.472049547967899 ], [ -61.076793954448704, -33.474763359899903 ], [ -61.078773311833899, -33.4788618439648 ], [ -61.079480801057798, -33.479851718643403 ], [ -61.080462996030199, -33.481290229434599 ], [ -61.081480028227801, -33.483724462909102 ], [ -61.083321987027787, -33.487560959358703 ], [ -61.083504477444599, -33.489607809938597 ], [ -61.0837734093626, -33.491390801025403 ], [ -61.0840706351158, -33.4936433701344 ], [ -61.084196410087799, -33.496748410069003 ], [ -61.084143039255501, -33.500323584678902 ], [ -61.084808714004588, -33.5044711021635 ], [ -61.085381985702298, -33.507359275560901 ], [ -61.0858069760137, -33.508204220874497 ], [ -61.087784488414101, -33.510449990980398 ], [ -61.088608257214297, -33.511265706905903 ], [ -61.089833687912503, -33.512283621204297 ], [ -61.092153600906698, -33.513664778022999 ], [ -61.094279723281588, -33.514473352753598 ], [ -61.096713916455798, -33.514974638240503 ], [ -61.0982252806538, -33.5155270256816 ], [ -61.100556526628303, -33.516573598258297 ], [ -61.101360923999501, -33.517015833532597 ], [ -61.102579858110701, -33.517545714954998 ], [ -61.103166243505498, -33.517784806331399 ], [ -61.106561654375703, -33.519207538397801 ], [ -61.108729589738097, -33.519471039733801 ], [ -61.110744037821597, -33.519735878623202 ], [ -61.112203266288098, -33.519799935105603 ], [ -61.115207717494599, -33.520647301001901 ], [ -61.116718631433507, -33.521148030351199 ], [ -61.117983793155602, -33.521638100139398 ], [ -61.120680027758603, -33.522385244893997 ], [ -61.122841035788603, -33.523291487612902 ], [ -61.124275783636101, -33.523831388779797 ], [ -61.126052263173797, -33.524676770856999 ], [ -61.1274281525479, -33.525410048310903 ], [ -61.128556779087397, -33.526016978125803 ], [ -61.130271103031099, -33.526798572941203 ], [ -61.132416295649797, -33.527653354715497 ], [ -61.137261646107198, -33.529524871367997 ], [ -61.13778662818369, -33.529751501621497 ], [ -61.14331989516721, -33.529044756812397 ], [ -61.1516763252231, -33.528208674023901 ], [ -61.158550500828099, -33.527118884632003 ], [ -61.159935836121512, -33.527025758386401 ], [ -61.162113904981503, -33.528021157346501 ], [ -61.17577384271641, -33.524304711589501 ], [ -61.180598045940613, -33.524567420175202 ], [ -61.184391692168298, -33.5246854981567 ], [ -61.186403996493901, -33.524769104614002 ], [ -61.187522304671504, -33.525222908668098 ], [ -61.1904474648057, -33.526311888271103 ], [ -61.194801805397198, -33.5281215657293 ], [ -61.195640970090508, -33.528701953772398 ], [ -61.198125742545699, -33.530542115026698 ], [ -61.201835109292603, -33.533788348712903 ], [ -61.205683073249602, -33.536682650502001 ], [ -61.207946519285898, -33.538242169478799 ], [ -61.209206913593903, -33.539438552752898 ], [ -61.210999569041, -33.541362643099902 ], [ -61.212146489864303, -33.542995761840601 ], [ -61.212329543812999, -33.543136937820201 ], [ -61.220060173893813, -33.554543477412899 ], [ -61.220550655716501, -33.555193225066198 ], [ -61.220869216961901, -33.555394620509098 ], [ -61.221495264357898, -33.555562913042301 ], [ -61.222015323636498, -33.555628086678198 ], [ -61.222719879172601, -33.555607397469799 ], [ -61.2302357937713, -33.555188343087998 ], [ -61.231793672793501, -33.555145219217003 ], [ -61.232579185966301, -33.555149146923398 ], [ -61.233264211757302, -33.555271821223798 ], [ -61.23393533351269, -33.555469711123003 ], [ -61.23451516843781, -33.555728434123402 ], [ -61.236164406941398, -33.556609209837603 ], [ -61.236874889336299, -33.557001891622001 ], [ -61.2372004754803, -33.557097731355803 ], [ -61.237502831541903, -33.557119854003702 ], [ -61.237985047588602, -33.557060450071397 ], [ -61.238457921889498, -33.556912475679098 ], [ -61.245266188981986, -33.554762579750999 ], [ -61.258143088097192, -33.550702170915201 ], [ -61.265899828336501, -33.548242676349702 ], [ -61.270815673898987, -33.546732975719699 ], [ -61.271589511208397, -33.546509046927099 ], [ -61.272119694265598, -33.546262103578798 ], [ -61.272454304060787, -33.5460053774042 ], [ -61.272875738600213, -33.545612669954103 ], [ -61.273399351607097, -33.544945338710598 ], [ -61.273917614332099, -33.544259137636601 ], [ -61.274572981889492, -33.543754516141199 ], [ -61.275121096690597, -33.543483195244399 ], [ -61.275867055724092, -33.543269787329002 ], [ -61.276577306086388, -33.5432441914826 ], [ -61.2817509970399, -33.543118954917901 ], [ -61.287992207252707, -33.542981406003697 ], [ -61.2934073541118, -33.542873731967198 ], [ -61.2971900395193, -33.5427752514655 ], [ -61.298013848769699, -33.542773006294503 ], [ -61.298774237524299, -33.5427464564129 ], [ -61.299280876122303, -33.542686781536602 ], [ -61.299696156047602, -33.542564755341601 ], [ -61.300272807604188, -33.542215923167099 ], [ -61.301906965013202, -33.540704050518599 ], [ -61.304393810660201, -33.5383629574591 ], [ -61.307158705294299, -33.535937409372401 ], [ -61.309512025844903, -33.533772329857598 ], [ -61.310907693587403, -33.5325465362125 ], [ -61.311547352140202, -33.5321222450956 ], [ -61.3125860793158, -33.531699557554603 ], [ -61.313641473843397, -33.531438867456203 ], [ -61.314678347987901, -33.531382470667999 ], [ -61.315739079141693, -33.5315246200323 ], [ -61.317092900832101, -33.531978956647102 ], [ -61.320643042858002, -33.533098769540501 ], [ -61.326344476530103, -33.534903113322798 ], [ -61.327233369174401, -33.535104830809601 ], [ -61.328268710643002, -33.535297281092703 ], [ -61.329547423219907, -33.535300464060299 ], [ -61.330742244474699, -33.535304392113297 ], [ -61.33378795980309, -33.535144957316 ], [ -61.343880136534793, -33.534614087547702 ], [ -61.350615086493796, -33.534243947490801 ], [ -61.355622849295301, -33.533961222530401 ], [ -61.360872198511998, -33.533617785799898 ], [ -61.364496567332402, -33.533427485730499 ], [ -61.370000599203308, -33.5331211483808 ], [ -61.375515444524602, -33.532829433134602 ], [ -61.378217884266697, -33.532688698134699 ], [ -61.381618133214708, -33.532485749916397 ], [ -61.382690659247203, -33.532433346865403 ], [ -61.387756589998013, -33.532166030475501 ], [ -61.390630298937701, -33.5319823487566 ], [ -61.393436943053203, -33.5318603079768 ], [ -61.395000580155603, -33.531751999884797 ], [ -61.396056464662898, -33.5316913091537 ], [ -61.396938434011702, -33.531651771624297 ], [ -61.397761088319307, -33.531684228140499 ], [ -61.398382756612399, -33.531732629305701 ], [ -61.398997505539697, -33.531807449878997 ], [ -61.3995691490883, -33.531951835195102 ], [ -61.400144005623289, -33.532122868434897 ], [ -61.40079456353071, -33.5324100033055 ], [ -61.4020272811929, -33.533096385925397 ], [ -61.402489718415303, -33.533338832443 ], [ -61.404762909733897, -33.534745593886697 ], [ -61.406744786648503, -33.535917685113098 ], [ -61.408028862317401, -33.536699391893997 ], [ -61.408617105500099, -33.537057496946296 ], [ -61.409287732719598, -33.537412416702999 ], [ -61.410002876606207, -33.537713500733098 ], [ -61.41083405912979, -33.538002272771799 ], [ -61.411655568724591, -33.538248304239403 ], [ -61.412256578613501, -33.5383411940144 ], [ -61.412911243521002, -33.5384308668595 ], [ -61.413525270510597, -33.538460845482703 ], [ -61.413906305396999, -33.538513132699499 ], [ -61.414164719432797, -33.5385508864101 ], [ -61.416323952226492, -33.5386838928492 ], [ -61.419703871096601, -33.538956218239299 ], [ -61.421493730190598, -33.539058586965503 ], [ -61.422687735920803, -33.539136903836599 ], [ -61.423488853257801, -33.539211136664697 ], [ -61.424188426986198, -33.539357896083899 ], [ -61.424688409424199, -33.5394395990295 ], [ -61.425444600768699, -33.539742706711003 ], [ -61.426001976190499, -33.540010682562503 ], [ -61.426370927310202, -33.540270533589599 ], [ -61.4268112273216, -33.540457759461503 ], [ -61.427200300951988, -33.5407659951181 ], [ -61.4275059940665, -33.541031038706699 ], [ -61.427994361679602, -33.541536808592397 ], [ -61.428288198980297, -33.541850366162102 ], [ -61.428746876879401, -33.542481598352602 ], [ -61.429070937239899, -33.543005802933898 ], [ -61.429324558400701, -33.543790246420002 ], [ -61.429767917524707, -33.5450930053739 ], [ -61.430994856618987, -33.548564005132697 ], [ -61.431641328930802, -33.550422536926298 ], [ -61.431962506115603, -33.551527455774099 ], [ -61.432145289736297, -33.551990817407201 ], [ -61.43242826638911, -33.552523073828702 ], [ -61.433249068255499, -33.553855559282297 ], [ -61.434563003004392, -33.555978321717099 ], [ -61.435295048866791, -33.557268335626702 ], [ -61.435776896981999, -33.5580486402811 ], [ -61.436118716640102, -33.558614662012602 ], [ -61.437005597959391, -33.5601324715673 ], [ -61.437347485991303, -33.560720850008998 ], [ -61.437646701717092, -33.561159231073297 ], [ -61.437990663181587, -33.561494110432697 ], [ -61.438431533865703, -33.561823993373103 ], [ -61.438922422989187, -33.562117833301798 ], [ -61.439652717169707, -33.562476484471702 ], [ -61.440146490867491, -33.562765236633098 ], [ -61.440702071883187, -33.563099911869202 ], [ -61.441202198042603, -33.563511983490301 ], [ -61.443085858133401, -33.565298554625102 ], [ -61.445270547956497, -33.567324065536702 ], [ -61.447077710831401, -33.5689906049451 ], [ -61.448838862732998, -33.5706457159541 ], [ -61.450976837212302, -33.572638811060401 ], [ -61.453496786146502, -33.575010292792697 ], [ -61.455938988511001, -33.577330325819297 ], [ -61.458050750357202, -33.5792511807214 ], [ -61.459589150511597, -33.580701013304498 ], [ -61.460262088492499, -33.581208117502598 ], [ -61.461129710677803, -33.581631646304601 ], [ -61.461909093108588, -33.581805514137699 ], [ -61.462356755041597, -33.581931416158902 ], [ -61.4628185170167, -33.581977173460402 ], [ -61.465520196333699, -33.582539075549697 ], [ -61.466672716792999, -33.5827642690424 ], [ -61.468339079225103, -33.583089841720501 ], [ -61.4691771877241, -33.5832588583161 ], [ -61.4696540305602, -33.583408756719201 ], [ -61.470158191933187, -33.5835682070297 ], [ -61.471018105185202, -33.584018628898598 ], [ -61.471823522862401, -33.5844312972457 ], [ -61.4739276244932, -33.585518755611197 ], [ -61.476006604926297, -33.586646003849403 ], [ -61.478044732797201, -33.587679475766102 ], [ -61.479482314514698, -33.588392603376697 ], [ -61.481415399825607, -33.5894434178986 ], [ -61.482206599096401, -33.589828783109603 ], [ -61.482825015817909, -33.590196605332501 ], [ -61.4848405752128, -33.591253503262799 ], [ -61.486993783620903, -33.592375638268301 ], [ -61.488650994155009, -33.593276646061398 ], [ -61.490452197888501, -33.5941837173877 ], [ -61.491566592583702, -33.5948026545407 ], [ -61.492512109999097, -33.595211357709701 ], [ -61.493532633081898, -33.595581974892099 ], [ -61.4948076544134, -33.595889562496197 ], [ -61.49565504590521, -33.596051300719402 ], [ -61.496699514003609, -33.596097644107601 ], [ -61.4979396395536, -33.596072593042301 ], [ -61.499307427584291, -33.595874493029399 ], [ -61.500272601304601, -33.595722402735397 ], [ -61.501540177539987, -33.595510142357803 ], [ -61.504083042997109, -33.595076145370697 ], [ -61.506025431470299, -33.594695865403502 ], [ -61.506538187548898, -33.594661474497997 ], [ -61.506870999302002, -33.594551100837499 ], [ -61.507423562421813, -33.594439113356401 ], [ -61.5080235987488, -33.59443609209 ], [ -61.508446909088597, -33.594373375030202 ], [ -61.508966735724599, -33.594402920083397 ], [ -61.509743045647397, -33.594482332165299 ], [ -61.510523033427802, -33.594645960079099 ], [ -61.511261801156387, -33.594850730181697 ], [ -61.51184771994749, -33.595061169015302 ], [ -61.5122722169097, -33.595276374827797 ], [ -61.513056677008713, -33.595789718440997 ], [ -61.513373335285301, -33.5960000263889 ], [ -61.513728572634399, -33.596286373466697 ], [ -61.514104973172188, -33.596665294447803 ], [ -61.514430850468699, -33.597037035063003 ], [ -61.514822459606791, -33.597550764923199 ], [ -61.514971150195308, -33.597920146479602 ], [ -61.515716812270902, -33.5994563559602 ], [ -61.520090653748902, -33.609043932294 ], [ -61.520257978003997, -33.609348976729699 ], [ -61.520338520544897, -33.609625356508502 ], [ -61.520475488121299, -33.609975233078501 ], [ -61.520797102212697, -33.6104301088562 ], [ -61.521073661614487, -33.610916846593199 ], [ -61.521300928177993, -33.611220936735201 ], [ -61.5215545639225, -33.611606523395601 ], [ -61.5218408345293, -33.611859653347601 ], [ -61.52212383222821, -33.612168286349899 ], [ -61.522341263596211, -33.6124319268825 ], [ -61.522622562092813, -33.612852330428197 ], [ -61.523158830689013, -33.613352510819198 ], [ -61.523712616610503, -33.613838649884698 ], [ -61.524300998032999, -33.614387101775698 ] ] ] } },
{ "type": "Feature", "properties": { "Nombre": "Canal Tres Lagunas", "Longuitud": 26.266, "Datos": "Itervencion TOTAL", "Estado": null, "Zona": "Sur" }, "geometry": { "type": "MultiLineString", "coordinates": [ [ [ -61.479553, -32.540271 ], [ -61.479964, -32.539684 ], [ -61.481794, -32.538267 ], [ -61.484441, -32.536404 ], [ -61.485002, -32.536092 ], [ -61.486589, -32.53555 ], [ -61.487612, -32.535102 ], [ -61.490009, -32.533722 ], [ -61.492355, -32.532429 ], [ -61.493581, -32.531804 ], [ -61.49511, -32.530913 ], [ -61.496588, -32.52998 ], [ -61.497609, -32.529444 ], [ -61.498171, -32.529176 ], [ -61.49894, -32.528992 ], [ -61.499863, -32.528763 ], [ -61.500877, -32.527835 ], [ -61.502806, -32.526199 ], [ -61.50433, -32.524959 ], [ -61.505338, -32.523682 ], [ -61.506745, -32.521659 ], [ -61.507199, -32.521087 ], [ -61.508674, -32.520023 ], [ -61.510122, -32.518849 ], [ -61.510679, -32.518319 ], [ -61.511336, -32.51757 ], [ -61.512701, -32.516114 ], [ -61.513914, -32.514748 ], [ -61.51528, -32.513379 ], [ -61.516192, -32.512496 ], [ -61.517717, -32.511344 ], [ -61.519395, -32.510146 ], [ -61.520971, -32.508993 ], [ -61.522703, -32.507925 ], [ -61.524153, -32.506883 ], [ -61.525731, -32.505861 ], [ -61.52721, -32.505058 ], [ -61.528024, -32.504481 ], [ -61.529288, -32.503157 ], [ -61.530806, -32.501656 ], [ -61.531718, -32.500772 ], [ -61.53248, -32.500196 ], [ -61.533905, -32.499263 ], [ -61.534869, -32.498466 ], [ -61.536492, -32.497007 ], [ -61.537907, -32.495507 ], [ -61.539298, -32.494073 ], [ -61.540105, -32.493103 ], [ -61.540463, -32.493012 ], [ -61.54273, -32.493158 ], [ -61.544847, -32.493568 ], [ -61.547171, -32.494063 ], [ -61.548362, -32.494485 ], [ -61.550902, -32.495544 ], [ -61.552651, -32.495522 ], [ -61.558208, -32.495453 ], [ -61.561784, -32.495431 ], [ -61.563019, -32.495416 ], [ -61.565028, -32.495521 ], [ -61.56771, -32.495881 ], [ -61.570394, -32.496327 ], [ -61.574266, -32.497063 ], [ -61.576541, -32.497646 ], [ -61.578453, -32.498145 ], [ -61.580922145032098, -32.498671577163002 ], [ -61.5818851211354, -32.499069579343399 ], [ -61.583261151505098, -32.5000551751221 ], [ -61.583633064372101, -32.500228472267302 ], [ -61.585208208995191, -32.500499260863002 ], [ -61.5877027418544, -32.500541213924897 ], [ -61.589314, -32.499731 ], [ -61.593212, -32.500445 ], [ -61.598771, -32.500461 ], [ -61.601809, -32.500554 ], [ -61.605106, -32.500773 ], [ -61.607886, -32.500781 ], [ -61.610262, -32.501274 ], [ -61.612577, -32.501245 ], [ -61.614183, -32.501835 ], [ -61.617414, -32.501183 ], [ -61.621, -32.501725 ], [ -61.623841, -32.502299 ], [ -61.624976, -32.502459 ], [ -61.627296, -32.502647 ], [ -61.629152, -32.502841 ], [ -61.632248, -32.503281 ], [ -61.635296, -32.503939 ], [ -61.638085, -32.50447 ], [ -61.640849, -32.505066 ], [ -61.642454, -32.505612 ], [ -61.643748, -32.505988 ], [ -61.644987, -32.506189 ], [ -61.647101, -32.506423 ], [ -61.648655, -32.50697 ], [ -61.652747, -32.508399 ], [ -61.65762, -32.510297 ], [ -61.665627, -32.513266 ], [ -61.667286, -32.513942 ], [ -61.670187, -32.51495 ], [ -61.671898, -32.515625 ], [ -61.674862, -32.517243 ], [ -61.677616, -32.518646 ], [ -61.680713, -32.520458 ], [ -61.683161, -32.521995 ], [ -61.685296, -32.523318 ], [ -61.687435, -32.52486 ], [ -61.688947, -32.525842 ], [ -61.690822, -32.527038 ], [ -61.691602, -32.527464 ], [ -61.694299, -32.528518 ], [ -61.69622, -32.529364 ], [ -61.69793, -32.529995 ], [ -61.701116, -32.531021 ], [ -61.703242, -32.531864 ], [ -61.706248, -32.532914 ], [ -61.707959, -32.533545 ], [ -61.709831, -32.534522 ], [ -61.712847, -32.536095 ], [ -61.715758, -32.537582 ], [ -61.71862, -32.539156 ], [ -61.720726, -32.540283 ], [ -61.722494, -32.541175 ] ] ] } },
{ "type": "Feature", "properties": { "Nombre": "Canal Los Troncos", "Longuitud": 13.603, "Datos": "Itervencion TOTAL", "Estado": null, "Zona": "Sur" }, "geometry": { "type": "MultiLineString", "coordinates": [ [ [ -61.600835861201297, -32.597309160223801 ], [ -61.601130462747498, -32.597244777934002 ], [ -61.601249841778198, -32.5972646877267 ], [ -61.601365547479702, -32.597236365791602 ], [ -61.601590369944091, -32.597179161361296 ], [ -61.602105661539987, -32.597003082315503 ], [ -61.602721865476092, -32.596810564178902 ], [ -61.60302353338551, -32.596674539556901 ], [ -61.603198203647402, -32.596618877691199 ], [ -61.603408562130902, -32.596562474046401 ], [ -61.603718563004009, -32.596500454135601 ], [ -61.604452999738591, -32.596339298784102 ], [ -61.605851019169691, -32.596073305172602 ], [ -61.606132984610802, -32.596025678407003 ], [ -61.607348668906702, -32.5957862298051 ], [ -61.609032079384107, -32.595457842959803 ], [ -61.612196423598803, -32.594866707119699 ], [ -61.614823814540813, -32.594361255035203 ], [ -61.617624782270397, -32.593808759867102 ], [ -61.621097149353893, -32.593154670780699 ], [ -61.623700016744998, -32.592654309254101 ], [ -61.626569214387501, -32.592105663872402 ], [ -61.628936070828402, -32.591660518240602 ], [ -61.6299987298516, -32.591443790904499 ], [ -61.63127473887851, -32.5912010754883 ], [ -61.634032924218502, -32.590699458764298 ], [ -61.636313314419802, -32.590256193629799 ], [ -61.638981517020099, -32.589742997361299 ], [ -61.642407091806987, -32.589076521420402 ], [ -61.644589796231301, -32.588680262671197 ], [ -61.647549306810703, -32.588095511917899 ], [ -61.649785517478897, -32.587694351096502 ], [ -61.650036112665013, -32.587661377265697 ], [ -61.650238541083503, -32.587650112726898 ], [ -61.651123167561302, -32.587615665567498 ], [ -61.652073140441601, -32.587652107603397 ], [ -61.652846703592509, -32.587763586524296 ], [ -61.6540528727894, -32.588094917860097 ], [ -61.654760268803713, -32.588344341915402 ], [ -61.656116322729901, -32.589043267274299 ], [ -61.656947061176403, -32.589553451886303 ], [ -61.657581144136707, -32.589870962725797 ], [ -61.6582036154809, -32.590115177228 ], [ -61.658779915186699, -32.590304155374099 ], [ -61.659685909174797, -32.590498097829098 ], [ -61.660474950682591, -32.590624814513099 ], [ -61.661356895205103, -32.590681879732401 ], [ -61.662267968118897, -32.590648833058196 ], [ -61.6628570920332, -32.590580467458402 ], [ -61.664499493190597, -32.590314154001902 ], [ -61.6657502077801, -32.590040570056203 ], [ -61.665909090281687, -32.590017647012999 ], [ -61.667980849075498, -32.589640457585901 ], [ -61.671219120493298, -32.589037138706502 ], [ -61.673642676110703, -32.588588741316698 ], [ -61.676411141057692, -32.588084720060898 ], [ -61.679128656268503, -32.587581782034803 ], [ -61.681382131193097, -32.587170340455302 ], [ -61.684408206062898, -32.586602308358302 ], [ -61.686995072667997, -32.586117712867903 ], [ -61.689383888206201, -32.585673941025497 ], [ -61.692506196802903, -32.585090833183301 ], [ -61.693573727918, -32.584903875246198 ], [ -61.695789522715792, -32.584501798107603 ], [ -61.698795352857701, -32.583948756871301 ], [ -61.701576686661291, -32.5834465444035 ], [ -61.704080475384508, -32.582959931853601 ], [ -61.704099379664903, -32.582980409596701 ], [ -61.704144604104499, -32.583170390978999 ], [ -61.704163260488698, -32.583205034071703 ], [ -61.7042070708697, -32.583204933256397 ], [ -61.704295851759703, -32.583199296251401 ], [ -61.704691996096713, -32.583133768378197 ], [ -61.704939492794999, -32.583094240898198 ], [ -61.705105702392991, -32.583155436856899 ], [ -61.705792798055803, -32.583504105860897 ], [ -61.7081636376438, -32.584704643489403 ], [ -61.7092660733896, -32.585275684629799 ], [ -61.709678405242407, -32.585463763867303 ], [ -61.709811493797503, -32.585523209326901 ], [ -61.709945936808808, -32.585564491902304 ], [ -61.709991668003802, -32.585562909501697 ], [ -61.710074453696294, -32.585837092449999 ], [ -61.710106697420002, -32.585964951927998 ], [ -61.710239826221702, -32.585930833989103 ], [ -61.710301278611297, -32.5859157394272 ], [ -61.7104717492793, -32.585958213316502 ], [ -61.710786106043798, -32.586120692843103 ], [ -61.7120137829002, -32.586710348603702 ], [ -61.712777737948898, -32.587081684889299 ], [ -61.713132902939599, -32.587248480443002 ], [ -61.713190995833187, -32.5873106818309 ], [ -61.713269347398303, -32.587423940981097 ], [ -61.713400059384398, -32.587509657628601 ], [ -61.713876763634602, -32.587741722872998 ], [ -61.714688052903597, -32.588107643122797 ], [ -61.715258047912698, -32.5883758310028 ], [ -61.715389092380597, -32.5885187259018 ], [ -61.715477307980798, -32.588659893928799 ], [ -61.715654967146598, -32.5886607126982 ], [ -61.7158010509946, -32.588620858636503 ], [ -61.7158769234277, -32.5885938308585 ], [ -61.715891285784501, -32.588572880434697 ], [ -61.715883520486599, -32.588545859425103 ], [ -61.715894986725999, -32.588509923756703 ], [ -61.71592459765079, -32.588481264841398 ], [ -61.715952917467398, -32.588466643789097 ], [ -61.716029946578203, -32.588494351382401 ], [ -61.716820926216201, -32.588946279198602 ], [ -61.717615142804597, -32.5894096219712 ], [ -61.718320023260503, -32.589825958426601 ], [ -61.718374206862798, -32.589849321458502 ], [ -61.718415784828899, -32.589867624791303 ], [ -61.718472650966497, -32.589913726113402 ], [ -61.718579936055498, -32.589963814465897 ], [ -61.7186330169583, -32.589997314752701 ], [ -61.718680902979301, -32.590016324388799 ], [ -61.718731477812803, -32.590030546294301 ], [ -61.718778472949403, -32.590057281923102 ], [ -61.718816528787308, -32.590102299071297 ], [ -61.718838728156911, -32.590142518645898 ], [ -61.718848424436999, -32.5901774276807 ], [ -61.718867460455698, -32.5901981665059 ], [ -61.71892329182171, -32.590228540330898 ], [ -61.718997646962102, -32.590249831944902 ], [ -61.719058235217503, -32.590272580115801 ], [ -61.71910625629841, -32.590281880382697 ], [ -61.719149623019497, -32.5903021106447 ], [ -61.719189773694403, -32.5903237231717 ], [ -61.719209789624401, -32.590345762482897 ], [ -61.71932460660399, -32.590380274727799 ], [ -61.719648828957403, -32.590514222130203 ], [ -61.719893559541198, -32.590595004334297 ], [ -61.720106222009697, -32.590691641890402 ], [ -61.720429125257603, -32.590819154742903 ], [ -61.720892640050302, -32.591006460064499 ], [ -61.72151558272639, -32.591257633653697 ], [ -61.722411988242698, -32.591614601199197 ], [ -61.722907168706499, -32.591812470719098 ], [ -61.72314651875439, -32.591914265301199 ], [ -61.723268502639797, -32.591959042799999 ], [ -61.723733849798897, -32.592152527701501 ], [ -61.724125960894497, -32.592307545164303 ], [ -61.7242613064615, -32.592297784361499 ], [ -61.724316100190201, -32.592336085825004 ], [ -61.724353864694287, -32.592374122285598 ], [ -61.724399469229098, -32.592430690093998 ], [ -61.724427093125897, -32.592525105952298 ], [ -61.725441986372701, -32.592342634229603 ], [ -61.7258361237419, -32.5922570188565 ], [ -61.7258835252116, -32.592256959667601 ], [ -61.725907940909302, -32.592276491141597 ], [ -61.726000407783197, -32.592639311893898 ], [ -61.726120413994103, -32.593116654757999 ], [ -61.726253564492509, -32.593115152739301 ], [ -61.72631480701029, -32.593120410884701 ], [ -61.726367024347397, -32.593140574309203 ], [ -61.726613220560502, -32.593263962636897 ], [ -61.727240271083602, -32.593540864314399 ], [ -61.728217628570398, -32.593995248074798 ], [ -61.728744536544603, -32.594249685128297 ], [ -61.729303969616097, -32.594518964434798 ], [ -61.730045551292903, -32.594857737787798 ], [ -61.730775738176192, -32.595222888158602 ], [ -61.731352774668203, -32.595481236650201 ], [ -61.732272873784801, -32.595923208822498 ], [ -61.732952278976597, -32.596235667762002 ], [ -61.733563502682102, -32.596514532363301 ], [ -61.73373006806991, -32.596587997554103 ], [ -61.733831911194599, -32.5966366590918 ], [ -61.733895396713201, -32.596679748804398 ], [ -61.733929405080197, -32.596714121724503 ], [ -61.734016491278403, -32.596711582250201 ], [ -61.734019200333698, -32.596712792027198 ], [ -61.7340932877729, -32.596731939375701 ], [ -61.734208699170502, -32.596729399893498 ], [ -61.734321748635899, -32.596726858423402 ], [ -61.734389898803101, -32.596719559853703 ], [ -61.734495430988602, -32.596677714230204 ], [ -61.735209683200992, -32.596554721651998 ], [ -61.736136053929101, -32.596367524725402 ], [ -61.736621193237987, -32.596261285087103 ] ] ] } },
{ "type": "Feature", "properties": { "Nombre": "Canal Salvat", "Longuitud": 12.598, "Datos": "Itervencion TOTAL", "Estado": null, "Zona": "Sur" }, "geometry": { "type": "MultiLineString", "coordinates": [ [ [ -60.854342580806502, -32.909089068161101 ], [ -60.852297434092797, -32.909407916948702 ], [ -60.849920964233398, -32.909728985443998 ], [ -60.848590885297398, -32.9092298733419 ], [ -60.845739403377301, -32.899698691670601 ], [ -60.845226539840091, -32.899272913918203 ], [ -60.842650777355502, -32.899088301865902 ], [ -60.839661178754703, -32.896280439389898 ], [ -60.824892414075997, -32.895492197049997 ], [ -60.824732744362393, -32.894205258635097 ], [ -60.797542386763602, -32.893550677365504 ], [ -60.797627946449801, -32.886611571418797 ], [ -60.793768994270387, -32.8862162545595 ], [ -60.791631716279902, -32.886138860055198 ], [ -60.789603053175398, -32.886061502438203 ], [ -60.786948318688609, -32.885951502595198 ], [ -60.783945810157007, -32.8858281508221 ], [ -60.781237139595, -32.885703477690697 ], [ -60.7780831249123, -32.8855811152877 ], [ -60.774509679964297, -32.885440596499699 ], [ -60.770738254549201, -32.885278540686102 ], [ -60.767536986907508, -32.885151250380403 ], [ -60.764408927592001, -32.885018360541203 ], [ -60.7611400884578, -32.884891780944798 ], [ -60.75818326149291, -32.8848006751019 ], [ -60.754616685786587, -32.8846550859624 ], [ -60.754052175766702, -32.884626434178102 ], [ -60.751596248692003, -32.8845230904601 ], [ -60.749690241974392, -32.884451307347099 ], [ -60.747381405057098, -32.884347080977797 ], [ -60.745160049560702, -32.884262270647497 ], [ -60.7429931245604, -32.884174213941101 ], [ -60.742300326751298, -32.884138582658302 ], [ -60.740773044559297, -32.884085742029299 ], [ -60.740654957430699, -32.884066971832098 ], [ -60.740545814233201, -32.884007800963801 ], [ -60.740436575332701, -32.883968844037902 ], [ -60.740316178214101, -32.883975795400197 ], [ -60.740243718107791, -32.883957012586698 ] ] ] } },
{ "type": "Feature", "properties": { "Nombre": "Canal Alternativa Norte", "Longuitud": 65.538, "Datos": "Itervencion TOTAL", "Estado": null, "Zona": "Sur" }, "geometry": { "type": "MultiLineString", "coordinates": [ [ [ -62.135830741058697, -34.213369590248597 ], [ -62.148693422542898, -34.2108655049296 ], [ -62.146905667260313, -34.198384802853397 ], [ -62.142667648312909, -34.191369688373001 ], [ -62.1404690372121, -34.187729823057097 ], [ -62.140374472649697, -34.186376842553997 ], [ -62.139899070909202, -34.185482050672697 ], [ -62.139772594477897, -34.184698275193597 ], [ -62.138036599904702, -34.182253380359903 ], [ -62.1368930508064, -34.181194619615603 ], [ -62.135511261823403, -34.177881591080201 ], [ -62.134036154156099, -34.175625134150799 ], [ -62.133914704530802, -34.174398040898303 ], [ -62.134011384750799, -34.1734430970142 ], [ -62.133077424182197, -34.171809302049603 ], [ -62.1298303641072, -34.1693336531401 ], [ -62.123991302159602, -34.1683990414855 ], [ -62.1158166951517, -34.168195018073398 ], [ -62.108230064306497, -34.169361480830098 ], [ -62.103417141579691, -34.170710139809401 ], [ -62.102606691013598, -34.171602237314303 ], [ -62.10182479590361, -34.171715980624299 ], [ -62.100962803117, -34.1722484301648 ], [ -62.100664046242798, -34.173592230396501 ], [ -62.099237510004102, -34.175270430842197 ], [ -62.097514132714799, -34.176806973919902 ], [ -62.096585283760803, -34.178302930527501 ], [ -62.096201353037202, -34.179864827358898 ], [ -62.092569397093698, -34.185627804878301 ], [ -62.091881693014003, -34.187554700344101 ], [ -62.090562557083587, -34.188901736176497 ], [ -62.087693407490299, -34.190084503627801 ], [ -62.080635137382501, -34.194729977764098 ], [ -62.077212386558692, -34.195992133604797 ], [ -62.072785440770907, -34.196689175069203 ], [ -62.070615562019498, -34.1968462455837 ], [ -62.069728663161598, -34.197122113350503 ], [ -62.067762331410897, -34.196713768198599 ], [ -62.065749361110598, -34.196424524392498 ], [ -62.065224916391102, -34.196656181755003 ], [ -62.063776851256087, -34.1967006286187 ], [ -62.058722017973899, -34.197407729736703 ], [ -62.057826529528498, -34.198325863331704 ], [ -62.056382812574, -34.1985507711873 ], [ -62.0556502352837, -34.198221880983901 ], [ -62.054215861634603, -34.196841087915899 ], [ -62.053706430367697, -34.196749275349198 ], [ -62.053190369969798, -34.197380055342201 ], [ -62.053000055670807, -34.198726862994199 ], [ -62.053064224958199, -34.201372987472602 ], [ -62.054501938467602, -34.203535722942298 ], [ -62.053034579258302, -34.205862209932199 ], [ -62.052802277261698, -34.2077076271582 ], [ -62.05199645010439, -34.209903012633802 ], [ -62.051251757647407, -34.211116162870297 ], [ -62.0511975138472, -34.211822932234199 ], [ -62.049157439341691, -34.214365665733503 ], [ -62.047326692153597, -34.2155803196355 ], [ -62.046813366132398, -34.2157833890071 ], [ -62.045384423317913, -34.217600189084102 ], [ -62.045113005927298, -34.217945266824799 ], [ -62.044794315271403, -34.218753341434301 ], [ -62.04455304440831, -34.221772022842302 ], [ -62.043746539943392, -34.2223832271671 ], [ -62.042755411746597, -34.222359608627301 ], [ -62.041624649542797, -34.221555617592301 ], [ -62.040342762739613, -34.221496683243799 ], [ -62.03574894070529, -34.2213522945477 ], [ -62.032187752810003, -34.220366282980699 ], [ -62.031028870807297, -34.216955190153399 ], [ -62.0304030038237, -34.216042380905499 ], [ -62.030330155909702, -34.2150200660273 ], [ -62.0301093533743, -34.214475690719198 ], [ -62.029116465459794, -34.213626494253198 ], [ -62.028598410506198, -34.213322792809699 ], [ -62.028368576990701, -34.212804799740702 ], [ -62.0284109211917, -34.211875445552202 ], [ -62.028059681446003, -34.211003693684802 ], [ -62.027255253317598, -34.209692437948497 ], [ -62.026824872532302, -34.209252729781497 ], [ -62.02425910943191, -34.206631229435402 ], [ -62.0237837234613, -34.201902767199897 ], [ -62.022584767874797, -34.201188923987303 ], [ -62.009240928977498, -34.191176835802203 ], [ -61.980016226954888, -34.193481526256903 ], [ -61.978405474511213, -34.193589779640597 ], [ -61.977846203344107, -34.193206830181097 ], [ -61.975244185675798, -34.190796129784601 ], [ -61.967859510642597, -34.1769879689381 ], [ -61.951877233798797, -34.162510673667001 ], [ -61.944244702085797, -34.155725909873802 ], [ -61.941705140047901, -34.154770878695899 ], [ -61.939698765042301, -34.1527760517126 ], [ -61.937073233974402, -34.150890054989901 ], [ -61.935713434706308, -34.149975363300797 ], [ -61.935164632377713, -34.149146960538502 ], [ -61.933788395473186, -34.149212710428799 ], [ -61.932624039424098, -34.149275108320303 ], [ -61.931479837649498, -34.148446028081899 ], [ -61.9303251415338, -34.148387483090097 ], [ -61.928575213088401, -34.148325521235797 ], [ -61.925346009621499, -34.148464337586397 ], [ -61.92292831251909, -34.149846418822001 ], [ -61.920507573223198, -34.152992021963499 ], [ -61.906152793899793, -34.167258044624198 ], [ -61.896788923366302, -34.169590069790402 ], [ -61.893069623978, -34.170811607107098 ], [ -61.891863226572099, -34.171047972685201 ], [ -61.889336445594303, -34.172284571648902 ], [ -61.888210039210001, -34.173172939354998 ], [ -61.886901115232398, -34.174690154363198 ], [ -61.886123839896598, -34.176553037328901 ], [ -61.8849572872262, -34.178585214994598 ], [ -61.883397793132403, -34.180623415629597 ], [ -61.883238243056603, -34.182286258129203 ], [ -61.882509378459197, -34.183386228119303 ], [ -61.881355497115607, -34.185481355996899 ], [ -61.880811888643201, -34.188066811170202 ], [ -61.881570326346903, -34.189770009752401 ], [ -61.881457482888798, -34.190588326747701 ], [ -61.88048481393249, -34.191038755995201 ], [ -61.880100334041202, -34.191425723722404 ], [ -61.876472281089207, -34.196375581745102 ], [ -61.864427860512002, -34.1996675287212 ], [ -61.863935437465003, -34.199620574721401 ], [ -61.862095381124291, -34.197879252772502 ], [ -61.860704431278798, -34.197192653956797 ], [ -61.859749376551697, -34.196962163510001 ], [ -61.856766310885313, -34.195374183411801 ], [ -61.854281102571903, -34.194078018772899 ], [ -61.8537887023667, -34.192533940582003 ], [ -61.848447734213202, -34.1894570627137 ], [ -61.842199998608699, -34.190754171662 ], [ -61.841537519660697, -34.1904157070745 ], [ -61.841000821378003, -34.189835817009701 ], [ -61.840139191761999, -34.189979401556997 ], [ -61.839287958868901, -34.190601892193598 ], [ -61.839031469344391, -34.192064717879802 ], [ -61.838693072303393, -34.193376340135799 ], [ -61.83851515895519, -34.194837986455099 ], [ -61.839807453614092, -34.196148054166102 ], [ -61.839922460375, -34.1972746612823 ], [ -61.838444179696403, -34.199368649023597 ], [ -61.835669969552491, -34.202611015558297 ], [ -61.836826171815801, -34.207795266986501 ], [ -61.840310162970788, -34.215109480900999 ], [ -61.843930791831603, -34.222306421789902 ], [ -61.846615016534599, -34.231013650585197 ], [ -61.846537643438097, -34.233434676760901 ], [ -61.8467830362464, -34.233866492914899 ], [ -61.847535877837601, -34.235923834142099 ], [ -61.848254019905902, -34.236392071824604 ], [ -61.851149147963703, -34.240134326011599 ], [ -61.849982438592299, -34.245580591842 ], [ -61.846593966392497, -34.249084692878903 ], [ -61.842434608368087, -34.249032192880101 ], [ -61.838811971767299, -34.248165798353298 ], [ -61.831086422620203, -34.243447248236698 ], [ -61.819764630753909, -34.245457480079097 ], [ -61.819222783217697, -34.246041027587701 ], [ -61.81785946988991, -34.2470971626554 ], [ -61.816605006219909, -34.2467704606442 ], [ -61.815343137639402, -34.2460985528854 ], [ -61.8141109244687, -34.246807402709997 ], [ -61.808194671565303, -34.248851546482697 ], [ -61.800291597130602, -34.248737689915501 ], [ -61.798227818759202, -34.249458594825597 ], [ -61.793186332082499, -34.253561005513902 ], [ -61.7909842540721, -34.260844581348898 ], [ -61.792151522634093, -34.263589940989696 ], [ -61.7921749836568, -34.267471446719298 ], [ -61.792066624796597, -34.269781264113902 ], [ -61.792045133773208, -34.271240555197501 ], [ -61.792506155559003, -34.271952411538102 ], [ -61.792784678306987, -34.273824662918699 ], [ -61.792021423667798, -34.277058652930499 ], [ -61.7899910439656, -34.279390352172598 ], [ -61.786036922369, -34.282555787109501 ], [ -61.779983690340607, -34.284830809876098 ], [ -61.776736570125991, -34.286663024626598 ], [ -61.775091600037101, -34.287035285644102 ], [ -61.774266522276299, -34.287722288791201 ], [ -61.773584464200901, -34.288973386481601 ], [ -61.773013858717697, -34.289286508166498 ], [ -61.772795644887701, -34.290138922502599 ], [ -61.7721840022785, -34.290997029215298 ], [ -61.769736368104198, -34.2921155513407 ], [ -61.764289492209294, -34.296913275911898 ], [ -61.762762087647793, -34.298384332516498 ], [ -61.762566895283392, -34.2992347767957 ], [ -61.76213124046221, -34.299821874550403 ], [ -61.761728453902897, -34.300402579416598 ], [ -61.766094833216592, -34.3071772876187 ], [ -61.76632521957201, -34.308153874286397 ], [ -61.766268405287001, -34.309199930294902 ], [ -61.7657845458073, -34.309903732553401 ], [ -61.764639803910903, -34.310377524871598 ] ] ] } },
{ "type": "Feature", "properties": { "Nombre": "Canal Ibarlucea", "Longuitud": 17.396, "Datos": "Itervencion TOTAL", "Estado": null, "Zona": "Sur" }, "geometry": { "type": "MultiLineString", "coordinates": [ [ [ -60.727507230373909, -32.901223190778502 ], [ -60.727894472513597, -32.900674444541899 ], [ -60.727991999498897, -32.899921196879099 ], [ -60.728254718570902, -32.898850895141102 ], [ -60.728562050491597, -32.897703992691397 ], [ -60.729232566634593, -32.896707652839801 ], [ -60.730130532484097, -32.895862663443197 ], [ -60.731189178618102, -32.895303005759402 ], [ -60.732135126923197, -32.894664657353204 ], [ -60.732467664915902, -32.894193351602297 ], [ -60.732908179772302, -32.893593730495297 ], [ -60.7336110650823, -32.892663333284197 ], [ -60.734097557971097, -32.892065888936997 ], [ -60.7343922531632, -32.891615944166801 ], [ -60.735034901375599, -32.890801520913499 ], [ -60.7352751558224, -32.890509297194399 ], [ -60.73580925758781, -32.889759550496201 ], [ -60.736623312207499, -32.8887077648698 ], [ -60.737765619225598, -32.887205411207702 ], [ -60.738911343512598, -32.885697326571801 ], [ -60.739470735066099, -32.884953711040701 ], [ -60.74009093934599, -32.884152653381697 ], [ -60.740775899838887, -32.883275519917298 ], [ -60.741491944089198, -32.882332141688799 ], [ -60.741596202517101, -32.882139986896803 ], [ -60.741643570001699, -32.881905553200902 ], [ -60.741637898037993, -32.881735573799403 ], [ -60.741592028809499, -32.881588166941 ], [ -60.741483306886487, -32.881418754338803 ], [ -60.7412441836927, -32.881151038028797 ], [ -60.740684995483313, -32.880510501305402 ], [ -60.740576477286297, -32.880368427785399 ], [ -60.740478533109993, -32.880196811684698 ], [ -60.740414669699, -32.880011103624298 ], [ -60.740405225701899, -32.879895056869799 ], [ -60.740406434411803, -32.879777223069503 ], [ -60.740457229808101, -32.879584822099901 ], [ -60.740682747191997, -32.879129044872101 ], [ -60.740986905539401, -32.878437559177897 ], [ -60.741155452279003, -32.878064500846698 ], [ -60.741634096502104, -32.876973722802198 ], [ -60.742090038980812, -32.875980900819002 ], [ -60.7421915828549, -32.875865352432797 ], [ -60.74249238111409, -32.875620723022998 ], [ -60.742842198189997, -32.875294625002603 ], [ -60.743794333947598, -32.874433789194399 ], [ -60.744449049777899, -32.8738535940562 ], [ -60.744927669864701, -32.873362600932701 ], [ -60.744983093076897, -32.873198369114597 ], [ -60.7450188021717, -32.872937269027801 ], [ -60.745061935279509, -32.872532760148097 ], [ -60.745107649044101, -32.8718360678889 ], [ -60.745177691274009, -32.871067349053497 ], [ -60.745208105229999, -32.870609602191898 ], [ -60.745277734063102, -32.870120269891999 ], [ -60.745324292618697, -32.869831352645001 ], [ -60.745415385528503, -32.869549797174898 ], [ -60.7454551132181, -32.869067738985898 ], [ -60.745513390584193, -32.867970507925399 ], [ -60.745606412445703, -32.866566712785001 ], [ -60.745647817435909, -32.865899007790297 ], [ -60.745798350742497, -32.864755040186402 ], [ -60.745971605366691, -32.863541585176698 ], [ -60.746147434147097, -32.862295026875003 ], [ -60.746166509093001, -32.8619632220204 ], [ -60.746168627362202, -32.8609617296907 ], [ -60.746169499497093, -32.859736612638898 ], [ -60.746178599589598, -32.8594741565418 ], [ -60.746177028124187, -32.859315304151004 ], [ -60.746251138415303, -32.859151689494297 ], [ -60.746311719568098, -32.859083285733597 ], [ -60.746506512327301, -32.858830286577899 ], [ -60.747107468347103, -32.858015200260901 ], [ -60.74830356970201, -32.856406824405198 ], [ -60.750041733291987, -32.854431259262199 ], [ -60.751300382302112, -32.853058561179203 ], [ -60.751838944700403, -32.852485242414801 ], [ -60.751948724115003, -32.852142354439501 ], [ -60.751982071062812, -32.851879556378897 ], [ -60.752134827774, -32.849165570972801 ], [ -60.752212156475608, -32.8479657488271 ], [ -60.7523089203479, -32.846401623604599 ], [ -60.752380958574101, -32.844898207089003 ], [ -60.75243542497509, -32.843748078049501 ], [ -60.752522892088493, -32.842346312255501 ], [ -60.752525067509602, -32.8421453914194 ], [ -60.752560365876299, -32.841688745113501 ], [ -60.752529487187601, -32.841377029540801 ], [ -60.7523435908697, -32.841052202488797 ], [ -60.75204062540471, -32.840556219904798 ], [ -60.751344487914203, -32.839490364843698 ], [ -60.750419874548001, -32.838240844420703 ], [ -60.750294654739697, -32.838065349692002 ], [ -60.7502659186461, -32.837941078210399 ], [ -60.75026421633769, -32.837763335321803 ], [ -60.750297764008891, -32.837475080014002 ], [ -60.750301660368301, -32.837001739339797 ], [ -60.750363359185513, -32.835667268768198 ], [ -60.750400421181197, -32.834943326694201 ], [ -60.750425101228601, -32.834385971758202 ], [ -60.750465995979098, -32.8339406249424 ], [ -60.750495843774303, -32.833612693832897 ], [ -60.750538014196287, -32.832449594515097 ], [ -60.750602563414297, -32.831047325552099 ], [ -60.750612504046209, -32.830615071494599 ], [ -60.750660642748002, -32.828948593230002 ], [ -60.750663258234198, -32.828699164014701 ], [ -60.7506714566521, -32.828447029660801 ], [ -60.750707090237299, -32.828268969731099 ], [ -60.750973133812693, -32.827910342433199 ], [ -60.751415496647603, -32.8273826300886 ], [ -60.752097264416797, -32.826566850670801 ], [ -60.752427795186797, -32.826146960165403 ], [ -60.753512000258901, -32.8247634207885 ], [ -60.754186231335602, -32.8240403751428 ], [ -60.7546788154498, -32.823393549152797 ], [ -60.754939559963297, -32.823247016341 ], [ -60.755374772358991, -32.823048898937898 ], [ -60.755578674484397, -32.822946409933998 ], [ -60.755747567326097, -32.822931151232801 ], [ -60.756525591148687, -32.822622322954203 ], [ -60.757369116981302, -32.822268249038601 ], [ -60.757908139956903, -32.8220582725925 ], [ -60.758120653472297, -32.822065268511302 ], [ -60.758332804696202, -32.8220851727663 ], [ -60.758499282508097, -32.822055022197802 ], [ -60.758849650130898, -32.821935514899501 ], [ -60.759710865331101, -32.821675896017503 ], [ -60.760340774882003, -32.821486826311101 ], [ -60.76136713698741, -32.821202480807798 ], [ -60.763457059037798, -32.820574446011499 ], [ -60.7656576958343, -32.819883651927398 ], [ -60.766885132237697, -32.8195129796839 ], [ -60.767364664414103, -32.819356996346301 ], [ -60.767630214914597, -32.819278428868301 ], [ -60.767993992355798, -32.819233479336397 ], [ -60.768425351896809, -32.819179955635001 ], [ -60.769826811416699, -32.818964666597502 ], [ -60.770300784932999, -32.818886160543798 ], [ -60.7704167379054, -32.818870042000697 ], [ -60.770663980426399, -32.818803843484403 ], [ -60.770935173294298, -32.818719991987699 ], [ -60.771601658551702, -32.8184977667051 ], [ -60.772039309793001, -32.818340972329302 ], [ -60.772217723796999, -32.818272070017599 ], [ -60.772383407387593, -32.818234819746699 ], [ -60.772504751338701, -32.818223723480102 ], [ -60.772662183197902, -32.818230096021303 ], [ -60.772800610517699, -32.818242959580203 ], [ -60.773036269449001, -32.818248587245797 ], [ -60.773156704764503, -32.818249467419498 ], [ -60.77325847298971, -32.818233048843197 ], [ -60.773423950864199, -32.8181415540556 ], [ -60.773696627537298, -32.817975152256203 ], [ -60.773977848443302, -32.817768416779302 ], [ -60.774887485885202, -32.817161005897198 ], [ -60.775882813893602, -32.816498869810403 ], [ -60.777169661950197, -32.815634933547798 ], [ -60.778686234559302, -32.814623610484603 ], [ -60.780069028577003, -32.813703419377198 ], [ -60.7805069376208, -32.813441046419697 ], [ -60.78075466138111, -32.813265929627299 ], [ -60.7813675543443, -32.8128578147806 ], [ -60.782526975291198, -32.812082025071398 ], [ -60.783258216373007, -32.811567897732303 ], [ -60.783496066465098, -32.811445309962799 ], [ -60.783743056546591, -32.811356378843001 ], [ -60.783996999563598, -32.811285475856302 ], [ -60.784305636096903, -32.8112523514259 ], [ -60.784518567159303, -32.811254455460301 ], [ -60.784765844466797, -32.811287790469102 ], [ -60.785215972478703, -32.811411359755702 ], [ -60.78651461358799, -32.8117455055242 ], [ -60.787375642359308, -32.811983198875303 ], [ -60.788018652416604, -32.812181784547398 ], [ -60.788270849487297, -32.812298930498997 ], [ -60.788556367257698, -32.812452296190799 ], [ -60.788898971594797, -32.812631390403297 ], [ -60.7894686749759, -32.812933589408097 ], [ -60.790694533103299, -32.813594348641601 ], [ -60.791140426206603, -32.813826420877298 ], [ -60.791517796272501, -32.8139612208725 ], [ -60.79365724796601, -32.814717980607199 ], [ -60.794901680821098, -32.815159370381899 ], [ -60.796425652742897, -32.815712356154201 ], [ -60.798144497037391, -32.816335547079497 ], [ -60.799137715954302, -32.816690270130898 ], [ -60.800089393540901, -32.8170374233326 ], [ -60.801021829248498, -32.817427091406003 ], [ -60.801563425029201, -32.8176646981088 ], [ -60.802298035516699, -32.817963934324098 ], [ -60.802795458404397, -32.818184999009901 ], [ -60.803078761422398, -32.818295531415203 ], [ -60.804065472930503, -32.818584046365899 ], [ -60.805639384426797, -32.819047237331198 ], [ -60.807143046847997, -32.819501077295499 ], [ -60.808698269693302, -32.819941994030799 ], [ -60.808983896762101, -32.8200393822802 ], [ -60.809264564213898, -32.820122157981103 ], [ -60.810107882202999, -32.8203707378483 ], [ -60.811626961416998, -32.820810895083397 ], [ -60.813212122612597, -32.821324968376899 ], [ -60.814766719234697, -32.821874253607596 ], [ -60.815027494827703, -32.821937744604803 ], [ -60.8157403384783, -32.822234885921901 ], [ -60.817220892482901, -32.822853524371098 ], [ -60.817995566793002, -32.823172521007798 ], [ -60.819134454100698, -32.823661982644701 ], [ -60.820292078354797, -32.824127865914598 ], [ -60.8212260603364, -32.824503623742601 ], [ -60.822211500392598, -32.824927915707498 ], [ -60.822454174046698, -32.8250183966775 ], [ -60.822875640075907, -32.825178109266801 ], [ -60.823550922228499, -32.825308475114298 ], [ -60.824818013946697, -32.825536424900399 ], [ -60.826093459647403, -32.825787998759999 ], [ -60.827374371601302, -32.826039690220497 ], [ -60.828024762372003, -32.826145047128399 ], [ -60.828380960632103, -32.826243692848998 ], [ -60.828714400536903, -32.826361583638402 ], [ -60.828966500692097, -32.8264809472576 ], [ -60.82912751828519, -32.826587204830503 ], [ -60.829293496457197, -32.826723189608401 ], [ -60.829439417100197, -32.826867075795398 ], [ -60.829707841198399, -32.827186434822003 ], [ -60.829994482883798, -32.827509341306502 ] ] ] } },
{ "type": "Feature", "properties": { "Nombre": "Aº Ludueña", "Longuitud": 18.18, "Datos": "Curso Natural NO INTERVENIR", "Estado": null, "Zona": "Sur" }, "geometry": { "type": "MultiLineString", "coordinates": [ [ [ -60.727399019351701, -32.901149060458202 ], [ -60.727295146817603, -32.901146119022101 ], [ -60.727195167324098, -32.901145474136399 ], [ -60.727098532526, -32.901147122587801 ], [ -60.727004866470701, -32.901151071268799 ], [ -60.726913757839498, -32.901157341329998 ], [ -60.726825062796401, -32.901165946656597 ], [ -60.726738572035998, -32.901176907676501 ], [ -60.726654123292299, -32.901190245110499 ], [ -60.726560717395998, -32.901208342363702 ], [ -60.726464386971401, -32.901230632963298 ], [ -60.726364359622501, -32.901257292997599 ], [ -60.726259278616801, -32.901288682626102 ], [ -60.726148535267512, -32.901324925590103 ], [ -60.726026825764599, -32.901367709397 ], [ -60.725538275712999, -32.901551524353103 ], [ -60.725425904666892, -32.901592123062102 ], [ -60.725324641071197, -32.901626825340202 ], [ -60.725207128127202, -32.901664152301599 ], [ -60.725096609733313, -32.901695723416601 ], [ -60.724990892932901, -32.901722162699301 ], [ -60.724888865719812, -32.901743743144401 ], [ -60.724745845848503, -32.901768740075497 ], [ -60.72459510817459, -32.901790478853499 ], [ -60.724435081670109, -32.9018091916221 ], [ -60.724262626448599, -32.901825248160002 ], [ -60.724115666332793, -32.9018362729039 ], [ -60.72395202841831, -32.901846404271403 ], [ -60.723359782603993, -32.901875673613802 ], [ -60.723120167492503, -32.901889775449902 ], [ -60.723020127406599, -32.901894429652202 ], [ -60.722908475763788, -32.901895642718102 ], [ -60.722780652214013, -32.901893562011601 ], [ -60.7223969210579, -32.9018822142815 ], [ -60.72227686614179, -32.901882303535302 ], [ -60.722171101443607, -32.901886015291602 ], [ -60.722109510752809, -32.901890286894698 ], [ -60.7220511942512, -32.901896098270903 ], [ -60.721995727903902, -32.901903492050799 ], [ -60.721942839561997, -32.901912505111397 ], [ -60.721892234910797, -32.901923192068899 ], [ -60.721843828393602, -32.901935575744702 ], [ -60.721797483285798, -32.901949691249499 ], [ -60.721753097705999, -32.9019655697941 ], [ -60.721700086388992, -32.901989370000798 ], [ -60.7216473852612, -32.902019746052297 ], [ -60.72159444394309, -32.902057006576001 ], [ -60.721540228213698, -32.902101875145 ], [ -60.721494571875297, -32.902144417031899 ], [ -60.721445099986397, -32.902194573211098 ], [ -60.721286687233899, -32.902367870351803 ], [ -60.721227916323201, -32.902429514948501 ], [ -60.7211687285305, -32.902486195584999 ], [ -60.721113150668899, -32.902532926053802 ], [ -60.721053512545097, -32.9025750640456 ], [ -60.721023912427903, -32.902592746076202 ], [ -60.7209942913993, -32.902608273187703 ], [ -60.720964520012593, -32.902621709909099 ], [ -60.720934550101802, -32.902633074611799 ], [ -60.720904311786697, -32.902642393699701 ], [ -60.720873748923403, -32.9026496843545 ], [ -60.720845042083504, -32.902654482737702 ], [ -60.720814155872297, -32.902657583368701 ], [ -60.720744205137301, -32.902658826613902 ], [ -60.7206755298076, -32.9026550491809 ], [ -60.720512632903691, -32.902640868245001 ], [ -60.720435342740203, -32.902638178286097 ], [ -60.720400416332588, -32.902639241064001 ], [ -60.720368257130197, -32.902642026801203 ], [ -60.720338401261898, -32.902646576577901 ], [ -60.720310599753503, -32.902652930081203 ], [ -60.720261981282093, -32.902668966868902 ], [ -60.720213445378803, -32.902690747988302 ], [ -60.72016446396141, -32.902718502636198 ], [ -60.72011403401531, -32.902752795301197 ], [ -60.720071980745601, -32.902785335135199 ], [ -60.720026171494403, -32.902824099818602 ], [ -60.719836292114003, -32.902996393933499 ], [ -60.719792080070391, -32.903032747498301 ], [ -60.719750746537997, -32.903063615203003 ], [ -60.719633344958197, -32.903144860991901 ], [ -60.719502123061901, -32.9032325619497 ], [ -60.718949861469113, -32.903588590201501 ], [ -60.718710515391599, -32.903748640719002 ], [ -60.718623588450598, -32.903810619240602 ], [ -60.718529413813002, -32.903881671392 ], [ -60.718166425426901, -32.904171207369899 ], [ -60.718083489175797, -32.9042352745995 ], [ -60.718008028382712, -32.9042912304201 ], [ -60.717919357649087, -32.904353367024001 ], [ -60.717834575456202, -32.904408496214899 ], [ -60.717751985982503, -32.904457717770299 ], [ -60.717670708944702, -32.9045015503144 ], [ -60.717606600770203, -32.904533079766999 ], [ -60.717539946152698, -32.9045635239533 ], [ -60.717470610410302, -32.904592944538301 ], [ -60.717398414009999, -32.904621417811001 ], [ -60.717244715618698, -32.904675813403202 ], [ -60.717076008377198, -32.904727721459103 ], [ -60.716921210717402, -32.904769957034603 ], [ -60.716746196254398, -32.904813278445801 ], [ -60.716179898141498, -32.904940618473098 ], [ -60.715985157116499, -32.904986570616799 ], [ -60.715552436499202, -32.905091091701202 ], [ -60.715178470559209, -32.905176754323897 ], [ -60.714833820072009, -32.905250290739602 ], [ -60.714510885426598, -32.905313268572797 ], [ -60.714199398809903, -32.905367551416397 ], [ -60.713900927200207, -32.905412715348596 ], [ -60.713755744841997, -32.905432004183901 ], [ -60.713613003745209, -32.905449132009402 ], [ -60.713472510877793, -32.905464121954402 ], [ -60.713334109348501, -32.905476990714199 ], [ -60.713213105524801, -32.905485661969898 ], [ -60.713086168723201, -32.905491364248697 ], [ -60.712951965669887, -32.905494161602398 ], [ -60.712807844326001, -32.905494111269299 ], [ -60.712542068511802, -32.905487994866 ], [ -60.711917323679792, -32.905464169297503 ], [ -60.711756784934799, -32.905460759703999 ], [ -60.711611989306199, -32.905460163590902 ], [ -60.711468157051513, -32.905462616759102 ], [ -60.711333015578703, -32.905468320678096 ], [ -60.711204547690102, -32.905477362227202 ], [ -60.711081650596, -32.905489822325698 ], [ -60.710995820977402, -32.905501029796902 ], [ -60.710907019449401, -32.905514770499202 ], [ -60.710814563848402, -32.905531148538401 ], [ -60.710717265722501, -32.905550373639301 ], [ -60.710495222580903, -32.905600151419499 ], [ -60.710021652956499, -32.905717494701101 ], [ -60.709814293240498, -32.905765585679703 ], [ -60.709700521412998, -32.905789307949803 ], [ -60.709593935379097, -32.905809219460899 ], [ -60.709492404361903, -32.905825716659898 ], [ -60.709394852867199, -32.9058389709013 ], [ -60.709215852505302, -32.905859206836197 ], [ -60.709036297864003, -32.905876378951199 ], [ -60.708856188961398, -32.905890487243397 ], [ -60.708675525815707, -32.905901531710299 ], [ -60.708494308445701, -32.905909512349297 ], [ -60.708312536868597, -32.905914429157697 ], [ -60.708130211104709, -32.9059162821329 ], [ -60.707947331172001, -32.905915071272098 ], [ -60.707568653772469, -32.906084690862897 ], [ -60.707419782346648, -32.906271621396769 ], [ -60.703944866521937, -32.909086618678813 ], [ -60.701736087201652, -32.911027368603001 ], [ -60.699199277026572, -32.913264115785218 ] ] ] } },
{ "type": "Feature", "properties": { "Nombre": "Aº Las Estacas 01 [1:LineString]", "Longuitud": 74.154, "Datos": "Intervencion PARCIAL", "Estado": null, "Zona": "Sur" }, "geometry": { "type": "MultiLineString", "coordinates": [ [ [ -61.551841914, -32.574344713143503 ], [ -61.552681022999899, -32.574717997143502 ], [ -61.553273806999989, -32.574994089143502 ], [ -61.553906910999899, -32.5753427701435 ], [ -61.554548142, -32.575706850143398 ], [ -61.554724909, -32.575811698143397 ], [ -61.555004698999902, -32.575980508143402 ], [ -61.555367644999897, -32.5761763191434 ], [ -61.555507347999907, -32.576251484143398 ], [ -61.555703644999902, -32.576315903143403 ], [ -61.556020499999903, -32.576421481143399 ], [ -61.556084841, -32.576499416143399 ], [ -61.556155298999897, -32.5765823881434 ], [ -61.556202446, -32.576632032143401 ], [ -61.556211542999897, -32.5767061301434 ], [ -61.556247845, -32.576758364143402 ], [ -61.556534459, -32.576923257143399 ], [ -61.556940197, -32.577184042143401 ], [ -61.557478693999897, -32.577475006143501 ], [ -61.557762967, -32.577613265143398 ], [ -61.55787966, -32.577696872143399 ], [ -61.557986856, -32.577753757143398 ], [ -61.5584913389999, -32.577976994143398 ], [ -61.558582792, -32.578031664143403 ], [ -61.558726049999891, -32.578108440143403 ], [ -61.559073198999897, -32.578340303143399 ], [ -61.559740621999893, -32.5785828741434 ], [ -61.560416784, -32.578820779143399 ], [ -61.560872283, -32.579001091143397 ], [ -61.561068435, -32.5790819451434 ], [ -61.561267856, -32.579117459143397 ], [ -61.561460180999987, -32.579149200143398 ], [ -61.561701649, -32.579229012143401 ], [ -61.561844074, -32.579261659143299 ], [ -61.561954796, -32.579273718143398 ], [ -61.562424361999888, -32.5792650271434 ], [ -61.56288148, -32.579279750143399 ], [ -61.563310121, -32.579275981143397 ], [ -61.5635172819999, -32.5792965491434 ], [ -61.563691596999902, -32.579344437143398 ], [ -61.563944155999899, -32.579406941143297 ], [ -61.564263654999891, -32.579437020143402 ], [ -61.564347583, -32.5794423611434 ], [ -61.564622593999893, -32.579512636143399 ], [ -61.565014054, -32.579646348143399 ], [ -61.565734281999902, -32.579837547143399 ], [ -61.566075091, -32.579967956143399 ], [ -61.566666336, -32.580139669143399 ], [ -61.566912885999898, -32.580237414143298 ], [ -61.567086839999902, -32.580290719143299 ], [ -61.567154974, -32.5803722351434 ], [ -61.567158843999891, -32.580377797143399 ], [ -61.567207109, -32.580462889143398 ], [ -61.567275831, -32.580518850143399 ], [ -61.567805835, -32.580750185143401 ], [ -61.5686620359999, -32.5811133371434 ], [ -61.568966555, -32.581241122143403 ], [ -61.569064925, -32.581310983143297 ], [ -61.569194653999901, -32.5813668861434 ], [ -61.569637133, -32.581516041143402 ], [ -61.569788193999898, -32.5815549131434 ], [ -61.569912841, -32.581604779143397 ], [ -61.570007904, -32.581643407143403 ], [ -61.570056887999897, -32.581713190143297 ], [ -61.570075065, -32.581806156143301 ], [ -61.57013484999991, -32.581860501143403 ], [ -61.570361969, -32.5819871741433 ], [ -61.570483756, -32.582042961143301 ], [ -61.570605226999987, -32.582140715143403 ], [ -61.570663468999904, -32.582190302143303 ], [ -61.570756413, -32.582217285143301 ], [ -61.570846064, -32.582243880143402 ], [ -61.571199851, -32.5824131101433 ], [ -61.571319241, -32.582442788143403 ], [ -61.571569316999899, -32.582518132143299 ], [ -61.571724275999898, -32.582604163143401 ], [ -61.5718052839999, -32.582664880143398 ], [ -61.571899651, -32.582780710143297 ], [ -61.5721197619999, -32.582980383143301 ], [ -61.572293118999909, -32.583155457143299 ], [ -61.572463364, -32.583332192143303 ], [ -61.572615535999901, -32.583429714143399 ], [ -61.572820731, -32.583533269143402 ], [ -61.57299891, -32.583607106143397 ], [ -61.573177185, -32.583642368143302 ], [ -61.573387865, -32.583751633143301 ], [ -61.573495346, -32.583800338143298 ], [ -61.573635042, -32.583829934143303 ], [ -61.573954654, -32.5840194731433 ], [ -61.574654836999898, -32.584387823143302 ], [ -61.575643108999898, -32.584954949143302 ], [ -61.576456752, -32.585393529143303 ], [ -61.577410174, -32.585911756143297 ], [ -61.578335734999897, -32.5864019761433 ], [ -61.578499776999898, -32.586483862143297 ], [ -61.578556698999897, -32.586542254143303 ], [ -61.578596685, -32.586577223143301 ], [ -61.578696367999903, -32.586581133143298 ], [ -61.578811269, -32.586613848143301 ], [ -61.579257425, -32.586960384143303 ], [ -61.579404629999893, -32.587023471143198 ], [ -61.579536602999902, -32.587071625143302 ], [ -61.579876801, -32.5872691131433 ], [ -61.580899514999899, -32.587821742143298 ], [ -61.582001394, -32.5884181781433 ], [ -61.5830138009999, -32.588979187143202 ], [ -61.584119379999898, -32.589578142143303 ], [ -61.584748042999898, -32.589913934143198 ], [ -61.584754427, -32.589913951143203 ], [ -61.584758682999897, -32.589913963143204 ], [ -61.58490723700001, -32.590007020143197 ], [ -61.58607055600001, -32.590633766143199 ], [ -61.587117876, -32.591218305143201 ], [ -61.587921818, -32.591630967143203 ], [ -61.588001463, -32.591680172143199 ], [ -61.588093089, -32.5917357871432 ], [ -61.5881829859999, -32.591771484143301 ], [ -61.588289103999898, -32.591822876143198 ], [ -61.588994376, -32.592229430143199 ], [ -61.589233227999898, -32.5923465391432 ], [ -61.589397544, -32.592440470143202 ], [ -61.5895463539999, -32.592485101143197 ], [ -61.589819046, -32.592564819143199 ], [ -61.5901214619999, -32.5926884091432 ], [ -61.590361305, -32.592775434143199 ], [ -61.59074931, -32.592949031143199 ], [ -61.590829191, -32.592996435143199 ], [ -61.591428273000012, -32.593246557143203 ], [ -61.592050064, -32.593511133143203 ], [ -61.592794416999901, -32.593863855143198 ], [ -61.593352122, -32.5941049251431 ], [ -61.5941815259999, -32.5944777661432 ], [ -61.594922878999988, -32.594797083143199 ], [ -61.59571604300001, -32.595148878143199 ], [ -61.596419898, -32.595471791143197 ], [ -61.597258329999903, -32.595818173143201 ], [ -61.597899637999902, -32.5961077351432 ], [ -61.598789849, -32.596493036143201 ], [ -61.599173041, -32.596678308143197 ], [ -61.599539557, -32.596861719143099 ], [ -61.599887776999907, -32.596985173143104 ], [ -61.600386358, -32.597198163143098 ], [ -61.600616852, -32.597269649143101 ], [ -61.600905245, -32.597321957143102 ], [ -61.601127127, -32.597363644143101 ], [ -61.601242079, -32.597375008143203 ], [ -61.601437153999903, -32.597508732143098 ], [ -61.602570092999898, -32.5979816861431 ], [ -61.603513118999899, -32.598399235143098 ], [ -61.603608079999901, -32.5984258321431 ], [ -61.603735438999898, -32.598524864143101 ], [ -61.603976971999899, -32.598547925143102 ], [ -61.604202952, -32.5986202681432 ], [ -61.604377510000013, -32.598678631143102 ], [ -61.604531213, -32.5986941901431 ], [ -61.604904530999903, -32.598929355143099 ], [ -61.605515916999899, -32.5992794461431 ], [ -61.606053489, -32.599562651143202 ], [ -61.606791240999897, -32.599940071143102 ], [ -61.607134035999913, -32.600079715143103 ], [ -61.607443541, -32.600172702143098 ], [ -61.60787584, -32.600315996143102 ], [ -61.608474493, -32.600476648143101 ], [ -61.609472288999903, -32.600718508143103 ], [ -61.609706871999897, -32.600782220143103 ], [ -61.609975408, -32.600900760143098 ], [ -61.610346552, -32.601077270143101 ], [ -61.611492217, -32.601605586143101 ], [ -61.612576474, -32.602126054143 ], [ -61.612873033, -32.602254080143098 ], [ -61.613546206999899, -32.602572739143099 ], [ -61.613967548999902, -32.602788976143103 ], [ -61.614070676, -32.602814174142999 ], [ -61.614179405, -32.6028162151431 ], [ -61.614395923999901, -32.602823815143097 ], [ -61.615081699, -32.602900096143102 ], [ -61.615472654, -32.602944376143 ], [ -61.615660342999909, -32.602984590143102 ], [ -61.615803200999899, -32.602986912143002 ], [ -61.6164658, -32.6030524141431 ], [ -61.616571229, -32.603060279143101 ], [ -61.617166826, -32.603116021143101 ], [ -61.617657293, -32.603159231143003 ], [ -61.617757226, -32.603157670143098 ], [ -61.617862558999903, -32.603186646143101 ], [ -61.618000836, -32.603247617143097 ], [ -61.618381868, -32.603354333143102 ], [ -61.618553450999897, -32.603427391143001 ], [ -61.618675794999902, -32.603457534142997 ], [ -61.618989048, -32.603522038143097 ], [ -61.619335311, -32.603570589142997 ], [ -61.61956508, -32.603573049143101 ], [ -61.619978337, -32.603558839143098 ], [ -61.620133584, -32.603576336143 ], [ -61.620267239999897, -32.603610459143098 ], [ -61.620417373999899, -32.603682112142998 ], [ -61.620584584, -32.603730754143101 ], [ -61.620711426999897, -32.603756906142998 ], [ -61.620946795, -32.603831242143102 ], [ -61.621444615999899, -32.604014255143099 ], [ -61.621723737, -32.604129153143099 ], [ -61.621974161, -32.604224135143099 ], [ -61.622080524, -32.604253083143 ], [ -61.622159682, -32.604242567142997 ], [ -61.6224624, -32.604183322143001 ], [ -61.623237519999897, -32.6040358191431 ], [ -61.623700222, -32.603943922143102 ], [ -61.623816552, -32.603925679143103 ], [ -61.62389394, -32.603929997142998 ], [ -61.624159608999904, -32.604019477142998 ], [ -61.625129828, -32.604396581143 ], [ -61.62532660999991, -32.604486732143002 ], [ -61.625781000999901, -32.604696848143 ], [ -61.626163708, -32.604890934143 ], [ -61.626408853, -32.605037548143002 ], [ -61.626967602, -32.605399720142998 ], [ -61.62734813, -32.605642911143001 ], [ -61.627550509, -32.605763527142997 ], [ -61.627622753, -32.605838632142998 ], [ -61.6277126069999, -32.606046033143102 ], [ -61.627913475999897, -32.606020535143003 ], [ -61.628256618, -32.605960208143003 ], [ -61.628547517, -32.605889286142997 ], [ -61.62863057, -32.605876496142997 ], [ -61.628675799, -32.605882035142997 ], [ -61.628731666999897, -32.605916264142998 ], [ -61.628823815, -32.606080176143003 ], [ -61.628878712, -32.606175565142998 ], [ -61.628932203, -32.606223850143003 ], [ -61.628971567999891, -32.606230007142997 ], [ -61.629055029999897, -32.606246463143002 ], [ -61.629122445999897, -32.606270649142999 ], [ -61.629179385, -32.606306087142997 ], [ -61.629240763, -32.606328455143 ], [ -61.629334743999898, -32.606392878142998 ], [ -61.629391615, -32.606431934142996 ], [ -61.629440240999912, -32.606445253143001 ], [ -61.629507534, -32.606485597142999 ], [ -61.62974160200001, -32.606621657143002 ], [ -61.62991847499989, -32.606709273142997 ], [ -61.630077377, -32.606790735143001 ], [ -61.630113197, -32.606808858142998 ], [ -61.630268106, -32.606889423143102 ], [ -61.63028472, -32.606902322143 ], [ -61.630299162999897, -32.606928369142999 ], [ -61.630384811999903, -32.606978567143003 ], [ -61.6304098519999, -32.606974179143002 ], [ -61.630503849, -32.607017092143003 ], [ -61.630553546, -32.607053223142998 ], [ -61.63064396, -32.607103812143102 ], [ -61.63086106, -32.607226687142997 ], [ -61.631041953999897, -32.607326260142997 ], [ -61.631325782999888, -32.607482105142999 ], [ -61.631619605999887, -32.607645409142997 ], [ -61.631893802, -32.607804303142998 ], [ -61.631957370999899, -32.607835293142998 ], [ -61.632177564, -32.607947632143002 ], [ -61.632399331999892, -32.608074238142997 ], [ -61.632625219, -32.608203291142999 ], [ -61.632953016, -32.608358550143002 ], [ -61.633241005999899, -32.608508597143 ], [ -61.633547372999899, -32.608695376142997 ], [ -61.633963827999892, -32.608915670142999 ], [ -61.634448629999902, -32.609164977143003 ], [ -61.634902190999988, -32.609388873142898 ], [ -61.635334109000013, -32.609610021142998 ], [ -61.63580291, -32.609852908142997 ], [ -61.636227877, -32.610063583142903 ], [ -61.636856684, -32.6103754921429 ], [ -61.637372764, -32.610633412143002 ], [ -61.637888586, -32.610885948142901 ], [ -61.638213739, -32.611037852142999 ], [ -61.638428233999903, -32.611163122142997 ], [ -61.638635541000014, -32.611257500142898 ], [ -61.638760675, -32.611317647142897 ], [ -61.638835776999898, -32.611360625143 ], [ -61.638944011, -32.611423429142903 ], [ -61.63965398700001, -32.611766640143003 ], [ -61.640203274, -32.612046567142997 ], [ -61.640785614, -32.612338264142899 ], [ -61.641331544, -32.612615545143001 ], [ -61.641802751999897, -32.612841077143003 ], [ -61.642090908999897, -32.612995657142903 ], [ -61.642152796999902, -32.613025488142902 ], [ -61.642660874999898, -32.6132446611429 ], [ -61.643512411, -32.613626010142902 ], [ -61.644281489999898, -32.613966214142899 ], [ -61.644950752999897, -32.6142692081429 ], [ -61.645609989, -32.6145552561429 ], [ -61.6458029039999, -32.614640550143001 ], [ -61.646044473999901, -32.6147640651429 ], [ -61.646670282999899, -32.615071357142902 ], [ -61.647193682, -32.615322271142901 ], [ -61.647742613999988, -32.6155936741429 ], [ -61.648315527, -32.615878898142903 ], [ -61.648686599999898, -32.616064670142897 ], [ -61.648766225, -32.616097737142901 ], [ -61.64951679699989, -32.616437780142803 ], [ -61.650110738, -32.616695065142899 ], [ -61.650727252, -32.616961534142902 ], [ -61.651484156, -32.617287416142901 ], [ -61.652205174999899, -32.6175927841429 ], [ -61.652521198, -32.6177360631428 ], [ -61.652576004999908, -32.617754722142898 ], [ -61.652725582, -32.617822897142801 ], [ -61.652902011, -32.617941597142902 ], [ -61.653389279, -32.618281142142799 ], [ -61.653929035, -32.618651337142801 ], [ -61.654645097, -32.6191320161428 ], [ -61.655394289999897, -32.619640898142798 ], [ -61.655716787, -32.619862564142799 ], [ -61.656347976999903, -32.620296914142799 ], [ -61.656914872, -32.620677502142797 ], [ -61.657364635, -32.620982883142801 ], [ -61.657728772, -32.621275914142799 ], [ -61.658132058, -32.621592024142799 ], [ -61.658549870999899, -32.621932552142802 ], [ -61.659000732, -32.6222974551428 ], [ -61.659479658999899, -32.622678013142803 ], [ -61.659788781, -32.622918720142799 ], [ -61.659887509, -32.623004836142798 ], [ -61.659990862, -32.623086462142801 ], [ -61.660106966999898, -32.623215932142799 ], [ -61.660347034, -32.623495410142802 ], [ -61.660686782, -32.623868450142801 ], [ -61.660955459, -32.6241693891428 ], [ -61.661292402999898, -32.624547957142802 ], [ -61.661718905999898, -32.625000146142803 ], [ -61.662132502, -32.625445272142798 ], [ -61.662327865999913, -32.625657622142697 ], [ -61.662589184999902, -32.625976863142803 ], [ -61.662968757, -32.626399517142801 ], [ -61.663351382, -32.626831352142702 ], [ -61.663713206999901, -32.627226509142702 ], [ -61.664106038999897, -32.6276647151427 ], [ -61.664278582, -32.627852949142699 ], [ -61.664444258, -32.6280307211427 ], [ -61.664484189999897, -32.628083340142702 ], [ -61.66455473, -32.628137320142699 ], [ -61.66463263699989, -32.628138479142699 ], [ -61.665026263999899, -32.628098661142701 ], [ -61.665723791999888, -32.627976846142701 ], [ -61.666050247, -32.627911284142698 ], [ -61.666126893999888, -32.627915162142699 ], [ -61.666170517999902, -32.6279405901427 ], [ -61.666359966999899, -32.628101449142697 ], [ -61.666416226, -32.6281232991427 ], [ -61.6664707629999, -32.628178959142701 ], [ -61.66653611, -32.628196997142702 ], [ -61.666585071, -32.628229737142703 ], [ -61.666608236999899, -32.628261446142702 ], [ -61.666630614, -32.628293300142701 ], [ -61.6666853649999, -32.628329490142697 ], [ -61.666749723999899, -32.628361428142703 ], [ -61.666950512, -32.628499012142697 ], [ -61.667206944, -32.628673945142701 ], [ -61.667481273999897, -32.628875210142702 ], [ -61.667938562999893, -32.629211219142597 ], [ -61.6686581599999, -32.6297139811427 ], [ -61.669311031, -32.6301734131426 ], [ -61.669827389000012, -32.630536851142701 ], [ -61.6699657509999, -32.630651572142703 ], [ -61.670098725, -32.630739926142702 ], [ -61.670242006999899, -32.6307924951427 ], [ -61.670952767, -32.6309626191427 ], [ -61.671781, -32.6311675191427 ], [ -61.672166272999903, -32.631272771142598 ], [ -61.67279221, -32.6314214451426 ], [ -61.673456882000011, -32.631570130142599 ], [ -61.673743848999898, -32.631642539142703 ], [ -61.673904561, -32.631686876142702 ], [ -61.674486627, -32.6318296231427 ], [ -61.674990821, -32.631950671142697 ], [ -61.675455488999908, -32.632069315142701 ], [ -61.676120633, -32.632216870142699 ], [ -61.676664129, -32.632343834142702 ], [ -61.677441029999898, -32.632530399142702 ], [ -61.67809411, -32.632688534142602 ], [ -61.67867168, -32.632821528142699 ], [ -61.679176900999913, -32.6329482841426 ], [ -61.67979960400001, -32.633098325142697 ], [ -61.680573282999902, -32.633287262142602 ], [ -61.681028983999902, -32.633380417142597 ], [ -61.681268953999897, -32.633444043142603 ], [ -61.681375853, -32.633505006142599 ], [ -61.681435125999897, -32.633545534142598 ], [ -61.681549324999892, -32.633602000142602 ], [ -61.681678562999899, -32.633672595142599 ], [ -61.681983853999988, -32.633857955142602 ], [ -61.68224852, -32.634012324142702 ], [ -61.682717323999903, -32.634285848142703 ], [ -61.683497390999896, -32.634732261142602 ], [ -61.684252446, -32.635166714142599 ], [ -61.685114558999899, -32.635655535142597 ], [ -61.68600207, -32.636164627142598 ], [ -61.686466349999897, -32.6364347761426 ], [ -61.686707207, -32.636570095142602 ], [ -61.686796412, -32.636611579142603 ], [ -61.687152727999901, -32.636855911142597 ], [ -61.687607661999898, -32.637164881142603 ], [ -61.688117608000013, -32.637513903142597 ], [ -61.688657551000013, -32.637889334142599 ], [ -61.688869627, -32.638021137142601 ], [ -61.689298321, -32.638322946142502 ], [ -61.689858473999898, -32.638704051142597 ], [ -61.690469607, -32.639130676142599 ], [ -61.691153529, -32.639602731142602 ], [ -61.692059981, -32.640241523142599 ], [ -61.692929033, -32.640834663142499 ], [ -61.693727125999899, -32.6413934341425 ], [ -61.694480472, -32.641898923142499 ], [ -61.695282278, -32.642456248142501 ], [ -61.696086319, -32.643014943142497 ], [ -61.696500194999899, -32.643299906142502 ], [ -61.697027981999902, -32.643644145142503 ], [ -61.6973562169999, -32.643827894142497 ], [ -61.697643028999899, -32.643956346142502 ], [ -61.697743956999901, -32.643972172142497 ], [ -61.697799419, -32.643973186142503 ], [ -61.698073313, -32.6441301361425 ], [ -61.698874281999899, -32.644530507142498 ], [ -61.699359526999899, -32.644782967142497 ], [ -61.700119133, -32.6451608631425 ], [ -61.70122944, -32.645719577142501 ], [ -61.702300745999899, -32.6462633861425 ], [ -61.703025468, -32.646636026142403 ], [ -61.703121944, -32.646685545142397 ], [ -61.703185925, -32.646685660142403 ], [ -61.703239385999908, -32.646697940142502 ], [ -61.703300855999892, -32.646736379142403 ], [ -61.70394186, -32.646998224142401 ], [ -61.704680923, -32.6473304701424 ], [ -61.704761015, -32.647368814142403 ] ] ] } },
{ "type": "Feature", "properties": { "Nombre": "Aº Las Estacas 01 [2:LineString]", "Longuitud": 74.154, "Datos": "Intervencion PARCIAL", "Estado": null, "Zona": "Centro" }, "geometry": { "type": "MultiLineString", "coordinates": [ [ [ -61.142660574703498, -32.378508317902103 ], [ -61.142012291149101, -32.379279243493201 ], [ -61.141697358818099, -32.3796463947603 ], [ -61.141411953832602, -32.3799686074871 ], [ -61.141277152663903, -32.380116298635301 ], [ -61.141145864901503, -32.3802569800878 ], [ -61.140240474103699, -32.381212446712297 ], [ -61.139331194577998, -32.382165219923301 ], [ -61.138418026274202, -32.383115299641403 ], [ -61.137500969142799, -32.384062685786802 ], [ -61.136580023142699, -32.385007378271098 ], [ -61.135655188223701, -32.385949377015699 ], [ -61.134726464343103, -32.386888681934899 ], [ -61.133793851462897, -32.387825292938203 ], [ -61.132857349532898, -32.388759209947999 ], [ -61.131916958508299, -32.389690432881601 ], [ -61.130972678349998, -32.390618961650503 ], [ -61.130024509025702, -32.391544796160296 ], [ -61.129072450484003, -32.392467936335699 ], [ -61.128116502685501, -32.393388382089597 ], [ -61.1271566655955, -32.394306133330602 ], [ -61.126192939172597, -32.3952211899744 ] ] ] } },
{ "type": "Feature", "properties": { "Nombre": "Aº Cañada de Gómez", "Longuitud": 48.662, "Datos": "Intervencion PARCIAL", "Estado": null, "Zona": "Sur" }, "geometry": { "type": "MultiLineString", "coordinates": [ [ [ -61.157590287, -32.844528764139802 ], [ -61.157891445, -32.843834461139799 ], [ -61.158165505999897, -32.843359885139797 ], [ -61.158563661, -32.842012715139802 ], [ -61.158747621, -32.8412007741398 ], [ -61.158827134, -32.840836152139801 ], [ -61.158799240999898, -32.840704442139803 ], [ -61.158549899, -32.8403921251399 ], [ -61.158509959999897, -32.840157129139797 ], [ -61.15850646, -32.839955794139897 ], [ -61.158562699, -32.839895745139799 ], [ -61.158663776, -32.8398609381398 ], [ -61.158844910000013, -32.839805915139799 ], [ -61.159096513999899, -32.839740388139802 ], [ -61.159196257, -32.8396193601398 ], [ -61.159240904999891, -32.8394174271398 ], [ -61.159280598999899, -32.839103503139903 ], [ -61.159755473, -32.837352208139897 ], [ -61.160253687999898, -32.835262432139899 ], [ -61.160653887, -32.833532600139897 ], [ -61.161546890999908, -32.829966826140002 ], [ -61.162833798999898, -32.8247753011401 ], [ -61.163280899, -32.823129857140103 ], [ -61.163409331999887, -32.822807100140103 ], [ -61.163555970999901, -32.822462353140097 ], [ -61.164013838999907, -32.821912620140097 ], [ -61.164172649, -32.821677195140097 ], [ -61.164260791999901, -32.821404283140097 ], [ -61.16433054, -32.821208434140097 ], [ -61.164411324, -32.821064731140098 ], [ -61.164580837999893, -32.820875948140099 ], [ -61.164714047999887, -32.820678995140099 ], [ -61.164806835, -32.820493356140098 ], [ -61.1649946309999, -32.819949710140101 ], [ -61.165123793, -32.819605232140098 ], [ -61.16525039, -32.819379376140098 ], [ -61.16554364, -32.819146878140103 ], [ -61.165842503, -32.818949740140098 ], [ -61.166171937999898, -32.818706115140102 ], [ -61.166443214, -32.818508834140097 ], [ -61.166620751, -32.818281695140101 ], [ -61.166788657999987, -32.817785748140103 ], [ -61.167029017999901, -32.817329754140097 ], [ -61.16740028, -32.816719799140202 ], [ -61.167713334, -32.816344687140202 ], [ -61.167944367999901, -32.816056560140197 ], [ -61.168474697, -32.815751941140199 ], [ -61.168915549999888, -32.815537307140097 ], [ -61.169341754999898, -32.815338442140202 ], [ -61.169671816999902, -32.815176900140202 ], [ -61.170017047, -32.8149207511402 ], [ -61.170348389, -32.814629575140202 ], [ -61.170913947, -32.814052197140199 ], [ -61.171625788, -32.813218991140197 ], [ -61.171838535999903, -32.8129466391402 ], [ -61.172061116, -32.812714504140203 ], [ -61.172230339999892, -32.812602501140198 ], [ -61.17238192, -32.812561878140201 ], [ -61.172557508999887, -32.8125633201402 ], [ -61.172856855000013, -32.812591975140201 ], [ -61.173273627, -32.812688560140202 ], [ -61.173762065999902, -32.8127943771402 ], [ -61.174347264999902, -32.812962176140203 ], [ -61.174901637, -32.813110967140197 ], [ -61.175179141, -32.813192721140197 ], [ -61.175374715, -32.813226624140199 ], [ -61.175698419999897, -32.813174299140201 ], [ -61.17603724, -32.813082683140202 ], [ -61.176382547999907, -32.8130134901402 ], [ -61.176812491, -32.812879793140198 ], [ -61.1772377469999, -32.812742212140201 ], [ -61.177693924, -32.8125465391402 ], [ -61.178193343, -32.812340500140202 ], [ -61.178619341999898, -32.812163258140203 ], [ -61.178944654, -32.811943452140198 ], [ -61.179258916, -32.811686390140203 ], [ -61.179875163, -32.811246956140202 ], [ -61.180349288, -32.810929433140203 ], [ -61.181161504, -32.810544269140301 ], [ -61.181718651, -32.810289379140301 ], [ -61.18257169, -32.809945637140203 ], [ -61.183147671, -32.809721837140302 ], [ -61.183661633, -32.809500039140197 ], [ -61.184305096, -32.809285156140298 ], [ -61.184697696, -32.809170383140298 ], [ -61.185110589, -32.809122845140301 ], [ -61.185553448999897, -32.8090382821402 ], [ -61.185935819999898, -32.8088337611402 ], [ -61.186237551, -32.808572995140302 ], [ -61.186466502, -32.808231102140297 ], [ -61.186606484, -32.807977944140298 ], [ -61.186672432, -32.807696504140303 ], [ -61.186661350999898, -32.807437608140297 ], [ -61.186632793999912, -32.807143530140301 ], [ -61.186551193999897, -32.806884960140302 ], [ -61.186553064999899, -32.806615299140297 ], [ -61.186695319999899, -32.806263098140299 ], [ -61.187093547, -32.805819930140302 ], [ -61.187573677, -32.805354000140298 ], [ -61.187838379000013, -32.8050868681403 ], [ -61.188060762, -32.804875254140299 ], [ -61.188250358999888, -32.8047327591403 ], [ -61.188469365, -32.804655664140299 ], [ -61.188748354, -32.8046313721403 ], [ -61.189137770999899, -32.804579101140298 ], [ -61.189388049999899, -32.804518561140299 ], [ -61.189668740999899, -32.804398764140302 ], [ -61.190014763, -32.804232371140301 ], [ -61.190643722999901, -32.804090772140299 ], [ -61.191309441, -32.803890840140298 ], [ -61.193161058, -32.803274318140303 ], [ -61.193984578999988, -32.8026787671403 ], [ -61.194562671, -32.802490511140299 ], [ -61.195842409, -32.802321854140303 ], [ -61.196776354999898, -32.802206016140303 ], [ -61.197017383999892, -32.8022837431404 ], [ -61.197417366, -32.802718259140299 ], [ -61.197859235, -32.802958001140397 ], [ -61.198205394, -32.802978114140402 ], [ -61.198540460999908, -32.802940586140302 ], [ -61.19931518100001, -32.802829989140299 ], [ -61.1996415509999, -32.802872508140297 ], [ -61.200484838, -32.803209238140298 ], [ -61.201472177, -32.803599249140298 ], [ -61.201991527, -32.803846809140303 ], [ -61.202083644, -32.803898602140301 ], [ -61.20232515, -32.804207139140303 ], [ -61.202468624000012, -32.804517528140302 ], [ -61.20255889, -32.804883116140303 ], [ -61.2025853, -32.805160313140298 ], [ -61.202703049, -32.805369155140298 ], [ -61.203350841, -32.805760271140301 ], [ -61.203665999, -32.805944294140303 ], [ -61.204595390999913, -32.807071059140299 ], [ -61.205251707999899, -32.807458824140298 ], [ -61.20584499, -32.807819693140303 ], [ -61.206431485, -32.807875326140298 ], [ -61.206775202999893, -32.808020913140297 ], [ -61.207128183, -32.808429236140299 ], [ -61.207391786, -32.808585745140299 ], [ -61.207836303, -32.808609583140303 ], [ -61.208213772, -32.808645372140198 ], [ -61.208542721, -32.8087556641403 ], [ -61.209506188, -32.809378247140302 ], [ -61.21013161, -32.809753467140197 ], [ -61.210527079, -32.810000876140201 ], [ -61.210834417999898, -32.810285037140197 ], [ -61.210978607999898, -32.810414034140202 ], [ -61.211201672999898, -32.810509845140203 ], [ -61.211723005999893, -32.810682548140299 ], [ -61.211909661999989, -32.8107919971402 ], [ -61.212174079, -32.811129774140298 ], [ -61.212482587999908, -32.811539827140201 ], [ -61.212692545, -32.811720915140199 ], [ -61.212803717, -32.811989775140198 ], [ -61.21279635, -32.8124643921402 ], [ -61.212983715, -32.812856531140199 ], [ -61.213331215, -32.813110282140201 ], [ -61.213818655999901, -32.813156830140201 ], [ -61.214276005, -32.813168547140201 ], [ -61.215080647, -32.813212541140203 ], [ -61.215725018999898, -32.813453630140202 ], [ -61.216297153, -32.813901662140204 ], [ -61.21672732, -32.814384838140199 ], [ -61.217307752999901, -32.814730935140098 ], [ -61.217611752, -32.815059811140202 ], [ -61.218049145999899, -32.815628640140098 ], [ -61.218531308, -32.8159326661401 ], [ -61.219137649999887, -32.816196777140199 ], [ -61.220347357, -32.816321802140202 ], [ -61.221296745999908, -32.8166054301402 ], [ -61.221700443, -32.816751812140097 ], [ -61.221986850999897, -32.817006389140097 ], [ -61.222344795, -32.817243113140101 ], [ -61.22287618, -32.817425275140103 ], [ -61.223452884, -32.8176941211401 ], [ -61.223848817, -32.817771563140099 ], [ -61.224341468, -32.817812813140101 ], [ -61.225053188999901, -32.817828692140097 ], [ -61.225589974999899, -32.817910550140098 ], [ -61.226027708999901, -32.817927239140097 ], [ -61.2263374999999, -32.817801067140103 ], [ -61.226717913, -32.817637550140098 ], [ -61.227043334, -32.817636635140097 ], [ -61.227478888999897, -32.817786421140099 ], [ -61.227776247999898, -32.817855011140097 ], [ -61.22807439000001, -32.8178922411402 ], [ -61.228516354999897, -32.8177991081402 ], [ -61.229194682, -32.817593282140102 ], [ -61.229939123999898, -32.817443801140101 ], [ -61.230426061, -32.817375427140099 ], [ -61.231104397, -32.817397322140202 ], [ -61.232125328, -32.817394383140098 ], [ -61.232681646, -32.817452781140197 ], [ -61.233052735999898, -32.817499456140098 ], [ -61.233276941, -32.817464985140099 ], [ -61.23358638900001, -32.8174008961402 ], [ -61.2339822019999, -32.817229154140101 ], [ -61.234396385, -32.817065609140101 ], [ -61.23472505, -32.816962869140099 ], [ -61.234993226, -32.816999667140102 ], [ -61.235437762999901, -32.817086974140103 ], [ -61.235753445999897, -32.817116893140202 ], [ -61.236292696, -32.8170419281401 ], [ -61.236965074, -32.816907114140101 ], [ -61.237401803999902, -32.816947355140101 ], [ -61.2381808499999, -32.817088403140097 ], [ -61.238773535999897, -32.817131685140197 ], [ -61.240136933, -32.8171831261402 ], [ -61.240881919999893, -32.817167070140201 ], [ -61.241260016999902, -32.8169638311401 ], [ -61.24184012, -32.816858605140197 ], [ -61.242517952999897, -32.816856860140199 ], [ -61.242789118, -32.817002911140101 ], [ -61.243239743999901, -32.817199616140201 ], [ -61.243767422999902, -32.817241685140097 ], [ -61.244269921999901, -32.817236314140096 ], [ -61.244637718, -32.817392235140098 ], [ -61.245030643999897, -32.817626806140098 ], [ -61.245407472999901, -32.817775116140098 ], [ -61.245824623, -32.817814882140198 ], [ -61.246588276999901, -32.817783330140102 ], [ -61.247106239999901, -32.817879626140098 ], [ -61.247799619, -32.818010737140099 ], [ -61.248393459999903, -32.818046096140201 ], [ -61.248883901999903, -32.818095280140099 ], [ -61.249214944999892, -32.818218920140097 ], [ -61.24985427, -32.818559042140102 ], [ -61.250241155, -32.818683651140098 ], [ -61.250650584, -32.818637501140103 ], [ -61.251078956999898, -32.8185069391401 ], [ -61.251595430999892, -32.818337557140097 ], [ -61.252058096, -32.818089217140098 ], [ -61.252501884, -32.817863749140102 ], [ -61.252744648, -32.817821705140098 ], [ -61.253160411999907, -32.817869185140097 ], [ -61.25341976, -32.8178746431402 ], [ -61.253646711, -32.817723377140197 ], [ -61.254135215, -32.817187695140099 ], [ -61.254545022999899, -32.816748304140098 ], [ -61.254861741, -32.816380545140099 ], [ -61.255167164999897, -32.816082718140102 ], [ -61.2555703, -32.815935002140201 ], [ -61.255918255, -32.815770570140202 ], [ -61.256154511, -32.815619458140198 ], [ -61.256306433, -32.815497814140201 ], [ -61.2565051549999, -32.815361530140201 ], [ -61.256729014, -32.815319312140197 ], [ -61.25697922, -32.815332246140201 ], [ -61.257292859, -32.815393219140198 ], [ -61.257579283, -32.815430249140199 ], [ -61.258181732, -32.815442421140098 ], [ -61.258750709, -32.8156488501401 ], [ -61.259466042, -32.8158814571402 ], [ -61.259854566999898, -32.815904924140199 ], [ -61.260151153, -32.815903159140099 ], [ -61.260471184, -32.815730537140197 ], [ -61.260843338, -32.8153564871402 ], [ -61.261403911999899, -32.815057147140202 ], [ -61.261814438, -32.814971829140198 ], [ -61.262942408, -32.814796426140198 ], [ -61.263585254, -32.8147000591402 ], [ -61.263938508, -32.814645165140099 ], [ -61.265329897999898, -32.814428539140202 ], [ -61.265713849, -32.814234901140203 ], [ -61.265990077, -32.813937656140098 ], [ -61.266118552, -32.813644754140199 ], [ -61.2661619739999, -32.813366357140197 ], [ -61.266254253999897, -32.813056712140202 ], [ -61.266353338, -32.812832872140199 ], [ -61.266635369, -32.812566020140203 ], [ -61.26701029, -32.812417853140197 ], [ -61.267438321, -32.812356428140198 ], [ -61.26796052, -32.812242393140203 ], [ -61.26879892800001, -32.812088029140199 ], [ -61.269124894, -32.812032325140201 ], [ -61.269725852, -32.812083424140198 ], [ -61.270310289999898, -32.812056306140299 ], [ -61.271034637, -32.812008683140199 ], [ -61.271508439999913, -32.811971618140198 ], [ -61.271814643, -32.8119545091402 ], [ -61.272194714, -32.811938904140199 ], [ -61.272494091999903, -32.811828258140203 ], [ -61.272737294, -32.8117398151402 ], [ -61.2730091399999, -32.8116208321402 ], [ -61.273279606, -32.8115638061402 ], [ -61.273605863, -32.811507842140202 ], [ -61.2740295689999, -32.811578837140203 ], [ -61.274370803999908, -32.811593824140203 ], [ -61.274826331, -32.811529354140198 ], [ -61.275452390999988, -32.811424772140199 ], [ -61.275810255, -32.811267873140203 ], [ -61.276232282, -32.811143531140203 ], [ -61.2765410969999, -32.811111606140202 ], [ -61.276910715, -32.811213554140203 ], [ -61.277428874, -32.811505881140199 ], [ -61.278729416999987, -32.812235750140204 ], [ -61.279316583000011, -32.812473806140197 ], [ -61.280232864, -32.813012004140198 ], [ -61.280982519, -32.813441014140203 ], [ -61.281505444999901, -32.813654357140202 ], [ -61.282029131999892, -32.813812496140201 ], [ -61.282564424, -32.813932686140198 ], [ -61.283172414, -32.814101015140203 ], [ -61.283780763, -32.814253852140197 ], [ -61.284475234, -32.814540650140202 ], [ -61.2885100519999, -32.8162307051401 ], [ -61.291593776, -32.817526029140097 ], [ -61.296488506999893, -32.8195404551401 ], [ -61.2979493019999, -32.819958896140101 ], [ -61.299580558999899, -32.820661558140102 ], [ -61.300912259, -32.821186261140099 ], [ -61.301670101, -32.821495403140098 ], [ -61.302774258999897, -32.8218241611401 ], [ -61.303389924, -32.8219521171401 ], [ -61.304315293999892, -32.822294231139999 ], [ -61.305350958, -32.8226970111401 ], [ -61.3058457879999, -32.822839784140001 ], [ -61.306527301, -32.822977989140099 ], [ -61.307320695, -32.8230836641401 ], [ -61.308625731999911, -32.823198074140002 ], [ -61.310793488999899, -32.823437164140103 ], [ -61.311308657, -32.82348568714 ], [ -61.31168220699989, -32.823640141139997 ], [ -61.311916034, -32.823878010140099 ], [ -61.312104836, -32.824504586140101 ], [ -61.312223079, -32.824981116140002 ], [ -61.312427548, -32.825280144140002 ], [ -61.312761475999913, -32.825519549139997 ], [ -61.313279364, -32.825716322140003 ], [ -61.314190016999987, -32.82593629014 ], [ -61.316401619, -32.826663175139998 ], [ -61.31669506, -32.826770448140003 ], [ -61.316923158, -32.826860175139998 ], [ -61.320000213, -32.828497100139998 ], [ -61.321370384, -32.829038625140001 ], [ -61.321948558, -32.829189987139998 ], [ -61.323255555, -32.829501653139999 ], [ -61.323902015, -32.829568207139999 ], [ -61.324463, -32.82967993914 ], [ -61.324870386, -32.829694717139901 ], [ -61.325273348, -32.829664416139998 ], [ -61.325792317, -32.829589453140002 ], [ -61.326634284, -32.829452044139998 ], [ -61.327571846, -32.829322807140002 ], [ -61.328732684, -32.829143033139999 ], [ -61.330320362999892, -32.828986750139997 ], [ -61.331380145, -32.828969264139999 ], [ -61.332121762, -32.829147489139999 ], [ -61.333386597999898, -32.829653854139998 ], [ -61.333953124999901, -32.829809606140003 ], [ -61.334522109999988, -32.829913551140002 ], [ -61.334999443, -32.829916170140002 ], [ -61.335469094999901, -32.82987230114 ], [ -61.335947961, -32.829851833139998 ], [ -61.336474595, -32.829922008140002 ], [ -61.337754261, -32.829861191139997 ], [ -61.3398946, -32.829815415139997 ], [ -61.341323546999902, -32.83001390714 ], [ -61.342453318, -32.830111559140001 ], [ -61.34310606, -32.830094247140003 ], [ -61.344632716, -32.829926547139998 ], [ -61.346553368999892, -32.829667846139998 ], [ -61.346854988, -32.829673780139998 ], [ -61.347164707999987, -32.829780314140002 ], [ -61.347463303, -32.829956175139898 ], [ -61.347654134, -32.830369475139896 ], [ -61.347733163, -32.83083467614 ], [ -61.347850891, -32.831231090139902 ], [ -61.348021236, -32.831388981140002 ], [ -61.348266830999897, -32.831486526139997 ], [ -61.348541075, -32.831545995139898 ], [ -61.348973935999901, -32.831523569139897 ], [ -61.349507899, -32.831503124139999 ], [ -61.350447465999899, -32.831459084139901 ], [ -61.35212267, -32.8313457201399 ], [ -61.35468387, -32.831223220139996 ], [ -61.357914902999902, -32.831410073139999 ], [ -61.359956274000012, -32.831511786139899 ], [ -61.360721181, -32.831433832139901 ], [ -61.361625692, -32.831281650139999 ], [ -61.363812877, -32.8307834781399 ], [ -61.366491496, -32.830238383139999 ], [ -61.368049765, -32.830021800139903 ], [ -61.369642756999887, -32.829875218140003 ], [ -61.371795163, -32.82963764414 ], [ -61.372603354000013, -32.829617998140002 ], [ -61.373247839, -32.829499666140002 ], [ -61.373889238999901, -32.829445052140002 ], [ -61.374668754000012, -32.829408368140001 ], [ -61.375394177, -32.829384002140003 ], [ -61.376416172999903, -32.82927322914 ], [ -61.377483138, -32.829096826140002 ], [ -61.377788027, -32.829055642139998 ], [ -61.378034671, -32.829060720139999 ], [ -61.378336304999898, -32.829081953139998 ], [ -61.37878972, -32.829207084140002 ], [ -61.379059271999893, -32.829359685139998 ], [ -61.379357908, -32.829459163140001 ], [ -61.379621782, -32.829511314139999 ], [ -61.379987669999913, -32.829549131139999 ], [ -61.380513043999898, -32.829473324139997 ], [ -61.380956381, -32.829344078139997 ], [ -61.381492392, -32.829186674139997 ], [ -61.381902678, -32.828947035139997 ], [ -61.382116551, -32.828834348139999 ], [ -61.382388055, -32.828623426139998 ], [ -61.38299317, -32.828272783140001 ], [ -61.383474416, -32.828112974139998 ], [ -61.384028684, -32.827954237139998 ], [ -61.384695026, -32.827720668140003 ], [ -61.385653611, -32.827471061140002 ], [ -61.387806822999899, -32.827110616139997 ], [ -61.390460775, -32.826678942139999 ], [ -61.393000351999902, -32.826256267140003 ], [ -61.395450315999902, -32.825780368140002 ], [ -61.397884479, -32.825431421140003 ], [ -61.399118926999897, -32.825264476139999 ], [ -61.399688507, -32.825157151140097 ], [ -61.400055933999987, -32.824961376140102 ], [ -61.400517464, -32.824555431139999 ], [ -61.400779133, -32.824219986140001 ], [ -61.401019854999987, -32.823810857140003 ], [ -61.401269755, -32.823466003139998 ], [ -61.401516683999887, -32.823240787140101 ], [ -61.402068432999897, -32.823076611140102 ], [ -61.402434099999908, -32.822909050140098 ], [ -61.4032061939999, -32.8224719331401 ], [ -61.404418178, -32.821923954139997 ], [ -61.406672302999887, -32.821480513140102 ], [ -61.40848116, -32.821083015140097 ], [ -61.409187352999901, -32.8204533601401 ], [ -61.411243852, -32.820046122140099 ], [ -61.416216562, -32.819043134140102 ], [ -61.422962677, -32.8179188981401 ], [ -61.428917247, -32.816876859140201 ] ] ] } }
]
}
