{
"type": "FeatureCollection",
"name": "Obras lineales",
"crs": { "type": "name", "properties": { "name": "urn:ogc:def:crs:OGC:1.3:CRS84" } },
"features": [
{ "type": "Feature", "properties": { "Nombre": "Canal Traza 3", "Estado": "Finalizado", "Obra": "Canal Traza N°3 y Obras de arte - Distritos. Capivara, Monigotes y Suardi - dpto. San Cristobal", "Datos": null, "Tipo": "Canal", "Region": "Región 3", "Código": "6057", "Cuenca": "8- RÍo Salado", "Localidad": "San Cristobal, Monigotes, Suardi", "Resp.": null, "C Cuenca": null, "Direccion": "Direccion General de Obras por Terceros - MOP", "Dpto": "San Cristobal", "Long (Km.)": 60.52 }, "geometry": { "type": "MultiLineString", "coordinates": [ [ [ -61.792717202151998, -30.511775909085063 ], [ -61.787240328251968, -30.510079504835787 ], [ -61.779466053379068, -30.506854131001909 ], [ -61.773403026417682, -30.505406742906665 ], [ -61.767081577972959, -30.503198758875033 ], [ -61.762506709366605, -30.500670068401131 ], [ -61.758349145253462, -30.498393972291698 ], [ -61.754889157126037, -30.496333559512546 ], [ -61.748201536695348, -30.490773473023932 ], [ -61.746149006642284, -30.48932358592095 ], [ -61.743449428265087, -30.489440869834173 ], [ -61.740973201540726, -30.489874407332064 ], [ -61.731997358540646, -30.491471278883605 ], [ -61.727052432745289, -30.49166028733962 ], [ -61.72110707125411, -30.491209603131672 ], [ -61.714111297912325, -30.490484203430285 ], [ -61.704998993579792, -30.491981643147685 ], [ -61.693618947137963, -30.492674422153367 ], [ -61.68921695523121, -30.490896188996647 ], [ -61.678783617789286, -30.485676395830705 ], [ -61.677026315954201, -30.485817944346739 ], [ -61.675681436469503, -30.485137015998983 ], [ -61.675524941086493, -30.485070089304259 ], [ -61.675228002482513, -30.484491269340186 ], [ -61.674899279763459, -30.483459353001493 ], [ -61.673532854164399, -30.483469401606953 ], [ -61.667501983682328, -30.483381067402227 ], [ -61.650431612006102, -30.474764991891462 ], [ -61.641409472607762, -30.469787286207943 ], [ -61.638283066007361, -30.465237387746583 ], [ -61.635832115334296, -30.464865794918456 ], [ -61.632228990641501, -30.463883296702384 ], [ -61.627771639242155, -30.462557728287784 ], [ -61.625203236777345, -30.461946888388994 ], [ -61.62334990093489, -30.461508386281523 ], [ -61.619372109485127, -30.459495563495981 ], [ -61.616075612739557, -30.459918929979324 ], [ -61.615368906397563, -30.457061512996457 ], [ -61.606821952090073, -30.458568216411141 ], [ -61.586521946454624, -30.462164701814828 ], [ -61.583815716363411, -30.460147501510335 ], [ -61.583506063221698, -30.460169612085135 ], [ -61.582277961088558, -30.460083815932968 ], [ -61.580304694705596, -30.4597550828442 ], [ -61.578664508023301, -30.459486947680734 ], [ -61.577832759865885, -30.459314837416109 ], [ -61.577273929766186, -30.45909969944249 ], [ -61.565901934060093, -30.461089061795828 ], [ -61.565329896337765, -30.461196180943535 ], [ -61.565031724053625, -30.461163909912631 ], [ -61.561324485632284, -30.461823896866377 ], [ -61.5558065340608, -30.462794239892293 ], [ -61.555347531311568, -30.462868336675307 ], [ -61.5550002632176, -30.462781989501742 ], [ -61.55316456659942, -30.461323778496318 ], [ -61.551022834068085, -30.459572206809728 ], [ -61.55013045240063, -30.458822877105671 ], [ -61.54929785588989, -30.458318859245647 ], [ -61.545785477978669, -30.458513790625709 ], [ -61.539962018501555, -30.458871089624267 ], [ -61.535294182728876, -30.457816070192383 ], [ -61.528543157260479, -30.456270036022598 ], [ -61.521616373191698, -30.454693141434287 ], [ -61.519832633036764, -30.454300065683093 ], [ -61.519670283814982, -30.453954926051001 ], [ -61.518357651694849, -30.45388501082963 ], [ -61.516305887286535, -30.453258973964601 ], [ -61.510447954806985, -30.451447204845728 ], [ -61.507618706757455, -30.45059177368325 ], [ -61.506937226032726, -30.450381832652454 ], [ -61.506456162420832, -30.450078108254061 ], [ -61.50079618297341, -30.446132980134966 ], [ -61.497187475467975, -30.443606619645355 ], [ -61.494141079989149, -30.441471268491686 ], [ -61.491530111893894, -30.439663354274625 ], [ -61.489032624469694, -30.437924056197005 ], [ -61.487169180144242, -30.436617164548174 ], [ -61.485451988549997, -30.43543112983172 ], [ -61.484930262710996, -30.435030943558115 ], [ -61.482368474924115, -30.434019400046775 ], [ -61.479916280400502, -30.433085157823069 ], [ -61.476657813467853, -30.431815571105371 ], [ -61.473975544711728, -30.43080398407076 ], [ -61.472528664719476, -30.430256843772014 ], [ -61.469544531610651, -30.428777597890377 ], [ -61.466747529326248, -30.427318272317745 ], [ -61.463545849116031, -30.42568985253375 ], [ -61.461164799402219, -30.424475007507045 ], [ -61.460501492020448, -30.42419529493225 ], [ -61.459076236011882, -30.423624186925384 ], [ -61.457416995618424, -30.422823057403996 ], [ -61.45696861933655, -30.422597643526704 ], [ -61.456107813454459, -30.422139138374529 ], [ -61.455632468437905, -30.421929152097487 ], [ -61.452886120744139, -30.4211244771016 ], [ -61.450391072389387, -30.420395761749209 ], [ -61.449108464380181, -30.420030583147273 ], [ -61.448956229225296, -30.419937289980894 ], [ -61.448615297682423, -30.419882347379158 ], [ -61.446881696341116, -30.4185981904748 ], [ -61.444635288647859, -30.41691891543605 ], [ -61.443015877414936, -30.416017829469233 ], [ -61.44135875703931, -30.415894115331756 ], [ -61.439090297513381, -30.415703932143625 ], [ -61.437529931638316, -30.415716177014996 ], [ -61.436526158132835, -30.415582633103082 ], [ -61.435364675070829, -30.415213299950203 ], [ -61.432469936071136, -30.414818502428162 ], [ -61.430820725921102, -30.414684408466897 ], [ -61.430157693304196, -30.414597528880545 ], [ -61.429431470457949, -30.414425421861324 ], [ -61.428453074537508, -30.414345517779878 ], [ -61.426256026129373, -30.413529099312782 ], [ -61.424371239309338, -30.412839056638823 ], [ -61.421267424826162, -30.411968024142183 ], [ -61.41919404280285, -30.411395674028121 ], [ -61.415944862146127, -30.410445844768663 ], [ -61.41076323287281, -30.408957080946784 ], [ -61.40697825602669, -30.407849650003296 ], [ -61.40453300624683, -30.407015667922547 ], [ -61.401346858334286, -30.406054283579888 ], [ -61.39967704859864, -30.405595784070698 ], [ -61.392445781731915, -30.405076522213886 ], [ -61.390289434841655, -30.404909932353618 ], [ -61.389103795614737, -30.404347809898457 ], [ -61.388371264561613, -30.404416611086376 ], [ -61.386132501824925, -30.404352137980744 ], [ -61.38483521213751, -30.404110802163576 ], [ -61.3838555303779, -30.403809107725351 ], [ -61.383053938464052, -30.403710487720495 ], [ -61.381656922092894, -30.40383496196613 ], [ -61.380508750499033, -30.403772250484007 ], [ -61.378612872959941, -30.403853177996705 ], [ -61.377050118367151, -30.403908605185606 ], [ -61.376301179575293, -30.403712551490077 ], [ -61.374860137764507, -30.403553489939025 ], [ -61.370502255724688, -30.403350495975996 ], [ -61.367253842838899, -30.400716979196517 ], [ -61.362708423787559, -30.397060858883837 ], [ -61.357153872158818, -30.392527889277641 ], [ -61.352884365175782, -30.389098952420785 ], [ -61.35149479111989, -30.387932519179028 ], [ -61.350760884441598, -30.387547263319071 ], [ -61.349921927400388, -30.387328747624412 ], [ -61.346263971074734, -30.388004000452007 ], [ -61.336898654634069, -30.38984606492502 ], [ -61.325916818708464, -30.391939568037984 ], [ -61.324439856404851, -30.392176986713181 ], [ -61.324030821586746, -30.392079713957177 ], [ -61.323027568337103, -30.391719897840787 ], [ -61.321978326046825, -30.391269694049438 ], [ -61.320549900615795, -30.390412190130522 ], [ -61.31588529582325, -30.391124656133677 ], [ -61.313364641719907, -30.391552039749641 ], [ -61.310985585452158, -30.390544410802839 ], [ -61.309788227293318, -30.390387078160945 ], [ -61.3065380617873, -30.389847956884982 ], [ -61.305819324760314, -30.38979332770041 ], [ -61.304217274240536, -30.389796080551122 ], [ -61.303102059915204, -30.389749453895526 ], [ -61.298326415519256, -30.388671681255619 ], [ -61.297072415311334, -30.38838893583635 ], [ -61.293886302058347, -30.388206168624368 ], [ -61.292475351462052, -30.387949645050156 ], [ -61.290737205753878, -30.38791318221757 ], [ -61.289514566784717, -30.388145095957587 ], [ -61.28498633369918, -30.387854043366449 ], [ -61.282284277418029, -30.388110311093563 ], [ -61.28026137204926, -30.388377208371171 ], [ -61.27799523506944, -30.387312117428515 ], [ -61.27716293557544, -30.387221192279615 ], [ -61.276482829703539, -30.387306887133526 ], [ -61.272737435990258, -30.387338481303157 ], [ -61.270884947360884, -30.387317174417642 ], [ -61.266496717537784, -30.388180906716133 ], [ -61.264724836738679, -30.388541509801001 ], [ -61.263758843737193, -30.388363934287309 ], [ -61.259709116509889, -30.38478767006168 ], [ -61.256848910117732, -30.38278894463247 ], [ -61.25427880465471, -30.381785669401641 ], [ -61.252684421818898, -30.381166751087541 ], [ -61.24622661873159, -30.378427102245446 ], [ -61.242269747180899, -30.376701056884471 ], [ -61.240143031674968, -30.375928795977185 ], [ -61.239344326996942, -30.375874851968224 ], [ -61.23025148602305, -30.377333716342928 ], [ -61.228265419366508, -30.377631375906688 ], [ -61.224538721962986, -30.377578038149846 ], [ -61.222762079838652, -30.377646936053658 ], [ -61.21968252904589, -30.377558996384622 ] ] ] } },
{ "type": "Feature", "properties": { "Nombre": "Cabezal Margen Izquierda", "Estado": "Finalizado", "Obra": "Estabilizacion de la cascada arroyo saladillo etapa I", "Datos": null, "Tipo": "Pilote", "Region": "Región 5", "Código": "6090", "Cuenca": "17- Arroyo Saladillo", "Localidad": "Rosario", "Resp.": null, "C Cuenca": null, "Direccion": "Direccion General de Obras por Terceros - MOP", "Dpto": "Rosario", "Long (Km.)": 0.04 }, "geometry": { "type": "MultiLineString", "coordinates": [ [ [ -60.63533, -33.014684000000294 ], [ -60.635048, -33.014433000000267 ] ] ] } },
{ "type": "Feature", "properties": { "Nombre": "Pila 3", "Estado": "Finalizado", "Obra": "Estabilizacion de la cascada arroyo saladillo etapa I", "Datos": null, "Tipo": "Pilote", "Region": "Región 5", "Código": "6090", "Cuenca": "17- Arroyo Saladillo", "Localidad": "Rosario", "Resp.": null, "C Cuenca": null, "Direccion": "Direccion General de Obras por Terceros - MOP", "Dpto": "Rosario", "Long (Km.)": 0.04 }, "geometry": { "type": "MultiLineString", "coordinates": [ [ [ -60.635366, -33.014455000000261 ], [ -60.635112, -33.014197000000273 ] ] ] } },
{ "type": "Feature", "properties": { "Nombre": "Pila 2", "Estado": "Finalizado", "Obra": "Estabilizacion de la cascada arroyo saladillo etapa I", "Datos": null, "Tipo": "Pilote", "Region": "Región 5", "Código": "6090", "Cuenca": "17- Arroyo Saladillo", "Localidad": "Rosario", "Resp.": null, "C Cuenca": null, "Direccion": "Direccion General de Obras por Terceros - MOP", "Dpto": "Rosario", "Long (Km.)": 0.04 }, "geometry": { "type": "MultiLineString", "coordinates": [ [ [ -60.635419, -33.014232000000277 ], [ -60.635155, -33.013965000000297 ] ] ] } },
{ "type": "Feature", "properties": { "Nombre": "Estribo Margen Derecha", "Estado": "Finalizado", "Obra": "Estabilizacion de la cascada arroyo saladillo etapa I", "Datos": null, "Tipo": "Estribo", "Region": "Región 5", "Código": "6090", "Cuenca": "17- Arroyo Saladillo", "Localidad": "Rosario", "Resp.": null, "C Cuenca": null, "Direccion": "Direccion General de Obras por Terceros - MOP", "Dpto": "Rosario", "Long (Km.)": 0.04 }, "geometry": { "type": "MultiLineString", "coordinates": [ [ [ -60.635522, -33.013765000000262 ], [ -60.63525, -33.013520000000284 ] ] ] } },
{ "type": "Feature", "properties": { "Nombre": "Pila 1", "Estado": "Finalizado", "Obra": "Estabilizacion de la cascada arroyo saladillo etapa I", "Datos": null, "Tipo": "Pilote", "Region": "Región 5", "Código": "6090", "Cuenca": "17- Arroyo Saladillo", "Localidad": "Rosario", "Resp.": null, "C Cuenca": null, "Direccion": "Direccion General de Obras por Terceros - MOP", "Dpto": "Rosario", "Long (Km.)": 0.04 }, "geometry": { "type": "MultiLineString", "coordinates": [ [ [ -60.635454, -33.013986000000294 ], [ -60.63521, -33.013741000000294 ] ] ] } },
{ "type": "Feature", "properties": { "Nombre": "Canal Interlagunar", "Estado": "Finalizado", "Obra": "Construccion de alcantarillas Agataura", "Datos": null, "Tipo": "Canal", "Region": "Región 6", "Código": "6092", "Cuenca": "23- Las Encadenadas - Salado Brazo Norte", "Localidad": "Venado Tuerto", "Resp.": null, "C Cuenca": null, "Direccion": "Direccion General de Obras por Terceros - MOP", "Dpto": "General Lopez", "Long (Km.)": 0.29 }, "geometry": { "type": "MultiLineString", "coordinates": [ [ [ -61.914828, -33.80926800000028 ], [ -61.914481, -33.80893700000027 ], [ -61.914184, -33.808679000000261 ], [ -61.914091, -33.808467000000284 ], [ -61.913818, -33.808207000000287 ], [ -61.913544, -33.807946000000278 ], [ -61.913213, -33.807555000000278 ], [ -61.913024, -33.80730500000027 ], [ -61.912937, -33.807236000000259 ] ] ] } },
{ "type": "Feature", "properties": { "Nombre": "Canal Interlagunar", "Estado": "Finalizado", "Obra": "Construccion de alcantarillas Agataura", "Datos": null, "Tipo": "Canal", "Region": "Región 6", "Código": "6092", "Cuenca": "23- Las Encadenadas - Salado Brazo Norte", "Localidad": "Venado Tuerto", "Resp.": null, "C Cuenca": null, "Direccion": "Direccion General de Obras por Terceros - MOP", "Dpto": "General Lopez", "Long (Km.)": 0.07 }, "geometry": { "type": "MultiLineString", "coordinates": [ [ [ -61.912409, -33.806039000000283 ], [ -61.91214, -33.805770000000265 ], [ -61.911919, -33.805577000000277 ] ] ] } },
{ "type": "Feature", "properties": { "Nombre": "Canal Interlagunar", "Estado": "Sin Ejecutar", "Obra": "Construccion de alcantarillas Agataura", "Datos": null, "Tipo": "Canal", "Region": "Región 6", "Código": "6092", "Cuenca": "23- Las Encadenadas - Salado Brazo Norte", "Localidad": "Venado Tuerto", "Resp.": null, "C Cuenca": null, "Direccion": "Direccion General de Obras por Terceros - MOP", "Dpto": "General Lopez", "Long (Km.)": 0.14 }, "geometry": { "type": "MultiLineString", "coordinates": [ [ [ -61.912409, -33.806039000000283 ], [ -61.912573, -33.806224000000263 ], [ -61.912682, -33.806353000000271 ], [ -61.912722, -33.806559000000277 ], [ -61.912758, -33.806695000000261 ], [ -61.912759, -33.80681900000026 ], [ -61.912738, -33.806921000000287 ], [ -61.912769, -33.807029000000249 ], [ -61.912922, -33.807221000000276 ] ] ] } },
{ "type": "Feature", "properties": { "Nombre": "Bloques de Anclaje", "Estado": "En Ejecucion", "Obra": "Establizacion cascadda a° saladillo etapa II", "Datos": null, "Tipo": null, "Region": "Región 5", "Código": "6094", "Cuenca": "17- Arroyo Saladillo", "Localidad": "Rosario", "Resp.": null, "C Cuenca": null, "Direccion": "Direccion General de Obras por Terceros - MOP", "Dpto": "Rosario", "Long (Km.)": 0.11 }, "geometry": { "type": "MultiLineString", "coordinates": [ [ [ -60.634874, -33.012955000000282 ], [ -60.634723, -33.013084000000283 ], [ -60.634525, -33.013214000000289 ], [ -60.634335, -33.013303000000292 ], [ -60.634163, -33.013382000000263 ], [ -60.633912, -33.013435000000278 ] ] ] } },
{ "type": "Feature", "properties": { "Nombre": "Bloques de Anclaje", "Estado": "En Ejecucion", "Obra": "Establizacion cascadda a° saladillo etapa II", "Datos": null, "Tipo": null, "Region": "Región 5", "Código": "6094", "Cuenca": "17- Arroyo Saladillo", "Localidad": "Rosario", "Resp.": null, "C Cuenca": null, "Direccion": "Direccion General de Obras por Terceros - MOP", "Dpto": "Rosario", "Long (Km.)": 0.08 }, "geometry": { "type": "MultiLineString", "coordinates": [ [ [ -60.634902, -33.013264000000277 ], [ -60.634718, -33.013409000000273 ], [ -60.634565, -33.013495000000297 ], [ -60.634413, -33.013568000000284 ], [ -60.634152, -33.013653000000289 ] ] ] } },
{ "type": "Feature", "properties": { "Nombre": "Bloques de Anclaje", "Estado": "En Ejecucion", "Obra": "Establizacion cascadda a° saladillo etapa II", "Datos": null, "Tipo": null, "Region": "Región 5", "Código": "6094", "Cuenca": "17- Arroyo Saladillo", "Localidad": "Rosario", "Resp.": null, "C Cuenca": null, "Direccion": "Direccion General de Obras por Terceros - MOP", "Dpto": "Rosario", "Long (Km.)": 0.01 }, "geometry": { "type": "MultiLineString", "coordinates": [ [ [ -60.635063, -33.013109000000277 ], [ -60.634971, -33.013201000000279 ] ] ] } },
{ "type": "Feature", "properties": { "Nombre": "Bloques de Anclaje", "Estado": "En Ejecucion", "Obra": "Establizacion cascadda a° saladillo etapa II", "Datos": null, "Tipo": null, "Region": "Región 5", "Código": "6094", "Cuenca": "17- Arroyo Saladillo", "Localidad": "Rosario", "Resp.": null, "C Cuenca": null, "Direccion": "Direccion General de Obras por Terceros - MOP", "Dpto": "Rosario", "Long (Km.)": 0.01 }, "geometry": { "type": "MultiLineString", "coordinates": [ [ [ -60.634088, -33.013668000000273 ], [ -60.633933, -33.013701000000282 ] ] ] } },
{ "type": "Feature", "properties": { "Nombre": "Vigas de Vinculación", "Estado": "Sin Ejecutar", "Obra": "Establizacion cascadda a° saladillo etapa II", "Datos": null, "Tipo": null, "Region": "Región 5", "Código": "6094", "Cuenca": "17- Arroyo Saladillo", "Localidad": "Rosario", "Resp.": null, "C Cuenca": null, "Direccion": "Direccion General de Obras por Terceros - MOP", "Dpto": "Rosario", "Long (Km.)": 0.02 }, "geometry": { "type": "MultiLineString", "coordinates": [ [ [ -60.635043, -33.013103000000285 ], [ -60.634867, -33.012977000000291 ] ] ] } },
{ "type": "Feature", "properties": { "Nombre": "Vigas de Vinculación", "Estado": "Sin Ejecutar", "Obra": "Establizacion cascadda a° saladillo etapa II", "Datos": null, "Tipo": null, "Region": "Región 5", "Código": "6094", "Cuenca": "17- Arroyo Saladillo", "Localidad": "Rosario", "Resp.": null, "C Cuenca": null, "Direccion": "Direccion General de Obras por Terceros - MOP", "Dpto": "Rosario", "Long (Km.)": 0.03 }, "geometry": { "type": "MultiLineString", "coordinates": [ [ [ -60.633938, -33.013443000000279 ], [ -60.63395, -33.013683000000292 ] ] ] } },
{ "type": "Feature", "properties": { "Nombre": "Vigas de Vinculación", "Estado": "Sin Ejecutar", "Obra": "Establizacion cascadda a° saladillo etapa II", "Datos": null, "Tipo": null, "Region": "Región 5", "Código": null, "Cuenca": "17- Arroyo Saladillo", "Localidad": "Rosario", "Resp.": null, "C Cuenca": null, "Direccion": "Direccion General de Obras por Terceros - MOP", "Dpto": "Rosario", "Long (Km.)": 0.02 }, "geometry": { "type": "MultiLineString", "coordinates": [ [ [ -60.634459, -33.013259000000282 ], [ -60.634595, -33.013452000000285 ] ] ] } },
{ "type": "Feature", "properties": { "Nombre": "Canal Irigoyen", "Estado": "Finalizado", "Obra": "Reacondicionamiento canal irigoyen", "Datos": null, "Tipo": "Canal", "Region": "Región 4", "Código": "6095", "Cuenca": "13- Cañada Carrizales", "Localidad": "Irigoyen, Barracas, Caselegno, Estacion Diaz", "Resp.": null, "C Cuenca": null, "Direccion": "Direccion General de Obras por Terceros - MOP", "Dpto": "San Jerónimo", "Long (Km.)": 27.23 }, "geometry": { "type": "MultiLineString", "coordinates": [ [ [ -60.967272562604791, -32.394712430992179 ], [ -60.967844562542133, -32.394641431002178 ], [ -60.969532562360989, -32.394190431043747 ], [ -60.971032562194928, -32.394115431064591 ], [ -60.975914561651564, -32.394044431123795 ], [ -60.976258561615168, -32.393921431133819 ], [ -60.980546561172304, -32.391693431292929 ], [ -60.988162560387778, -32.387609431581851 ], [ -61.001008559064722, -32.380721432069315 ], [ -61.005064558645749, -32.378628432219216 ], [ -61.008962558293746, -32.373426432521136 ], [ -61.010138558192388, -32.371553432627245 ], [ -61.010374558167356, -32.371471432634031 ], [ -61.022870556824003, -32.368347432931508 ], [ -61.023026556808041, -32.368255432937843 ], [ -61.023182556793444, -32.368082432948206 ], [ -61.02602855655109, -32.363369433214018 ], [ -61.029513556254322, -32.35760043353941 ], [ -61.029669556241323, -32.357323433554932 ], [ -61.029683556244905, -32.356999433571119 ], [ -61.029890556239948, -32.355859433629924 ], [ -61.030607556207542, -32.352870433786102 ], [ -61.031138556160549, -32.352103433830131 ], [ -61.033021555996598, -32.349213433994777 ], [ -61.033286555974279, -32.348760434020249 ], [ -61.036807555686067, -32.342203434385233 ], [ -61.038980555507266, -32.338216434607602 ], [ -61.04040055539113, -32.335568434755004 ], [ -61.04353055513559, -32.32969843508161 ], [ -61.047032554849217, -32.323164435445442 ], [ -61.049899554613496, -32.317898435739252 ], [ -61.050031554601716, -32.317712435749961 ], [ -61.050150554591937, -32.317495435762105 ], [ -61.053041554331863, -32.313593435988622 ], [ -61.057363553943937, -32.307707436329906 ], [ -61.060491553662281, -32.303506436573997 ], [ -61.061935553531761, -32.301599436685102 ], [ -61.062390553494019, -32.300784436730723 ], [ -61.065626553233528, -32.294497437079585 ], [ -61.067032553119638, -32.291807437229124 ], [ -61.0670985531154, -32.291611437239602 ], [ -61.065489553401036, -32.28490743755372 ], [ -61.065058553566921, -32.277480437917319 ], [ -61.064976553592892, -32.276419437969018 ], [ -61.064677553645097, -32.275226438024809 ], [ -61.064386553702732, -32.273636438100375 ], [ -61.063276553937079, -32.266652438434349 ], [ -61.062004554201557, -32.258901438804642 ], [ -61.061695554269335, -32.256795438905655 ], [ -61.06003755451794, -32.252754439087411 ], [ -61.062190554436022, -32.242797439606683 ], [ -61.062688554413576, -32.240716439715776 ], [ -61.063163554375521, -32.239779439767794 ], [ -61.063761554326057, -32.238701439828162 ], [ -61.064721554260466, -32.236095439968651 ], [ -61.064930554266112, -32.234270440061771 ], [ -61.067082554288767, -32.217711440909582 ], [ -61.06799955432038, -32.209264441340174 ], [ -61.068121554338063, -32.20728744143991 ], [ -61.068260554364606, -32.20463244157358 ], [ -61.069594554258181, -32.201977441720913 ], [ -61.070111554212886, -32.201204441765277 ], [ -61.070356554189964, -32.200931441781677 ], [ -61.070353554195279, -32.200616441797337 ], [ -61.069056554421316, -32.195445442039784 ], [ -61.067626554667875, -32.189909442298955 ] ] ] } },
{ "type": "Feature", "properties": { "Nombre": "Canal Irigoyen", "Estado": "Finalizado", "Obra": "Reacondicionamiento canal irigoyen", "Datos": null, "Tipo": "Canal", "Region": "Región 4", "Código": "6095", "Cuenca": "13- Cañada Carrizales", "Localidad": "Irigoyen, Barracas, Caselegno, Estacion Diaz", "Resp.": null, "C Cuenca": null, "Direccion": "Direccion General de Obras por Terceros - MOP", "Dpto": "San Jerónimo", "Long (Km.)": 5.31 }, "geometry": { "type": "MultiLineString", "coordinates": [ [ [ -61.067626554667875, -32.189909442298955 ], [ -61.062837555496927, -32.17114144317879 ], [ -61.060478555907281, -32.161759443619246 ], [ -61.055737556728545, -32.143100444495197 ] ] ] } },
{ "type": "Feature", "properties": { "Nombre": "Alteo Maria Susana", "Estado": "Finalizado", "Obra": "Defensa perimetral Maria Susana", "Datos": null, "Tipo": "Terraplen", "Region": "Región 4", "Código": "6098", "Cuenca": "13- Cañada Carrizales", "Localidad": "Maria Susana", "Resp.": null, "C Cuenca": null, "Direccion": "Direccion General de Obras por Terceros - MOP", "Dpto": "San Martin", "Long (Km.)": 3.75 }, "geometry": { "type": "MultiLineString", "coordinates": [ [ [ -61.902617, -32.277326000000294 ], [ -61.916031, -32.274938000000297 ], [ -61.910405, -32.253259000000291 ] ] ] } },
{ "type": "Feature", "properties": { "Nombre": "Canal Maria Susana", "Estado": "Finalizado", "Obra": "Defensa perimetral Maria Susana", "Datos": null, "Tipo": "Canal", "Region": "Región 4", "Código": "6098", "Cuenca": "13- Cañada Carrizales", "Localidad": "Maria Susana", "Resp.": null, "C Cuenca": null, "Direccion": "Direccion General de Obras por Terceros - MOP", "Dpto": "San Martin", "Long (Km.)": 4.09 }, "geometry": { "type": "MultiLineString", "coordinates": [ [ [ -61.910464, -32.253151000000308 ], [ -61.921154, -32.234024000000275 ], [ -61.920567, -32.233782000000275 ], [ -61.923022, -32.229408000000291 ], [ -61.922759, -32.229284000000291 ], [ -61.911239, -32.231364000000298 ] ] ] } },
{ "type": "Feature", "properties": { "Nombre": "PEDRAPLEN", "Estado": "Finalizado", "Obra": "Corrimiento de Defensa sobre RP novneta Melincue", "Datos": null, "Tipo": "Pedraplen", "Region": "Región 5", "Código": "6101", "Cuenca": "22- Laguna Melincué", "Localidad": "Melincué", "Resp.": null, "C Cuenca": null, "Direccion": "Direccion General de Obras por Terceros - MOP", "Dpto": "General Lopez", "Long (Km.)": 1.33 }, "geometry": { "type": "MultiLineString", "coordinates": [ [ [ -61.457151, -33.668020000000276 ], [ -61.457687, -33.668323000000278 ], [ -61.460455500000073, -33.669867100000253 ], [ -61.461716200000055, -33.668313400000272 ], [ -61.465557100000083, -33.670462000000278 ], [ -61.467538800000064, -33.668093000000283 ] ] ] } },
{ "type": "Feature", "properties": { "Nombre": "PEDRAPLEN", "Estado": "En Ejecucion", "Obra": "Corrimiento de Defensa sobre RP novneta Melincue", "Datos": null, "Tipo": "Pedraplen", "Region": "Región 5", "Código": "6101", "Cuenca": "22- Laguna Melincué", "Localidad": "Melincué", "Resp.": null, "C Cuenca": null, "Direccion": "Direccion General de Obras por Terceros - MOP", "Dpto": "General Lopez", "Long (Km.)": 0.51 }, "geometry": { "type": "MultiLineString", "coordinates": [ [ [ -61.467538800000064, -33.668093000000283 ], [ -61.470374, -33.669541000000272 ], [ -61.471548, -33.667957000000271 ] ] ] } },
{ "type": "Feature", "properties": { "Nombre": "TERRAPLEN", "Estado": "Finalizado", "Obra": "Corrimiento de Defensa sobre RP novneta Melincue", "Datos": null, "Tipo": "Terraplen", "Region": "Región 5", "Código": "6101", "Cuenca": "22- Laguna Melincué", "Localidad": "Melincué", "Resp.": null, "C Cuenca": null, "Direccion": "Direccion General de Obras por Terceros - MOP", "Dpto": "General Lopez", "Long (Km.)": 1.86 }, "geometry": { "type": "MultiLineString", "coordinates": [ [ [ -61.471429, -33.667971000000286 ], [ -61.470367, -33.669458000000269 ], [ -61.467458, -33.667955000000276 ], [ -61.46561, -33.670221000000268 ], [ -61.465619, -33.670221000000268 ], [ -61.461673, -33.668165000000265 ], [ -61.460417, -33.669651000000286 ], [ -61.457165, -33.667916000000268 ], [ -61.45653, -33.667871000000261 ] ] ] } },
{ "type": "Feature", "properties": { "Nombre": "RAMPA CALLE IRIONDO", "Estado": "Finalizado", "Obra": "Corrimiento de Defensa sobre RP novneta Melincue", "Datos": null, "Tipo": null, "Region": "Región 5", "Código": "6101", "Cuenca": "22- Laguna Melincué", "Localidad": "Melincué", "Resp.": null, "C Cuenca": null, "Direccion": "Direccion General de Obras por Terceros - MOP", "Dpto": "General Lopez", "Long (Km.)": 0.09 }, "geometry": { "type": "MultiLineString", "coordinates": [ [ [ -61.462215, -33.667950000000268 ], [ -61.461959, -33.668693000000289 ] ] ] } },
{ "type": "Feature", "properties": { "Nombre": "CUENTA DE GUARDIA", "Estado": "Finalizado", "Obra": "Corrimiento de Defensa sobre RP novneta Melincue", "Datos": null, "Tipo": "Cuneta", "Region": "Región 5", "Código": "6101", "Cuenca": "22- Laguna Melincué", "Localidad": "Melincué", "Resp.": null, "C Cuenca": null, "Direccion": "Direccion General de Obras por Terceros - MOP", "Dpto": "General Lopez", "Long (Km.)": 1.31 }, "geometry": { "type": "MultiLineString", "coordinates": [ [ [ -61.471285200000068, -33.667710500000261 ], [ -61.45871, -33.667796000000273 ], [ -61.45721, -33.667779000000266 ] ] ] } },
{ "type": "Feature", "properties": { "Nombre": "Camino al Viejo Hotel", "Estado": "Finalizado", "Obra": "Corrimiento de Defensa sobre RP novneta Melincue", "Datos": null, "Tipo": "Camino Comunal", "Region": "Región 5", "Código": "6101", "Cuenca": "22- Laguna Melincué", "Localidad": "Melincué", "Resp.": null, "C Cuenca": null, "Direccion": "Direccion General de Obras por Terceros - MOP", "Dpto": "General Lopez", "Long (Km.)": 1.4 }, "geometry": { "type": "MultiLineString", "coordinates": [ [ [ -61.461550700000075, -33.670399800000283 ], [ -61.465348700000071, -33.682649500000274 ] ] ] } },
{ "type": "Feature", "properties": { "Nombre": "PEDRAPLEN\n", "Estado": "En Ejecucion", "Obra": "Corrimiento de Defensa sobre RP novneta Melincue", "Datos": null, "Tipo": "Pedraplen", "Region": "Región 5", "Código": "6101", "Cuenca": "22- Laguna Melincué", "Localidad": "Melincué", "Resp.": null, "C Cuenca": null, "Direccion": "Direccion General de Obras por Terceros - MOP", "Dpto": "General Lopez", "Long (Km.)": 0.1 }, "geometry": { "type": "MultiLineString", "coordinates": [ [ [ -61.457151, -33.668020000000276 ], [ -61.457114800000078, -33.668023900000271 ], [ -61.456076800000055, -33.667959200000254 ] ] ] } },
{ "type": "Feature", "properties": { "Nombre": "PEDRAPLEN\n", "Estado": "En Ejecucion", "Obra": "Corrimiento de Defensa sobre RP novneta Melincue", "Datos": null, "Tipo": "Pedraplen", "Region": "Región 5", "Código": "6101", "Cuenca": "22- Laguna Melincué", "Localidad": "Melincué", "Resp.": null, "C Cuenca": null, "Direccion": "Direccion General de Obras por Terceros - MOP", "Dpto": "General Lopez", "Long (Km.)": 0.1 }, "geometry": { "type": "MultiLineString", "coordinates": [ [ [ -61.460052200000064, -33.669644200000285 ], [ -61.460072300000064, -33.669646500000283 ], [ -61.460455500000073, -33.669867100000253 ], [ -61.46076440000008, -33.669482400000284 ] ] ] } },
{ "type": "Feature", "properties": { "Nombre": "PEDRAPLEN", "Estado": "En Ejecucion", "Obra": "Corrimiento de Defensa sobre RP novneta Melincue", "Datos": null, "Tipo": "Pedraplen", "Region": "Región 5", "Código": "6101", "Cuenca": "22- Laguna Melincué", "Localidad": "Melincué", "Resp.": null, "C Cuenca": null, "Direccion": "Direccion General de Obras por Terceros - MOP", "Dpto": "General Lopez", "Long (Km.)": 0.03 }, "geometry": { "type": "MultiLineString", "coordinates": [ [ [ -61.461716200000055, -33.668313400000272 ], [ -61.461973900000075, -33.668456500000275 ] ] ] } },
{ "type": "Feature", "properties": { "Nombre": "PEDRAPLEN\n", "Estado": "En Ejecucion", "Obra": "Corrimiento de Defensa sobre RP novneta Melincue", "Datos": null, "Tipo": "Pedraplen", "Region": "Región 5", "Código": "6101", "Cuenca": "22- Laguna Melincué", "Localidad": "Melincué", "Resp.": null, "C Cuenca": null, "Direccion": "Direccion General de Obras por Terceros - MOP", "Dpto": "General Lopez", "Long (Km.)": 0.1 }, "geometry": { "type": "MultiLineString", "coordinates": [ [ [ -61.465162600000063, -33.670243500000275 ], [ -61.465557100000083, -33.670462000000278 ], [ -61.465892200000077, -33.67006490000027 ] ] ] } },
{ "type": "Feature", "properties": { "Nombre": "Bajo Peretti", "Estado": "Finalizado", "Obra": "Canalizacion Bajo Peretti", "Datos": null, "Tipo": "Canal", "Region": "Región 3, Región 4", "Código": "6102", "Cuenca": "8- Río Salado", "Localidad": "Rafaela, Bella Italia, Susana", "Resp.": null, "C Cuenca": null, "Direccion": "Direccion General de Obras por Terceros - MOP", "Dpto": "Castellanos", "Long (Km.)": 19.52 }, "geometry": { "type": "MultiLineString", "coordinates": [ [ [ -61.547181615779287, -31.291131893171958 ], [ -61.542888516258181, -31.290692593144851 ], [ -61.539498516630907, -31.290693493105632 ], [ -61.537468516853735, -31.290716493081025 ], [ -61.532980617345792, -31.290807593024564 ], [ -61.527980417900906, -31.29046869298422 ], [ -61.525482518170698, -31.290780492939412 ], [ -61.52199161854687, -31.291271492874053 ], [ -61.521916418555001, -31.291280692872739 ], [ -61.519067518853326, -31.29223549279099 ], [ -61.507949520011969, -31.296329492453342 ], [ -61.502973920522869, -31.298654592277035 ], [ -61.502699420544417, -31.299207892245636 ], [ -61.503720520351564, -31.304364491993542 ], [ -61.503761520344106, -31.304550491984514 ], [ -61.503663520353484, -31.304640491978816 ], [ -61.491984521606931, -31.306632491742398 ], [ -61.49032552178322, -31.307029491703009 ], [ -61.483347522518628, -31.309089491517327 ], [ -61.479567522903871, -31.311046491373713 ], [ -61.477634523084163, -31.313120491245417 ], [ -61.474376523433662, -31.313692491178699 ], [ -61.467499524172105, -31.314852491040313 ], [ -61.464210524524873, -31.315435490972696 ], [ -61.456326525372681, -31.316690490817933 ], [ -61.448429526221297, -31.317989490660811 ], [ -61.448923526132859, -31.320178490554547 ], [ -61.449575526016233, -31.323059490414664 ], [ -61.447839526202998, -31.323331490380831 ], [ -61.44594952640599, -31.323653490342682 ], [ -61.435326527546593, -31.325470490127863 ], [ -61.434427527642846, -31.325641490108858 ], [ -61.430611528052566, -31.326298490031448 ], [ -61.425954528552609, -31.327098489937171 ], [ -61.384722532978628, -31.33430648909663 ], [ -61.385851532775291, -31.339402488848933 ], [ -61.385759532780042, -31.339749488830151 ], [ -61.38542153281373, -31.339976488814671 ], [ -61.37953853346346, -31.339839488754436 ], [ -61.376879533752238, -31.34009148871117 ], [ -61.375402533911952, -31.340279488684693 ], [ -61.371115534373558, -31.340943488601781 ] ] ] } },
{ "type": "Feature", "properties": { "Nombre": "Variante Las Taperitas", "Estado": "Finalizado", "Obra": "Canalizacion Bajo Peretti", "Datos": null, "Tipo": "Canal", "Region": "Región 3, Región 4", "Código": "6102", "Cuenca": "8- Río Salado", "Localidad": "Rafaela, Bella Italia, Susana", "Resp.": null, "C Cuenca": null, "Direccion": "Direccion General de Obras por Terceros - MOP", "Dpto": "Castellanos", "Long (Km.)": 3.97 }, "geometry": { "type": "MultiLineString", "coordinates": [ [ [ -61.477634523084163, -31.313120491245417 ], [ -61.491144521634453, -31.310787491520198 ], [ -61.504581520194193, -31.308372491798508 ], [ -61.508384519767148, -31.308933491813608 ], [ -61.512110519353932, -31.309151491845416 ], [ -61.518730218634133, -31.308622891948801 ] ] ] } },
{ "type": "Feature", "properties": { "Nombre": "Bajo Peretti", "Estado": "Sin Ejecutar", "Obra": "Canalizacion Bajo Peretti", "Datos": null, "Tipo": "Canal", "Region": "Región 3, Región 4", "Código": "6102", "Cuenca": "8- Río Salado", "Localidad": "Rafaela, Bella Italia, Susana", "Resp.": null, "C Cuenca": null, "Direccion": "Direccion General de Obras por Terceros - MOP", "Dpto": "Castellanos", "Long (Km.)": 0.06 }, "geometry": { "type": "MultiLineString", "coordinates": [ [ [ -61.503663520353484, -31.304640491978816 ], [ -61.503761520344106, -31.304550491984514 ], [ -61.503681120358678, -31.304183792002362 ] ] ] } },
{ "type": "Feature", "properties": { "Nombre": "Bajo Peretti", "Estado": "Sin Ejecutar", "Obra": "Canalizacion Bajo Peretti", "Datos": null, "Tipo": "Canal", "Region": "Región 3, Región 4", "Código": "6102", "Cuenca": "8- Río Salado", "Localidad": "Rafaela, Bella Italia, Susana", "Resp.": null, "C Cuenca": null, "Direccion": "Direccion General de Obras por Terceros - MOP", "Dpto": "Castellanos", "Long (Km.)": 0.08 }, "geometry": { "type": "MultiLineString", "coordinates": [ [ [ -61.502720620540828, -31.299288192241772 ], [ -61.502700320544655, -31.299186292246763 ], [ -61.502973920522869, -31.298654592277035 ] ] ] } },
{ "type": "Feature", "properties": { "Nombre": "Bajo Peretti", "Estado": "Sin Ejecutar", "Obra": "Canalizacion Bajo Peretti", "Datos": null, "Tipo": "Canal", "Region": "Región 3, Región 4", "Código": "6102", "Cuenca": "8- Río Salado", "Localidad": "Rafaela, Bella Italia, Susana", "Resp.": null, "C Cuenca": null, "Direccion": "Direccion General de Obras por Terceros - MOP", "Dpto": "Castellanos", "Long (Km.)": 0.08 }, "geometry": { "type": "MultiLineString", "coordinates": [ [ [ -61.515700919204406, -31.293460392689504 ], [ -61.514965919280876, -31.293739992666715 ] ] ] } },
{ "type": "Feature", "properties": { "Nombre": "Bajo Peretti", "Estado": "Finalizado", "Obra": "Canalizacion Bajo Peretti", "Datos": null, "Tipo": "Canal", "Region": "Región 3, Región 4", "Código": "6102", "Cuenca": "8- Río Salado", "Localidad": "Rafaela, Bella Italia, Susana", "Resp.": null, "C Cuenca": null, "Direccion": "Direccion General de Obras por Terceros - MOP", "Dpto": "Castellanos", "Long (Km.)": 0.63 }, "geometry": { "type": "MultiLineString", "coordinates": [ [ [ -61.548755615601038, -31.291462193173224 ], [ -61.553390415090291, -31.291535493223037 ], [ -61.55534311487429, -31.291617993241434 ] ] ] } },
{ "type": "Feature", "properties": { "Nombre": "Bajo Peretti", "Estado": "Sin Ejecutar", "Obra": "Canalizacion Bajo Peretti", "Datos": null, "Tipo": "Canal", "Region": "Región 3, Región 4", "Código": "6102", "Cuenca": "8- Río Salado", "Localidad": "Rafaela, Bella Italia, Susana", "Resp.": null, "C Cuenca": null, "Direccion": "Direccion General de Obras por Terceros - MOP", "Dpto": "Castellanos", "Long (Km.)": 0.15 }, "geometry": { "type": "MultiLineString", "coordinates": [ [ [ -61.548755615601038, -31.291462193173224 ], [ -61.548390815642733, -31.291361293174166 ], [ -61.547181615779287, -31.291131893171958 ] ] ] } },
{ "type": "Feature", "properties": { "Nombre": "Bajo Peretti", "Estado": "Finalizado", "Obra": "Canalizacion Bajo Peretti", "Datos": null, "Tipo": "Canal", "Region": "Región 3, Región 4", "Código": "6102", "Cuenca": "8- Río Salado", "Localidad": "Rafaela, Bella Italia, Susana", "Resp.": null, "C Cuenca": null, "Direccion": "Direccion General de Obras por Terceros - MOP", "Dpto": "Castellanos", "Long (Km.)": 0.17 }, "geometry": { "type": "MultiLineString", "coordinates": [ [ [ -61.55534311487429, -31.291617993241434 ], [ -61.557109014680094, -31.291621093261647 ] ] ] } },
{ "type": "Feature", "properties": { "Nombre": "Bajo Peretti", "Estado": "Finalizado", "Obra": "Canalizacion Bajo Peretti", "Datos": null, "Tipo": "Canal", "Region": "Región 3, Región 4", "Código": "6102", "Cuenca": "8- Río Salado", "Localidad": "Rafaela, Bella Italia, Susana", "Resp.": null, "C Cuenca": null, "Direccion": "Direccion General de Obras por Terceros - MOP", "Dpto": "Castellanos", "Long (Km.)": 0.86 }, "geometry": { "type": "MultiLineString", "coordinates": [ [ [ -61.557109014680094, -31.291621093261647 ], [ -61.559077514466551, -31.291437493293827 ], [ -61.560603814303107, -31.291158193325803 ], [ -61.564562713870892, -31.290965693381384 ], [ -61.566132513698392, -31.290959493399882 ] ] ] } },
{ "type": "Feature", "properties": { "Nombre": "Bajo Peretti", "Estado": "Finalizado", "Obra": "Canalizacion Bajo Peretti", "Datos": null, "Tipo": "Canal", "Region": "Región 3, Región 4", "Código": "6102", "Cuenca": "8- Río Salado", "Localidad": "Rafaela, Bella Italia, Susana", "Resp.": null, "C Cuenca": null, "Direccion": "Direccion General de Obras por Terceros - MOP", "Dpto": "Castellanos", "Long (Km.)": 2.36 }, "geometry": { "type": "MultiLineString", "coordinates": [ [ [ -61.572521512998122, -31.290825493480686 ], [ -61.574668512763694, -31.290722493510803 ], [ -61.577227512488605, -31.290325493560726 ], [ -61.580514512131025, -31.290082493611223 ], [ -61.582053511963075, -31.290003493633108 ], [ -61.583421511813768, -31.289936493652366 ], [ -61.585413511598304, -31.289710493687018 ], [ -61.587103511414725, -31.289571493713694 ], [ -61.589691511131875, -31.289465493749127 ], [ -61.591497510934126, -31.289415493772605 ], [ -61.593290510743422, -31.289008493814219 ], [ -61.597184510317781, -31.288856493867129 ] ] ] } },
{ "type": "Feature", "properties": { "Nombre": "Bajo Peretti", "Estado": "Finalizado", "Obra": "Canalizacion Bajo Peretti", "Datos": null, "Tipo": "Canal", "Region": "Región 3, Región 4", "Código": "6102", "Cuenca": "8- Río Salado", "Localidad": "Rafaela, Bella Italia, Susana", "Resp.": null, "C Cuenca": null, "Direccion": "Direccion General de Obras por Terceros - MOP", "Dpto": "Castellanos", "Long (Km.)": 0.26 }, "geometry": { "type": "MultiLineString", "coordinates": [ [ [ -61.572521512998122, -31.290825493480686 ], [ -61.569828113291706, -31.290983993441401 ] ] ] } },
{ "type": "Feature", "properties": { "Nombre": "Línea 59Bajo Peretti", "Estado": "Sin Ejecutar", "Obra": "Canalizacion Bajo Peretti", "Datos": null, "Tipo": "Canal", "Region": "Región 3, Región 4", "Código": "6102", "Cuenca": "8- Río Salado", "Localidad": "Rafaela, Bella Italia, Susana", "Resp.": null, "C Cuenca": null, "Direccion": "Direccion General de Obras por Terceros - MOP", "Dpto": "Castellanos", "Long (Km.)": 0.35 }, "geometry": { "type": "MultiLineString", "coordinates": [ [ [ -61.569828113291706, -31.290983993441401 ], [ -61.566132513698392, -31.290959493399882 ] ] ] } },
{ "type": "Feature", "properties": { "Nombre": "Canal Peretti", "Estado": "Sin Ejecutar", "Obra": "Canalizacion Bajo Peretti", "Datos": null, "Tipo": "Canal", "Region": "Región 3, Región 4", "Código": "6102", "Cuenca": "8- Río Salado", "Localidad": "Rafaela, Bella Italia, Susana", "Resp.": null, "C Cuenca": null, "Direccion": "Direccion General de Obras por Terceros - MOP", "Dpto": "Castellanos", "Long (Km.)": 0.12 }, "geometry": { "type": "MultiLineString", "coordinates": [ [ [ -61.456625325340596, -31.316640290823909 ], [ -61.455399525472231, -31.316847790799233 ] ] ] } },
{ "type": "Feature", "properties": { "Nombre": "Pantalla H°", "Estado": "Sin Ejecutar", "Obra": "Proteccion contra la ersion fluvial de la def terraplen garello", "Datos": "PARAMETROS GEOMETRICOS\nViga de anclaje superior : 1.00 m x 0.30 m\nViga de anclaje lateral: 0.20 m x", "Tipo": "Pantalla de Hormigon", "Region": "Región 1, Región 3", "Código": "6072", "Cuenca": "5- Río Parana", "Localidad": "Santa Fe, Colastiné, Rincón, Arroyo Leyes", "Resp.": null, "C Cuenca": null, "Direccion": "Direccion General de Obras por Terceros - MOP", "Dpto": "La Capital", "Long (Km.)": 0.1 }, "geometry": { "type": "MultiLineString", "coordinates": [ [ [ -60.588289616533707, -31.623626465469176 ], [ -60.587742616605723, -31.622855465502507 ] ] ] } },
{ "type": "Feature", "properties": { "Nombre": "Viga anclaje de mantas", "Estado": "Finalizado", "Obra": "Proteccion contra la ersion fluvial de la def terraplen garello", "Datos": "- Tramo ejecutado y certificado (a Sep´24)\n- Longitud ejecutada y certificada (a Sep´24): 208.50 m\n-", "Tipo": "Viga de Anclaje", "Region": "Región 1, Región 3", "Código": "6072", "Cuenca": "5- Río Parana", "Localidad": "Santa Fe, Colastiné, Rincón, Arroyo Leyes", "Resp.": null, "C Cuenca": null, "Direccion": "Direccion General de Obras por Terceros - MOP", "Dpto": "La Capital", "Long (Km.)": 0.21 }, "geometry": { "type": "MultiLineString", "coordinates": [ [ [ -60.588066616561662, -31.623406465477981 ], [ -60.587700616610498, -31.622846465502516 ], [ -60.587493616637325, -31.62258346551365 ], [ -60.587347616656501, -31.622378465522495 ], [ -60.587115616686326, -31.622099465534198 ], [ -60.586849616719483, -31.621849465544017 ] ] ] } },
{ "type": "Feature", "properties": { "Nombre": "Viga anclaje de mantas", "Estado": "Sin Ejecutar", "Obra": "Proteccion contra la ersion fluvial de la def terraplen garello", "Datos": "PARAMETROS GEOMETRICOS\nViga de anclaje superior : 1.00 m x 0.30 m\nViga de anclaje lateral: 0.20 m x", "Tipo": "Viga de Anclaje", "Region": "Región 1, Región 3", "Código": "6072", "Cuenca": "5- Río Parana", "Localidad": "Santa Fe, Colastiné, Rincón, Arroyo Leyes", "Resp.": null, "C Cuenca": null, "Direccion": "Direccion General de Obras por Terceros - MOP", "Dpto": "La Capital", "Long (Km.)": 0.06 }, "geometry": { "type": "MultiLineString", "coordinates": [ [ [ -60.588218616537766, -31.623885465455231 ], [ -60.588323616526992, -31.623825465459429 ], [ -60.588237616539061, -31.623654465467219 ], [ -60.588144616551844, -31.623486465474748 ], [ -60.588066616561662, -31.623406465477981 ] ] ] } },
{ "type": "Feature", "properties": { "Nombre": "Viga anclaje de mantas", "Estado": "Sin Ejecutar", "Obra": "Proteccion contra la ersion fluvial de la def terraplen garello", "Datos": "PARAMETROS GEOMETRICOS\nViga de anclaje superior : 1.00 m x 0.30 m\nViga de anclaje lateral: 0.20 m x", "Tipo": "Viga de Anclaje", "Region": "Región 1, Región 3", "Código": "6072", "Cuenca": "5- Río Parana", "Localidad": "Santa Fe, Colastiné, Rincón, Arroyo Leyes", "Resp.": null, "C Cuenca": null, "Direccion": "Direccion General de Obras por Terceros - MOP", "Dpto": "La Capital", "Long (Km.)": 0.11 }, "geometry": { "type": "MultiLineString", "coordinates": [ [ [ -60.588237616539061, -31.623654465467219 ], [ -60.588283616534319, -31.623630465468924 ], [ -60.587735616606423, -31.622857465502328 ], [ -60.58771261660884, -31.622869465501442 ] ] ] } },
{ "type": "Feature", "properties": { "Nombre": "Estabilizado Granular 0-20", "Estado": "Finalizado", "Obra": "Tareas de mantenimiento y reparacion Gran Santa Fe", "Datos": null, "Tipo": "Estabilizado", "Region": "Región 1, Región 3", "Código": "6108", "Cuenca": "5- Río Parana", "Localidad": "Santa Fe, Colastiné, Rincón, Arroyo Leyes", "Resp.": null, "C Cuenca": null, "Direccion": "Direccion General de Obras por Terceros - MOP", "Dpto": "La Capital", "Long (Km.)": 0.05 }, "geometry": { "type": "MultiLineString", "coordinates": [ [ [ -60.567592618971901, -31.613759465747517 ], [ -60.568016618921376, -31.614001465739765 ], [ -60.568028618920039, -31.6140014657399 ] ] ] } },
{ "type": "Feature", "properties": { "Nombre": "Estabilizado Granular 0-20", "Estado": "Finalizado", "Obra": "Tareas de mantenimiento y reparacion Gran Santa Fe", "Datos": null, "Tipo": "Estabilizado", "Region": "Región 1, Región 3", "Código": "6108", "Cuenca": "5- Río Parana", "Localidad": "Santa Fe, Colastiné, Rincón, Arroyo Leyes", "Resp.": null, "C Cuenca": null, "Direccion": "Direccion General de Obras por Terceros - MOP", "Dpto": "La Capital", "Long (Km.)": 0.02 }, "geometry": { "type": "MultiLineString", "coordinates": [ [ [ -60.561646619665325, -31.611396465803583 ], [ -60.561873619638945, -31.611479465801789 ] ] ] } },
{ "type": "Feature", "properties": { "Nombre": "Estabilizado Granular 0-20", "Estado": "Finalizado", "Obra": "Tareas de mantenimiento y reparacion Gran Santa Fe", "Datos": null, "Tipo": "Estabilizado", "Region": "Región 1, Región 3", "Código": "6108", "Cuenca": "5- Río Parana", "Localidad": "Santa Fe, Colastiné, Rincón, Arroyo Leyes", "Resp.": null, "C Cuenca": null, "Direccion": "Direccion General de Obras por Terceros - MOP", "Dpto": "La Capital", "Long (Km.)": 0.16 }, "geometry": { "type": "MultiLineString", "coordinates": [ [ [ -60.58171061739079, -31.614943465839968 ], [ -60.580175617570198, -31.614305465855818 ] ] ] } },
{ "type": "Feature", "properties": { "Nombre": "Estabilizado Granular 0-20", "Estado": "Finalizado", "Obra": "Tareas de mantenimiento y reparacion Gran Santa Fe", "Datos": null, "Tipo": "Estabilizado", "Region": "Región 1, Región 3", "Código": "6108", "Cuenca": "5- Río Parana", "Localidad": "Santa Fe, Colastiné, Rincón, Arroyo Leyes", "Resp.": null, "C Cuenca": null, "Direccion": "Direccion General de Obras por Terceros - MOP", "Dpto": "La Capital", "Long (Km.)": 0.44 }, "geometry": { "type": "MultiLineString", "coordinates": [ [ [ -60.582131617590186, -31.598293466692457 ], [ -60.585484617178189, -31.601048466588416 ] ] ] } },
{ "type": "Feature", "properties": { "Nombre": "Estabilizado Granular 0-20", "Estado": "Finalizado", "Obra": "Tareas de mantenimiento y reparacion Gran Santa Fe", "Datos": null, "Tipo": "Estabilizado", "Region": "Región 1, Región 3", "Código": "6108", "Cuenca": "5- Río Parana", "Localidad": "Santa Fe, Colastiné, Rincón, Arroyo Leyes", "Resp.": null, "C Cuenca": null, "Direccion": "Direccion General de Obras por Terceros - MOP", "Dpto": "La Capital", "Long (Km.)": 0.57 }, "geometry": { "type": "MultiLineString", "coordinates": [ [ [ -60.6048236149907, -31.604163466639239 ], [ -60.607683614672936, -31.604236466666574 ], [ -60.607895614649458, -31.604236466668862 ], [ -60.607997614637029, -31.604313466666021 ], [ -60.608077614626062, -31.604455466659687 ], [ -60.608132614616686, -31.604677466648965 ], [ -60.608565614539401, -31.606657466552843 ], [ -60.608577614538319, -31.606642466553737 ] ] ] } },
{ "type": "Feature", "properties": { "Nombre": "Estabilizado Granular 0-20", "Estado": "Finalizado", "Obra": "Tareas de mantenimiento y reparacion Gran Santa Fe", "Datos": null, "Tipo": "Estabilizado", "Region": "Región 1, Región 3", "Código": "6108", "Cuenca": "5- Río Parana", "Localidad": "Santa Fe, Colastiné, Rincón, Arroyo Leyes", "Resp.": null, "C Cuenca": null, "Direccion": "Direccion General de Obras por Terceros - MOP", "Dpto": "La Capital", "Long (Km.)": 0.02 }, "geometry": { "type": "MultiLineString", "coordinates": [ [ [ -60.636305610944277, -31.641912465060209 ], [ -60.636304610944499, -31.641903465060651 ], [ -60.636275610950086, -31.641743465068473 ] ] ] } },
{ "type": "Feature", "properties": { "Nombre": "Estabilizado  Granular 0-20", "Estado": "Finalizado", "Obra": "Tareas de mantenimiento y reparacion Gran Santa Fe", "Datos": null, "Tipo": "Estabilizado", "Region": "Región 1, Región 3", "Código": "6108", "Cuenca": "5- Río Parana", "Localidad": "Santa Fe, Colastiné, Rincón, Arroyo Leyes", "Resp.": null, "C Cuenca": null, "Direccion": "Direccion General de Obras por Terceros - MOP", "Dpto": "La Capital", "Long (Km.)": 0.02 }, "geometry": { "type": "MultiLineString", "coordinates": [ [ [ -60.620967612585389, -31.645802464695617 ], [ -60.621131612564668, -31.645974464688663 ] ] ] } },
{ "type": "Feature", "properties": { "Nombre": "Estabilizado  Granular 0-20", "Estado": "Finalizado", "Obra": "Tareas de mantenimiento y reparacion Gran Santa Fe", "Datos": null, "Tipo": "Estabilizado", "Region": "Región 1, Región 3", "Código": "6108", "Cuenca": "5- Río Parana", "Localidad": "Santa Fe, Colastiné, Rincón, Arroyo Leyes", "Resp.": null, "C Cuenca": null, "Direccion": "Direccion General de Obras por Terceros - MOP", "Dpto": "La Capital", "Long (Km.)": 0.58 }, "geometry": { "type": "MultiLineString", "coordinates": [ [ [ -60.622755612402429, -31.644786464766703 ], [ -60.622925612381998, -31.644894464763059 ], [ -60.623261612343427, -31.644984464762139 ], [ -60.626962611929564, -31.645247464789009 ], [ -60.628755611728444, -31.645416464799894 ] ] ] } },
{ "type": "Feature", "properties": { "Nombre": "Estabilizado  Granular 0-20", "Estado": "Finalizado", "Obra": "Tareas de mantenimiento y reparacion Gran Santa Fe", "Datos": null, "Tipo": "Estabilizado", "Region": "Región 1, Región 3", "Código": "6108", "Cuenca": "5- Río Parana", "Localidad": "Santa Fe, Colastiné, Rincón, Arroyo Leyes", "Resp.": null, "C Cuenca": null, "Direccion": "Direccion General de Obras por Terceros - MOP", "Dpto": "La Capital", "Long (Km.)": 0.07 }, "geometry": { "type": "MultiLineString", "coordinates": [ [ [ -60.614759613330108, -31.641959464823557 ], [ -60.614061613409049, -31.641851464821485 ] ] ] } },
{ "type": "Feature", "properties": { "Nombre": "Carpeta asfaltica", "Estado": "Finalizado", "Obra": "Tareas de mantenimiento y reparacion Gran Santa Fe", "Datos": null, "Tipo": "Carpeta Asfáltica", "Region": "Región 1, Región 3", "Código": "6108", "Cuenca": "5- Río Parana", "Localidad": "Santa Fe, Colastiné, Rincón, Arroyo Leyes", "Resp.": null, "C Cuenca": null, "Direccion": "Direccion General de Obras por Terceros - MOP", "Dpto": "La Capital", "Long (Km.)": 0.01 }, "geometry": { "type": "MultiLineString", "coordinates": [ [ [ -60.567581618973243, -31.613750465747849 ], [ -60.567480618985172, -31.613700465749307 ], [ -60.567468618986609, -31.613693465749538 ] ] ] } },
{ "type": "Feature", "properties": { "Nombre": "Carpeta asfaltica", "Estado": "Finalizado", "Obra": "Tareas de mantenimiento y reparacion Gran Santa Fe", "Datos": null, "Tipo": "Carpeta Asfáltica", "Region": "Región 1, Región 3", "Código": "6108", "Cuenca": "5- Río Parana", "Localidad": "Santa Fe, Colastiné, Rincón, Arroyo Leyes", "Resp.": null, "C Cuenca": null, "Direccion": "Direccion General de Obras por Terceros - MOP", "Dpto": "La Capital", "Long (Km.)": 0.01 }, "geometry": { "type": "MultiLineString", "coordinates": [ [ [ -60.561638619666198, -31.611397465803424 ], [ -60.561522619679806, -31.611345465804835 ] ] ] } },
{ "type": "Feature", "properties": { "Nombre": "Carpeta asfaltica", "Estado": "Finalizado", "Obra": "Tareas de mantenimiento y reparacion Gran Santa Fe", "Datos": null, "Tipo": "Carpeta Asfáltica", "Region": "Región 1, Región 3", "Código": "6108", "Cuenca": "5- Río Parana", "Localidad": "Santa Fe, Colastiné, Rincón, Arroyo Leyes", "Resp.": null, "C Cuenca": null, "Direccion": "Direccion General de Obras por Terceros - MOP", "Dpto": "La Capital", "Long (Km.)": 0.02 }, "geometry": { "type": "MultiLineString", "coordinates": [ [ [ -60.582120617591556, -31.598282466692904 ], [ -60.581937617614109, -31.598127466698841 ] ] ] } },
{ "type": "Feature", "properties": { "Nombre": "Carpeta asfaltica", "Estado": "Finalizado", "Obra": "Tareas de mantenimiento y reparacion Gran Santa Fe", "Datos": null, "Tipo": "Carpeta Asfáltica", "Region": "Región 1, Región 3", "Código": "6108", "Cuenca": "5- Río Parana", "Localidad": "Santa Fe, Colastiné, Rincón, Arroyo Leyes", "Resp.": null, "C Cuenca": null, "Direccion": "Direccion General de Obras por Terceros - MOP", "Dpto": "La Capital", "Long (Km.)": 0.02 }, "geometry": { "type": "MultiLineString", "coordinates": [ [ [ -60.60480661499254, -31.604166466638937 ], [ -60.604606615014831, -31.604156466637271 ] ] ] } },
{ "type": "Feature", "properties": { "Nombre": "Carpeta asfaltica", "Estado": "Finalizado", "Obra": "Tareas de mantenimiento y reparacion Gran Santa Fe", "Datos": null, "Tipo": "Carpeta Asfáltica", "Region": "Región 1, Región 3", "Código": "6108", "Cuenca": "5- Río Parana", "Localidad": "Santa Fe, Colastiné, Rincón, Arroyo Leyes", "Resp.": null, "C Cuenca": null, "Direccion": "Direccion General de Obras por Terceros - MOP", "Dpto": "La Capital", "Long (Km.)": 0.03 }, "geometry": { "type": "MultiLineString", "coordinates": [ [ [ -60.628555611851681, -31.63861246514373 ], [ -60.628567611846947, -31.638842465132171 ] ] ] } },
{ "type": "Feature", "properties": { "Nombre": "Carpeta asfaltica", "Estado": "Finalizado", "Obra": "Tareas de mantenimiento y reparacion Gran Santa Fe", "Datos": null, "Tipo": "Carpeta Asfáltica", "Region": "Región 1, Región 3", "Código": "6108", "Cuenca": "5- Río Parana", "Localidad": "Santa Fe, Colastiné, Rincón, Arroyo Leyes", "Resp.": null, "C Cuenca": null, "Direccion": "Direccion General de Obras por Terceros - MOP", "Dpto": "La Capital", "Long (Km.)": 0.02 }, "geometry": { "type": "MultiLineString", "coordinates": [ [ [ -60.628804611722984, -31.64541846480034 ], [ -60.629007611700303, -31.645434464801721 ] ] ] } },
{ "type": "Feature", "properties": { "Nombre": "Carpeta asfaltica", "Estado": "Finalizado", "Obra": "Tareas de mantenimiento y reparacion Gran Santa Fe", "Datos": null, "Tipo": "Carpeta Asfáltica", "Region": "Región 1, Región 3", "Código": "6108", "Cuenca": "5- Río Parana", "Localidad": "Santa Fe, Colastiné, Rincón, Arroyo Leyes", "Resp.": null, "C Cuenca": null, "Direccion": "Direccion General de Obras por Terceros - MOP", "Dpto": "La Capital", "Long (Km.)": 0.02 }, "geometry": { "type": "MultiLineString", "coordinates": [ [ [ -60.629900611600291, -31.645505464807822 ], [ -60.629906611599637, -31.645505464807894 ], [ -60.62988361160231, -31.645497464808031 ], [ -60.629986611590716, -31.645508464808586 ], [ -60.630056611582624, -31.645532464808145 ] ] ] } },
{ "type": "Feature", "properties": { "Nombre": "Carpeta asfaltica", "Estado": "Finalizado", "Obra": "Tareas de mantenimiento y reparacion Gran Santa Fe", "Datos": null, "Tipo": "Carpeta Asfáltica", "Region": "Región 1, Región 3", "Código": "6108", "Cuenca": "5- Río Parana", "Localidad": "Santa Fe, Colastiné, Rincón, Arroyo Leyes", "Resp.": null, "C Cuenca": null, "Direccion": "Direccion General de Obras por Terceros - MOP", "Dpto": "La Capital", "Long (Km.)": 0.03 }, "geometry": { "type": "MultiLineString", "coordinates": [ [ [ -60.636015610973246, -31.642124465046276 ], [ -60.636021610972641, -31.642119465046594 ], [ -60.636098610965341, -31.642037465051587 ], [ -60.63629161094547, -31.641936465058802 ] ] ] } },
{ "type": "Feature", "properties": { "Nombre": "Carpeta asfaltica", "Estado": "Finalizado", "Obra": "Tareas de mantenimiento y reparacion Gran Santa Fe", "Datos": null, "Tipo": "Carpeta Asfáltica", "Region": "Región 1, Región 3", "Código": "6108", "Cuenca": "5- Río Parana", "Localidad": "Santa Fe, Colastiné, Rincón, Arroyo Leyes", "Resp.": null, "C Cuenca": null, "Direccion": "Direccion General de Obras por Terceros - MOP", "Dpto": "La Capital", "Long (Km.)": 0.01 }, "geometry": { "type": "MultiLineString", "coordinates": [ [ [ -60.581875617371786, -31.61499246583924 ], [ -60.581771617383758, -31.614960465839751 ] ] ] } },
{ "type": "Feature", "properties": { "Nombre": "Carpeta asfaltica", "Estado": "Finalizado", "Obra": "Tareas de mantenimiento y reparacion Gran Santa Fe", "Datos": null, "Tipo": "Carpeta Asfáltica", "Region": "Región 1, Región 3", "Código": "6108", "Cuenca": "5- Río Parana", "Localidad": "Santa Fe, Colastiné, Rincón, Arroyo Leyes", "Resp.": null, "C Cuenca": null, "Direccion": "Direccion General de Obras por Terceros - MOP", "Dpto": "La Capital", "Long (Km.)": 0.01 }, "geometry": { "type": "MultiLineString", "coordinates": [ [ [ -60.620927612589874, -31.645797464695431 ], [ -60.620838612601155, -31.645702464699312 ] ] ] } },
{ "type": "Feature", "properties": { "Nombre": "Carpeta asfaltica", "Estado": "Finalizado", "Obra": "Tareas de mantenimiento y reparacion Gran Santa Fe", "Datos": null, "Tipo": "Carpeta Asfáltica", "Region": "Región 1, Región 3", "Código": "6108", "Cuenca": "5- Río Parana", "Localidad": "Santa Fe, Colastiné, Rincón, Arroyo Leyes", "Resp.": null, "C Cuenca": null, "Direccion": "Direccion General de Obras por Terceros - MOP", "Dpto": "La Capital", "Long (Km.)": 0.01 }, "geometry": { "type": "MultiLineString", "coordinates": [ [ [ -60.614043613410864, -31.641862464820733 ], [ -60.613934613423304, -31.64183746482081 ] ] ] } },
{ "type": "Feature", "properties": { "Nombre": "Carpeta asfaltica", "Estado": "Finalizado", "Obra": "Tareas de mantenimiento y reparacion Gran Santa Fe", "Datos": null, "Tipo": "Carpeta Asfáltica", "Region": "Región 1, Región 3", "Código": "6108", "Cuenca": "5- Río Parana", "Localidad": "Santa Fe, Colastiné, Rincón, Arroyo Leyes", "Resp.": null, "C Cuenca": null, "Direccion": "Direccion General de Obras por Terceros - MOP", "Dpto": "La Capital", "Long (Km.)": 0.01 }, "geometry": { "type": "MultiLineString", "coordinates": [ [ [ -60.604353614507524, -31.640292464795383 ], [ -60.604245614520657, -31.640213464798219 ] ] ] } },
{ "type": "Feature", "properties": { "Nombre": "Carpeta asfaltica", "Estado": "Finalizado", "Obra": "Tareas de mantenimiento y reparacion Gran Santa Fe", "Datos": null, "Tipo": "Carpeta Asfáltica", "Region": "Región 1, Región 3", "Código": "6108", "Cuenca": "5- Río Parana", "Localidad": "Santa Fe, Colastiné, Rincón, Arroyo Leyes", "Resp.": null, "C Cuenca": null, "Direccion": "Direccion General de Obras por Terceros - MOP", "Dpto": "La Capital", "Long (Km.)": 0.02 }, "geometry": { "type": "MultiLineString", "coordinates": [ [ [ -60.596085615561677, -31.63095946518051 ], [ -60.595984615575041, -31.630812465186875 ] ] ] } },
{ "type": "Feature", "properties": { "Nombre": "Alteo de Terraplén", "Estado": "Finalizado", "Obra": "Tareas de mantenimiento y reparacion Gran Santa Fe", "Datos": null, "Tipo": "Terraplen", "Region": "Región 1, Región 3", "Código": "6108", "Cuenca": "5- Río Parana", "Localidad": "Santa Fe, Colastiné, Rincón, Arroyo Leyes", "Resp.": null, "C Cuenca": null, "Direccion": "Direccion General de Obras por Terceros - MOP", "Dpto": "La Capital", "Long (Km.)": 4.37 }, "geometry": { "type": "MultiLineString", "coordinates": [ [ [ -60.564461619502097, -31.60132946634673 ], [ -60.563377619610797, -31.602098466295867 ], [ -60.562052619726749, -31.604185466175224 ], [ -60.560657619790632, -31.610327465847295 ], [ -60.56144761968816, -31.611342465804153 ], [ -60.562801619530021, -31.611895465790628 ], [ -60.565943619165651, -31.613007465767947 ], [ -60.567942618928946, -31.614043465736827 ], [ -60.568472618865485, -31.614364465726183 ], [ -60.569624618730003, -31.614898465711473 ], [ -60.573617618265224, -31.61642546567694 ], [ -60.574729618133887, -31.616977465660856 ], [ -60.57528661807229, -31.616972465667132 ], [ -60.575825618012182, -31.616999465671604 ], [ -60.576405617946349, -31.617106465672407 ], [ -60.576947617885722, -31.617148465676149 ], [ -60.577122617867929, -31.617040465683552 ], [ -60.577243617857995, -31.616804465696838 ], [ -60.577586617830626, -31.61608746573706 ], [ -60.577839617806831, -31.615799465754449 ], [ -60.578162617773785, -31.615617465767262 ], [ -60.579937617594197, -31.614465465845107 ], [ -60.580134617573499, -31.614390465851059 ], [ -60.580296617555625, -31.614386465853045 ], [ -60.580480617534, -31.614470465850733 ], [ -60.584009617121289, -31.615949465813642 ], [ -60.585686616903402, -31.618123465721098 ], [ -60.586599616778493, -31.619734465649003 ], [ -60.58716061669238, -31.621353465572646 ] ] ] } },
{ "type": "Feature", "properties": { "Nombre": "Alteo de Terraplén", "Estado": "Finalizado", "Obra": "Tareas de mantenimiento y reparacion Gran Santa Fe", "Datos": null, "Tipo": "Terraplen", "Region": "Región 1, Región 3", "Código": "6108", "Cuenca": "5- Río Parana", "Localidad": "Santa Fe, Colastiné, Rincón, Arroyo Leyes", "Resp.": null, "C Cuenca": null, "Direccion": "Direccion General de Obras por Terceros - MOP", "Dpto": "La Capital", "Long (Km.)": 9.31 }, "geometry": { "type": "MultiLineString", "coordinates": [ [ [ -60.565149619580218, -31.590864466887375 ], [ -60.567638619313186, -31.590285466943797 ], [ -60.567807619294427, -31.590287466945519 ], [ -60.572792618736919, -31.590661466980329 ], [ -60.587651616914442, -31.602658466529867 ], [ -60.598965615640743, -31.604069466580565 ], [ -60.607928614644251, -31.604341466663854 ], [ -60.609514614369168, -31.611058466339056 ], [ -60.613577613891572, -31.612924466288121 ], [ -60.617944613351732, -31.616721466142238 ], [ -60.627712612176708, -31.623011465928261 ], [ -60.6285056118546, -31.638789465134195 ] ] ] } },
{ "type": "Feature", "properties": { "Nombre": "Alteo de Terraplén", "Estado": "Finalizado", "Obra": "Tareas de mantenimiento y reparacion Gran Santa Fe", "Datos": null, "Tipo": "Terraplen", "Region": "Región 1, Región 3", "Código": "6108", "Cuenca": "5- Río Parana", "Localidad": "Santa Fe, Colastiné, Rincón, Arroyo Leyes", "Resp.": null, "C Cuenca": null, "Direccion": "Direccion General de Obras por Terceros - MOP", "Dpto": "La Capital", "Long (Km.)": 4.3 }, "geometry": { "type": "MultiLineString", "coordinates": [ [ [ -60.588575616502226, -31.623612465472988 ], [ -60.588831616470941, -31.623811465465618 ], [ -60.592468616039163, -31.625767465405506 ], [ -60.593123615960245, -31.62619746539071 ], [ -60.593134615959258, -31.626183465391559 ], [ -60.593427615923225, -31.626424465382449 ], [ -60.593730615883615, -31.626833465364946 ], [ -60.594299615800864, -31.628165465303312 ], [ -60.596072615559905, -31.631175465169378 ], [ -60.596745615460485, -31.632853465091291 ], [ -60.596893615422125, -31.634337465017396 ], [ -60.598286615225788, -31.637174464888187 ], [ -60.599297615107027, -31.637630464875937 ], [ -60.605328614392604, -31.640758464782277 ], [ -60.60582561433533, -31.640907464780074 ], [ -60.606486614261051, -31.640979464783584 ], [ -60.607831614112229, -31.640967464798816 ], [ -60.615598613235107, -31.642098464825629 ], [ -60.61851361289834, -31.643033464809758 ], [ -60.620950612586192, -31.645874464691772 ] ] ] } },
{ "type": "Feature", "properties": { "Nombre": "Alteo de Terraplén", "Estado": "Finalizado", "Obra": "Tareas de mantenimiento y reparacion Gran Santa Fe", "Datos": null, "Tipo": "Terraplen", "Region": "Región 1, Región 3", "Código": "6108", "Cuenca": "5- Río Parana", "Localidad": "Santa Fe, Colastiné, Rincón, Arroyo Leyes", "Resp.": null, "C Cuenca": null, "Direccion": "Direccion General de Obras por Terceros - MOP", "Dpto": "La Capital", "Long (Km.)": 2.8 }, "geometry": { "type": "MultiLineString", "coordinates": [ [ [ -60.695949604135727, -31.655504465019941 ], [ -60.694873604235553, -31.656798464942415 ], [ -60.694576604253591, -31.657792464888686 ], [ -60.694989604185061, -31.659318464815652 ], [ -60.695687604081193, -31.661093464733145 ], [ -60.695885604027943, -31.66318846462887 ], [ -60.695898603991751, -31.66551146451101 ], [ -60.695427604020971, -31.667046464427898 ], [ -60.695140604030634, -31.668525464349671 ], [ -60.694833604056456, -31.669073464318483 ], [ -60.694051604124176, -31.670337464245705 ], [ -60.69375760412963, -31.672150464150434 ], [ -60.693406604148571, -31.673482464078937 ], [ -60.691986604277687, -31.675366463967769 ], [ -60.690136604451574, -31.677444463842001 ], [ -60.689699604490748, -31.678060463805959 ], [ -60.689458604510314, -31.67853746377908 ], [ -60.689460604505143, -31.678868463762303 ] ] ] } },
{ "type": "Feature", "properties": { "Nombre": "Alteo de Terraplén", "Estado": "Finalizado", "Obra": "Tareas de mantenimiento y reparacion Gran Santa Fe", "Datos": null, "Tipo": "Terraplen", "Region": "Región 1, Región 3", "Código": "6108", "Cuenca": "5- Río Parana", "Localidad": "Santa Fe, Colastiné, Rincón, Arroyo Leyes", "Resp.": null, "C Cuenca": null, "Direccion": "Direccion General de Obras por Terceros - MOP", "Dpto": "La Capital", "Long (Km.)": 0.74 }, "geometry": { "type": "MultiLineString", "coordinates": [ [ [ -60.603762614270728, -31.660667463752993 ], [ -60.604586614168376, -31.661412463724059 ], [ -60.604925614129236, -31.661518463722345 ], [ -60.605249614091818, -31.661622463720569 ], [ -60.605668614045165, -31.661637463724382 ], [ -60.606268613972354, -31.662063463709242 ], [ -60.606992613880557, -31.662842463677489 ], [ -60.607333613836417, -31.663270463659462 ], [ -60.607724613780213, -31.664139463619527 ], [ -60.608968613637963, -31.66443646361796 ], [ -60.608880613640601, -31.664916463592625 ] ] ] } },
{ "type": "Feature", "properties": { "Nombre": "Alteo de Terraplén", "Estado": "Finalizado", "Obra": "Tareas de mantenimiento y reparacion Gran Santa Fe", "Datos": null, "Tipo": "Terraplen", "Region": "Región 1, Región 3", "Código": "6108", "Cuenca": "5- Río Parana", "Localidad": "Santa Fe, Colastiné, Rincón, Arroyo Leyes", "Resp.": null, "C Cuenca": null, "Direccion": "Direccion General de Obras por Terceros - MOP", "Dpto": "La Capital", "Long (Km.)": 0.4 }, "geometry": { "type": "MultiLineString", "coordinates": [ [ [ -60.581654617640602, -31.598456466679025 ], [ -60.577526618085969, -31.599250466593915 ] ] ] } },
{ "type": "Feature", "properties": { "Nombre": "Alteo de Terraplén", "Estado": "Finalizado", "Obra": "Tareas de mantenimiento y reparacion Gran Santa Fe", "Datos": null, "Tipo": "Terraplen", "Region": "Región 1, Región 3", "Código": "6108", "Cuenca": "5- Río Parana", "Localidad": "Santa Fe, Colastiné, Rincón, Arroyo Leyes", "Resp.": null, "C Cuenca": null, "Direccion": "Direccion General de Obras por Terceros - MOP", "Dpto": "La Capital", "Long (Km.)": 1.53 }, "geometry": { "type": "MultiLineString", "coordinates": [ [ [ -60.603055614384544, -31.658276463866805 ], [ -60.602810614409492, -31.658424463856633 ], [ -60.600999614604291, -31.658818463816967 ], [ -60.59972461475121, -31.658437463822494 ], [ -60.599521614777608, -31.658173463833709 ], [ -60.599472614786059, -31.657970463843498 ], [ -60.599194614836961, -31.656616463909337 ], [ -60.598838614899492, -31.655059463984585 ], [ -60.598804614919359, -31.653973464039428 ], [ -60.598869614924439, -31.653143464082337 ], [ -60.598560614984841, -31.651381464168583 ], [ -60.598744614967529, -31.651173464181177 ], [ -60.599216614921588, -31.650745464208047 ], [ -60.599355614916981, -31.650017464246559 ], [ -60.59935161491844, -31.64995046424994 ], [ -60.599312614930653, -31.649416464276669 ], [ -60.599213614962565, -31.648004464347363 ] ] ] } },
{ "type": "Feature", "properties": { "Nombre": "Revestimiento canal c/geoceldas", "Estado": "Finalizado", "Obra": "Tareas de mantenimiento y reparacion Gran Santa Fe", "Datos": null, "Tipo": "Geoceldas", "Region": "Región 1, Región 3", "Código": "6108", "Cuenca": "5- Río Parana", "Localidad": "Santa Fe, Colastiné, Rincón, Arroyo Leyes", "Resp.": null, "C Cuenca": null, "Direccion": "Direccion General de Obras por Terceros - MOP", "Dpto": "La Capital", "Long (Km.)": 0.27 }, "geometry": { "type": "MultiLineString", "coordinates": [ [ [ -60.596532615507655, -31.631262465169918 ], [ -60.596545615504155, -31.631401465163016 ], [ -60.597012615419331, -31.633636465054337 ] ] ] } },
{ "type": "Feature", "properties": { "Nombre": "Revestimiento canal c/geoceldas", "Estado": "Finalizado", "Obra": "Tareas de mantenimiento y reparacion Gran Santa Fe", "Datos": null, "Tipo": "Geoceldas", "Region": "Región 1, Región 3", "Código": "6108", "Cuenca": "5- Río Parana", "Localidad": "Santa Fe, Colastiné, Rincón, Arroyo Leyes", "Resp.": null, "C Cuenca": null, "Direccion": "Direccion General de Obras por Terceros - MOP", "Dpto": "La Capital", "Long (Km.)": 0.21 }, "geometry": { "type": "MultiLineString", "coordinates": [ [ [ -60.601510614850788, -31.638380464861804 ], [ -60.600298614993839, -31.637788464878767 ], [ -60.600128615013823, -31.637709464880949 ], [ -60.599774615056397, -31.637481464888705 ], [ -60.599702615066938, -31.637309464896664 ] ] ] } },
{ "type": "Feature", "properties": { "Nombre": "Revestimiento canal c/geoceldas", "Estado": "Finalizado", "Obra": "Tareas de mantenimiento y reparacion Gran Santa Fe", "Datos": null, "Tipo": "Geoceldas", "Region": "Región 1, Región 3", "Código": "6108", "Cuenca": "5- Río Parana", "Localidad": "Santa Fe, Colastiné, Rincón, Arroyo Leyes", "Resp.": null, "C Cuenca": null, "Direccion": "Direccion General de Obras por Terceros - MOP", "Dpto": "La Capital", "Long (Km.)": 0.02 }, "geometry": { "type": "MultiLineString", "coordinates": [ [ [ -60.629069611697496, -31.645159464816377 ], [ -60.628870611719798, -31.645140464815178 ] ] ] } },
{ "type": "Feature", "properties": { "Nombre": "Revestimiento canal c/geoceldas", "Estado": "Finalizado", "Obra": "Tareas de mantenimiento y reparacion Gran Santa Fe", "Datos": null, "Tipo": "Geoceldas", "Region": "Región 1, Región 3", "Código": "6108", "Cuenca": "5- Río Parana", "Localidad": "Santa Fe, Colastiné, Rincón, Arroyo Leyes", "Resp.": null, "C Cuenca": null, "Direccion": "Direccion General de Obras por Terceros - MOP", "Dpto": "La Capital", "Long (Km.)": 0.01 }, "geometry": { "type": "MultiLineString", "coordinates": [ [ [ -60.630045611587654, -31.645275464821086 ], [ -60.629921611601503, -31.645268464820109 ] ] ] } },
{ "type": "Feature", "properties": { "Nombre": "Revestimiento canal c/geoceldas", "Estado": "Finalizado", "Obra": "Tareas de mantenimiento y reparacion Gran Santa Fe", "Datos": null, "Tipo": "Geoceldas", "Region": "Región 1, Región 3", "Código": "6108", "Cuenca": "5- Río Parana", "Localidad": "Santa Fe, Colastiné, Rincón, Arroyo Leyes", "Resp.": null, "C Cuenca": null, "Direccion": "Direccion General de Obras por Terceros - MOP", "Dpto": "La Capital", "Long (Km.)": 0.08 }, "geometry": { "type": "MultiLineString", "coordinates": [ [ [ -60.629904611603457, -31.645262464820245 ], [ -60.629082611695935, -31.645166464816189 ] ] ] } },
{ "type": "Feature", "properties": { "Nombre": "Revestimiento canal c/geoceldas", "Estado": "Finalizado", "Obra": "Tareas de mantenimiento y reparacion Gran Santa Fe", "Datos": null, "Tipo": "Geoceldas", "Region": "Región 1, Región 3", "Código": "6108", "Cuenca": "5- Río Parana", "Localidad": "Santa Fe, Colastiné, Rincón, Arroyo Leyes", "Resp.": null, "C Cuenca": null, "Direccion": "Direccion General de Obras por Terceros - MOP", "Dpto": "La Capital", "Long (Km.)": 0.16 }, "geometry": { "type": "MultiLineString", "coordinates": [ [ [ -60.628822611725084, -31.645143464814488 ], [ -60.628587611750142, -31.64520846480864 ], [ -60.628253611788068, -31.645146464808189 ], [ -60.627132611913638, -31.645051464800819 ] ] ] } },
{ "type": "Feature", "properties": { "Nombre": "Revestimiento canal c/geoceldas", "Estado": "Finalizado", "Obra": "Tareas de mantenimiento y reparacion Gran Santa Fe", "Datos": null, "Tipo": "Geoceldas", "Region": "Región 1, Región 3", "Código": "6108", "Cuenca": "5- Río Parana", "Localidad": "Santa Fe, Colastiné, Rincón, Arroyo Leyes", "Resp.": null, "C Cuenca": null, "Direccion": "Direccion General de Obras por Terceros - MOP", "Dpto": "La Capital", "Long (Km.)": 0.38 }, "geometry": { "type": "MultiLineString", "coordinates": [ [ [ -60.626976611931106, -31.645039464799765 ], [ -60.625291612119454, -31.644925464787203 ], [ -60.624142612247446, -31.644876464777205 ], [ -60.622956612381074, -31.644725464771984 ] ] ] } },
{ "type": "Feature", "properties": { "Nombre": "Revestimiento canal c/geoceldas", "Estado": "Finalizado", "Obra": "Tareas de mantenimiento y reparacion Gran Santa Fe", "Datos": null, "Tipo": "Geoceldas", "Region": "Región 1, Región 3", "Código": "6108", "Cuenca": "5- Río Parana", "Localidad": "Santa Fe, Colastiné, Rincón, Arroyo Leyes", "Resp.": null, "C Cuenca": null, "Direccion": "Direccion General de Obras por Terceros - MOP", "Dpto": "La Capital", "Long (Km.)": 0.16 }, "geometry": { "type": "MultiLineString", "coordinates": [ [ [ -60.631731611394976, -31.645674464819145 ], [ -60.631703611398173, -31.645667464819187 ], [ -60.631679611400955, -31.645660464819304 ], [ -60.630178611572305, -31.645317464820412 ], [ -60.630071611584455, -31.645298464820208 ] ] ] } },
{ "type": "Feature", "properties": { "Nombre": "Revestimiento canal c/geoceldas", "Estado": "Finalizado", "Obra": "Tareas de mantenimiento y reparacion Gran Santa Fe", "Datos": null, "Tipo": "Geoceldas", "Region": "Región 1, Región 3", "Código": "6108", "Cuenca": "5- Río Parana", "Localidad": "Santa Fe, Colastiné, Rincón, Arroyo Leyes", "Resp.": null, "C Cuenca": null, "Direccion": "Direccion General de Obras por Terceros - MOP", "Dpto": "La Capital", "Long (Km.)": 0.1 }, "geometry": { "type": "MultiLineString", "coordinates": [ [ [ -60.631802611387116, -31.645673464819975 ], [ -60.631824611384658, -31.645673464820216 ], [ -60.632076611355465, -31.645761464818477 ], [ -60.632877611267226, -31.645729464828822 ] ] ] } },
{ "type": "Feature", "properties": { "Nombre": "Revestimiento canal c/geoceldas", "Estado": "Finalizado", "Obra": "Tareas de mantenimiento y reparacion Gran Santa Fe", "Datos": null, "Tipo": "Geoceldas", "Region": "Región 1, Región 3", "Código": "6108", "Cuenca": "5- Río Parana", "Localidad": "Santa Fe, Colastiné, Rincón, Arroyo Leyes", "Resp.": null, "C Cuenca": null, "Direccion": "Direccion General de Obras por Terceros - MOP", "Dpto": "La Capital", "Long (Km.)": 0.09 }, "geometry": { "type": "MultiLineString", "coordinates": [ [ [ -60.636392610919557, -31.64292746500951 ], [ -60.636102610963448, -31.642135465046671 ] ] ] } },
{ "type": "Feature", "properties": { "Nombre": "Revestimiento canal c/geoceldas", "Estado": "Finalizado", "Obra": "Tareas de mantenimiento y reparacion Gran Santa Fe", "Datos": null, "Tipo": "Geoceldas", "Region": "Región 1, Región 3", "Código": "6108", "Cuenca": "5- Río Parana", "Localidad": "Santa Fe, Colastiné, Rincón, Arroyo Leyes", "Resp.": null, "C Cuenca": null, "Direccion": "Direccion General de Obras por Terceros - MOP", "Dpto": "La Capital", "Long (Km.)": 0.21 }, "geometry": { "type": "MultiLineString", "coordinates": [ [ [ -60.636074610968855, -31.641979465054284 ], [ -60.635922610995003, -31.641352465084516 ], [ -60.635666611032583, -31.64073246511326 ], [ -60.635350611074912, -31.640239465134897 ] ] ] } },
{ "type": "Feature", "properties": { "Nombre": "Limpieza de Canales", "Estado": "Finalizado", "Obra": "Tareas de mantenimiento y reparacion Gran Santa Fe", "Datos": null, "Tipo": "Canal", "Region": "Región 1, Región 3", "Código": "6108", "Cuenca": "5- Río Parana", "Localidad": "Santa Fe, Colastiné, Rincón, Arroyo Leyes", "Resp.": null, "C Cuenca": null, "Direccion": "Direccion General de Obras por Terceros - MOP", "Dpto": "La Capital", "Long (Km.)": 0.83 }, "geometry": { "type": "MultiLineString", "coordinates": [ [ [ -60.572017618822493, -31.590679466971029 ], [ -60.572613618754929, -31.590784466972131 ], [ -60.574704618501336, -31.592281466918461 ], [ -60.578528618030084, -31.595521466794697 ] ] ] } },
{ "type": "Feature", "properties": { "Nombre": "Limpieza de Canales", "Estado": "Finalizado", "Obra": "Tareas de mantenimiento y reparacion Gran Santa Fe", "Datos": null, "Tipo": "Canal", "Region": "Región 1, Región 3", "Código": "6108", "Cuenca": "5- Río Parana", "Localidad": "Santa Fe, Colastiné, Rincón, Arroyo Leyes", "Resp.": null, "C Cuenca": null, "Direccion": "Direccion General de Obras por Terceros - MOP", "Dpto": "La Capital", "Long (Km.)": 0.69 }, "geometry": { "type": "MultiLineString", "coordinates": [ [ [ -60.587280616955809, -31.602639466526835 ], [ -60.581954617608886, -31.598354466687443 ] ] ] } },
{ "type": "Feature", "properties": { "Nombre": "Limpieza de Canales", "Estado": "Finalizado", "Obra": "Tareas de mantenimiento y reparacion Gran Santa Fe", "Datos": null, "Tipo": "Canal", "Region": "Región 1, Región 3", "Código": "6108", "Cuenca": "5- Río Parana", "Localidad": "Santa Fe, Colastiné, Rincón, Arroyo Leyes", "Resp.": null, "C Cuenca": null, "Direccion": "Direccion General de Obras por Terceros - MOP", "Dpto": "La Capital", "Long (Km.)": 0.26 }, "geometry": { "type": "MultiLineString", "coordinates": [ [ [ -60.598814615654994, -31.604235466570472 ], [ -60.596081615961481, -31.603974466554181 ] ] ] } },
{ "type": "Feature", "properties": { "Nombre": "Limpieza de Canales", "Estado": "Finalizado", "Obra": "Tareas de mantenimiento y reparacion Gran Santa Fe", "Datos": null, "Tipo": "Canal", "Region": "Región 1, Región 3", "Código": "6108", "Cuenca": "5- Río Parana", "Localidad": "Santa Fe, Colastiné, Rincón, Arroyo Leyes", "Resp.": null, "C Cuenca": null, "Direccion": "Direccion General de Obras por Terceros - MOP", "Dpto": "La Capital", "Long (Km.)": 0.13 }, "geometry": { "type": "MultiLineString", "coordinates": [ [ [ -60.600981615413531, -31.604339466588652 ], [ -60.599609615565711, -31.604321466574699 ] ] ] } },
{ "type": "Feature", "properties": { "Nombre": "Limpieza de Canales", "Estado": "Finalizado", "Obra": "Tareas de mantenimiento y reparacion Gran Santa Fe", "Datos": null, "Tipo": "Canal", "Region": "Región 1, Región 3", "Código": "6108", "Cuenca": "5- Río Parana", "Localidad": "Santa Fe, Colastiné, Rincón, Arroyo Leyes", "Resp.": null, "C Cuenca": null, "Direccion": "Direccion General de Obras por Terceros - MOP", "Dpto": "La Capital", "Long (Km.)": 0.78 }, "geometry": { "type": "MultiLineString", "coordinates": [ [ [ -60.620672612628866, -31.645075464729338 ], [ -60.618734612875969, -31.642890464819416 ], [ -60.614806613328476, -31.641717464836404 ], [ -60.614000613419115, -31.64162746483224 ] ] ] } },
{ "type": "Feature", "properties": { "Nombre": "Limpieza de Canales", "Estado": "Finalizado", "Obra": "Tareas de mantenimiento y reparacion Gran Santa Fe", "Datos": null, "Tipo": "Canal", "Region": "Región 1, Región 3", "Código": "6108", "Cuenca": "5- Río Parana", "Localidad": "Santa Fe, Colastiné, Rincón, Arroyo Leyes", "Resp.": null, "C Cuenca": null, "Direccion": "Direccion General de Obras por Terceros - MOP", "Dpto": "La Capital", "Long (Km.)": 0.98 }, "geometry": { "type": "MultiLineString", "coordinates": [ [ [ -60.588739616487779, -31.623361465487548 ], [ -60.588736616488283, -31.623349465488118 ], [ -60.587411616662038, -31.621524465566655 ], [ -60.587395616666385, -31.621352465575256 ], [ -60.587191616698966, -31.620675465607508 ], [ -60.587014616726734, -31.620125465633603 ], [ -60.586697616770266, -31.619555465659147 ], [ -60.585981616870434, -31.618144465723233 ], [ -60.585222616971286, -31.617006465772945 ], [ -60.58441261707425, -31.616112465809682 ], [ -60.584093617115926, -31.615682465828094 ], [ -60.58399461712726, -31.615657465828345 ] ] ] } },
{ "type": "Feature", "properties": { "Nombre": "Limpieza de Canales", "Estado": "Finalizado", "Obra": "Tareas de mantenimiento y reparacion Gran Santa Fe", "Datos": null, "Tipo": "Canal", "Region": "Región 1, Región 3", "Código": "6108", "Cuenca": "5- Río Parana", "Localidad": "Santa Fe, Colastiné, Rincón, Arroyo Leyes", "Resp.": null, "C Cuenca": null, "Direccion": "Direccion General de Obras por Terceros - MOP", "Dpto": "La Capital", "Long (Km.)": 0.11 }, "geometry": { "type": "MultiLineString", "coordinates": [ [ [ -60.560907620026839, -31.592433466761623 ], [ -60.561607619942478, -31.592898466745474 ], [ -60.56184161991419, -31.593057466739875 ] ] ] } },
{ "type": "Feature", "properties": { "Nombre": "Alteo de Terraplen Gral Paz", "Estado": "Finalizado", "Obra": "Tareas de mantenimiento y reparacion Gran Santa Fe", "Datos": null, "Tipo": "Terraplen", "Region": "Región 1, Región 3", "Código": "6108", "Cuenca": "5- Río Parana", "Localidad": "Monte Vera, Recreo", "Resp.": null, "C Cuenca": null, "Direccion": "Direccion General de Obras por Terceros - MOP", "Dpto": "La Capital", "Long (Km.)": 2.35 }, "geometry": { "type": "MultiLineString", "coordinates": [ [ [ -60.672144707768602, -31.588611668162979 ], [ -60.67186570784132, -31.585796768303318 ], [ -60.668990408229924, -31.581062368513155 ], [ -60.667853208382525, -31.579261868592543 ], [ -60.667478708432988, -31.578654268619395 ], [ -60.663120909020037, -31.571600268931391 ], [ -60.662262609147596, -31.569406369033874 ] ] ] } },
{ "type": "Feature", "properties": { "Nombre": "Limpieza de Canales Las Mandarinas", "Estado": "Finalizado", "Obra": "Tareas de mantenimiento y reparacion Gran Santa Fe", "Datos": null, "Tipo": "Canal", "Region": "Región 1, Región 3", "Código": "6108", "Cuenca": "5- Río Parana", "Localidad": "Monte Vera, Recreo", "Resp.": null, "C Cuenca": null, "Direccion": "Direccion General de Obras por Terceros - MOP", "Dpto": "La Capital", "Long (Km.)": 2.87 }, "geometry": { "type": "MultiLineString", "coordinates": [ [ [ -60.688682106299247, -31.564351369579256 ], [ -60.679043707338884, -31.566156869382191 ], [ -60.659238309472713, -31.570051068968127 ] ] ] } },
{ "type": "Feature", "properties": { "Nombre": "Carpeta asfaltica", "Estado": "Finalizado", "Obra": "Tareas de mantenimiento y reparacion Gran Santa Fe", "Datos": null, "Tipo": "Carpeta Asfáltica", "Region": "Región 1, Región 3", "Código": "6108", "Cuenca": "5- Río Parana", "Localidad": "Santa Fe, Colastiné, Rincón, Arroyo Leyes", "Resp.": null, "C Cuenca": null, "Direccion": "Direccion General de Obras por Terceros - MOP", "Dpto": "La Capital", "Long (Km.)": 0.1 }, "geometry": { "type": "MultiLineString", "coordinates": [ [ [ -60.739669799202034, -31.661638865187371 ], [ -60.739600099214627, -31.661314665203069 ], [ -60.739675199214204, -31.660789565230537 ] ] ] } },
{ "type": "Feature", "properties": { "Nombre": "Alteo de Terraplen Gral Paz", "Estado": "Finalizado", "Obra": "Tareas de mantenimiento y reparacion Gran Santa Fe", "Datos": null, "Tipo": "Terraplen", "Region": "Región 1, Región 3", "Código": "6108", "Cuenca": "5- Río Parana", "Localidad": "Santa Fe, Colastiné, Rincón, Arroyo Leyes", "Resp.": null, "C Cuenca": null, "Direccion": "Direccion General de Obras por Terceros - MOP", "Dpto": "La Capital", "Long (Km.)": 0.22 }, "geometry": { "type": "MultiLineString", "coordinates": [ [ [ -60.672144707768602, -31.588611668162979 ], [ -60.67228790772355, -31.59057486806455 ] ] ] } },
{ "type": "Feature", "properties": { "Nombre": "Limpieza de Canales Las Mandarinas", "Estado": "Finalizado", "Obra": "Tareas de mantenimiento y reparacion Gran Santa Fe", "Datos": null, "Tipo": "Canal", "Region": "Región 1, Región 3", "Código": "6108", "Cuenca": "5- Río Parana", "Localidad": "Monte Vera, Recreo", "Resp.": null, "C Cuenca": null, "Direccion": "Direccion General de Obras por Terceros - MOP", "Dpto": "La Capital", "Long (Km.)": 3.59 }, "geometry": { "type": "MultiLineString", "coordinates": [ [ [ -60.724517902470545, -31.555221170435836 ], [ -60.688964806274697, -31.563898869605392 ], [ -60.689018506262641, -31.564310269585008 ], [ -60.688682106299247, -31.564351369579256 ] ] ] } },
{ "type": "Feature", "properties": { "Nombre": "Estabilizado Granular 0,20", "Estado": "Finalizado", "Obra": "Tareas de mantenimiento y reparacion Gran Santa Fe", "Datos": null, "Tipo": "Estabilizado", "Region": "Región 1, Región 3", "Código": "6108", "Cuenca": "5- Río Parana", "Localidad": "Santa Fe, Colastiné, Rincón, Arroyo Leyes", "Resp.": null, "C Cuenca": null, "Direccion": "Direccion General de Obras por Terceros - MOP", "Dpto": "La Capital", "Long (Km.)": 0.42 }, "geometry": { "type": "MultiLineString", "coordinates": [ [ [ -60.739669799202034, -31.661638865187371 ], [ -60.738880199234139, -31.665326264991418 ] ] ] } },
{ "type": "Feature", "properties": { "Nombre": "Defensa Villa Minetti", "Estado": "Finalizado", "Obra": "Sistema de proteccion urbana villa minetti", "Datos": null, "Tipo": "Defensas", "Region": "Región 2", "Código": "6109", "Cuenca": "1- Bajos Submeridionales", "Localidad": "Villa Minetti", "Resp.": null, "C Cuenca": null, "Direccion": "Direccion General de Obras por Terceros - MOP", "Dpto": "9 de Julio", "Long (Km.)": 4.71 }, "geometry": { "type": "MultiLineString", "coordinates": [ [ [ -61.62515, -28.632734000000301 ], [ -61.635771, -28.630675000000309 ], [ -61.633275, -28.621132000000301 ], [ -61.636683, -28.620402000000308 ], [ -61.634433, -28.6121900000003 ], [ -61.631394, -28.612807000000302 ], [ -61.621646500000068, -28.614681000000303 ] ] ] } },
{ "type": "Feature", "properties": { "Nombre": "Defensa Villa Minetti", "Estado": "No Corresponde", "Obra": "Sistema de proteccion urbana villa minetti", "Datos": null, "Tipo": "Defensas", "Region": "Región 2", "Código": "6109", "Cuenca": "1- Bajos Submeridionales", "Localidad": "Villa Minetti", "Resp.": null, "C Cuenca": null, "Direccion": "Direccion General de Obras por Terceros - MOP", "Dpto": "9 de Julio", "Long (Km.)": 1.95 }, "geometry": { "type": "MultiLineString", "coordinates": [ [ [ -61.61197, -28.616239000000295 ], [ -61.614075, -28.624840000000308 ], [ -61.610853, -28.625478000000307 ], [ -61.609324, -28.625592000000299 ], [ -61.610177200000081, -28.630018000000298 ] ] ] } },
{ "type": "Feature", "properties": { "Nombre": "Defensa Villa Minetti", "Estado": "Finalizado", "Obra": "Sistema de proteccion urbana villa minetti", "Datos": null, "Tipo": "Defensas", "Region": "Región 2", "Código": "6109", "Cuenca": "1- Bajos Submeridionales", "Localidad": "Villa Minetti", "Resp.": null, "C Cuenca": null, "Direccion": "Direccion General de Obras por Terceros - MOP", "Dpto": "9 de Julio", "Long (Km.)": 0.76 }, "geometry": { "type": "MultiLineString", "coordinates": [ [ [ -61.61197, -28.616239000000295 ], [ -61.619595100000069, -28.615053300000305 ] ] ] } },
{ "type": "Feature", "properties": { "Nombre": "Defensa Villa Minetti", "Estado": "Sin Ejecutar", "Obra": "Sistema de proteccion urbana villa minetti", "Datos": null, "Tipo": "Defensas", "Region": "Región 2", "Código": "6109", "Cuenca": "1- Bajos Submeridionales", "Localidad": "Villa Minetti", "Resp.": null, "C Cuenca": null, "Direccion": "Direccion General de Obras por Terceros - MOP", "Dpto": "9 de Julio", "Long (Km.)": 0.2 }, "geometry": { "type": "MultiLineString", "coordinates": [ [ [ -61.621646500000068, -28.614681000000303 ], [ -61.619607, -28.615054000000299 ] ] ] } },
{ "type": "Feature", "properties": { "Nombre": "Defensa Villa Minetti", "Estado": "Finalizado", "Obra": "Sistema de proteccion urbana villa minetti", "Datos": null, "Tipo": "Defensas", "Region": "Región 2", "Código": "6109", "Cuenca": "1- Bajos Submeridionales", "Localidad": "Villa Minetti", "Resp.": null, "C Cuenca": null, "Direccion": "Direccion General de Obras por Terceros - MOP", "Dpto": "9 de Julio", "Long (Km.)": 1.8 }, "geometry": { "type": "MultiLineString", "coordinates": [ [ [ -61.610177200000081, -28.630018000000298 ], [ -61.610906800000087, -28.633728200000302 ], [ -61.624682600000071, -28.630790100000286 ] ] ] } },
{ "type": "Feature", "properties": { "Nombre": "Defensa Villa Minetti", "Estado": "Sin Ejecutar", "Obra": "Sistema de proteccion urbana villa minetti", "Datos": null, "Tipo": "Defensas", "Region": "Región 2", "Código": "6109", "Cuenca": "1- Bajos Submeridionales", "Localidad": "Villa Minetti", "Resp.": null, "C Cuenca": null, "Direccion": "Direccion General de Obras por Terceros - MOP", "Dpto": "9 de Julio", "Long (Km.)": 0.22 }, "geometry": { "type": "MultiLineString", "coordinates": [ [ [ -61.62515, -28.632734000000301 ], [ -61.62502590000009, -28.632504000000317 ], [ -61.624682600000071, -28.630790100000286 ] ] ] } },
{ "type": "Feature", "properties": { "Nombre": "Canal Perimetral", "Estado": "Finalizado", "Obra": "Sistema de proteccion urbana villa minetti", "Datos": null, "Tipo": "Canal", "Region": "Región 2", "Código": "6109", "Cuenca": "1- Bajos Submeridionales", "Localidad": "Villa Minetti", "Resp.": null, "C Cuenca": null, "Direccion": "Direccion General de Obras por Terceros - MOP", "Dpto": "9 de Julio", "Long (Km.)": 2.3 }, "geometry": { "type": "MultiLineString", "coordinates": [ [ [ -61.637011400000077, -28.620358800000314 ], [ -61.634610900000084, -28.611971900000306 ], [ -61.631435200000077, -28.612621800000298 ], [ -61.621224600000076, -28.614650500000316 ] ] ] } },
{ "type": "Feature", "properties": { "Nombre": "Canal Perimetral", "Estado": "Finalizado", "Obra": "Sistema de proteccion urbana villa minetti", "Datos": null, "Tipo": "Canal", "Region": "Región 2", "Código": "6109", "Cuenca": "1- Bajos Submeridionales", "Localidad": "Villa Minetti", "Resp.": null, "C Cuenca": null, "Direccion": "Direccion General de Obras por Terceros - MOP", "Dpto": "9 de Julio", "Long (Km.)": 1.86 }, "geometry": { "type": "MultiLineString", "coordinates": [ [ [ -61.620554200000093, -28.614696300000301 ], [ -61.619563800000094, -28.6148680000003 ], [ -61.611607, -28.616094700000314 ], [ -61.612151500000081, -28.618324500000295 ], [ -61.61363520000009, -28.6246636000003 ] ] ] } },
{ "type": "Feature", "properties": { "Nombre": "Canal Perimetral", "Estado": "Finalizado", "Obra": "Sistema de proteccion urbana villa minetti", "Datos": null, "Tipo": "Canal", "Region": "Región 2", "Código": "6109", "Cuenca": "1- Bajos Submeridionales", "Localidad": "Villa Minetti", "Resp.": null, "C Cuenca": null, "Direccion": "Direccion General de Obras por Terceros - MOP", "Dpto": "9 de Julio", "Long (Km.)": 5.14 }, "geometry": { "type": "MultiLineString", "coordinates": [ [ [ -61.636820800000073, -28.620707800000311 ], [ -61.635962500000076, -28.620858500000299 ], [ -61.63357270000008, -28.62131760000031 ], [ -61.63622, -28.630925700000283 ], [ -61.624632900000087, -28.6333647000003 ], [ -61.624160800000077, -28.631368300000286 ], [ -61.610342, -28.634193300000316 ], [ -61.608625400000086, -28.625793300000304 ] ] ] } },
{ "type": "Feature", "properties": { "Nombre": "Terraplen Santa MArgarita", "Estado": "Finalizado", "Obra": "Sistema de proteccion urbana villa minetti", "Datos": null, "Tipo": "Terraplen", "Region": "Región 2", "Código": "6109", "Cuenca": "1- Bajos submeridionales", "Localidad": "Santa Margarita", "Resp.": null, "C Cuenca": null, "Direccion": "Direccion General de Obras por Terceros - MOP", "Dpto": "9 de Julio", "Long (Km.)": 1.38 }, "geometry": { "type": "MultiLineString", "coordinates": [ [ [ -61.544193100000079, -28.306475200000307 ], [ -61.546703700000087, -28.30600290000033 ], [ -61.549680900000091, -28.307325400000305 ], [ -61.551663400000088, -28.306914600000301 ], [ -61.552958900000085, -28.312213600000316 ] ] ] } },
{ "type": "Feature", "properties": { "Nombre": "Terraplen Santa Margarita", "Estado": "Finalizado", "Obra": "Sistema de proteccion urbana villa minetti", "Datos": null, "Tipo": "Terraplen", "Region": "Región 2", "Código": "6109", "Cuenca": "1- Bajos submeridionales", "Localidad": "Santa Margarita", "Resp.": null, "C Cuenca": null, "Direccion": "Direccion General de Obras por Terceros - MOP", "Dpto": "9 de Julio", "Long (Km.)": 1.24 }, "geometry": { "type": "MultiLineString", "coordinates": [ [ [ -61.552958900000085, -28.312213600000316 ], [ -61.554178900000089, -28.316965400000296 ], [ -61.547191500000089, -28.31832890000031 ] ] ] } },
{ "type": "Feature", "properties": { "Nombre": "Canal de los Escribanos", "Estado": "Sin Ejecutar", "Obra": "REACONDICIONAMIENTO CANAL SECUNDARIO BOGADO Y CANAL COLONIA ESCRIBANOS", "Datos": null, "Tipo": "Canal", "Region": "Región 5", "Código": "6112", "Cuenca": "20- Arroyo Pavón", "Localidad": "Coronel Bogado, Colonia Escribano, Fighera", "Resp.": null, "C Cuenca": null, "Direccion": "Direccion General de Obras por Terceros - MOP", "Dpto": "Rosario", "Long (Km.)": 2.0 }, "geometry": { "type": "MultiLineString", "coordinates": [ [ [ -60.506232, -33.256108000000275 ], [ -60.505833, -33.256349000000277 ], [ -60.505384, -33.25657600000028 ], [ -60.505051, -33.256662000000276 ], [ -60.504492, -33.256610000000286 ], [ -60.50397, -33.256474000000281 ], [ -60.50358, -33.256398000000274 ], [ -60.503196, -33.256410000000272 ], [ -60.502655, -33.256583000000269 ], [ -60.498802, -33.259573000000287 ], [ -60.498733, -33.259637000000282 ], [ -60.498736, -33.259692000000271 ], [ -60.498755, -33.259755000000276 ], [ -60.498767, -33.259805000000291 ], [ -60.49874, -33.259859000000283 ], [ -60.493828, -33.263731000000284 ], [ -60.490141, -33.266600000000274 ], [ -60.489926, -33.266767000000272 ] ] ] } },
{ "type": "Feature", "properties": { "Nombre": "Canal Secundario Bogado", "Estado": "Sin Ejecutar", "Obra": "REACONDICIONAMIENTO CANAL SECUNDARIO BOGADO Y CANAL COLONIA ESCRIBANOS", "Datos": null, "Tipo": "Canal", "Region": "Región 5", "Código": "6112", "Cuenca": "20- Arroyo Pavón", "Localidad": "Coronel Bogado, Colonia Escribano, Fighera", "Resp.": null, "C Cuenca": null, "Direccion": "Direccion General de Obras por Terceros - MOP", "Dpto": "Rosario", "Long (Km.)": 4.7 }, "geometry": { "type": "MultiLineString", "coordinates": [ [ [ -60.576776, -33.248784000000271 ], [ -60.576828, -33.249102000000285 ], [ -60.576689, -33.249331000000275 ], [ -60.555647, -33.265201000000268 ], [ -60.555477, -33.26634100000026 ], [ -60.554771, -33.266881000000282 ], [ -60.554632, -33.268046000000282 ], [ -60.541455, -33.277991000000263 ] ] ] } },
{ "type": "Feature", "properties": { "Nombre": "Canal Secundario Bogado", "Estado": "Finalizado", "Obra": "REACONDICIONAMIENTO CANAL SECUNDARIO BOGADO Y CANAL COLONIA ESCRIBANOS", "Datos": null, "Tipo": "Canal", "Region": "Región 5", "Código": "6112", "Cuenca": "20- Arroyo Pavón", "Localidad": "Coronel Bogado, Colonia Escribano, Fighera", "Resp.": null, "C Cuenca": null, "Direccion": "Direccion General de Obras por Terceros - MOP", "Dpto": "Rosario", "Long (Km.)": 2.6 }, "geometry": { "type": "MultiLineString", "coordinates": [ [ [ -60.555067, -33.237211000000279 ], [ -60.553410700000072, -33.236785900000271 ], [ -60.553389300000056, -33.236373100000264 ], [ -60.554376300000079, -33.235403900000286 ], [ -60.554075900000065, -33.234757800000281 ], [ -60.549446200000069, -33.232264000000271 ], [ -60.548043400000076, -33.231608800000267 ], [ -60.542398, -33.228660000000289 ], [ -60.535471500000085, -33.224995900000287 ], [ -60.534958, -33.225012900000273 ], [ -60.534754200000066, -33.224896200000281 ], [ -60.534614700000077, -33.224752600000272 ], [ -60.534604, -33.224582100000269 ], [ -60.534724900000057, -33.224390800000279 ] ] ] } },
{ "type": "Feature", "properties": { "Nombre": "Canal de los Escribanos", "Estado": "Finalizado", "Obra": "REACONDICIONAMIENTO CANAL SECUNDARIO BOGADO Y CANAL COLONIA ESCRIBANOS", "Datos": null, "Tipo": "Canal", "Region": "Región 5", "Código": "6112", "Cuenca": "20- Arroyo Pavón", "Localidad": "Coronel Bogado, Colonia Escribano, Fighera", "Resp.": null, "C Cuenca": null, "Direccion": "Direccion General de Obras por Terceros - MOP", "Dpto": "Rosario", "Long (Km.)": 4.59 }, "geometry": { "type": "MultiLineString", "coordinates": [ [ [ -60.539582700000061, -33.227179800000272 ], [ -60.539631, -33.227543200000284 ], [ -60.539534400000079, -33.227704800000282 ], [ -60.539116, -33.227920200000277 ], [ -60.538761900000068, -33.227947100000279 ], [ -60.538252300000082, -33.228234300000281 ], [ -60.537329600000064, -33.228831100000299 ], [ -60.536203100000058, -33.229728500000284 ], [ -60.53436990000008, -33.231121500000292 ], [ -60.518772600000084, -33.243357800000275 ], [ -60.513241900000061, -33.247581400000264 ], [ -60.513167300000077, -33.25008900000028 ], [ -60.51299560000006, -33.250735000000276 ], [ -60.51235190000007, -33.251434800000268 ], [ -60.506232, -33.256108000000275 ] ] ] } },
{ "type": "Feature", "properties": { "Nombre": "Canal Sec Bogado (paralelo a RP 13s)", "Estado": "Sin Ejecutar", "Obra": "REACONDICIONAMIENTO CANAL SECUNDARIO BOGADO Y CANAL COLONIA ESCRIBANOS", "Datos": null, "Tipo": "Canal", "Region": "Región 5", "Código": "6112", "Cuenca": "20- Arroyo Pavón", "Localidad": "Coronel Bogado, Colonia Escribano, Fighera", "Resp.": null, "C Cuenca": null, "Direccion": "Direccion General de Obras por Terceros - MOP", "Dpto": "Rosario", "Long (Km.)": 2.39 }, "geometry": { "type": "MultiLineString", "coordinates": [ [ [ -60.576763, -33.248774000000274 ], [ -60.555098600000065, -33.237227000000296 ] ] ] } },
{ "type": "Feature", "properties": { "Nombre": "Canal aliviador al Pavón\n", "Estado": "Finalizado", "Obra": "REACONDICIONAMIENTO CANAL SECUNDARIO BOGADO Y CANAL COLONIA ESCRIBANOS", "Datos": null, "Tipo": "Canal", "Region": "Región 5", "Código": "6112", "Cuenca": "20- Arroyo Pavón", "Localidad": "Coronel Bogado, Colonia Escribano, Fighera", "Resp.": null, "C Cuenca": null, "Direccion": "Direccion General de Obras por Terceros - MOP", "Dpto": "Rosario", "Long (Km.)": 0.35 }, "geometry": { "type": "MultiLineString", "coordinates": [ [ [ -60.481404800000078, -33.234158000000292 ], [ -60.484192, -33.232072000000279 ] ] ] } },
{ "type": "Feature", "properties": { "Nombre": "Canal aliviador al Pavón\n", "Estado": "En Ejecucion", "Obra": "REACONDICIONAMIENTO CANAL SECUNDARIO BOGADO Y CANAL COLONIA ESCRIBANOS", "Datos": null, "Tipo": "Canal", "Region": "Región 5", "Código": "6112", "Cuenca": "20- Arroyo Pavón", "Localidad": "Coronel Bogado, Colonia Escribano, Fighera", "Resp.": null, "C Cuenca": null, "Direccion": "Direccion General de Obras por Terceros - MOP", "Dpto": "Rosario", "Long (Km.)": 0.35 }, "geometry": { "type": "MultiLineString", "coordinates": [ [ [ -60.484192, -33.232072000000279 ], [ -60.484369600000079, -33.231886500000272 ], [ -60.486911, -33.229961000000287 ] ] ] } },
{ "type": "Feature", "properties": { "Nombre": "Canal aliviador al Pavón", "Estado": "En Ejecucion", "Obra": "REACONDICIONAMIENTO CANAL SECUNDARIO BOGADO Y CANAL COLONIA ESCRIBANOS", "Datos": null, "Tipo": "Canal", "Region": "Región 5", "Código": "6112", "Cuenca": "20- Arroyo Pavón", "Localidad": "Coronel Bogado, Colonia Escribano, Fighera", "Resp.": null, "C Cuenca": null, "Direccion": "Direccion General de Obras por Terceros - MOP", "Dpto": "Rosario", "Long (Km.)": 0.57 }, "geometry": { "type": "MultiLineString", "coordinates": [ [ [ -60.481404800000078, -33.234158000000292 ], [ -60.476940300000088, -33.237655500000287 ] ] ] } },
{ "type": "Feature", "properties": { "Nombre": "Canal aliviador al Pavón", "Estado": "Finalizado", "Obra": "REACONDICIONAMIENTO CANAL SECUNDARIO BOGADO Y CANAL COLONIA ESCRIBANOS", "Datos": null, "Tipo": "Canal", "Region": "Región 5", "Código": "6112", "Cuenca": "20- Arroyo Pavón", "Localidad": "Coronel Bogado, Colonia Escribano, Fighera", "Resp.": null, "C Cuenca": null, "Direccion": "Direccion General de Obras por Terceros - MOP", "Dpto": "Rosario", "Long (Km.)": 2.73 }, "geometry": { "type": "MultiLineString", "coordinates": [ [ [ -60.476940300000088, -33.237655500000287 ], [ -60.455492200000066, -33.254389500000279 ] ] ] } },
{ "type": "Feature", "properties": { "Nombre": "Canal Principal", "Estado": "Finalizado", "Obra": "REACONDICIONAMIENTO CANAL SECUNDARIO BOGADO Y CANAL COLONIA ESCRIBANOS", "Datos": null, "Tipo": "Canal", "Region": "Región 5", "Código": "6113", "Cuenca": "18- Arroyo Frías", "Localidad": "Pueblo Esther, Coronel Domingez, Santa Clara", "Resp.": null, "C Cuenca": null, "Direccion": "Direccion General de Obras por Terceros - MOP", "Dpto": "Rosario", "Long (Km.)": 21.69 }, "geometry": { "type": "MultiLineString", "coordinates": [ [ [ -60.592722700000081, -33.073341000000269 ], [ -60.592765, -33.073481000000285 ], [ -60.593334, -33.074157000000262 ], [ -60.594259, -33.075008000000281 ], [ -60.594939, -33.07559000000029 ], [ -60.59648, -33.076991000000284 ], [ -60.597266, -33.077745000000277 ], [ -60.597603, -33.078012000000271 ], [ -60.597825, -33.078221000000283 ], [ -60.598531, -33.079020000000277 ], [ -60.599988, -33.080507000000281 ], [ -60.600749, -33.081302000000292 ], [ -60.601809, -33.082338000000277 ], [ -60.603341, -33.083817000000273 ], [ -60.604527, -33.084960000000258 ], [ -60.60523, -33.085567000000282 ], [ -60.605647, -33.085885000000275 ], [ -60.606062, -33.08631200000027 ], [ -60.606843, -33.087083000000284 ], [ -60.607352, -33.087553000000291 ], [ -60.6081, -33.0881630000003 ], [ -60.608577, -33.088604000000274 ], [ -60.609135, -33.089150000000281 ], [ -60.609377, -33.089246000000287 ], [ -60.609678, -33.08930900000027 ], [ -60.609884, -33.089286000000271 ], [ -60.610131, -33.089279000000261 ], [ -60.610392, -33.089381000000287 ], [ -60.610654, -33.089509000000291 ], [ -60.61084, -33.089677000000286 ], [ -60.61169, -33.090388000000281 ], [ -60.61202, -33.090652000000276 ], [ -60.612534, -33.091084000000265 ], [ -60.61325, -33.09166300000026 ], [ -60.613956, -33.092338000000268 ], [ -60.61423, -33.092532000000297 ], [ -60.614558, -33.0928430000003 ], [ -60.614859, -33.093094000000278 ], [ -60.615101, -33.09330100000026 ], [ -60.615603, -33.093738000000307 ], [ -60.61601, -33.094115000000293 ], [ -60.616411, -33.094552000000277 ], [ -60.616821, -33.094966000000284 ], [ -60.617075, -33.095173000000287 ], [ -60.617177, -33.095453000000262 ], [ -60.617259, -33.095676000000267 ], [ -60.617466, -33.095900000000256 ], [ -60.617827, -33.096230000000276 ], [ -60.618067, -33.096441000000283 ], [ -60.618419, -33.096738000000286 ], [ -60.619197, -33.097218000000289 ], [ -60.619843, -33.097730000000261 ], [ -60.620753, -33.09846500000026 ], [ -60.62127, -33.099045000000281 ], [ -60.62156, -33.099441000000283 ], [ -60.622202, -33.100317000000274 ], [ -60.622526, -33.100657000000275 ], [ -60.622969, -33.100909000000279 ], [ -60.62376, -33.101456000000262 ], [ -60.624186, -33.101758000000274 ], [ -60.624519, -33.102152000000274 ], [ -60.625122, -33.102819000000274 ], [ -60.625685, -33.103184000000283 ], [ -60.625961, -33.103295000000294 ], [ -60.62617, -33.103481000000272 ], [ -60.626759, -33.10402400000028 ], [ -60.627354, -33.104556000000265 ], [ -60.628304, -33.105584000000277 ], [ -60.628782, -33.106021000000275 ], [ -60.629526, -33.106770000000282 ], [ -60.629951, -33.107205000000256 ], [ -60.631338, -33.108589000000279 ], [ -60.631539, -33.108817000000279 ], [ -60.631908, -33.10915700000028 ], [ -60.632366, -33.109456000000279 ], [ -60.63297, -33.109887000000285 ], [ -60.633678, -33.110381000000281 ], [ -60.634367, -33.110861000000263 ], [ -60.634722, -33.11131800000026 ], [ -60.634929, -33.111612000000278 ], [ -60.635154, -33.111733000000278 ], [ -60.635445, -33.111844000000268 ], [ -60.635684, -33.111904000000273 ], [ -60.635946, -33.111978000000285 ], [ -60.636171, -33.112159000000268 ], [ -60.636956, -33.112565000000259 ], [ -60.637245, -33.112829000000268 ], [ -60.637502, -33.113007000000287 ], [ -60.637741, -33.113255000000272 ], [ -60.637933, -33.113388000000299 ], [ -60.638272, -33.113743000000262 ], [ -60.638507, -33.113922000000279 ], [ -60.638889, -33.114044000000291 ], [ -60.639289, -33.114338000000281 ], [ -60.639708, -33.11470400000028 ], [ -60.640016, -33.11497300000029 ], [ -60.640395, -33.115273000000279 ], [ -60.640793, -33.11562900000029 ], [ -60.64131, -33.11584400000028 ], [ -60.641926, -33.116264000000271 ], [ -60.642339, -33.116584000000287 ], [ -60.642614, -33.117102000000287 ], [ -60.642991, -33.11797700000028 ], [ -60.643318, -33.118767000000268 ], [ -60.643684, -33.119743000000263 ], [ -60.644063, -33.120695000000268 ], [ -60.644725, -33.122593000000293 ], [ -60.645293, -33.124486000000275 ], [ -60.646157, -33.126910000000279 ], [ -60.646591, -33.128202000000272 ], [ -60.64734, -33.128959000000272 ], [ -60.648436, -33.130010000000283 ], [ -60.649789, -33.131256000000285 ], [ -60.650997, -33.132419000000269 ], [ -60.65162, -33.13302400000029 ], [ -60.652259, -33.133563000000265 ], [ -60.652523, -33.134570000000281 ], [ -60.65269, -33.135822000000289 ], [ -60.652931, -33.136844000000274 ], [ -60.653307, -33.138401000000272 ], [ -60.653597, -33.1394930000003 ], [ -60.653781, -33.140054000000269 ], [ -60.653918, -33.140452000000288 ], [ -60.654123, -33.140991000000277 ], [ -60.654558, -33.141568000000284 ], [ -60.655545, -33.142582000000282 ], [ -60.65586, -33.143030000000287 ], [ -60.656168, -33.14328800000029 ], [ -60.657136, -33.144409000000273 ], [ -60.657698, -33.145042000000288 ], [ -60.65855, -33.145684000000294 ], [ -60.65932, -33.146296000000277 ], [ -60.660288, -33.146999000000285 ], [ -60.660909, -33.147527000000281 ], [ -60.661363, -33.147942000000278 ], [ -60.661718, -33.148089000000276 ], [ -60.663622, -33.148328000000291 ], [ -60.665319, -33.148425000000294 ], [ -60.666803, -33.148630000000253 ], [ -60.667913, -33.148814000000272 ], [ -60.668768, -33.148903000000281 ], [ -60.6692, -33.149025000000286 ], [ -60.670255, -33.149420000000276 ], [ -60.670904, -33.149682000000283 ], [ -60.671662, -33.149927000000268 ], [ -60.672139, -33.150096000000275 ], [ -60.673118, -33.150457000000294 ], [ -60.674173, -33.150788000000269 ], [ -60.674827, -33.151064000000261 ], [ -60.675459, -33.151278000000282 ], [ -60.676881, -33.151750000000263 ], [ -60.678311, -33.152292000000273 ], [ -60.679713, -33.152710000000276 ], [ -60.680614, -33.153045000000262 ], [ -60.683635, -33.154135000000267 ], [ -60.685119, -33.154592000000271 ], [ -60.687083, -33.155306000000287 ], [ -60.688059, -33.15558600000027 ], [ -60.689321, -33.156050000000285 ], [ -60.6911, -33.156534000000285 ], [ -60.692858, -33.157109000000268 ], [ -60.694335, -33.15758000000028 ], [ -60.695693, -33.157897000000268 ], [ -60.698394, -33.158570000000282 ], [ -60.700415, -33.159055000000293 ], [ -60.703693, -33.159900000000299 ], [ -60.70419, -33.159994000000268 ], [ -60.70479, -33.16017500000028 ], [ -60.706302, -33.160554000000268 ], [ -60.706788, -33.160761000000285 ], [ -60.707128, -33.161033000000288 ], [ -60.707248, -33.161287000000286 ], [ -60.707309, -33.161544000000276 ], [ -60.707262, -33.161974000000285 ], [ -60.707124, -33.162709000000277 ], [ -60.706916, -33.16367300000028 ], [ -60.706795, -33.164305000000276 ], [ -60.706568, -33.165300000000279 ], [ -60.706202, -33.167006000000285 ], [ -60.705859, -33.168788000000291 ], [ -60.705273, -33.171294000000287 ], [ -60.704788, -33.173733000000283 ], [ -60.704611, -33.174670000000283 ], [ -60.704154, -33.176744000000284 ], [ -60.703984, -33.177724000000275 ], [ -60.703818, -33.178555000000294 ], [ -60.703703, -33.179031000000265 ], [ -60.703499, -33.179911000000274 ], [ -60.703357, -33.180686000000286 ], [ -60.703097, -33.181908000000284 ], [ -60.702941, -33.182701000000264 ], [ -60.702603, -33.184199000000277 ], [ -60.702466, -33.18487700000027 ], [ -60.702311, -33.185756000000282 ], [ -60.702152, -33.186401000000274 ], [ -60.701948, -33.187405000000275 ], [ -60.70156, -33.189219000000286 ], [ -60.701391, -33.190067000000269 ], [ -60.700872, -33.192453000000285 ], [ -60.700716, -33.193226000000287 ], [ -60.700527, -33.194098000000274 ], [ -60.700835, -33.194984000000275 ], [ -60.701199, -33.19597800000026 ], [ -60.701484, -33.196540000000269 ], [ -60.701934, -33.197696000000285 ], [ -60.702126, -33.198231000000256 ], [ -60.702478, -33.199130000000267 ], [ -60.70269, -33.199656000000275 ], [ -60.70294, -33.200036000000281 ], [ -60.70319, -33.200351000000289 ], [ -60.704142, -33.20152100000027 ], [ -60.704558, -33.20197800000026 ], [ -60.706106, -33.203859000000286 ], [ -60.706937, -33.204872000000279 ], [ -60.708007, -33.206186000000258 ], [ -60.70931, -33.207698000000271 ], [ -60.709904, -33.208375000000274 ], [ -60.710423, -33.209032000000271 ], [ -60.711517, -33.210291000000282 ], [ -60.711841, -33.210702000000261 ], [ -60.712112, -33.211135000000276 ], [ -60.712411, -33.211631000000267 ], [ -60.712663, -33.212143000000275 ], [ -60.713137, -33.212923000000274 ], [ -60.713505, -33.213542000000281 ], [ -60.713799, -33.214004000000273 ], [ -60.713927, -33.214275000000278 ], [ -60.714052, -33.214479000000281 ], [ -60.714279, -33.214607000000278 ], [ -60.714615, -33.214708000000286 ] ] ] } },
{ "type": "Feature", "properties": { "Nombre": "Canal Secundario", "Estado": "Finalizado", "Obra": "REACONDICIONAMIENTO CANAL SECUNDARIO BOGADO Y CANAL COLONIA ESCRIBANOS", "Datos": null, "Tipo": "Canal", "Region": "Región 5", "Código": "6113", "Cuenca": "18- Arroyo Frías", "Localidad": "Pueblo Esther, Coronel Domingez, Santa Clara", "Resp.": null, "C Cuenca": null, "Direccion": "Direccion General de Obras por Terceros - MOP", "Dpto": "Rosario", "Long (Km.)": 6.74 }, "geometry": { "type": "MultiLineString", "coordinates": [ [ [ -60.705743, -33.16035500000028 ], [ -60.708052, -33.160410000000283 ], [ -60.711348, -33.16036900000028 ], [ -60.71442, -33.160336000000292 ], [ -60.715903, -33.160298000000282 ], [ -60.716048, -33.160371000000275 ], [ -60.716168, -33.160658000000268 ], [ -60.716431, -33.161564000000276 ], [ -60.716795, -33.162538000000254 ], [ -60.716983, -33.163052000000278 ], [ -60.71743, -33.163743000000281 ], [ -60.718206, -33.164880000000267 ], [ -60.719239, -33.166410000000276 ], [ -60.719978, -33.167559000000296 ], [ -60.721088, -33.169033000000269 ], [ -60.721449, -33.169622000000274 ], [ -60.722492, -33.171343000000292 ], [ -60.722755, -33.172114000000263 ], [ -60.723687, -33.174213000000265 ], [ -60.724209, -33.174948000000278 ], [ -60.725766, -33.176588000000272 ], [ -60.727524, -33.178634000000294 ], [ -60.728474, -33.17967900000027 ], [ -60.728866, -33.180083000000252 ], [ -60.72908, -33.180298000000278 ], [ -60.729343, -33.180503000000286 ], [ -60.729274, -33.180811000000276 ], [ -60.729211, -33.181048000000281 ], [ -60.729285, -33.181140000000283 ], [ -60.729607, -33.181357000000261 ], [ -60.730764, -33.182380000000286 ], [ -60.731589, -33.183074000000275 ], [ -60.733016, -33.184296000000288 ], [ -60.733934, -33.185112000000267 ], [ -60.734329, -33.185434000000285 ], [ -60.734767, -33.185814000000285 ], [ -60.735102, -33.186175000000276 ], [ -60.735587, -33.186614000000276 ], [ -60.736192, -33.186993000000278 ], [ -60.737308, -33.187847000000296 ], [ -60.738447, -33.18857800000027 ], [ -60.740232, -33.189654000000282 ], [ -60.740838, -33.190014000000275 ], [ -60.741803, -33.191218000000283 ], [ -60.743169, -33.192893000000268 ], [ -60.744242, -33.19422800000028 ], [ -60.74492, -33.195565000000272 ], [ -60.745971, -33.196832000000278 ], [ -60.746911, -33.197779000000281 ], [ -60.749097, -33.199660000000279 ], [ -60.750397, -33.200780000000272 ], [ -60.75115, -33.201392000000268 ], [ -60.751655, -33.201765000000279 ] ] ] } },
{ "type": "Feature", "properties": { "Nombre": "Canal Principal", "Estado": "Finalizado", "Obra": "REACONDICIONAMIENTO CANAL SECUNDARIO BOGADO Y CANAL COLONIA ESCRIBANOS", "Datos": null, "Tipo": "Canal", "Region": "Región 5", "Código": "6113", "Cuenca": "18- Arroyo Frías", "Localidad": "Pueblo Esther, Coronel Domingez, Santa Clara", "Resp.": null, "C Cuenca": null, "Direccion": "Direccion General de Obras por Terceros - MOP", "Dpto": "Rosario", "Long (Km.)": 2.73 }, "geometry": { "type": "MultiLineString", "coordinates": [ [ [ -60.592722700000081, -33.073341000000269 ], [ -60.592673900000065, -33.073042900000267 ], [ -60.592539800000054, -33.072768700000275 ], [ -60.592169600000062, -33.072359600000269 ], [ -60.590968, -33.071343600000283 ], [ -60.589675200000066, -33.070242300000288 ], [ -60.589272800000067, -33.069851200000279 ], [ -60.589026100000062, -33.069581500000282 ], [ -60.588371600000059, -33.068583500000301 ], [ -60.587744, -33.06784170000028 ], [ -60.587486500000068, -33.067374200000287 ], [ -60.587330900000069, -33.066848200000273 ], [ -60.587245100000054, -33.066448100000279 ], [ -60.586780400000066, -33.06595470000029 ], [ -60.586718500000075, -33.06581090000028 ], [ -60.586568300000081, -33.065469200000287 ], [ -60.586166, -33.06440820000028 ], [ -60.585954100000073, -33.064086500000272 ], [ -60.585770800000063, -33.063904000000278 ], [ -60.585629800000078, -33.063756700000283 ], [ -60.585517200000062, -33.063567800000286 ], [ -60.585447400000064, -33.063397000000279 ], [ -60.58539380000007, -33.063140700000282 ], [ -60.585356200000064, -33.062933900000282 ], [ -60.585163100000081, -33.062601300000274 ], [ -60.584921700000073, -33.062331500000269 ], [ -60.584760800000062, -33.062070700000284 ], [ -60.584578400000076, -33.061765000000278 ], [ -60.584503, -33.061621100000288 ], [ -60.584264300000072, -33.061418800000283 ], [ -60.583982700000078, -33.06113560000027 ], [ -60.583762700000072, -33.060740000000273 ], [ -60.583612500000072, -33.06038930000026 ], [ -60.583554100000079, -33.060244000000282 ], [ -60.583524600000075, -33.06014960000028 ], [ -60.583413300000075, -33.059877600000284 ], [ -60.583244800000081, -33.059445000000288 ], [ -60.5831, -33.059011100000262 ], [ -60.58300880000008, -33.058734600000271 ], [ -60.582888100000062, -33.058399700000294 ], [ -60.582681600000065, -33.058064700000294 ], [ -60.582697700000075, -33.057738800000294 ], [ -60.58253940000008, -33.057376800000263 ], [ -60.582412100000063, -33.057152000000279 ], [ -60.58220290000007, -33.05696090000027 ], [ -60.581999, -33.056821500000275 ], [ -60.581784400000068, -33.056805800000276 ], [ -60.581425, -33.056661900000293 ], [ -60.581269300000073, -33.056519900000282 ], [ -60.581054700000081, -33.056295100000284 ], [ -60.580845500000081, -33.056214200000277 ], [ -60.58051290000008, -33.056142300000282 ], [ -60.580116, -33.056034400000279 ], [ -60.579874600000068, -33.055948900000281 ], [ -60.579627800000068, -33.055760100000292 ], [ -60.579343500000071, -33.055584700000281 ], [ -60.578914300000072, -33.055404900000283 ], [ -60.578420800000067, -33.055306000000279 ], [ -60.578104300000078, -33.055315000000284 ], [ -60.577862900000071, -33.055184600000274 ], [ -60.577707300000057, -33.055225100000271 ], [ -60.577594700000077, -33.055346400000282 ], [ -60.577433700000071, -33.055395900000278 ], [ -60.577385500000076, -33.055364400000286 ], [ -60.57738010000007, -33.055265500000282 ], [ -60.577248200000064, -33.055122900000278 ], [ -60.576939800000076, -33.054918300000281 ], [ -60.576577700000072, -33.054776700000268 ] ] ] } },
{ "type": "Feature", "properties": { "Nombre": "Canal Savoca", "Estado": "Finalizado", "Obra": "Reacon Canal Savoca y alca arroyo seco", "Datos": null, "Tipo": "Canal", "Region": "Región 7", "Código": "6114", "Cuenca": "5- Río Parana", "Localidad": "Arroyo Seco", "Resp.": null, "C Cuenca": null, "Direccion": "Direccion General de Obras por Terceros - MOP", "Dpto": "Rosario", "Long (Km.)": 0.63 }, "geometry": { "type": "MultiLineString", "coordinates": [ [ [ -60.49512480000007, -33.157459800000268 ], [ -60.497189800000079, -33.158727800000278 ], [ -60.497248800000079, -33.159724800000291 ], [ -60.495740800000064, -33.161904800000293 ] ] ] } },
{ "type": "Feature", "properties": { "Nombre": "Ejecutado", "Estado": "Finalizado", "Obra": "Reacon Canal Savoca y alca arroyo seco", "Datos": null, "Tipo": "Canal", "Region": "Región 7", "Código": "6114", "Cuenca": "5- Río Parana", "Localidad": "Arroyo Seco", "Resp.": null, "C Cuenca": null, "Direccion": "Direccion General de Obras por Terceros - MOP", "Dpto": "Rosario", "Long (Km.)": 3.16 }, "geometry": { "type": "MultiLineString", "coordinates": [ [ [ -60.49512480000007, -33.157459800000268 ], [ -60.496705800000058, -33.155423800000285 ], [ -60.496457800000073, -33.154576800000264 ], [ -60.496979800000062, -33.153939800000273 ], [ -60.497123500000065, -33.153662600000274 ], [ -60.497139600000061, -33.153150600000281 ], [ -60.49741250000006, -33.149796400000277 ], [ -60.49745, -33.149086800000283 ], [ -60.497600200000065, -33.14883080000029 ], [ -60.498678, -33.146815800000269 ], [ -60.499198400000068, -33.145131500000275 ], [ -60.499214500000065, -33.144772200000268 ], [ -60.499448, -33.143061500000293 ], [ -60.499553500000054, -33.142911700000269 ], [ -60.501121900000065, -33.141464900000287 ], [ -60.510391600000069, -33.133595000000284 ] ] ] } },
{ "type": "Feature", "properties": { "Nombre": "Ejecutado", "Estado": "Finalizado", "Obra": "Reacon Canal Savoca y alca arroyo seco", "Datos": null, "Tipo": "Canal", "Region": "Región 7", "Código": "6114", "Cuenca": "5- Río Parana", "Localidad": "Arroyo Seco", "Resp.": null, "C Cuenca": null, "Direccion": "Direccion General de Obras por Terceros - MOP", "Dpto": "Rosario", "Long (Km.)": 0.6 }, "geometry": { "type": "MultiLineString", "coordinates": [ [ [ -60.496211800000069, -33.166627800000285 ], [ -60.49509280000008, -33.166031800000283 ], [ -60.496193800000057, -33.162824800000294 ], [ -60.495740800000064, -33.161904800000293 ] ] ] } },
{ "type": "Feature", "properties": { "Nombre": "Cajón SUR revestido Calle Uruguay", "Estado": "Finalizado", "Obra": "Desgues calle uruguay Bustinza", "Datos": null, "Tipo": "Cajon", "Region": "Región 4", "Código": "6115", "Cuenca": "13- Cañada Carrizales", "Localidad": "Bustinza", "Resp.": null, "C Cuenca": null, "Direccion": "Direccion General de Obras por Terceros - MOP", "Dpto": "Iriondo", "Long (Km.)": 0.1 }, "geometry": { "type": "MultiLineString", "coordinates": [ [ [ -61.292366500000071, -32.741243700000283 ], [ -61.293376600000073, -32.741037100000291 ] ] ] } },
{ "type": "Feature", "properties": { "Nombre": "Cunetas SUR Camino Acceso Secundario", "Estado": "Finalizado", "Obra": "Desgues calle uruguay Bustinza", "Datos": null, "Tipo": "Cuneta", "Region": "Región 4", "Código": "6115", "Cuenca": "13- Cañada Carrizales", "Localidad": "Bustinza", "Resp.": null, "C Cuenca": null, "Direccion": "Direccion General de Obras por Terceros - MOP", "Dpto": "Iriondo", "Long (Km.)": 1.26 }, "geometry": { "type": "MultiLineString", "coordinates": [ [ [ -61.275005500000063, -32.740788000000286 ], [ -61.288129600000076, -32.738351300000275 ] ] ] } },
{ "type": "Feature", "properties": { "Nombre": "Cuneta ESTE Calle 25 de Mayo", "Estado": "Finalizado", "Obra": "Desgues calle uruguay Bustinza", "Datos": null, "Tipo": "Cuneta", "Region": "Región 4", "Código": "6115", "Cuenca": "13- Cañada Carrizales", "Localidad": "Bustinza", "Resp.": null, "C Cuenca": null, "Direccion": "Direccion General de Obras por Terceros - MOP", "Dpto": "Iriondo", "Long (Km.)": 0.3 }, "geometry": { "type": "MultiLineString", "coordinates": [ [ [ -61.288376400000075, -32.739181600000286 ], [ -61.289113300000068, -32.741849600000286 ] ] ] } },
{ "type": "Feature", "properties": { "Nombre": "Cunetas NORTE Camino Acceso Secundario", "Estado": "Finalizado", "Obra": "Desgues calle uruguay Bustinza", "Datos": null, "Tipo": "Cuneta", "Region": "Región 4", "Código": "6115", "Cuenca": "13- Cañada Carrizales", "Localidad": "Bustinza", "Resp.": null, "C Cuenca": null, "Direccion": "Direccion General de Obras por Terceros - MOP", "Dpto": "Iriondo", "Long (Km.)": 1.3 }, "geometry": { "type": "MultiLineString", "coordinates": [ [ [ -61.274745, -32.740589200000272 ], [ -61.27499720000008, -32.740618600000289 ], [ -61.275246600000074, -32.740609500000275 ], [ -61.28828720000007, -32.738173600000295 ] ] ] } },
{ "type": "Feature", "properties": { "Nombre": "Cuneta OESTE Calle 25 de Mayo", "Estado": "Finalizado", "Obra": "Desgues calle uruguay Bustinza", "Datos": null, "Tipo": "Cuneta", "Region": "Región 4", "Código": "6115", "Cuenca": "13- Cañada Carrizales", "Localidad": "Bustinza", "Resp.": null, "C Cuenca": null, "Direccion": "Direccion General de Obras por Terceros - MOP", "Dpto": "Iriondo", "Long (Km.)": 0.41 }, "geometry": { "type": "MultiLineString", "coordinates": [ [ [ -61.28828720000007, -32.738173600000295 ], [ -61.289265300000082, -32.74174220000026 ] ] ] } },
{ "type": "Feature", "properties": { "Nombre": "Cajón NORTE revestido Calle Uruguay\n", "Estado": "Finalizado", "Obra": "Desgues calle uruguay Bustinza", "Datos": null, "Tipo": "Cajon", "Region": "Región 4", "Código": "6115", "Cuenca": "13- Cañada Carrizales", "Localidad": "Bustinza", "Resp.": null, "C Cuenca": null, "Direccion": "Direccion General de Obras por Terceros - MOP", "Dpto": "Iriondo", "Long (Km.)": 0.19 }, "geometry": { "type": "MultiLineString", "coordinates": [ [ [ -61.291344, -32.741349600000284 ], [ -61.293349600000063, -32.740928200000269 ] ] ] } },
{ "type": "Feature", "properties": { "Nombre": "Cuneta ESTE Calle 25 de Mayo", "Estado": "Finalizado", "Obra": "Desgues calle uruguay Bustinza", "Datos": null, "Tipo": "Cuneta", "Region": "Región 4", "Código": "6115", "Cuenca": "13- Cañada Carrizales", "Localidad": "Bustinza", "Resp.": null, "C Cuenca": null, "Direccion": "Direccion General de Obras por Terceros - MOP", "Dpto": "Iriondo", "Long (Km.)": 0.09 }, "geometry": { "type": "MultiLineString", "coordinates": [ [ [ -61.288376400000075, -32.739181600000286 ], [ -61.288364500000078, -32.739144900000269 ], [ -61.288129600000076, -32.738351300000275 ] ] ] } },
{ "type": "Feature", "properties": { "Nombre": "Cajón SUR revestido Calle Uruguay", "Estado": "Finalizado", "Obra": "Desgues calle uruguay Bustinza", "Datos": null, "Tipo": "Cajon", "Region": "Región 4", "Código": "6115", "Cuenca": "13- Cañada Carrizales", "Localidad": "Bustinza", "Resp.": null, "C Cuenca": null, "Direccion": "Direccion General de Obras por Terceros - MOP", "Dpto": "Iriondo", "Long (Km.)": 0.21 }, "geometry": { "type": "MultiLineString", "coordinates": [ [ [ -61.291358, -32.74144900000028 ], [ -61.289136900000081, -32.741857500000279 ] ] ] } },
{ "type": "Feature", "properties": { "Nombre": "Cajón NORTE revestido Calle Uruguay", "Estado": "Finalizado", "Obra": "Desgues calle uruguay Bustinza", "Datos": null, "Tipo": "Cajon", "Region": "Región 4", "Código": "6115", "Cuenca": "13- Cañada Carrizales", "Localidad": "Bustinza", "Resp.": null, "C Cuenca": null, "Direccion": "Direccion General de Obras por Terceros - MOP", "Dpto": "Iriondo", "Long (Km.)": 0.2 }, "geometry": { "type": "MultiLineString", "coordinates": [ [ [ -61.291344, -32.741349600000284 ], [ -61.289265300000082, -32.74174220000026 ] ] ] } },
{ "type": "Feature", "properties": { "Nombre": "Cajón SUR revestido Calle Uruguay\n", "Estado": "Finalizado", "Obra": "Desgues calle uruguay Bustinza", "Datos": null, "Tipo": "Cajon", "Region": "Región 4", "Código": "6115", "Cuenca": "13- Cañada Carrizales", "Localidad": "Bustinza", "Resp.": null, "C Cuenca": null, "Direccion": "Direccion General de Obras por Terceros - MOP", "Dpto": "Iriondo", "Long (Km.)": 0.1 }, "geometry": { "type": "MultiLineString", "coordinates": [ [ [ -61.291358, -32.74144900000028 ], [ -61.292366500000071, -32.741243700000283 ] ] ] } },
{ "type": "Feature", "properties": { "Nombre": "Canal Interlagos", "Estado": "Finalizado", "Obra": "Readecuacion Canal Interlagos Vera", "Datos": null, "Tipo": "Canal", "Region": "Región 2", "Código": "6116", "Cuenca": "1- Bajos Submeridionales", "Localidad": null, "Resp.": null, "C Cuenca": null, "Direccion": "Direccion General de Obras por Terceros - MOP", "Dpto": "Vera", "Long (Km.)": 33.74 }, "geometry": { "type": "MultiLineString", "coordinates": [ [ [ -60.689299644694216, -28.793966617314226 ], [ -60.678073645876772, -28.795926617092483 ], [ -60.674966646183698, -28.798046616943342 ], [ -60.66970464671261, -28.800934616729862 ], [ -60.663776647336057, -28.802054616608107 ], [ -60.663364647376675, -28.802343616587901 ], [ -60.663687647310269, -28.804791616454899 ], [ -60.62829564995711, -28.894822611096313 ], [ -60.624014650073953, -28.92142660957715 ], [ -60.623731650095188, -28.922142609534589 ], [ -60.623361650125936, -28.92284660949182 ], [ -60.570670654891501, -28.993484605049748 ], [ -60.570346654916364, -28.994262605003442 ], [ -60.570020654947896, -28.994542604984709 ], [ -60.523752659805488, -29.00483860395256 ], [ -60.523056659873532, -29.005385603915386 ], [ -60.518313660337469, -29.009087603663158 ], [ -60.514212660747681, -29.011584603484074 ], [ -60.50193566193748, -29.022045602782828 ] ] ] } },
{ "type": "Feature", "properties": { "Nombre": "Conducto Hormigón Abierto", "Estado": "Finalizado", "Obra": "Reacondicionamiento de la Descarga Urbana Carmen", "Datos": "SE REALIZO EL Hº DE LA BASE DEL CONDUCTO ABIERTO DE LA ALCATARILLA. YA SE ENCUENTRA HORMIGONADO LA B", "Tipo": "Conducto", "Region": "Región 5", "Código": "6117", "Cuenca": "20- Arroyo Pavón", "Localidad": "Carmen", "Resp.": null, "C Cuenca": null, "Direccion": "Direccion General de Obras por Terceros - MOP", "Dpto": "General Lopez", "Long (Km.)": 0.28 }, "geometry": { "type": "MultiLineString", "coordinates": [ [ [ -61.764596900000065, -33.728667800000281 ], [ -61.764242900000085, -33.731197400000269 ] ] ] } },
{ "type": "Feature", "properties": { "Nombre": "Canal Desagüe", "Estado": "Sin Ejecutar", "Obra": "Reacondicionamiento de la Descarga Urbana Carmen", "Datos": "Por decisión del Área de Proyecto NO SE REALIZARA LA LIMPIEZA DEL CANAL", "Tipo": "Canal", "Region": "Región 5", "Código": "6117", "Cuenca": "20- Arroyo Pavón", "Localidad": "Carmen", "Resp.": null, "C Cuenca": null, "Direccion": "Direccion General de Obras por Terceros - MOP", "Dpto": "General Lopez", "Long (Km.)": 2.14 }, "geometry": { "type": "MultiLineString", "coordinates": [ [ [ -61.764602600000067, -33.728638500000294 ], [ -61.764650800000062, -33.728492400000263 ], [ -61.764755500000078, -33.727726100000268 ], [ -61.764644200000077, -33.727620100000273 ], [ -61.75935620000007, -33.727143900000264 ], [ -61.759130900000073, -33.727077000000271 ], [ -61.759134200000069, -33.724188400000266 ], [ -61.759123500000086, -33.724036700000276 ], [ -61.755530200000081, -33.713891200000262 ] ] ] } },
{ "type": "Feature", "properties": { "Nombre": "Alambrado Margen Rural", "Estado": "Finalizado", "Obra": "Reacondicionamiento de la Descarga Urbana Carmen", "Datos": "Retiro y Provisión de Alambrado de 5 Hilos. 650 ml. Colocación de postes medios cada 12 metros y var", "Tipo": "Alambrado", "Region": "Región 5", "Código": "6117", "Cuenca": "20- Arroyo Pavón", "Localidad": "Carmen", "Resp.": null, "C Cuenca": null, "Direccion": "Direccion General de Obras por Terceros - MOP", "Dpto": "General Lopez", "Long (Km.)": 0.65 }, "geometry": { "type": "MultiLineString", "coordinates": [ [ [ -61.764786, -33.728636300000289 ], [ -61.76489310000008, -33.727693600000265 ], [ -61.76483410000008, -33.727541900000261 ], [ -61.764705300000074, -33.727452700000264 ], [ -61.759206800000072, -33.72689720000028 ] ] ] } },
{ "type": "Feature", "properties": { "Nombre": "Alambrado Margen urbano", "Estado": "Finalizado", "Obra": "Reacondicionamiento de la Descarga Urbana Carmen", "Datos": "Retiro y Provisión de Alambrado de 5 Hilos. 650 ml. Colocación de postes medios cada 12 metros y var", "Tipo": "Alambrado", "Region": "Región 5", "Código": "6117", "Cuenca": "20- Arroyo Pavón", "Localidad": "Carmen", "Resp.": null, "C Cuenca": null, "Direccion": "Direccion General de Obras por Terceros - MOP", "Dpto": "General Lopez", "Long (Km.)": 0.61 }, "geometry": { "type": "MultiLineString", "coordinates": [ [ [ -61.764458600000069, -33.728584300000279 ], [ -61.76450150000008, -33.728393600000274 ], [ -61.764642200000068, -33.727723300000271 ], [ -61.759189400000082, -33.727169000000266 ] ] ] } },
{ "type": "Feature", "properties": { "Nombre": "Nuevo Canal", "Estado": "Sin Ejecutar", "Obra": "Alcantarilla Arroyo el Tigre Caraguatay", "Datos": null, "Tipo": "Canal", "Region": "Región 1", "Código": "6118", "Cuenca": "10- Los Saladillos", "Localidad": "Vera", "Resp.": null, "C Cuenca": null, "Direccion": "Direccion General de Obras por Terceros - MOP", "Dpto": "Vera", "Long (Km.)": 0.05 }, "geometry": { "type": "MultiLineString", "coordinates": [ [ [ -60.153299394494134, -29.424022277208007 ], [ -60.153121694512635, -29.424082577202952 ], [ -60.15294369453197, -29.424081577201274 ], [ -60.152806694546747, -29.424085577199733 ] ] ] } },
{ "type": "Feature", "properties": { "Nombre": "Canal a Sanear", "Estado": "Sin Ejecutar", "Obra": "Alcantarilla Arroyo el Tigre Caraguatay", "Datos": null, "Tipo": "Canal", "Region": "Región 1", "Código": "6118", "Cuenca": "10- Los Saladillos", "Localidad": "Vera", "Resp.": null, "C Cuenca": null, "Direccion": "Direccion General de Obras por Terceros - MOP", "Dpto": "Vera", "Long (Km.)": 0.13 }, "geometry": { "type": "MultiLineString", "coordinates": [ [ [ -60.153656894459189, -29.423724377227817 ], [ -60.153508694474525, -29.42377957722335 ], [ -60.153424994483395, -29.42379657722163 ], [ -60.153334494493457, -29.423776277221855 ], [ -60.153207694508367, -29.423686577225499 ], [ -60.153080694522906, -29.423625577227607 ], [ -60.153025694528871, -29.423627577226934 ], [ -60.152977694533632, -29.42366257722459 ], [ -60.152922694538844, -29.423720577220834 ], [ -60.152876694542833, -29.423798577216136 ], [ -60.152884694540845, -29.42388657721137 ], [ -60.152913694537006, -29.423941577208634 ], [ -60.152923694534763, -29.424029577203946 ], [ -60.152910694535912, -29.424051577202608 ], [ -60.152816694545727, -29.424083577199948 ] ] ] } },
{ "type": "Feature", "properties": { "Nombre": "Desvío Provisorio", "Estado": "Finalizado", "Obra": "Alcantarilla Arroyo el Tigre Caraguatay", "Datos": null, "Tipo": "Desvio Provisorio", "Region": "Región 1", "Código": "6118", "Cuenca": "10- Los Saladillos", "Localidad": "Vera", "Resp.": null, "C Cuenca": null, "Direccion": "Direccion General de Obras por Terceros - MOP", "Dpto": "Vera", "Long (Km.)": 0.09 }, "geometry": { "type": "MultiLineString", "coordinates": [ [ [ -60.153455294476501, -29.424077777206488 ], [ -60.153347994488101, -29.424082477205211 ], [ -60.152835694548109, -29.423735577219173 ], [ -60.152802194553317, -29.42361287722559 ] ] ] } },
{ "type": "Feature", "properties": { "Nombre": "Nuevo Canal", "Estado": "Finalizado", "Obra": "Alcantarilla Arroyo el Tigre Caraguatay", "Datos": null, "Tipo": "Canal", "Region": "Región 1", "Código": "6118", "Cuenca": "10- Los Saladillos", "Localidad": "Vera", "Resp.": null, "C Cuenca": null, "Direccion": "Direccion General de Obras por Terceros - MOP", "Dpto": "Vera", "Long (Km.)": 0.01 }, "geometry": { "type": "MultiLineString", "coordinates": [ [ [ -60.153399994484303, -29.423939377213586 ], [ -60.153299394494134, -29.424022277208007 ] ] ] } },
{ "type": "Feature", "properties": { "Nombre": "Nuevo Canal", "Estado": "Sin Ejecutar", "Obra": "Alcantarilla Arroyo el Tigre Caraguatay", "Datos": null, "Tipo": "Canal", "Region": "Región 1", "Código": "6118", "Cuenca": "1- Bajos submeridionales", "Localidad": "Vera", "Resp.": null, "C Cuenca": null, "Direccion": "Direccion General de Obras por Terceros - MOP", "Dpto": "Vera", "Long (Km.)": 0.03 }, "geometry": { "type": "MultiLineString", "coordinates": [ [ [ -60.153399994484303, -29.423939377213586 ], [ -60.153656894459189, -29.423724377227817 ] ] ] } },
{ "type": "Feature", "properties": { "Nombre": "Desvío Provisorio", "Estado": "En Ejecucion", "Obra": "Alcantarillas Trasnversal Canal San Carlos RP 39", "Datos": null, "Tipo": "Desvio Provisorio", "Region": "Región 3", "Código": "6119", "Cuenca": "8- Río Salado", "Localidad": "Villa Trinidad", "Resp.": null, "C Cuenca": null, "Direccion": "Direccion General de Obras por Terceros - MOP", "Dpto": "San Cristobal", "Long (Km.)": 0.14 }, "geometry": { "type": "MultiLineString", "coordinates": [ [ [ -61.828830801601292, -30.213990352454381 ], [ -61.828849601599821, -30.21395095245671 ], [ -61.829249201559655, -30.213737752472557 ], [ -61.829606001521825, -30.213677452479832 ], [ -61.830206801455581, -30.213742352483226 ] ] ] } },
{ "type": "Feature", "properties": { "Nombre": "Desague pluvial", "Estado": "Sin Ejecutar", "Obra": "Desague Troncal Hohenfels Esperanza", "Datos": null, "Tipo": "Desagüe", "Region": "Región 3", "Código": "6120", "Cuenca": "8- Río Salado", "Localidad": "Esperanza", "Resp.": null, "C Cuenca": null, "Direccion": "Direccion General de Obras por Terceros - MOP", "Dpto": null, "Long (Km.)": 1.05 }, "geometry": { "type": "MultiLineString", "coordinates": [ [ [ -60.93545, -31.435006600000282 ], [ -60.939386, -31.434091000000269 ], [ -60.940577, -31.437927000000318 ], [ -60.940986, -31.438999000000308 ], [ -60.941234, -31.439815000000294 ] ] ] } },
{ "type": "Feature", "properties": { "Nombre": "Desagüe", "Estado": "En Ejecucion", "Obra": "Desague Troncal Hohenfels Esperanza", "Datos": null, "Tipo": "Desagüe", "Region": "Región 3", "Código": "6120", "Cuenca": "8- Río Salado", "Localidad": "Esperanza", "Resp.": null, "C Cuenca": null, "Direccion": "Direccion General de Obras por Terceros - MOP", "Dpto": null, "Long (Km.)": 0.09 }, "geometry": { "type": "MultiLineString", "coordinates": [ [ [ -60.93449, -31.435229000000298 ], [ -60.93545, -31.435006600000282 ] ] ] } },
{ "type": "Feature", "properties": { "Nombre": "Rectificación del Arroyo las Estacas", "Estado": "Sin Ejecutar", "Obra": "Alcantarillas A las Estacas y Canal Lassaga", "Datos": null, "Tipo": "Canal", "Region": "Región 4", "Código": "6121", "Cuenca": "13- Cañada Carrizales", "Localidad": null, "Resp.": null, "C Cuenca": null, "Direccion": "Direccion General de Obras por Terceros - MOP", "Dpto": "San Jerónimo", "Long (Km.)": 0.06 }, "geometry": { "type": "MultiLineString", "coordinates": [ [ [ -61.232997832998493, -32.393873034094987 ], [ -61.232437233065617, -32.393583134102769 ] ] ] } },
{ "type": "Feature", "properties": { "Nombre": "DEFENSA SAN JAVIER", "Estado": "Sin Ejecutar", "Obra": "Defensas San Javier", "Datos": null, "Tipo": "Defensas", "Region": "Región 1", "Código": "1111", "Cuenca": "5- Río Parana", "Localidad": "San Javier", "Resp.": null, "C Cuenca": null, "Direccion": "Direccion General de Obras por Terceros - MOP", "Dpto": "San Javier", "Long (Km.)": 0.73 }, "geometry": { "type": "MultiLineString", "coordinates": [ [ [ -59.923148704586389, -30.57645451289995 ], [ -59.923150704586064, -30.576463512899501 ], [ -59.923181704581914, -30.576520512896789 ], [ -59.923185704581421, -30.576522512896727 ], [ -59.92321570457775, -30.57655251289545 ], [ -59.923216704577563, -30.57655751289516 ], [ -59.923232704575547, -30.576576512894317 ], [ -59.923233704575416, -30.576577512894282 ], [ -59.923242704573831, -30.576622512892012 ], [ -59.923243704573657, -30.576628512891688 ], [ -59.923243704573608, -30.576631512891534 ], [ -59.923241704573243, -30.576676512889129 ], [ -59.923241704573208, -30.576678512889039 ], [ -59.923241704572874, -30.576703512887708 ], [ -59.923166704576076, -30.577081512866979 ], [ -59.923126704576198, -30.577404512849462 ], [ -59.923126704573313, -30.577621512838025 ], [ -59.923133704569906, -30.577819512827606 ], [ -59.923235704552575, -30.5782815128042 ], [ -59.923292704543584, -30.578486512793909 ], [ -59.923292704543435, -30.578495512793417 ], [ -59.923397704528675, -30.578740512781518 ], [ -59.923401704527997, -30.57875751278068 ], [ -59.923410704526916, -30.578765512780333 ], [ -59.923464704518189, -30.57897551276978 ], [ -59.923522704509537, -30.579146512761266 ], [ -59.923593704499233, -30.579334512752073 ], [ -59.923633704493383, -30.579445512746577 ], [ -59.92363670449285, -30.579459512745874 ], [ -59.92364070449014, -30.579631512736821 ], [ -59.923640704489991, -30.579641512736302 ], [ -59.923633704487749, -30.579868512724193 ], [ -59.923628704488088, -30.579884512723346 ], [ -59.923578704491135, -30.580068512713087 ], [ -59.923577704491088, -30.580077512712595 ], [ -59.923554704492311, -30.580178512707032 ], [ -59.923561704490773, -30.580236512704044 ], [ -59.923616704482832, -30.580377512697133 ], [ -59.923626704481578, -30.580389512696595 ], [ -59.923628704481303, -30.58039551269631 ], [ -59.923644704477994, -30.580512512690294 ], [ -59.9236927044713, -30.58061851268516 ], [ -59.923723704467008, -30.580685512681939 ], [ -59.923770704459869, -30.580834512674482 ], [ -59.923807704453857, -30.58097951266722 ], [ -59.92384570444748, -30.581147512658678 ], [ -59.923848704447046, -30.581154512658362 ], [ -59.923918704437348, -30.581304512651137 ], [ -59.923977704429262, -30.581425512645318 ], [ -59.923977704429198, -30.581431512645011 ], [ -59.924053704419755, -30.581512512641488 ], [ -59.924059704419108, -30.581512512641527 ], [ -59.924186704403994, -30.581600512638136 ], [ -59.924195704402926, -30.581605512637953 ], [ -59.924311704389517, -30.581655512636484 ], [ -59.924326704387781, -30.581663512636208 ], [ -59.924451704373901, -30.581673512636922 ], [ -59.924566704360821, -30.58170651263633 ], [ -59.924582704359061, -30.58170851263635 ], [ -59.924791704335753, -30.581734512637087 ], [ -59.925121704298903, -30.581781512637878 ], [ -59.925214704288258, -30.581813512637094 ], [ -59.925475404258457, -30.581900212635112 ] ] ] } },
{ "type": "Feature", "properties": { "Nombre": "Defensas Refulado", "Estado": "En Ejecucion", "Obra": "Defensas San Javier", "Datos": null, "Tipo": "Defensas", "Region": "Región 1", "Código": "1111", "Cuenca": "5- Río Parana", "Localidad": "San Javier", "Resp.": null, "C Cuenca": null, "Direccion": "Direccion General de Obras por Terceros - MOP", "Dpto": "San Javier", "Long (Km.)": 1.74 }, "geometry": { "type": "MultiLineString", "coordinates": [ [ [ -59.939117502639093, -30.590998212290074 ], [ -59.937624902805744, -30.590793912285939 ], [ -59.936439402941012, -30.590415212294186 ], [ -59.935447003059828, -30.589676412323321 ], [ -59.934181003210256, -30.588822012355891 ], [ -59.93262530338788, -30.58831411236724 ], [ -59.93188010347356, -30.588024912375115 ], [ -59.930598003623793, -30.587318312399709 ], [ -59.929664603731894, -30.586898112412602 ], [ -59.929149603793121, -30.586547112426 ], [ -59.928892103824303, -30.586330112434947 ], [ -59.928472303875878, -30.585918712452472 ], [ -59.928071303924, -30.585610512464825 ], [ -59.927542403988319, -30.585142212484321 ], [ -59.927401404005202, -30.585038212488389 ], [ -59.927263904021181, -30.584972012490518 ], [ -59.927034604047485, -30.584888912492602 ], [ -59.926941404058866, -30.584802212496271 ], [ -59.926935404059783, -30.584782212497288 ], [ -59.926839404072304, -30.584635212504111 ], [ -59.926818704075252, -30.584581812506716 ], [ -59.926772404081696, -30.584480212511608 ], [ -59.926725404089069, -30.584316212519866 ], [ -59.92662240410489, -30.583975212536824 ], [ -59.926550504115916, -30.583739012548598 ], [ -59.926472404127544, -30.583513212559776 ], [ -59.92646840412975, -30.583379212566808 ], [ -59.926438404134991, -30.58323121257434 ], [ -59.926333204150239, -30.582953912587971 ], [ -59.926282204157609, -30.582822312594399 ], [ -59.926222404165493, -30.582722212599077 ], [ -59.926135404177863, -30.582510212609453 ], [ -59.926031404191292, -30.582361212616306 ], [ -59.925797404219999, -30.582134212625981 ], [ -59.925475404258457, -30.581900212635112 ] ] ] } },
{ "type": "Feature", "properties": { "Nombre": "DEFENSA SAN JAVIER", "Estado": "Sin Ejecutar", "Obra": "Defensas San JavierDefensas San Javier", "Datos": null, "Tipo": "Defensas", "Region": "Región 1", "Código": "1111", "Cuenca": "5- Río Parana", "Localidad": "San Javier", "Resp.": null, "C Cuenca": null, "Direccion": "Direccion General de Obras por Terceros - MOP", "Dpto": "San Javier", "Long (Km.)": 0.41 }, "geometry": { "type": "MultiLineString", "coordinates": [ [ [ -59.943248602196178, -30.590187812374065 ], [ -59.941895602340921, -30.590477812345249 ], [ -59.940261302517214, -30.590716712316325 ], [ -59.939462702602462, -30.590901812298583 ], [ -59.939117502639093, -30.590998212290074 ] ] ] } },
{ "type": "Feature", "properties": { "Nombre": "DEFENSA SAN JAVIER", "Estado": "En Ejecucion", "Obra": "Defensas San Javier", "Datos": null, "Tipo": "Defensas", "Region": "Región 1", "Código": "1111", "Cuenca": "5- Río Parana", "Localidad": "San Javier", "Resp.": null, "C Cuenca": null, "Direccion": "Direccion General de Obras por Terceros - MOP", "Dpto": "San Javier", "Long (Km.)": 0.87 }, "geometry": { "type": "MultiLineString", "coordinates": [ [ [ -59.923147304586827, -30.576431812901134 ], [ -59.922978204608931, -30.576167412913446 ], [ -59.922731504644439, -30.575534612944431 ], [ -59.922570604666113, -30.5752344129587 ], [ -59.922452504681218, -30.575072812966098 ], [ -59.922436404686053, -30.574841812978146 ], [ -59.922260104709196, -30.574557412991428 ], [ -59.921861004758931, -30.574114513010876 ], [ -59.921445204810254, -30.573687313029332 ], [ -59.920871204882069, -30.573026813058569 ], [ -59.920364204942786, -30.572648113073548 ], [ -59.918897105113501, -30.57192291309735 ], [ -59.918092505208264, -30.571442613114741 ], [ -59.917320005298144, -30.571063813127086 ], [ -59.91715910531763, -30.57092531313279 ] ] ] } },
{ "type": "Feature", "properties": { "Nombre": "DEFENSA SAN JAVIER", "Estado": "Sin Ejecutar", "Obra": "Defensas San Javier", "Datos": null, "Tipo": "Defensas", "Region": "Región 1", "Código": "1111", "Cuenca": "5- Río Parana", "Localidad": "San Javier", "Resp.": null, "C Cuenca": null, "Direccion": "Direccion General de Obras por Terceros - MOP", "Dpto": "San Javier", "Long (Km.)": 1.8 }, "geometry": { "type": "MultiLineString", "coordinates": [ [ [ -59.91715910531763, -30.57092531313279 ], [ -59.917170005316763, -30.570901513134174 ], [ -59.917507905281802, -30.570737513146209 ], [ -59.935537803338875, -30.567958513472657 ] ] ] } }
]
}
