{
"type": "FeatureCollection",
"name": "Regiones",
"crs": { "type": "name", "properties": { "name": "urn:ogc:def:crs:OGC:1.3:CRS84" } },
"features": [
{ "type": "Feature", "properties": { "Area": 971.976, "Perim": 171.574, "Nombre": "Región 6" }, "geometry": { "type": "MultiPolygon", "coordinates": [ [ [ [ -61.568284051799999, -33.861559045100002 ], [ -61.560011265299998, -33.861677588200003 ], [ -61.552995657300002, -33.861777681500001 ], [ -61.529066012299999, -33.8616044535 ], [ -61.524799537200003, -33.8621759328 ], [ -61.510238603399998, -33.854010278700002 ], [ -61.496154491, -33.846869258300003 ], [ -61.494049055700003, -33.8458015016 ], [ -61.489995431200001, -33.842142576900002 ], [ -61.484891654, -33.8366701478 ], [ -61.477824056199999, -33.827129164399999 ], [ -61.468718190300002, -33.823402421300003 ], [ -61.4627819651, -33.818646923400003 ], [ -61.457253335099999, -33.816368894199996 ], [ -61.452848914199997, -33.813704191900001 ], [ -61.447706012099999, -33.811370280299997 ], [ -61.445406555300004, -33.807406565599997 ], [ -61.4437629548, -33.804499321900003 ], [ -61.441755938900002, -33.798935851800003 ], [ -61.439762639800001, -33.794170328299998 ], [ -61.436520815, -33.791015569300001 ], [ -61.434253578700002, -33.788913552799997 ], [ -61.432309582599999, -33.787073829299999 ], [ -61.429116997400001, -33.786844804499999 ], [ -61.426243208199999, -33.786612011599999 ], [ -61.4207618111, -33.782950592200002 ], [ -61.414669524499999, -33.780892232100001 ], [ -61.406974874699998, -33.778319746299999 ], [ -61.399573676300001, -33.777181446299998 ], [ -61.390491106900001, -33.765483756800002 ], [ -61.389273433100001, -33.7587516464 ], [ -61.386543722900001, -33.747373687200003 ], [ -61.384703613500001, -33.743515877199997 ], [ -61.381612911, -33.741735053799999 ], [ -61.373941346499997, -33.737612115399997 ], [ -61.367080139499997, -33.734717530799998 ], [ -61.360921045700003, -33.732474988200003 ], [ -61.355068881199998, -33.730888933800003 ], [ -61.349491403800002, -33.730188947400002 ], [ -61.344183433300003, -33.729522539 ], [ -61.342557918899999, -33.729999526900002 ], [ -61.328851395400001, -33.734392223599997 ], [ -61.321276503699998, -33.736371515400002 ], [ -61.3130250301, -33.739347802799998 ], [ -61.307335374499999, -33.741890975 ], [ -61.302455047800002, -33.745813936399998 ], [ -61.2976676611, -33.749330264599998 ], [ -61.295779993399996, -33.750428511800003 ], [ -61.291889652199998, -33.752691739200003 ], [ -61.282458804699999, -33.756255999700002 ], [ -61.276443014800002, -33.756978534600002 ], [ -61.2712969695, -33.763374976900003 ], [ -61.266781525500001, -33.7666438543 ], [ -61.261117871800003, -33.772207212300003 ], [ -61.259706023200003, -33.773923538399998 ], [ -61.258251472399998, -33.7786526473 ], [ -61.252958829, -33.781725386200002 ], [ -61.2480949013, -33.785290073699997 ], [ -61.239719588, -33.788889907799998 ], [ -61.232187392, -33.7953212436 ], [ -61.229476613499997, -33.797695387700003 ], [ -61.2252357534, -33.798861153399997 ], [ -61.221613808699999, -33.799329476700002 ], [ -61.2164185201, -33.798516001800003 ], [ -61.212570064200001, -33.796440981300002 ], [ -61.2086636764, -33.796479318300001 ], [ -61.203830029599999, -33.793709535799998 ], [ -61.2001417854, -33.790513215200001 ], [ -61.191259260499997, -33.783601205799997 ], [ -61.185896335899997, -33.780984074700001 ], [ -61.180703123599997, -33.7777720152 ], [ -61.175704019199998, -33.775744015599997 ], [ -61.170710161199999, -33.773240102300001 ], [ -61.166245074499997, -33.772127103800003 ], [ -61.161402133099998, -33.7684661 ], [ -61.152969629899999, -33.770895397300002 ], [ -61.1479529669, -33.771705553899999 ], [ -61.144734015300003, -33.769956246600003 ], [ -61.141828915700003, -33.76509033 ], [ -61.127512163200002, -33.756325875599998 ], [ -61.119658454, -33.752987196200003 ], [ -61.111108837899998, -33.750692154200003 ], [ -61.102086050600001, -33.752997070799999 ], [ -61.0957533395, -33.757501512099999 ], [ -61.0911818063, -33.760952193400001 ], [ -61.088213069, -33.764833391499998 ], [ -61.082218877400003, -33.768148012099999 ], [ -61.075336620100003, -33.771470086500003 ], [ -61.072882757800002, -33.7740120144 ], [ -61.0667593067, -33.7783914452 ], [ -61.066009506199997, -33.778937560700001 ], [ -61.069861974299997, -33.782492683500003 ], [ -61.0761528317, -33.7883749947 ], [ -61.088564588799997, -33.799937977799999 ], [ -61.101583736899997, -33.811957722 ], [ -61.101728765899999, -33.812091560600003 ], [ -61.113964165500001, -33.823508674700001 ], [ -61.126568846600001, -33.835228022599999 ], [ -61.141243316, -33.8490593334 ], [ -61.148792839199999, -33.856141396699996 ], [ -61.159041869699998, -33.865746733899996 ], [ -61.199912612699997, -33.903774354500001 ], [ -61.219023914200001, -33.921467547799999 ], [ -61.219631415599999, -33.921991323299999 ], [ -61.2283435115, -33.9301794374 ], [ -61.237681403099998, -33.938864710799997 ], [ -61.256431727600003, -33.9562866236 ], [ -61.275771261300001, -33.973152789300002 ], [ -61.3094820373, -34.011229890599999 ], [ -61.369466332400002, -34.061939582900003 ], [ -61.489952068800001, -34.1731039585 ], [ -61.529158365800001, -34.209467705400002 ], [ -61.533242979, -34.2131490262 ], [ -61.535259908, -34.215090954799997 ], [ -61.539706734699998, -34.219188517399999 ], [ -61.5914945456, -34.2665954064 ], [ -61.595968298899997, -34.270696067099998 ], [ -61.598442674399998, -34.269547990900001 ], [ -61.603970102799998, -34.267403520599999 ], [ -61.610325797800002, -34.268435981 ], [ -61.614771213399997, -34.269971506300003 ], [ -61.6209383116, -34.271165298200003 ], [ -61.6306882178, -34.2689636988 ], [ -61.6349451297, -34.270660396 ], [ -61.6373073205, -34.2736574917 ], [ -61.641570793, -34.275672667599999 ], [ -61.643652906200003, -34.279311792599998 ], [ -61.643712200800003, -34.281225165199999 ], [ -61.643830709, -34.285048862799997 ], [ -61.643924493599997, -34.288074432099997 ], [ -61.641868345799999, -34.290971234200001 ], [ -61.638672382499998, -34.294520862200002 ], [ -61.636653002599999, -34.299329903900002 ], [ -61.634605606599997, -34.302704674300003 ], [ -61.635212592, -34.304290584900002 ], [ -61.637386837800001, -34.307449559699997 ], [ -61.639685132499999, -34.311114884299997 ], [ -61.647728704199999, -34.3184836163 ], [ -61.650656671, -34.321160771300001 ], [ -61.669679942499997, -34.338619645900003 ], [ -61.721651760199997, -34.386204734300001 ], [ -61.767373433, -34.385959853700001 ], [ -61.7901624446, -34.385815332299998 ], [ -61.790491161799999, -34.3858132254 ], [ -61.795745818, -34.385779269700002 ], [ -61.817807954400003, -34.385634240100003 ], [ -61.817695791399998, -34.385545235099997 ], [ -61.858352353800001, -34.3855557666 ], [ -61.996380829, -34.385490672700001 ], [ -62.067435774800003, -34.385439731200002 ], [ -62.068046479499998, -34.387617126199999 ], [ -62.078006939399998, -34.385586584899997 ], [ -62.088237080900001, -34.385776829100003 ], [ -62.096111357700003, -34.385922703600002 ], [ -62.105082405700003, -34.385932568299999 ], [ -62.108704094899998, -34.385936364199999 ], [ -62.108709490199999, -34.3859363698 ], [ -62.114172760800002, -34.385941892600002 ], [ -62.1317543364, -34.385857272800003 ], [ -62.147660955399999, -34.385799454199997 ], [ -62.152283827, -34.385821391900002 ], [ -62.172385180900001, -34.385914749 ], [ -62.197393309, -34.385840141199999 ], [ -62.224683927199997, -34.385718377700002 ], [ -62.253940091700002, -34.385518442600002 ], [ -62.280765474799999, -34.385739059 ], [ -62.297096374900001, -34.385774988900003 ], [ -62.313827081299998, -34.385595335600001 ], [ -62.363179510899997, -34.385915803300001 ], [ -62.385553705200003, -34.385569384199997 ], [ -62.396945264800003, -34.385836628699998 ], [ -62.416281264799998, -34.385968094799999 ], [ -62.430779020300001, -34.385783622799998 ], [ -62.475530184, -34.386101002799997 ], [ -62.535789364700001, -34.385943143699997 ], [ -62.556030934299997, -34.386026836299997 ], [ -62.601080633899997, -34.386060966400002 ], [ -62.736460414699998, -34.386120120900003 ], [ -62.883947021499999, -34.3863967952 ], [ -62.876034623499997, -34.377365861900003 ], [ -62.854067146600002, -34.347257271499998 ], [ -62.827991066400003, -34.312445717 ], [ -62.800846087099998, -34.278789773299998 ], [ -62.776660915599997, -34.247007049499999 ], [ -62.758871915199997, -34.223538545 ], [ -62.7465506319, -34.207576573700003 ], [ -62.725072140400002, -34.1797329065 ], [ -62.719750828800002, -34.172693389800003 ], [ -62.7107737929, -34.161071109600002 ], [ -62.703069432100001, -34.150394902 ], [ -62.678877149599998, -34.119756968099999 ], [ -62.655201325900002, -34.089123304899999 ], [ -62.640972329900002, -34.070129323400003 ], [ -62.582268066600001, -33.993232300099997 ], [ -62.58220632, -33.993151138400002 ], [ -62.544104300400001, -33.943146643799999 ], [ -62.539307605300003, -33.9369766871 ], [ -62.5311646623, -33.925746620600002 ], [ -62.522813435300002, -33.9148889891 ], [ -62.5140509358, -33.903304630599997 ], [ -62.501038508699999, -33.886137744499997 ], [ -62.490982154299999, -33.872904784900001 ], [ -62.481165691299999, -33.860011151599998 ], [ -62.4708351751, -33.846710489499998 ], [ -62.470155263499997, -33.845923376499996 ], [ -62.464460676900003, -33.838242445399999 ], [ -62.461986337799999, -33.835605680500002 ], [ -62.456361951200002, -33.828183294600002 ], [ -62.447632005400003, -33.8168660551 ], [ -62.439137253399998, -33.805508861900002 ], [ -62.426674517599999, -33.789174948599999 ], [ -62.411706676900003, -33.769372283300001 ], [ -62.402979783799999, -33.757783493700003 ], [ -62.394328691600002, -33.746819639900004 ], [ -62.385836493, -33.735380133200003 ], [ -62.346978745599998, -33.684376097 ], [ -62.328859468600001, -33.660312062 ], [ -62.314065809299997, -33.640785573400002 ], [ -62.3080080358, -33.632841144399997 ], [ -62.302208189399998, -33.6249629629 ], [ -62.293181785900003, -33.613035222599997 ], [ -62.287710047600001, -33.605745774600003 ], [ -62.280992667900001, -33.596951044800001 ], [ -62.2721341357, -33.585330611800003 ], [ -62.263943128299999, -33.574265355800001 ], [ -62.258154038100002, -33.566679840900001 ], [ -62.236836308100003, -33.538576225299998 ], [ -62.208902651400003, -33.501312814499997 ], [ -62.208696566100002, -33.501039598299997 ], [ -62.166819608200001, -33.445596727500003 ], [ -62.155814072699997, -33.430833662200001 ], [ -62.152929519, -33.437317677300001 ], [ -62.157492829500001, -33.446450285200001 ], [ -62.160304632500001, -33.454885979 ], [ -62.161424512700002, -33.465048040600003 ], [ -62.164183158, -33.471302766100003 ], [ -62.166948257400001, -33.477799720699998 ], [ -62.167641274399998, -33.482393533200003 ], [ -62.166014884799999, -33.4867854986 ], [ -62.162376014700001, -33.4916974287 ], [ -62.160243032099999, -33.499007176900001 ], [ -62.1597789745, -33.503621202399998 ], [ -62.160514069400001, -33.509911228599996 ], [ -62.159188197, -33.514782697400001 ], [ -62.151214440300002, -33.520012253700003 ], [ -62.1483994, -33.523212560200001 ], [ -62.143842266699998, -33.526200568100002 ], [ -62.140731454899999, -33.529163411699997 ], [ -62.137939604499998, -33.533332761200001 ], [ -62.131326359900001, -33.535143728199998 ], [ -62.122179, -33.5323478818 ], [ -62.115866729899999, -33.530318143199999 ], [ -62.108502352800002, -33.529462680100004 ], [ -62.106731806799999, -33.528997473899999 ], [ -62.102608094700003, -33.528361693100003 ], [ -62.0994562765, -33.5274323521 ], [ -62.096365130199999, -33.529013584 ], [ -62.090507815499997, -33.529440242500002 ], [ -62.089209681900002, -33.529680564 ], [ -62.085664304200002, -33.528648306599997 ], [ -62.082272899800003, -33.5285961915 ], [ -62.078626043900002, -33.528766680700002 ], [ -62.072479275399999, -33.527996099900001 ], [ -62.066567297600002, -33.526129248099998 ], [ -62.060921408200002, -33.524476087799997 ], [ -62.054368564199997, -33.523056126299998 ], [ -62.049392758499998, -33.522155744099997 ], [ -62.040886833099997, -33.519890124600003 ], [ -62.034630166, -33.517998809 ], [ -62.031440266700002, -33.51830179 ], [ -62.026500574700002, -33.518928761200002 ], [ -62.022731223100003, -33.519427217400001 ], [ -62.013518308899997, -33.521324672200002 ], [ -62.009558809, -33.524883589700003 ], [ -62.004972469800002, -33.529544598599998 ], [ -62.000293462599998, -33.541523743 ], [ -61.998536594900003, -33.550179388300002 ], [ -61.999828249499998, -33.555291195300001 ], [ -62.008400330100002, -33.564980866900001 ], [ -62.011869203099998, -33.568309877 ], [ -62.0165588343, -33.570609081299999 ], [ -62.018645126899997, -33.571631837699996 ], [ -62.021014589399996, -33.574494721199997 ], [ -62.021870899900001, -33.577647670099999 ], [ -62.021745026700003, -33.583437579700004 ], [ -62.017237768500003, -33.591592314899998 ], [ -62.007367446799996, -33.593609379299998 ], [ -62.0045431952, -33.595620873199998 ], [ -62.001654718099999, -33.606151330899998 ], [ -61.999753179899997, -33.615947517800002 ], [ -61.997904772600002, -33.615261883599999 ], [ -61.995436347499997, -33.6141773624 ], [ -61.992702567, -33.6121771177 ], [ -61.986899518400001, -33.609510646399997 ], [ -61.9820901107, -33.607543490399998 ], [ -61.976045788, -33.604982578200001 ], [ -61.968149531500003, -33.601993265 ], [ -61.962999858700002, -33.600692779500001 ], [ -61.958970301500003, -33.600756671600003 ], [ -61.955673381700002, -33.600808849400003 ], [ -61.952483099299997, -33.60108228 ], [ -61.947779983499998, -33.602875553600001 ], [ -61.945853746399997, -33.60413249 ], [ -61.942660423, -33.606000086800002 ], [ -61.936366514299998, -33.60708483 ], [ -61.9284524909, -33.606392552800003 ], [ -61.924920479599997, -33.606083423199998 ], [ -61.9073292956, -33.603406133100002 ], [ -61.897122110399998, -33.602986541500002 ], [ -61.882958849700003, -33.602402919799999 ], [ -61.876107452200003, -33.60275659 ], [ -61.867840143499997, -33.603182841500001 ], [ -61.8564801339, -33.605047033799998 ], [ -61.849149802100001, -33.606217042600001 ], [ -61.845623550600003, -33.607633606900002 ], [ -61.842431360299997, -33.609014203800001 ], [ -61.841567531099997, -33.610032418 ], [ -61.840238387200003, -33.611599051600002 ], [ -61.839184807199999, -33.617982824899997 ], [ -61.838940149400003, -33.6232600417 ], [ -61.840692015199998, -33.627725626100002 ], [ -61.8421784843, -33.633151036199997 ], [ -61.845066407499999, -33.639989073499997 ], [ -61.852120211799999, -33.644456023099998 ], [ -61.856455003100002, -33.646878510599997 ], [ -61.858058824899999, -33.649540928299999 ], [ -61.858012581799997, -33.652924644400002 ], [ -61.859479692299999, -33.656689063199998 ], [ -61.865423780699999, -33.662046980500001 ], [ -61.871019622799999, -33.667123157399999 ], [ -61.872514990799999, -33.672834697 ], [ -61.872305155500001, -33.675593968599998 ], [ -61.870270566400002, -33.680036429799998 ], [ -61.868440978599999, -33.6840104666 ], [ -61.865613400500003, -33.686701166299997 ], [ -61.861971814199997, -33.692777009899999 ], [ -61.862494087499996, -33.701083700300003 ], [ -61.865086574099998, -33.709932543 ], [ -61.869388334699998, -33.718468734399998 ], [ -61.872923992600001, -33.723289179200002 ], [ -61.875119158, -33.729563414899999 ], [ -61.874916991299997, -33.7355525336 ], [ -61.873634610099998, -33.740194108499999 ], [ -61.869368667300002, -33.743298112700003 ], [ -61.865481660500002, -33.7440447898 ], [ -61.855226139800003, -33.745919614899996 ], [ -61.845993298400003, -33.747491594499998 ], [ -61.8388799449, -33.751898410700001 ], [ -61.834192424900003, -33.7591586084 ], [ -61.829945097699998, -33.762989646299999 ], [ -61.823501081300002, -33.764785661399998 ], [ -61.814106059700002, -33.766958978300003 ], [ -61.806446975500002, -33.769099527199998 ], [ -61.800178112399998, -33.770851110800002 ], [ -61.785393416300003, -33.777551997099998 ], [ -61.7801462352, -33.781570328500003 ], [ -61.77505309, -33.786208887199997 ], [ -61.772372173500003, -33.7883344229 ], [ -61.762838868800003, -33.793361770499999 ], [ -61.759291466199997, -33.794056200299998 ], [ -61.753710761699999, -33.795148436200002 ], [ -61.746650684599999, -33.796431864200002 ], [ -61.741290623700003, -33.797690901400003 ], [ -61.738202209199997, -33.799154362700001 ], [ -61.733681136599998, -33.801458545499997 ], [ -61.729758702399998, -33.806845862899998 ], [ -61.7284019461, -33.809862447299999 ], [ -61.723328919, -33.811353346 ], [ -61.718233628299998, -33.811739982500001 ], [ -61.714648311700003, -33.812026538600001 ], [ -61.710115071499999, -33.812168373699997 ], [ -61.705871499300002, -33.812621569299999 ], [ -61.703791456600001, -33.812936241199999 ], [ -61.699558743799997, -33.813576457499998 ], [ -61.693058430500002, -33.814612483600001 ], [ -61.682046040199999, -33.816893059400002 ], [ -61.677842453, -33.817579857 ], [ -61.675842522899998, -33.818634090300002 ], [ -61.673508071299999, -33.820085707399997 ], [ -61.672493295099997, -33.821361619299999 ], [ -61.671207461100003, -33.823195910099997 ], [ -61.668962610500003, -33.824256237699998 ], [ -61.666054731499997, -33.825629640199999 ], [ -61.662962441099999, -33.827012416700001 ], [ -61.660461423299999, -33.829649299 ], [ -61.6592573446, -33.830927654699998 ], [ -61.658463221799998, -33.833857048299997 ], [ -61.653606844899997, -33.836919880499998 ], [ -61.650725705399999, -33.839482785500003 ], [ -61.646236188099998, -33.841988232200002 ], [ -61.641809776400002, -33.847805809900002 ], [ -61.643004396599999, -33.850945252099997 ], [ -61.643136678099999, -33.852915588599998 ], [ -61.642344849, -33.8560026185 ], [ -61.641357869799997, -33.858776706500002 ], [ -61.640681587099998, -33.8629665606 ], [ -61.639710769200001, -33.865234685399997 ], [ -61.637458706300002, -33.867505813599998 ], [ -61.627842560799998, -33.869053142 ], [ -61.623694654399998, -33.8697389445 ], [ -61.620667785400002, -33.869699910900003 ], [ -61.617261255700001, -33.869586902499996 ], [ -61.615001132899998, -33.870089852500001 ], [ -61.6105178818, -33.871467213700001 ], [ -61.60818612, -33.871013188100001 ], [ -61.604499498499997, -33.870576768600003 ], [ -61.601172881099998, -33.868682110800002 ], [ -61.596863640400002, -33.865992625499999 ], [ -61.5910033555, -33.863161524699997 ], [ -61.586174467200003, -33.861468081200002 ], [ -61.582558906700001, -33.861270251100002 ], [ -61.576425286099997, -33.861823409 ], [ -61.574096436300003, -33.862925971 ], [ -61.568284051799999, -33.861559045100002 ] ], [ [ -61.496902208599998, -34.1481515077 ], [ -61.496608107, -34.1455890465 ], [ -61.497113937599998, -34.149996156100002 ], [ -61.496902208599998, -34.1481515077 ] ], [ [ -61.495032212799998, -34.141443006800003 ], [ -61.493235272600003, -34.138796651500002 ], [ -61.495871909199998, -34.142679560300003 ], [ -61.495032212799998, -34.141443006800003 ] ], [ [ -61.481880098600001, -34.129612858500003 ], [ -61.480983514899997, -34.128410100099998 ], [ -61.482298250500001, -34.130173790900002 ], [ -61.481880098600001, -34.129612858500003 ] ], [ [ -61.469657015599999, -34.105936029 ], [ -61.468590266600003, -34.104712804 ], [ -61.470249053499998, -34.106614889900001 ], [ -61.469657015599999, -34.105936029 ] ], [ [ -62.130935872, -34.262642726199999 ], [ -62.127889928800002, -34.258742223100001 ], [ -62.125831872600003, -34.256106506899997 ], [ -62.130935872, -34.262642726199999 ] ] ] ] } },
{ "type": "Feature", "properties": { "Area": 532.46, "Perim": 127.666, "Nombre": "Región 5" }, "geometry": { "type": "MultiPolygon", "coordinates": [ [ [ [ -60.7528275142, -33.032839644100001 ], [ -60.746338585499998, -33.031548766299998 ], [ -60.737315367500003, -33.029474654099999 ], [ -60.734070119199998, -33.028338314800003 ], [ -60.732086346199999, -33.027643630699998 ], [ -60.719806514, -33.021142134500003 ], [ -60.719117972200003, -33.020659844400001 ], [ -60.714722381800001, -33.017580730900001 ], [ -60.708689835400001, -33.013891529299997 ], [ -60.702813619300002, -33.009935165 ], [ -60.698524746499999, -33.006900538899998 ], [ -60.695028979900002, -33.004260326199997 ], [ -60.688847463400002, -33.001501869099997 ], [ -60.6846962029, -33.000624187 ], [ -60.683943106900003, -33.000464946500003 ], [ -60.679363916600003, -33.000622925400002 ], [ -60.675894349499998, -33.001306705099999 ], [ -60.6734841058, -33.002775015899999 ], [ -60.67033835, -33.004520783899999 ], [ -60.666399681400001, -33.00587173 ], [ -60.662449995, -33.0057597781 ], [ -60.657867517299998, -33.005518026899999 ], [ -60.652332492100001, -33.004616177 ], [ -60.6501173495, -33.004095778699998 ], [ -60.645378951, -33.0041203663 ], [ -60.642690029699999, -33.003602284199999 ], [ -60.6366785759, -33.002303227799999 ], [ -60.633194304299998, -33.000991069900003 ], [ -60.630035511599999, -33.001007051899997 ], [ -60.624498220200003, -32.9997049941 ], [ -60.621331972500002, -32.998656898299998 ], [ -60.615954718, -32.997619649699999 ], [ -60.612953036199997, -32.997501429700002 ], [ -60.612008190300003, -32.9979050281 ], [ -60.610767611, -33.001235800700002 ], [ -60.609845590399999, -33.004963948799997 ], [ -60.609910424600002, -33.006028885799999 ], [ -60.610023662499998, -33.00788881 ], [ -60.610363395100002, -33.011344816799998 ], [ -60.611804301100001, -33.014130497 ], [ -60.6127695554, -33.016652526400001 ], [ -60.615170505499997, -33.021162286 ], [ -60.617449925700001, -33.023376097800003 ], [ -60.620193209, -33.02867768 ], [ -60.620225122, -33.033233396 ], [ -60.619615320900003, -33.036803479600003 ], [ -60.614885905599998, -33.036980015700003 ], [ -60.6094286927, -33.037159911800003 ], [ -60.604888482, -33.038407081800003 ], [ -60.600896087700001, -33.03995771 ], [ -60.598604765399998, -33.041505182 ], [ -60.596111302200001, -33.042761343599999 ], [ -60.592480550600001, -33.044022844099999 ], [ -60.590896715100001, -33.045274560800003 ], [ -60.586767193500002, -33.047005061500002 ], [ -60.5842392956, -33.0480072079 ], [ -60.582162383, -33.048778668799997 ], [ -60.579631347899998, -33.049323675399997 ], [ -60.575469948600002, -33.049723826700003 ], [ -60.574570210399997, -33.050565902400002 ], [ -60.573761461, -33.051483730199998 ], [ -60.573226701800003, -33.052781160499997 ], [ -60.572780507799997, -33.053773492 ], [ -60.573227759300003, -33.054680706399999 ], [ -60.574555681200003, -33.056446971299998 ], [ -60.576424680199999, -33.060426219599997 ], [ -60.574863607600001, -33.063313545699998 ], [ -60.573824753499999, -33.065533808200001 ], [ -60.574111084099997, -33.069077250799999 ], [ -60.576519769, -33.073796175699997 ], [ -60.5802297794, -33.077323722099997 ], [ -60.587119534400003, -33.083716331200002 ], [ -60.592160641100001, -33.089231169 ], [ -60.594568376, -33.094758364 ], [ -60.595668299700002, -33.101621053899997 ], [ -60.595984061800003, -33.109373647300004 ], [ -60.596543889400003, -33.114244987600003 ], [ -60.594483978100001, -33.121344284400003 ], [ -60.59207105, -33.1261561763 ], [ -60.589464890075028, -33.127766314582956 ], [ -60.589447599899998, -33.127764687800003 ], [ -60.5784829113, -33.129292399900002 ], [ -60.566630407200002, -33.129346867199999 ], [ -60.553021865700003, -33.129408013800003 ], [ -60.529783314200003, -33.126623541 ], [ -60.523267333900002, -33.126651076100003 ], [ -60.517094250900001, -33.126676847799999 ], [ -60.512638439, -33.127127782499997 ], [ -60.510072132799998, -33.128147521599999 ], [ -60.507865815599999, -33.129045739799999 ], [ -60.505714779500003, -33.13810949 ], [ -60.506495254, -33.146132331399997 ], [ -60.5087307059, -33.151679684599998 ], [ -60.510685053300001, -33.1544183233 ], [ -60.514129636299998, -33.157285276499998 ], [ -60.5166083294, -33.162419881 ], [ -60.517123425100003, -33.166739423499997 ], [ -60.5166819672, -33.174973002500003 ], [ -60.512821096800003, -33.184867069900001 ], [ -60.507480156500002, -33.193120702199998 ], [ -60.497229435100003, -33.199747465100003 ], [ -60.487456872199999, -33.204519373 ], [ -60.479865757200002, -33.205166255 ], [ -60.472161643600003, -33.205389989099999 ], [ -60.4674304742, -33.204737293500003 ], [ -60.460247602899997, -33.201903990200002 ], [ -60.456095733, -33.1960486073 ], [ -60.449283000299999, -33.195320745799997 ], [ -60.4404866235, -33.192040527499998 ], [ -60.434044540499997, -33.193718987799997 ], [ -60.427050791399999, -33.192538925500003 ], [ -60.419714680699997, -33.1946713046 ], [ -60.414602989199999, -33.197372008400002 ], [ -60.410896816799998, -33.197025206699998 ], [ -60.406831498700001, -33.197265786099997 ], [ -60.403277445900002, -33.198024497200002 ], [ -60.399599177699997, -33.199423926 ], [ -60.396187902699999, -33.198645971300003 ], [ -60.391385012400001, -33.199947507099999 ], [ -60.389207376400002, -33.201791964199998 ], [ -60.387685406700001, -33.203634342400001 ], [ -60.384850222300003, -33.205113244099998 ], [ -60.380698609200003, -33.205493538799999 ], [ -60.377410286200003, -33.203298400400001 ], [ -60.3741361959, -33.204410863299998 ], [ -60.369333428399997, -33.205895311900001 ], [ -60.365842836100001, -33.207559487799998 ], [ -60.361693286600001, -33.208490431500003 ], [ -60.351421348700001, -33.209071151099998 ], [ -60.347049342, -33.209083420500001 ], [ -60.3439910922, -33.209643200599999 ], [ -60.344968816700003, -33.213520486299998 ], [ -60.345522671600001, -33.215398750600002 ], [ -60.345532320099998, -33.217853643300003 ], [ -60.345289039699999, -33.220629429 ], [ -60.3423780818, -33.2237327924 ], [ -60.340482466399997, -33.226513102799998 ], [ -60.3366883841, -33.2314332415 ], [ -60.334414331700003, -33.235068366199997 ], [ -60.331475695800002, -33.241113262500001 ], [ -60.330561508899997, -33.2429935997 ], [ -60.330262013400002, -33.248939726800003 ], [ -60.327984554399997, -33.246768250099997 ], [ -60.323460411399999, -33.242015347900001 ], [ -60.319110796300002, -33.239223785500002 ], [ -60.315430020299999, -33.236710649199999 ], [ -60.312920699400003, -33.236034417299997 ], [ -60.308196981899997, -33.237210323900001 ], [ -60.305395282, -33.239410707300003 ], [ -60.301035844300003, -33.2425710471 ], [ -60.297293779, -33.246262779200002 ], [ -60.286640716599997, -33.250010355100002 ], [ -60.285438988099997, -33.251087135799999 ], [ -60.280861260800002, -33.2540927712 ], [ -60.2672344036, -33.261106177499997 ], [ -60.256409705499998, -33.266156368200001 ], [ -60.256034434, -33.269554734400003 ], [ -60.252309360600002, -33.275156357599997 ], [ -60.252628774, -33.275593632300001 ], [ -60.253740587800003, -33.274995298100002 ], [ -60.2566570742, -33.273335084099998 ], [ -60.258884419799998, -33.271695623600003 ], [ -60.260761997499998, -33.2708889751 ], [ -60.262909508, -33.269732344499999 ], [ -60.2650031875, -33.2686818237 ], [ -60.266742936299998, -33.266638516500002 ], [ -60.2673307958, -33.265728767 ], [ -60.268441863200003, -33.264960074 ], [ -60.269781587799997, -33.2643895052 ], [ -60.272062755599997, -33.263265516099999 ], [ -60.2730037213, -33.263591829 ], [ -60.273425122399999, -33.264259916 ], [ -60.273196947899997, -33.265294321900001 ], [ -60.272346225299998, -33.266074659300003 ], [ -60.270696994, -33.265822827800001 ], [ -60.269943225799999, -33.265228395900003 ], [ -60.269224133400002, -33.2655295251 ], [ -60.268904138800004, -33.265911832299999 ], [ -60.269227375500002, -33.266586211400003 ], [ -60.269982420200002, -33.266848747600001 ], [ -60.270485568700003, -33.266953323300001 ], [ -60.270990676499999, -33.267691908700002 ], [ -60.2711821762, -33.2686425148 ], [ -60.270870841600001, -33.269594217 ], [ -60.270244246300003, -33.270229596199997 ], [ -60.269425956, -33.269849788599998 ], [ -60.2694242074, -33.269280352400003 ], [ -60.268731350400003, -33.268806340099999 ], [ -60.268165500599999, -33.268754727199997 ], [ -60.267412216099999, -33.269073357499998 ], [ -60.265968005, -33.2695519671 ], [ -60.265280595900002, -33.270874301699997 ], [ -60.265534417600001, -33.271666279400002 ], [ -60.2661649044, -33.272298946699998 ], [ -60.266167148599997, -33.273038626599998 ], [ -60.265854463300002, -33.273567641699998 ], [ -60.265541294400002, -33.273938153300001 ], [ -60.2658568652, -33.274360155700002 ], [ -60.266110061200003, -33.274940794700001 ], [ -60.265419894899999, -33.275364946800003 ], [ -60.265043698900001, -33.275682757 ], [ -60.264919908700001, -33.2763170558 ], [ -60.265361045100001, -33.2766859571 ], [ -60.266052504199997, -33.2766844792 ], [ -60.266806019599997, -33.276418691400004 ], [ -60.267370951799997, -33.276153304799998 ], [ -60.267873828, -33.276152222199997 ], [ -60.268189579500003, -33.2766270527 ], [ -60.268505981399997, -33.277313219299998 ], [ -60.268508407600002, -33.278105732599997 ], [ -60.268132695699997, -33.278582054700003 ], [ -60.2680090721, -33.279269170500001 ], [ -60.267633675, -33.279851159400003 ], [ -60.2668171097, -33.280064253 ], [ -60.265873854299997, -33.279960604800003 ], [ -60.264932356700001, -33.280438125899998 ], [ -60.264619637899997, -33.280967137499999 ], [ -60.264746958800004, -33.281495211900001 ], [ -60.265125896100002, -33.282075584300003 ], [ -60.265692790599999, -33.282444215699996 ], [ -60.267015348599998, -33.283233899800003 ], [ -60.267771498499997, -33.283813453 ], [ -60.268970309499998, -33.285237396699998 ], [ -60.269726327, -33.2857641035 ], [ -60.2699160648, -33.286133533200001 ], [ -60.270356620199998, -33.286291079199998 ], [ -60.270548155, -33.287241683300003 ], [ -60.270863471600002, -33.287558003500003 ], [ -60.271870173700002, -33.287819978100003 ], [ -60.274199093500002, -33.288713048399998 ], [ -60.274828937800002, -33.289081498599998 ], [ -60.275207477099997, -33.289503336700001 ], [ -60.27583783, -33.290030284 ], [ -60.2760911381, -33.290610900600001 ], [ -60.276157170200001, -33.291614608300002 ], [ -60.2763140088, -33.293661622099997 ], [ -60.277434233699999, -33.296547949100002 ], [ -60.277407208600003, -33.297168330700003 ], [ -60.277697907700002, -33.297593431 ], [ -60.2785817882, -33.298077972199998 ], [ -60.279117313900002, -33.2986438955 ], [ -60.279943099199997, -33.299019099500001 ], [ -60.2805382624, -33.299662422399997 ], [ -60.280093792700001, -33.301287168899997 ], [ -60.280722986400001, -33.3039677342 ], [ -60.281837022, -33.304899365200001 ], [ -60.281915005199998, -33.305753055099999 ], [ -60.283418704699997, -33.306183047200001 ], [ -60.283292626, -33.307472662899997 ], [ -60.283683548900001, -33.3080561162 ], [ -60.2843614035, -33.308707615899998 ], [ -60.284309459500001, -33.309675812400002 ], [ -60.283781278799999, -33.310977617600003 ], [ -60.283336016600003, -33.3122232403 ], [ -60.282889020500001, -33.3133348832 ], [ -60.2830812837, -33.313631048 ], [ -60.283270797, -33.313894787300001 ], [ -60.283711344899999, -33.313999450600001 ], [ -60.283964090200001, -33.314368712899999 ], [ -60.284663298399998, -33.315171818800003 ], [ -60.284597422399997, -33.315740953700001 ], [ -60.285165993299998, -33.316532163200002 ], [ -60.286552303900002, -33.317374320900001 ], [ -60.287247028800003, -33.318270898 ], [ -60.287939335899999, -33.318427798099997 ], [ -60.288256393300003, -33.319219575699996 ], [ -60.288950453, -33.319904807699999 ], [ -60.289142614500001, -33.320961044100002 ], [ -60.289901686199997, -33.322280129100001 ], [ -60.290974019, -33.323228636899998 ], [ -60.293240827299996, -33.324015818900001 ], [ -60.293809175699998, -33.324701319799999 ], [ -60.294312684700003, -33.324805796200003 ], [ -60.294817973900003, -33.325438607499997 ], [ -60.295888970100002, -33.325964402300002 ], [ -60.296707680899999, -33.326279454199998 ], [ -60.2979682848, -33.327068948499999 ], [ -60.299983306800002, -33.327750942 ], [ -60.301495185199997, -33.328434124899999 ], [ -60.3024415585, -33.329277169599997 ], [ -60.303134894199999, -33.329698152100001 ], [ -60.303576827599997, -33.330172579500001 ], [ -60.304081113499997, -33.330488350400003 ], [ -60.304334543700001, -33.331016070300002 ], [ -60.305153700200002, -33.331436733 ], [ -60.306036687599999, -33.3321214033 ], [ -60.306479573899999, -33.332859987799999 ], [ -60.3079919093, -33.333648676899998 ], [ -60.308748952599998, -33.334280805699997 ], [ -60.309757612699997, -33.334912302500001 ], [ -60.310199233799999, -33.335281038399998 ], [ -60.311021838099997, -33.336652665300001 ], [ -60.3125362201, -33.337969713500001 ], [ -60.313418384899997, -33.338390162400003 ], [ -60.314745448799997, -33.340077493300001 ], [ -60.315504501600003, -33.341237914300002 ], [ -60.316013283300002, -33.342768805 ], [ -60.316583079300003, -33.343771198399999 ], [ -60.319359507599998, -33.346088781699997 ], [ -60.319740054, -33.346933144799998 ], [ -60.320560982300002, -33.347776370600002 ], [ -60.322139974499997, -33.349462968399997 ], [ -60.323211233, -33.349935689600002 ], [ -60.3238425065, -33.3505152173 ], [ -60.323719027800003, -33.351149545399998 ], [ -60.322966022099997, -33.351679844499998 ], [ -60.322086595899997, -33.352051965500003 ], [ -60.321586588700001, -33.352951436600002 ], [ -60.321526976400001, -33.353849766099998 ], [ -60.322158461900003, -33.354482135200001 ], [ -60.322789761599999, -33.355061667699999 ], [ -60.323106143, -33.3555365271 ], [ -60.324050081899998, -33.355586901099997 ], [ -60.325085702400003, -33.355410153299999 ], [ -60.325919845900003, -33.356453765099999 ], [ -60.326070099600003, -33.357377961899999 ], [ -60.326764364, -33.357957308400003 ], [ -60.327208348299997, -33.3589071472 ], [ -60.3260142735, -33.359280124500003 ], [ -60.324816851800001, -33.358754925 ], [ -60.324251368900001, -33.3589677382 ], [ -60.324191192699999, -33.359707568099999 ], [ -60.324822740099997, -33.3603399227 ], [ -60.325390000100001, -33.360602606199997 ], [ -60.324951917500002, -33.361237758599998 ], [ -60.324702787100001, -33.361925249199999 ], [ -60.3248309843, -33.362558918799998 ], [ -60.324517947, -33.362982407300002 ], [ -60.324457770599999, -33.363722236900003 ], [ -60.325152664699999, -33.364460091200002 ], [ -60.325158363699998, -33.365992254200002 ], [ -60.325789373100001, -33.366466103400001 ], [ -60.326293357200001, -33.366623280900001 ], [ -60.326669915, -33.366358122199998 ], [ -60.326922401300003, -33.366568792400003 ], [ -60.327015700099999, -33.367761966700002 ], [ -60.325923495200001, -33.368684766699999 ], [ -60.325107819800003, -33.369320909700001 ], [ -60.323977418200002, -33.370237047800003 ], [ -60.323265469699997, -33.371907437099999 ], [ -60.322153048600001, -33.372718899299997 ], [ -60.321787712700001, -33.3731048374 ], [ -60.321897517700002, -33.373887517100002 ], [ -60.323039074500002, -33.3767379887 ], [ -60.323500502199998, -33.377091679 ], [ -60.325267310599997, -33.378355068700003 ], [ -60.325777469499997, -33.380150073199999 ], [ -60.326408585099998, -33.380623917500003 ], [ -60.326348216500001, -33.381310912899998 ], [ -60.3262880443, -33.382050741100002 ], [ -60.325848285600003, -33.382263230699998 ], [ -60.325281866700003, -33.382264716400002 ], [ -60.324968761699999, -33.382688205100003 ], [ -60.325034253, -33.38337487 ], [ -60.325603436100003, -33.384113048099998 ], [ -60.326172628899997, -33.384851223399998 ], [ -60.3268071412, -33.386223226399999 ], [ -60.3272488968, -33.386539063699999 ], [ -60.328139563400001, -33.3890727211 ], [ -60.329084464600001, -33.389281553300002 ], [ -60.329525845200003, -33.389491716199998 ], [ -60.329339414099998, -33.390126213099997 ], [ -60.329152171600001, -33.390549456400002 ], [ -60.329153963800003, -33.391024953100001 ], [ -60.329783580499999, -33.391076115099999 ], [ -60.3303500564, -33.391074608499999 ], [ -60.33079285, -33.391654597500001 ], [ -60.330732308899996, -33.392288760600003 ], [ -60.329980391299998, -33.393188931300003 ], [ -60.330173216399999, -33.394245087800002 ], [ -60.331121183599997, -33.395246397699999 ], [ -60.331816186, -33.395931376199997 ], [ -60.332134529800001, -33.396881526500003 ], [ -60.333267959799997, -33.396984154599998 ], [ -60.3345759543, -33.396268773899997 ], [ -60.334779473899999, -33.397191419800002 ], [ -60.334277927599999, -33.397721106100001 ], [ -60.334405844199999, -33.398249095700002 ], [ -60.3348484988, -33.3987762362 ], [ -60.334913878199998, -33.399410060699999 ], [ -60.334412927199999, -33.400098246 ], [ -60.334164572299997, -33.400997082899998 ], [ -60.334607644499997, -33.401629889699997 ], [ -60.334425678300001, -33.4034267153 ], [ -60.333987449699997, -33.404061896100004 ], [ -60.334053635899998, -33.404907051800002 ], [ -60.334057275600003, -33.4058580425 ], [ -60.333492924600002, -33.4064407276 ], [ -60.3340034215, -33.4082356881 ], [ -60.334383575300002, -33.408868664099998 ], [ -60.335204419699998, -33.409500449100001 ], [ -60.3357748771, -33.410502739599998 ], [ -60.335525491799999, -33.411137414 ], [ -60.335339079299999, -33.411771809299999 ], [ -60.335718851800003, -33.4122991152 ], [ -60.3369160552, -33.412560036400002 ], [ -60.337734498899998, -33.412557811100001 ], [ -60.3383021378, -33.412820431 ], [ -60.338809899799998, -33.413875711 ], [ -60.339130440200002, -33.4153541668 ], [ -60.339950762599997, -33.415827421 ], [ -60.340831164199997, -33.415560839100003 ], [ -60.341334839, -33.415559454399997 ], [ -60.341526819199998, -33.416351424799998 ], [ -60.342539156, -33.417616631599998 ], [ -60.344123388100002, -33.420201075199998 ], [ -60.344754894099999, -33.420674820599999 ], [ -60.3449477526, -33.421678115299997 ], [ -60.345264871600001, -33.422258398300002 ], [ -60.345832805800001, -33.4225738154 ], [ -60.346087807700002, -33.423365601900002 ], [ -60.346719557299998, -33.4238921695 ], [ -60.347729951200002, -33.424629005600003 ], [ -60.348485752499997, -33.424679717799997 ], [ -60.349811214299997, -33.425468484299998 ], [ -60.35019071, -33.425890078800002 ], [ -60.350820377399998, -33.425888299500002 ], [ -60.3514525995, -33.426520507500001 ], [ -60.352147371800001, -33.427046868399998 ], [ -60.352840015, -33.4270449001 ], [ -60.3536600929, -33.427412396500003 ], [ -60.3540400447, -33.427939643899997 ], [ -60.354733554399999, -33.428148994899999 ], [ -60.355236655500001, -33.427989055700003 ], [ -60.355993568099997, -33.428303884400002 ], [ -60.358076949900003, -33.429618715099998 ], [ -60.358771569300004, -33.430092205699999 ], [ -60.360030963600003, -33.430088556500003 ], [ -60.360787255799998, -33.430244858199998 ], [ -60.361231327399999, -33.431036061900002 ], [ -60.361737960600003, -33.431721413 ], [ -60.362558559, -33.432194514599999 ], [ -60.363062548599999, -33.432245873399999 ], [ -60.364133500900003, -33.4323484 ], [ -60.365145245599997, -33.433349253599999 ], [ -60.365840819699997, -33.434034033499998 ], [ -60.367291635599997, -33.434610909 ], [ -60.367922256600004, -33.434820372 ], [ -60.368869311300003, -33.435398722199999 ], [ -60.369881594, -33.436505200799999 ], [ -60.3706417776, -33.437559591499998 ], [ -60.3712099026, -33.437874890300002 ], [ -60.371650729400002, -33.43787357 ], [ -60.372157237899998, -33.438506047099999 ], [ -60.372791061800001, -33.4394551372 ], [ -60.373798683799997, -33.439452104300003 ], [ -60.374367513199999, -33.439925885199997 ], [ -60.376703587400002, -33.441292468299999 ], [ -60.377838559700002, -33.441606013300003 ], [ -60.3787829985, -33.441550299200003 ], [ -60.379412777, -33.441548374 ], [ -60.380045780499998, -33.442286097 ], [ -60.380490319300002, -33.443130060800002 ], [ -60.382003898599997, -33.443600903899998 ], [ -60.382570712400003, -33.443599156600001 ], [ -60.382888858299999, -33.444337835600003 ], [ -60.3837080614, -33.444440969299997 ], [ -60.384592111400003, -33.444966559800001 ], [ -60.384973960499998, -33.445863534300003 ], [ -60.386363288299997, -33.446704539599999 ], [ -60.387183221599997, -33.446966146599998 ], [ -60.387311298299998, -33.447441242499998 ], [ -60.388255558200001, -33.447332623800001 ], [ -60.389265157399997, -33.447752121599997 ], [ -60.389393718900003, -33.448332879500001 ], [ -60.390029189700002, -33.449598874199999 ], [ -60.391859752499997, -33.450491261099998 ], [ -60.392871311299999, -33.451333385600002 ], [ -60.393442230300003, -33.452229733400003 ], [ -60.394012922199998, -33.453073246300001 ], [ -60.394834374699997, -33.453651794099997 ], [ -60.394838445200001, -33.454549938900001 ], [ -60.395976535800003, -33.455497299699999 ], [ -60.397302170899998, -33.456127052299998 ], [ -60.397871719400001, -33.456706386500002 ], [ -60.398253757500001, -33.457603317100002 ], [ -60.399392409699999, -33.4586563095 ], [ -60.399963929499997, -33.459658289300002 ], [ -60.401290143399997, -33.460393662100003 ], [ -60.402239404699998, -33.461341575 ], [ -60.402934516199998, -33.461814812199997 ], [ -60.403817878300003, -33.462128934299997 ], [ -60.408020119100001, -33.465401870599997 ], [ -60.410078871700001, -33.4674635286 ], [ -60.410647278699997, -33.469489345100001 ], [ -60.4115046617, -33.470716103400001 ], [ -60.412151262199998, -33.472930897700003 ], [ -60.411711110399999, -33.474629801 ], [ -60.411115845899999, -33.475540588400001 ], [ -60.411536774600002, -33.478328557300003 ], [ -60.412459328, -33.479164608200001 ], [ -60.413391406400002, -33.480756429899998 ], [ -60.4133350448, -33.483500991299998 ], [ -60.413519296700002, -33.484552901599997 ], [ -60.414693480399997, -33.485227159700003 ], [ -60.415526902400003, -33.485514772599998 ], [ -60.416008637799997, -33.486644570599999 ], [ -60.417045547, -33.488660572199997 ], [ -60.417011636, -33.490924505 ], [ -60.416639670899997, -33.4924121277 ], [ -60.417628232699997, -33.493462585400003 ], [ -60.417798823699997, -33.494388129599997 ], [ -60.41740131, -33.495664686200001 ], [ -60.417813126699997, -33.496380156900003 ], [ -60.416560198500001, -33.497208523799998 ], [ -60.416354612299997, -33.497760630499997 ], [ -60.417221264600002, -33.4987576746 ], [ -60.419074223099997, -33.4998428022 ], [ -60.419354417500003, -33.500549606200003 ], [ -60.418392226199998, -33.501646493499997 ], [ -60.418627295100002, -33.5026550312 ], [ -60.419386868499998, -33.503339282699997 ], [ -60.420871677199997, -33.504081236600001 ], [ -60.421267846900001, -33.504929282100001 ], [ -60.421255073499999, -33.5049806528 ], [ -60.421107598699997, -33.505573745299998 ], [ -60.421296221799999, -33.507189563 ], [ -60.4209224198, -33.508088982399997 ], [ -60.421493492800003, -33.508879525 ], [ -60.421938266200002, -33.509617662700002 ], [ -60.4220084739, -33.511096726700004 ], [ -60.421317984, -33.511680231699998 ], [ -60.421384341600003, -33.512366825199997 ], [ -60.4218278504, -33.512840805899998 ], [ -60.422402557600002, -33.514370982300001 ], [ -60.422343634699999, -33.515216498699999 ], [ -60.421906265499999, -33.516010472300003 ], [ -60.42071097, -33.516490027400003 ], [ -60.420148536500001, -33.517495748199998 ], [ -60.420090356, -33.518499757299999 ], [ -60.420221596499999, -33.519555977899998 ], [ -60.420728426300002, -33.520082579300002 ], [ -60.421613214399997, -33.5205550604 ], [ -60.422056766700003, -33.521029039399998 ], [ -60.421306493400003, -33.522299565499999 ], [ -60.420554408400001, -33.523200268 ], [ -60.420623327199998, -33.5244151733 ], [ -60.421072783, -33.526104274399998 ], [ -60.421643721199999, -33.526841981799997 ], [ -60.422654405700001, -33.527261193900003 ], [ -60.423539020100002, -33.527680828900003 ], [ -60.423984940099999, -33.528630281 ], [ -60.423610303399997, -33.529371212199997 ], [ -60.422668285599997, -33.530114079900002 ], [ -60.421601705800001, -33.531174357 ], [ -60.421290337099997, -33.5319678977 ], [ -60.421549175400003, -33.5333406508 ], [ -60.421301868400001, -33.534345301400002 ], [ -60.421054555700003, -33.535349951500002 ], [ -60.4190462547, -33.537258701299997 ], [ -60.418987286099998, -33.538104213300002 ], [ -60.418866032799997, -33.539108432 ], [ -60.418176318699999, -33.539903243300003 ], [ -60.417548371199999, -33.5404336824 ], [ -60.417427352200001, -33.541490730600003 ], [ -60.417051082599997, -33.541914654499998 ], [ -60.416362343099998, -33.542920780199999 ], [ -60.4156097774, -33.5437686203 ], [ -60.4144763615, -33.5440894113 ], [ -60.413913932100002, -33.545147932399999 ], [ -60.4146115478, -33.54599091 ], [ -60.416007832600002, -33.547888177399997 ], [ -60.417081791299999, -33.54830722 ], [ -60.4176503021, -33.548516631399998 ], [ -60.4177830231, -33.549889814099998 ], [ -60.417095499200002, -33.551160098300002 ], [ -60.417290511899999, -33.5523745753 ], [ -60.4181745944, -33.552635752 ], [ -60.418620077600004, -33.553479557 ], [ -60.418244552700003, -33.554061928499998 ], [ -60.4183106674, -33.554695687900001 ], [ -60.4184416262, -33.5556990511 ], [ -60.418510036699999, -33.556808289300001 ], [ -60.418390027699999, -33.558076659699999 ], [ -60.419465912100002, -33.558865496800003 ], [ -60.420478496800001, -33.559601707600002 ], [ -60.421242178500002, -33.5610255709 ], [ -60.4221922531, -33.561867643500001 ], [ -60.423138996600002, -33.562022906499998 ], [ -60.423903001699998, -33.563499583199999 ], [ -60.425295112599997, -33.564445780500002 ], [ -60.427820900599997, -33.565071058299999 ], [ -60.430280774700002, -33.565115364 ], [ -60.431413090699998, -33.564530273499997 ], [ -60.433937074100001, -33.564785610199998 ], [ -60.435515068299999, -33.565044227199998 ], [ -60.436775076300002, -33.564775629 ], [ -60.437472273300003, -33.565459979800004 ], [ -60.438358684400001, -33.566143656599998 ], [ -60.4404444774, -33.567034392 ], [ -60.441393190200003, -33.567559329799998 ], [ -60.442092869299998, -33.5687191305 ], [ -60.442729766500001, -33.5699319832 ], [ -60.443741865900002, -33.570509507499999 ], [ -60.444186878799997, -33.571194723200001 ], [ -60.445766376400002, -33.571717361600001 ], [ -60.445773164800002, -33.5730381288 ], [ -60.446539829099997, -33.574937304599999 ], [ -60.447745327200003, -33.576306571799996 ], [ -60.448823703599999, -33.577465005699999 ], [ -60.448576046500001, -33.578364041 ], [ -60.4500292731, -33.5788342496 ], [ -60.452050485, -33.579355199399998 ], [ -60.452933013399999, -33.5792463095 ], [ -60.453629625300003, -33.579772073900003 ], [ -60.454263167800001, -33.580298065900003 ], [ -60.455589467800003, -33.580610179899999 ], [ -60.456668194800002, -33.58182133 ], [ -60.457302606600003, -33.582505797400003 ], [ -60.4576227445, -33.583402750200001 ], [ -60.458068771299999, -33.584246404600002 ], [ -60.457884831199998, -33.585250884300002 ], [ -60.458206381799997, -33.5864119875 ], [ -60.4585265439, -33.5873089372 ], [ -60.458469888, -33.588524271499999 ], [ -60.457592851, -33.589689810599999 ], [ -60.457342742599998, -33.590113387099997 ], [ -60.456905047, -33.590854644700002 ], [ -60.456846974199998, -33.591805825599998 ], [ -60.457701518100002, -33.592904262399998 ], [ -60.457533115099999, -33.59352962 ], [ -60.457562086400003, -33.594531071600002 ], [ -60.4574526496, -33.595131419799998 ], [ -60.457472689500001, -33.59556271 ], [ -60.457748238800001, -33.5957914213 ], [ -60.457706355100001, -33.596082458 ], [ -60.458046050699998, -33.596497690500001 ], [ -60.458225410600001, -33.596824268200002 ], [ -60.458227219699999, -33.597166377900002 ], [ -60.4580697898, -33.597628074299998 ], [ -60.457786993699997, -33.597896864200003 ], [ -60.457115745300001, -33.598598478600003 ], [ -60.456959562100003, -33.599298162799997 ], [ -60.456731067200003, -33.599760119800003 ], [ -60.456697343400002, -33.600102360599998 ], [ -60.456858942, -33.600429005700001 ], [ -60.456791102499999, -33.601039115600003 ], [ -60.456634363699997, -33.601634678899998 ], [ -60.456816866399997, -33.602556231400001 ], [ -60.457037761800002, -33.602967488799997 ], [ -60.456873610599999, -33.603210504899998 ], [ -60.456999059300003, -33.603418286100002 ], [ -60.4575239459, -33.604387049899998 ], [ -60.4588510934, -33.605421706500003 ], [ -60.459294846100001, -33.606023682100002 ], [ -60.459177361199998, -33.606527136700002 ], [ -60.458818858800001, -33.606897347100002 ], [ -60.4586622068, -33.607568619200002 ], [ -60.4595456459, -33.608001289900002 ], [ -60.460467184300001, -33.608064932300003 ], [ -60.460742669699997, -33.608645741 ], [ -60.460479665500003, -33.6104123036 ], [ -60.459245862400003, -33.61189241 ], [ -60.458895335100003, -33.613771644700002 ], [ -60.458498878299999, -33.614544408900002 ], [ -60.458261391400001, -33.615081841299997 ], [ -60.458545680900002, -33.6158185472 ], [ -60.4585487, -33.616388622800002 ], [ -60.458154357799998, -33.617563791899997 ], [ -60.458442561299996, -33.619038242199998 ], [ -60.458685387599999, -33.619506825 ], [ -60.458649594699999, -33.620311785600002 ], [ -60.459013308899998, -33.620914057100002 ], [ -60.4588169321, -33.621652544500002 ], [ -60.4578204552, -33.622595202500001 ], [ -60.457422531699997, -33.623099692 ], [ -60.457907525800003, -33.623902684400001 ], [ -60.4583121971, -33.624672478400001 ], [ -60.458313972600003, -33.625007816500002 ], [ -60.4579571652, -33.625713362 ], [ -60.457561178500001, -33.626586723700001 ], [ -60.457405546300002, -33.627459195299998 ], [ -60.4580119536, -33.628496519 ], [ -60.459749357200003, -33.631273430900002 ], [ -60.460955508700003, -33.632073767199998 ], [ -60.461638360499997, -33.632406564199997 ], [ -60.462284021, -33.633276047199999 ], [ -60.462687879299999, -33.6338781563 ], [ -60.463052038500003, -33.634547481399999 ], [ -60.463734198899999, -33.634746131599996 ], [ -60.465097988099998, -33.635042819399999 ], [ -60.465580739400004, -33.635409881199998 ], [ -60.4662616472, -33.635373781200002 ], [ -60.466781755699998, -33.635237681500001 ], [ -60.467865114200002, -33.635535396900003 ], [ -60.468165977300004, -33.635693659700003 ], [ -60.468072856500001, -33.637158022500003 ], [ -60.469360363600003, -33.637616911199999 ], [ -60.471115747699997, -33.636912561899997 ], [ -60.472522919900001, -33.637429125200001 ], [ -60.473647491599998, -33.637927838400003 ], [ -60.475327832700003, -33.637485443800003 ], [ -60.4765294113, -33.6374137504 ], [ -60.478815894, -33.637907933299999 ], [ -60.480863874199997, -33.638738345 ], [ -60.481871675199997, -33.639841055200002 ], [ -60.482674117599998, -33.640039131499996 ], [ -60.483318734599997, -33.640673765899997 ], [ -60.485285671699998, -33.641336795800001 ], [ -60.485846605, -33.641334593 ], [ -60.486407538199998, -33.641332387699997 ], [ -60.487371027199998, -33.641663937 ], [ -60.487854098299998, -33.642064443899997 ], [ -60.488856151900002, -33.642127554799998 ], [ -60.489298216800002, -33.642360546500001 ], [ -60.489942899500001, -33.642995145599997 ], [ -60.491186131399999, -33.643191418900003 ], [ -60.492706021499998, -33.642715891400002 ], [ -60.493507366700001, -33.642712695599997 ], [ -60.494628674300003, -33.642607612200003 ], [ -60.495029922, -33.642706609299999 ], [ -60.495353340500003, -33.643208328500002 ], [ -60.495875371099999, -33.643407441800001 ], [ -60.496519532, -33.643941405500001 ], [ -60.497160809599997, -33.643972362900001 ], [ -60.497924993700003, -33.644472302099999 ], [ -60.499527327700001, -33.644398770400002 ], [ -60.500809697599998, -33.644427117100001 ], [ -60.501411884, -33.644625882200003 ], [ -60.502144410600003, -33.645321753399998 ], [ -60.503010602700002, -33.645670629100003 ], [ -60.505159913200004, -33.645661830199998 ], [ -60.506612892299998, -33.645895531400001 ], [ -60.508206807900002, -33.645647883400002 ], [ -60.509618086400003, -33.646052090200001 ], [ -60.512498974, -33.644554423199999 ], [ -60.5133857963, -33.644624952299999 ], [ -60.5142319538, -33.644271462699997 ], [ -60.517198978800003, -33.6445944297 ], [ -60.518919084899998, -33.644117743 ], [ -60.519602251, -33.644450216400003 ], [ -60.520484753600002, -33.644614175699999 ], [ -60.521449821600001, -33.645180191500003 ], [ -60.522615042, -33.645711819399999 ], [ -60.522900387, -33.646515434400001 ], [ -60.523070397600002, -33.648124357900002 ], [ -60.523273180300002, -33.648525910399997 ], [ -60.524114645200001, -33.648522346100002 ], [ -60.5248741387, -33.648217316299998 ], [ -60.525353548, -33.647980540600003 ], [ -60.526195007299997, -33.647976962199998 ], [ -60.527200424100002, -33.648576294800002 ], [ -60.528363881099999, -33.648806067499997 ], [ -60.529642625, -33.648230514700003 ], [ -60.530924565699998, -33.648191466599997 ], [ -60.531527257800001, -33.648457150600002 ], [ -60.532568449700001, -33.648352067399998 ], [ -60.5336094321, -33.648213442100001 ], [ -60.5341683344, -33.647875686699997 ], [ -60.535050483299997, -33.6479724748 ], [ -60.535852495100002, -33.648069604 ], [ -60.536890762100001, -33.647495018400001 ], [ -60.5385713708, -33.647118832899999 ], [ -60.540253012, -33.646910291 ], [ -60.541095507800001, -33.6470742777 ], [ -60.5417374516, -33.647205603300002 ], [ -60.542817, -33.646831992400003 ], [ -60.543617323, -33.6466608052 ], [ -60.544538482199997, -33.646589683199998 ], [ -60.546221368300003, -33.646582259799999 ], [ -60.546743109399998, -33.646714090400003 ], [ -60.547622286600003, -33.646341323599998 ], [ -60.548463726900003, -33.646337593799998 ], [ -60.548946039699999, -33.6465701925 ], [ -60.550548786900002, -33.646563066 ], [ -60.551668356599997, -33.646189199799998 ], [ -60.552828842300002, -33.645949277200003 ], [ -60.553471653, -33.646214674600003 ], [ -60.5567576997, -33.646266989200001 ], [ -60.5581600967, -33.646260666099998 ], [ -60.558476746899998, -33.645655621499998 ], [ -60.559156822200002, -33.645484877 ], [ -60.560398723299997, -33.645445676100003 ], [ -60.561557431799997, -33.6449374066 ], [ -60.5622771269, -33.644699396699998 ], [ -60.562713944899997, -33.644093794699998 ], [ -60.563592151100003, -33.643586782500002 ], [ -60.564470128, -33.643046230899998 ], [ -60.565306931499997, -33.6423381906 ], [ -60.566025058500003, -33.641865427 ], [ -60.566542187800003, -33.641292978 ], [ -60.568221219900003, -33.6407151927 ], [ -60.569698576500002, -33.639937109199998 ], [ -60.570574266199998, -33.639061183300001 ], [ -60.570725898699997, -33.637752651100001 ], [ -60.570962080599998, -33.637114411500001 ], [ -60.572322708800002, -33.636873382300003 ], [ -60.573044749799998, -33.637004175 ], [ -60.573488789, -33.637505128900003 ], [ -60.574131153300002, -33.637703353 ], [ -60.575292574899997, -33.637630886700002 ], [ -60.576095201900003, -33.637828354900002 ], [ -60.577254833300003, -33.6374876052 ], [ -60.578292021599999, -33.636812075900004 ], [ -60.578930352299999, -33.636406679099998 ], [ -60.5795281324, -33.635934346600003 ], [ -60.5802492762, -33.635930964800004 ], [ -60.580771227699998, -33.636096185299998 ], [ -60.581409090699999, -33.635623709599997 ], [ -60.581604448500002, -33.634885039499999 ], [ -60.5825231894, -33.634478305099996 ], [ -60.583323316, -33.634306862499997 ], [ -60.583888720499999, -33.634974877200001 ], [ -60.584771014600001, -33.635104844700003 ], [ -60.585087664699998, -33.634533266299997 ], [ -60.585725492400002, -33.634060768700003 ], [ -60.586247669800002, -33.634259499099997 ], [ -60.587168884800001, -33.634221594300001 ], [ -60.587325721299997, -33.633717837200003 ], [ -60.587279741400003, -33.632846167499999 ], [ -60.586592548600002, -33.631944006799998 ], [ -60.586707049499999, -33.631105109499998 ], [ -60.5875069087, -33.630900107099997 ], [ -60.587990149, -33.6312666862 ], [ -60.588955272299998, -33.631798640200003 ], [ -60.589397091599999, -33.631964206 ], [ -60.589760160300003, -33.632331350699999 ], [ -60.590128592600003, -33.632142035100003 ], [ -60.590634339399998, -33.631882158400003 ], [ -60.591077618600004, -33.6316543776 ], [ -60.591797119900001, -33.6314161974 ], [ -60.592396663, -33.631212121899999 ], [ -60.5933546845, -33.6307045167 ], [ -60.593916229199998, -33.630802423600002 ], [ -60.594638250099997, -33.630933090500001 ], [ -60.595477687600003, -33.630660778100001 ], [ -60.596875427599997, -33.630016891 ], [ -60.599552648699998, -33.628998079900001 ], [ -60.600229485600003, -33.628391182100003 ], [ -60.600226927400001, -33.628022318799999 ], [ -60.601305744299999, -33.6276146684 ], [ -60.602065475800003, -33.6274097672 ], [ -60.602711564400003, -33.628144371499999 ], [ -60.603236782400003, -33.628778959400002 ], [ -60.603279647500003, -33.62918116 ], [ -60.6044988907, -33.6296231265 ], [ -60.604887448, -33.629944591399997 ], [ -60.605369582599998, -33.630143437 ], [ -60.605892014799998, -33.630375617399999 ], [ -60.606971068699998, -33.630001450599998 ], [ -60.607929696200003, -33.629594332400004 ], [ -60.6087294477, -33.629389193 ], [ -60.6094458102, -33.628714982299996 ], [ -60.610482638800001, -33.628039185900001 ], [ -60.610797436299997, -33.627232812400003 ], [ -60.6123559523, -33.6266885593 ], [ -60.6139592647, -33.626814746699999 ], [ -60.614876573399997, -33.626240109299999 ], [ -60.615592861700001, -33.6255658635 ], [ -60.6176742273, -33.625320747099998 ], [ -60.618281570100002, -33.6262231336 ], [ -60.618329055499999, -33.6272624538 ], [ -60.618215584600001, -33.628201976200003 ], [ -60.618739956600002, -33.628702365300001 ], [ -60.619623195300001, -33.628966216 ], [ -60.620181392299997, -33.628594542899997 ], [ -60.620213521899998, -33.627487756299999 ], [ -60.620485763399998, -33.626346231 ], [ -60.6215239211, -33.625871540600002 ], [ -60.622885912599997, -33.6258646884 ], [ -60.624448438400002, -33.625890343 ], [ -60.625606985700003, -33.625448544500003 ], [ -60.626802179599999, -33.624537072099997 ], [ -60.627798520100001, -33.623827802299999 ], [ -60.628477794699997, -33.623589613699998 ], [ -60.628873984199998, -33.622983985799998 ], [ -60.629551785899999, -33.622544594099999 ], [ -60.630467723300001, -33.621802178099998 ], [ -60.632020383399997, -33.620486423300001 ], [ -60.632053339499997, -33.619513765500002 ], [ -60.633772033, -33.619001938099998 ], [ -60.6346114738, -33.618762895099998 ], [ -60.634846149399998, -33.617990406099999 ], [ -60.636121498, -33.617111966499998 ], [ -60.637559505900001, -33.6165680167 ], [ -60.638035460700003, -33.615928414199999 ], [ -60.638595967299999, -33.6158919875 ], [ -60.639720695299999, -33.616322119199999 ], [ -60.640319025700002, -33.615983682100001 ], [ -60.6412323176, -33.614905859099999 ], [ -60.641985126800002, -33.613795328099997 ], [ -60.643502150400003, -33.613116763 ], [ -60.6440949566, -33.612040585599999 ], [ -60.644728798300001, -33.611098327900002 ], [ -60.645605682899998, -33.610523674200003 ], [ -60.647434505, -33.6087032728 ], [ -60.648387682200003, -33.607625188 ], [ -60.649065264100003, -33.607185690900003 ], [ -60.649983639600002, -33.606811993400001 ], [ -60.651135139600001, -33.606427722399999 ], [ -60.652549664299997, -33.607167338099998 ], [ -60.653149145199997, -33.606996503700003 ], [ -60.653504278500002, -33.606290411400003 ], [ -60.653979553, -33.605583682899997 ], [ -60.654778757300001, -33.605344716499999 ], [ -60.6556144527, -33.604636073599998 ], [ -60.656767977199998, -33.603590396800001 ], [ -60.657001907, -33.602750801100001 ], [ -60.657231253299997, -33.601307614500001 ], [ -60.6572251479, -33.600502827200003 ], [ -60.657743971199999, -33.600265330900001 ], [ -60.658865016699998, -33.600225831800003 ], [ -60.659653179400003, -33.598544924099997 ], [ -60.660122230299997, -33.597033385 ], [ -60.661109537900003, -33.595217268200003 ], [ -60.6637398616, -33.593560011400001 ], [ -60.664295583799998, -33.592919879699998 ], [ -60.665490436200002, -33.592075104599999 ], [ -60.666410642400002, -33.591969549399998 ], [ -60.666888056499999, -33.591564567100001 ], [ -60.668248203700003, -33.591389558 ], [ -60.669128358400002, -33.5912841556 ], [ -60.670805199500002, -33.590637927099998 ], [ -60.671602139699999, -33.590130591499999 ], [ -60.672840827599998, -33.589788520500001 ], [ -60.6739141256, -33.588776654500002 ], [ -60.675075053699999, -33.588736792200002 ], [ -60.676235457200001, -33.588629853599997 ], [ -60.6773126314, -33.588120949699999 ], [ -60.679828618400002, -33.587268798399997 ], [ -60.681749759500001, -33.587157626500002 ], [ -60.683505975099997, -33.586443721 ], [ -60.6842590559, -33.585467068299998 ], [ -60.686819716700001, -33.585218143399999 ], [ -60.687817239200001, -33.584776658899997 ], [ -60.689178566700001, -33.584769084800001 ], [ -60.690217445499997, -33.584495021400002 ], [ -60.692418780799997, -33.584382121200001 ], [ -60.693382332200002, -33.5847120289 ], [ -60.694746075799998, -33.585006187399998 ], [ -60.695705399300003, -33.584799592899998 ], [ -60.6969893431, -33.585127709299996 ], [ -60.698511640500001, -33.5852197281 ], [ -60.699390337600001, -33.584946492 ], [ -60.700631818399998, -33.5849730033 ], [ -60.703640460499997, -33.585660148700001 ], [ -60.705768004500001, -33.586318714800001 ], [ -60.706813135700003, -33.586815761 ], [ -60.7086168465, -33.587040183799999 ], [ -60.7098580838, -33.587033069599997 ], [ -60.710703595699997, -33.587598295799999 ], [ -60.710791375699998, -33.588536745699997 ], [ -60.711113351100003, -33.588736100299997 ], [ -60.711792941, -33.588598056599999 ], [ -60.7123491, -33.588058311 ], [ -60.714066691100001, -33.587545400300002 ], [ -60.715027653500002, -33.587539851199999 ], [ -60.715908285300003, -33.587501258499998 ], [ -60.716350388800002, -33.587699904300003 ], [ -60.717470957800003, -33.587626344 ], [ -60.718430252700003, -33.587419573799998 ], [ -60.719309184899998, -33.587179729299997 ], [ -60.720398901400003, -33.588212945599999 ], [ -60.720961697699998, -33.588477940200001 ], [ -60.721681309399997, -33.588339609199998 ], [ -60.722399241799998, -33.588000079499999 ], [ -60.723396889299998, -33.5875918427 ], [ -60.723954369, -33.587219708 ], [ -60.724634766400001, -33.587182191399997 ], [ -60.725274000900001, -33.587010776200003 ], [ -60.7273154652, -33.586931725900001 ], [ -60.7283604422, -33.587395055899997 ], [ -60.729999254, -33.587050058599999 ], [ -60.731118952099997, -33.586875777899998 ], [ -60.732200305600003, -33.586902918100002 ], [ -60.733681772200001, -33.586894143199999 ], [ -60.734518910299997, -33.586453234700002 ], [ -60.735081452700001, -33.586684632400001 ], [ -60.736205407200003, -33.5870132907 ], [ -60.7367659624, -33.587009954400003 ], [ -60.737607103199998, -33.587038488300003 ], [ -60.738249736900002, -33.587269394 ], [ -60.738850619099999, -33.587299341700003 ], [ -60.739933410200003, -33.5874940757 ], [ -60.741496111499998, -33.587618857300001 ], [ -60.742097858199998, -33.587749385899997 ], [ -60.743610061399998, -33.587038773499998 ], [ -60.7445002543, -33.587734955 ], [ -60.745543022600003, -33.587929880499999 ], [ -60.746467407899999, -33.588326715299999 ], [ -60.747508452300004, -33.588320430800003 ], [ -60.748383545199999, -33.587644461899998 ], [ -60.749101654100002, -33.587338311 ], [ -60.749543250599999, -33.587469772699997 ], [ -60.751144840199998, -33.587460061 ], [ -60.752025714200002, -33.587454710700001 ], [ -60.753023793899999, -33.587113301400002 ], [ -60.754027991400001, -33.587476059799997 ], [ -60.755072529099998, -33.587872097800002 ], [ -60.755631918200002, -33.587734547300002 ], [ -60.755747359600001, -33.587197299099998 ], [ -60.755384665699999, -33.5869312421 ], [ -60.755341411899998, -33.586562632700002 ], [ -60.7558601681, -33.586358261299999 ], [ -60.756977459700003, -33.585915532599998 ], [ -60.757775307499998, -33.585575309799999 ], [ -60.758370608900002, -33.584968051799997 ], [ -60.759170498099998, -33.584862545299998 ], [ -60.7601726356, -33.584990529 ], [ -60.761365544199997, -33.584044244600001 ], [ -60.761447976600003, -33.584312009 ], [ -60.762566390800004, -33.584003316500002 ], [ -60.763243789699999, -33.583630267 ], [ -60.7640000759, -33.583122590899997 ], [ -60.765320428700001, -33.583013830399999 ], [ -60.76571725, -33.582608968400002 ], [ -60.765950363899996, -33.581802711 ], [ -60.766630992499998, -33.581798496399998 ], [ -60.767832992400002, -33.581891646099997 ], [ -60.769387888399997, -33.581144242100002 ], [ -60.770346682099998, -33.580903539799998 ], [ -60.771265135699998, -33.580629547599997 ], [ -60.771862994700001, -33.580324014699997 ], [ -60.773703142599999, -33.580144921900001 ], [ -60.774341924, -33.579939723 ], [ -60.774537011699998, -33.579368425299997 ], [ -60.775296791899997, -33.579263066 ], [ -60.775940964500002, -33.5796614359 ], [ -60.778935220500003, -33.578703676 ], [ -60.780055307300003, -33.578596019199999 ], [ -60.781099549499999, -33.578958305900002 ], [ -60.782020366499999, -33.578952490600003 ], [ -60.782092875899998, -33.578113684500003 ], [ -60.782088036700003, -33.577577172399998 ], [ -60.783362487799998, -33.576831365799997 ], [ -60.784633276, -33.575683162300002 ], [ -60.78595075, -33.575272395600003 ], [ -60.786865441400003, -33.574595905099997 ], [ -60.787861707899999, -33.574086558200001 ], [ -60.788530381500003, -33.572774476799999 ], [ -60.789480480100003, -33.571594732599998 ], [ -60.790353545599999, -33.570750812299998 ], [ -60.7918713802, -33.570372237500003 ], [ -60.794536592299998, -33.5685107913 ], [ -60.795616210799999, -33.568369690600001 ], [ -60.796328755600001, -33.567493226300002 ], [ -60.796117833899999, -33.566320895399997 ], [ -60.797917003899997, -33.5660745729 ], [ -60.798753916400003, -33.565666767899998 ], [ -60.7985054074, -33.564762955100001 ], [ -60.799140308200002, -33.5641552469 ], [ -60.801052697499998, -33.563170401599997 ], [ -60.801564387399999, -33.562228139 ], [ -60.802323361299997, -33.562055552300002 ], [ -60.802667167400003, -33.560276024399997 ], [ -60.803822971, -33.559731981500001 ], [ -60.804065304700003, -33.559965145299998 ], [ -60.806047547699997, -33.557906646 ], [ -60.807203921899998, -33.557429636 ], [ -60.808274298900002, -33.5563160317 ], [ -60.8098662158, -33.555333143200002 ], [ -60.8106623173, -33.554858457400002 ], [ -60.810338054, -33.554424639 ], [ -60.809776154700003, -33.554260645799999 ], [ -60.808572314800003, -33.553933174699999 ], [ -60.807211508400002, -33.553942055 ], [ -60.807005153699997, -33.553272720899997 ], [ -60.807396965300001, -33.552364749 ], [ -60.807833160900003, -33.551925961899997 ], [ -60.808066741700003, -33.551220224 ], [ -60.808701789799997, -33.550645999899999 ], [ -60.809132968900002, -33.5496706972 ], [ -60.809405304099997, -33.548830567499998 ], [ -60.810276696499997, -33.547852382099997 ], [ -60.8109126453, -33.547378742799999 ], [ -60.811751511399997, -33.5472055758 ], [ -60.812061728800003, -33.546083906 ], [ -60.814092163799998, -33.545010449 ], [ -60.814881853400003, -33.543865098600001 ], [ -60.816242499300003, -33.543856136400002 ], [ -60.817484982099998, -33.544049143300001 ], [ -60.8183571836, -33.543171498100001 ], [ -60.8177112005, -33.5425721541 ], [ -60.817582620099998, -33.541667585299997 ], [ -60.817736691699999, -33.541029421899999 ], [ -60.8181321291, -33.540523799699997 ], [ -60.8192891542, -33.540147275700001 ], [ -60.820133950299997, -33.540611159199997 ], [ -60.821625066599999, -33.541707895599998 ], [ -60.822831006900003, -33.542269965300001 ], [ -60.8244838524, -33.543533261500002 ], [ -60.8257705121, -33.544161832500002 ], [ -60.827170858400002, -33.544118951400002 ], [ -60.827967720700002, -33.5437447519 ], [ -60.828398329400002, -33.542735853 ], [ -60.828952823599998, -33.542128530900001 ], [ -60.8293613321, -33.542997678100001 ], [ -60.829685965899998, -33.543464978599999 ], [ -60.8301306599, -33.543931473199997 ], [ -60.8310403873, -33.543713145399998 ], [ -60.831572945200001, -33.544089464800003 ], [ -60.832332983500002, -33.544050824099997 ], [ -60.8329732861, -33.544046518199998 ], [ -60.833418000599998, -33.544513000599999 ], [ -60.833938571099999, -33.544543029499998 ], [ -60.834455596799998, -33.544204206899998 ], [ -60.8347728468, -33.543900263 ], [ -60.836214736, -33.544024619799998 ], [ -60.836820190200001, -33.544557072099998 ], [ -60.837739658700002, -33.544450252700003 ], [ -60.8381385542, -33.544313417399998 ], [ -60.839339447500002, -33.544338816500002 ], [ -60.840063682599997, -33.544736311800001 ], [ -60.840668190899997, -33.545168149699997 ], [ -60.841308175400002, -33.545130268800001 ], [ -60.841832003199997, -33.545495581300003 ], [ -60.842156713100003, -33.545962847699997 ], [ -60.842676969099998, -33.545959307899999 ], [ -60.842952548600003, -33.545487957500001 ], [ -60.844036986200003, -33.545882976400001 ], [ -60.845118822, -33.546009732400002 ], [ -60.8456361382, -33.545704395400001 ], [ -60.846231201599998, -33.545163787600004 ], [ -60.847505599, -33.544517927299999 ], [ -60.848149833599997, -33.544915922500003 ], [ -60.848233803399999, -33.545317753799999 ], [ -60.849156871799998, -33.545579697599997 ], [ -60.850719601400002, -33.545770173400001 ], [ -60.851881553200002, -33.5453714418 ], [ -60.852362705899999, -33.5459936098 ], [ -60.853003019500001, -33.545989200100003 ], [ -60.8543243258, -33.546047157799997 ], [ -60.856246589400001, -33.546168014499997 ], [ -60.857768329499997, -33.546258082900003 ], [ -60.8587294648, -33.546318488200001 ], [ -60.859691265400002, -33.546445949099997 ], [ -60.860651738900003, -33.546439276400001 ], [ -60.861332739600002, -33.5465016084 ], [ -60.861855992400002, -33.546799771499998 ], [ -60.862258855599997, -33.5470652371 ], [ -60.8658309781, -33.548079828100001 ], [ -60.866433627299998, -33.548310348800001 ], [ -60.866913873500003, -33.548306987099998 ], [ -60.8672387278, -33.548774185100001 ], [ -60.868003480600002, -33.549204765200002 ], [ -60.868728555399997, -33.549669152600003 ], [ -60.8686542178, -33.550239748499997 ], [ -60.8698989134, -33.550633414399996 ], [ -60.870863131500002, -33.5509955072 ], [ -60.871507855799997, -33.5514269094 ], [ -60.872708512800003, -33.5514184516 ], [ -60.872633863200001, -33.551955518 ], [ -60.8741638447, -33.552095391400002 ], [ -60.875046685, -33.553078634899997 ], [ -60.875889190599999, -33.553273879400002 ], [ -60.876291787699998, -33.553505766599997 ], [ -60.876815472, -33.553837396 ], [ -60.877617626499998, -33.553999380800001 ], [ -60.878463540699997, -33.554529920699999 ], [ -60.879147672599998, -33.554893935199999 ], [ -60.879231796200003, -33.555295742399998 ], [ -60.880598723200002, -33.5558896334 ], [ -60.881124821500002, -33.556455962900003 ], [ -60.882127128699999, -33.556616493299998 ], [ -60.882453801, -33.557251305299999 ], [ -60.883016532200003, -33.557482028499997 ], [ -60.883666486599999, -33.558416333899999 ], [ -60.884551138399999, -33.558812419900001 ], [ -60.884916494499997, -33.559312813799998 ], [ -60.8851207262, -33.559713757799997 ], [ -60.886493586500002, -33.560877612100001 ], [ -60.887655715599998, -33.561003418699997 ], [ -60.888458298700002, -33.561198862799998 ], [ -60.889128952500002, -33.561751133100003 ], [ -60.889427178, -33.561996712499997 ], [ -60.889752548899999, -33.562497378800003 ], [ -60.890036520599999, -33.562864207300002 ], [ -60.890604476, -33.563597875799999 ], [ -60.891205574499999, -33.563660616699998 ], [ -60.892088244699998, -33.563855460299997 ], [ -60.892655184, -33.5644885118 ], [ -60.893062364899997, -33.565156247099999 ], [ -60.894064792899997, -33.565316678499997 ], [ -60.894590344699999, -33.565815885399999 ], [ -60.895153854900002, -33.566113613799999 ], [ -60.895537173299999, -33.5665484644 ], [ -60.895803659099997, -33.567014319899997 ], [ -60.895928248, -33.567449354799997 ], [ -60.896532495700001, -33.567813849099998 ], [ -60.896855849600001, -33.568113308800001 ], [ -60.897458371200003, -33.568310142900003 ], [ -60.897861789099998, -33.5686090194 ], [ -60.898224138499998, -33.568807591800002 ], [ -60.898269029799998, -33.569276736 ], [ -60.898712832599998, -33.569608850100003 ], [ -60.8994392838, -33.570173643700002 ], [ -60.899879964500002, -33.570203974 ], [ -60.9003262146, -33.5707707993 ], [ -60.900371118599999, -33.571239942399998 ], [ -60.9012142029, -33.571468541199998 ], [ -60.901938244900002, -33.571798602400001 ], [ -60.902428037200004, -33.572700437800002 ], [ -60.903149998899998, -33.572829305699997 ], [ -60.903710788399998, -33.572858745700003 ], [ -60.904599524600002, -33.573623524299997 ], [ -60.904563689900002, -33.5740261885 ], [ -60.904888144399997, -33.574426219 ], [ -60.905456647199998, -33.575193332 ], [ -60.906140002800001, -33.575456598700001 ], [ -60.906582114400003, -33.575621028400001 ], [ -60.907189971500003, -33.576320777799999 ], [ -60.907838925, -33.577120823 ], [ -60.907925662700002, -33.577757323100002 ], [ -60.908167618500002, -33.577923148700002 ], [ -60.908613611600003, -33.578456410900003 ], [ -60.909096480300001, -33.5786875991 ], [ -60.909381290799999, -33.579121441799998 ], [ -60.910112115, -33.5800885401 ], [ -60.910514927100003, -33.5803203113 ], [ -60.910722145800001, -33.580989455900003 ], [ -60.9114498283, -33.581654767700002 ], [ -60.911815084499999, -33.582121545299998 ], [ -60.911779280799998, -33.582524210599999 ], [ -60.9130228629, -33.582749775700002 ], [ -60.913427461700003, -33.5831491912 ], [ -60.913552870399997, -33.583651267100002 ], [ -60.913956415199998, -33.583950088199998 ], [ -60.914080060300002, -33.584284509299998 ], [ -60.913766836699999, -33.584957491399997 ], [ -60.914171803, -33.585390434899999 ], [ -60.914694054599998, -33.585554242699999 ], [ -60.9149771465, -33.585820417199997 ], [ -60.9161123664, -33.587153354500003 ], [ -60.916197758800003, -33.587655723499999 ], [ -60.916559875, -33.587820708800002 ], [ -60.917200841099998, -33.587849492700002 ], [ -60.917641971499997, -33.587913288800003 ], [ -60.918168862400002, -33.588512981500003 ], [ -60.918178815600001, -33.589451918599998 ], [ -60.918344656199999, -33.589987222200001 ], [ -60.9188290369, -33.590352493499999 ], [ -60.918995594499997, -33.590954857500002 ], [ -60.918882230599998, -33.591592833699998 ], [ -60.9188475236, -33.5920960921 ], [ -60.9188138827, -33.592699942700001 ], [ -60.919217132500002, -33.592965214499998 ], [ -60.919617538099999, -33.592962239099997 ], [ -60.919839938700001, -33.593218140799998 ], [ -60.919751895600001, -33.594302575100002 ], [ -60.919432277799999, -33.594372017399998 ], [ -60.919314288599999, -33.5945740943 ], [ -60.919357531700001, -33.594875573300001 ], [ -60.919560941500002, -33.595175861900003 ], [ -60.919850843500001, -33.596079107500003 ], [ -60.919814717, -33.596448243 ], [ -60.920137903, -33.596714106599997 ], [ -60.9202619474, -33.597082050899999 ], [ -60.9201074749, -33.5976197333 ], [ -60.920151078700002, -33.597954742500001 ], [ -60.9202722757, -33.598054441 ], [ -60.920279755199999, -33.598758585500001 ], [ -60.920283317, -33.599093892399999 ], [ -60.920778805300003, -33.600498605600002 ], [ -60.920824551800003, -33.601034798299999 ], [ -60.920989006600003, -33.601435974 ], [ -60.921073730300002, -33.601871276399997 ], [ -60.921316494499997, -33.602104201899998 ], [ -60.921281798800003, -33.60260746 ], [ -60.921285365, -33.602942766600002 ], [ -60.921370091699998, -33.603378068600001 ], [ -60.921772329200003, -33.6035427387 ], [ -60.921735851800001, -33.603878343600002 ], [ -60.921223146199999, -33.604619843400002 ], [ -60.921228495500003, -33.605122803100002 ], [ -60.921232775100002, -33.6055251708 ], [ -60.921197008199997, -33.605927836699998 ], [ -60.922000794100001, -33.606190114900002 ], [ -60.922250356900001, -33.607060120100002 ], [ -60.921975024799998, -33.607531638499999 ], [ -60.922101235600003, -33.6081007636 ], [ -60.922347948499997, -33.608702523300003 ], [ -60.922154850200002, -33.609374628499999 ], [ -60.922478092399999, -33.609640484499998 ], [ -60.9220858216, -33.610414674499999 ], [ -60.922008937400001, -33.610717047100003 ], [ -60.922132654099997, -33.611051457499997 ], [ -60.922824804, -33.6121193512 ], [ -60.922710015299998, -33.612623206400002 ], [ -60.922955673899999, -33.613124372400002 ], [ -60.923125882500003, -33.6140620332 ], [ -60.923371905300002, -33.6145967287 ], [ -60.923175585300001, -33.614967059800001 ], [ -60.923351521900003, -33.616441209 ], [ -60.923562151600002, -33.617412100099997 ], [ -60.923489916699999, -33.618150370400002 ], [ -60.923255325200003, -33.6186886534 ], [ -60.923064358700003, -33.619561942499999 ], [ -60.923033244, -33.620400505100001 ], [ -60.923236728500001, -33.6207007852 ], [ -60.922638072600002, -33.620906451899998 ], [ -60.922402396800003, -33.621344141599998 ], [ -60.922289023799998, -33.6219821181 ], [ -60.922542927400002, -33.623254486100002 ], [ -60.9227489194, -33.623789480500001 ], [ -60.922593346600003, -33.624226572799998 ], [ -60.922275407800001, -33.624463676600001 ], [ -60.921665958600002, -33.627419120399999 ], [ -60.9219956982, -33.628288525099997 ], [ -60.922165572899999, -33.629192654100002 ], [ -60.922416639, -33.630196776600002 ], [ -60.922660560600001, -33.630530288599999 ], [ -60.922504976100001, -33.630967380400001 ], [ -60.922104752400003, -33.6310038986 ], [ -60.921749587, -33.631509543900002 ], [ -60.921837562500002, -33.632246617600003 ], [ -60.922056079299999, -33.633955179 ], [ -60.922139772, -33.634289886399998 ], [ -60.921983106500001, -33.634626386 ], [ -60.921987037, -33.634995221300002 ], [ -60.921710189400002, -33.635332616600003 ], [ -60.921558878, -33.636172072900003 ], [ -60.921810673899998, -33.637243256200001 ], [ -60.922496001500001, -33.637640542600003 ], [ -60.922779648800002, -33.637940224200001 ], [ -60.9247598766, -33.639534977300002 ], [ -60.9257711164, -33.6404328036 ], [ -60.927345773399999, -33.641561128399999 ], [ -60.9275139354, -33.642297594799999 ], [ -60.928079498499997, -33.642729280799998 ], [ -60.929050026, -33.643560318600002 ], [ -60.929863559799998, -33.6446943268 ], [ -60.931039143, -33.645959735600002 ], [ -60.932049077899997, -33.646723385900003 ], [ -60.932457684600003, -33.647458031600003 ], [ -60.933039981100002, -33.649432120599997 ], [ -60.9328053694, -33.649970419500001 ], [ -60.932091396200001, -33.650646465100003 ], [ -60.932258171900003, -33.651248801900003 ], [ -60.932824903099998, -33.651781055 ], [ -60.933267818399997, -33.651978910099999 ], [ -60.934048303200001, -33.653750264499998 ], [ -60.934773886800002, -33.654147175799999 ], [ -60.936579883199997, -33.654401769899998 ], [ -60.937554988199999, -33.655635098300003 ], [ -60.9379207052, -33.656101785600001 ], [ -60.938418750499999, -33.656163579199998 ], [ -60.936931212600001, -33.658039236599997 ], [ -60.9530791233, -33.673330355899999 ], [ -60.959651297400001, -33.679286215200001 ], [ -60.972750503900002, -33.691389919599999 ], [ -60.975938035799999, -33.694334587500002 ], [ -60.9937227044, -33.7110812154 ], [ -60.994415605699999, -33.711795413200001 ], [ -61.001454896799999, -33.718364167700003 ], [ -61.002069520699997, -33.7189416537 ], [ -61.005640344500002, -33.722320188399998 ], [ -61.005790840099998, -33.722449142 ], [ -61.009133407900002, -33.725584938099999 ], [ -61.009307185200001, -33.725747864500001 ], [ -61.016482331399999, -33.732480132200003 ], [ -61.016639069699998, -33.732604873699998 ], [ -61.022055386700004, -33.737835462699998 ], [ -61.025392755, -33.740959663 ], [ -61.0296595334, -33.744835815599998 ], [ -61.038303018599997, -33.7528534884 ], [ -61.051716004299998, -33.765291095400002 ], [ -61.051661598899997, -33.765573550399999 ], [ -61.058700716, -33.772191722899997 ], [ -61.066009506199997, -33.778937560700001 ], [ -61.0667593067, -33.7783914452 ], [ -61.072882757800002, -33.7740120144 ], [ -61.075336620100003, -33.771470086500003 ], [ -61.082218877400003, -33.768148012099999 ], [ -61.088213069, -33.764833391499998 ], [ -61.0911818063, -33.760952193400001 ], [ -61.0957533395, -33.757501512099999 ], [ -61.102086050600001, -33.752997070799999 ], [ -61.111108837899998, -33.750692154200003 ], [ -61.119658454, -33.752987196200003 ], [ -61.127512163200002, -33.756325875599998 ], [ -61.141828915700003, -33.76509033 ], [ -61.144734015300003, -33.769956246600003 ], [ -61.1479529669, -33.771705553899999 ], [ -61.152969629899999, -33.770895397300002 ], [ -61.161402133099998, -33.7684661 ], [ -61.166245074499997, -33.772127103800003 ], [ -61.170710161199999, -33.773240102300001 ], [ -61.175704019199998, -33.775744015599997 ], [ -61.180703123599997, -33.7777720152 ], [ -61.185896335899997, -33.780984074700001 ], [ -61.191259260499997, -33.783601205799997 ], [ -61.2001417854, -33.790513215200001 ], [ -61.203830029599999, -33.793709535799998 ], [ -61.2086636764, -33.796479318300001 ], [ -61.212570064200001, -33.796440981300002 ], [ -61.2164185201, -33.798516001800003 ], [ -61.221613808699999, -33.799329476700002 ], [ -61.2252357534, -33.798861153399997 ], [ -61.229476613499997, -33.797695387700003 ], [ -61.232187392, -33.7953212436 ], [ -61.239719588, -33.788889907799998 ], [ -61.2480949013, -33.785290073699997 ], [ -61.252958829, -33.781725386200002 ], [ -61.258251472399998, -33.7786526473 ], [ -61.259706023200003, -33.773923538399998 ], [ -61.261117871800003, -33.772207212300003 ], [ -61.266781525500001, -33.7666438543 ], [ -61.2712969695, -33.763374976900003 ], [ -61.276443014800002, -33.756978534600002 ], [ -61.282458804699999, -33.756255999700002 ], [ -61.291889652199998, -33.752691739200003 ], [ -61.295779993399996, -33.750428511800003 ], [ -61.2976676611, -33.749330264599998 ], [ -61.302455047800002, -33.745813936399998 ], [ -61.307335374499999, -33.741890975 ], [ -61.3130250301, -33.739347802799998 ], [ -61.321276503699998, -33.736371515400002 ], [ -61.328851395400001, -33.734392223599997 ], [ -61.342557918899999, -33.729999526900002 ], [ -61.344183433300003, -33.729522539 ], [ -61.349491403800002, -33.730188947400002 ], [ -61.355068881199998, -33.730888933800003 ], [ -61.360921045700003, -33.732474988200003 ], [ -61.367080139499997, -33.734717530799998 ], [ -61.373941346499997, -33.737612115399997 ], [ -61.381612911, -33.741735053799999 ], [ -61.384703613500001, -33.743515877199997 ], [ -61.386543722900001, -33.747373687200003 ], [ -61.389273433100001, -33.7587516464 ], [ -61.390491106900001, -33.765483756800002 ], [ -61.399573676300001, -33.777181446299998 ], [ -61.406974874699998, -33.778319746299999 ], [ -61.414669524499999, -33.780892232100001 ], [ -61.4207618111, -33.782950592200002 ], [ -61.426243208199999, -33.786612011599999 ], [ -61.429116997400001, -33.786844804499999 ], [ -61.432309582599999, -33.787073829299999 ], [ -61.434253578700002, -33.788913552799997 ], [ -61.436520815, -33.791015569300001 ], [ -61.439762639800001, -33.794170328299998 ], [ -61.441755938900002, -33.798935851800003 ], [ -61.4437629548, -33.804499321900003 ], [ -61.445406555300004, -33.807406565599997 ], [ -61.447706012099999, -33.811370280299997 ], [ -61.452848914199997, -33.813704191900001 ], [ -61.457253335099999, -33.816368894199996 ], [ -61.4627819651, -33.818646923400003 ], [ -61.468718190300002, -33.823402421300003 ], [ -61.477824056199999, -33.827129164399999 ], [ -61.484891654, -33.8366701478 ], [ -61.489995431200001, -33.842142576900002 ], [ -61.494049055700003, -33.8458015016 ], [ -61.496154491, -33.846869258300003 ], [ -61.510238603399998, -33.854010278700002 ], [ -61.524799537200003, -33.8621759328 ], [ -61.529066012299999, -33.8616044535 ], [ -61.552995657300002, -33.861777681500001 ], [ -61.560011265299998, -33.861677588200003 ], [ -61.568284051799999, -33.861559045100002 ], [ -61.574096436300003, -33.862925971 ], [ -61.576425286099997, -33.861823409 ], [ -61.582558906700001, -33.861270251100002 ], [ -61.586174467200003, -33.861468081200002 ], [ -61.5910033555, -33.863161524699997 ], [ -61.596863640400002, -33.865992625499999 ], [ -61.601172881099998, -33.868682110800002 ], [ -61.604499498499997, -33.870576768600003 ], [ -61.60818612, -33.871013188100001 ], [ -61.6105178818, -33.871467213700001 ], [ -61.615001132899998, -33.870089852500001 ], [ -61.617261255700001, -33.869586902499996 ], [ -61.620667785400002, -33.869699910900003 ], [ -61.623694654399998, -33.8697389445 ], [ -61.627842560799998, -33.869053142 ], [ -61.637458706300002, -33.867505813599998 ], [ -61.639710769200001, -33.865234685399997 ], [ -61.640681587099998, -33.8629665606 ], [ -61.641357869799997, -33.858776706500002 ], [ -61.642344849, -33.8560026185 ], [ -61.643136678099999, -33.852915588599998 ], [ -61.643004396599999, -33.850945252099997 ], [ -61.641809776400002, -33.847805809900002 ], [ -61.646236188099998, -33.841988232200002 ], [ -61.650725705399999, -33.839482785500003 ], [ -61.653606844899997, -33.836919880499998 ], [ -61.658463221799998, -33.833857048299997 ], [ -61.6592573446, -33.830927654699998 ], [ -61.660461423299999, -33.829649299 ], [ -61.662962441099999, -33.827012416700001 ], [ -61.666054731499997, -33.825629640199999 ], [ -61.668962610500003, -33.824256237699998 ], [ -61.671207461100003, -33.823195910099997 ], [ -61.672493295099997, -33.821361619299999 ], [ -61.673508071299999, -33.820085707399997 ], [ -61.675842522899998, -33.818634090300002 ], [ -61.677842453, -33.817579857 ], [ -61.682046040199999, -33.816893059400002 ], [ -61.693058430500002, -33.814612483600001 ], [ -61.699558743799997, -33.813576457499998 ], [ -61.703791456600001, -33.812936241199999 ], [ -61.705871499300002, -33.812621569299999 ], [ -61.710115071499999, -33.812168373699997 ], [ -61.714648311700003, -33.812026538600001 ], [ -61.718233628299998, -33.811739982500001 ], [ -61.723328919, -33.811353346 ], [ -61.7284019461, -33.809862447299999 ], [ -61.729758702399998, -33.806845862899998 ], [ -61.733681136599998, -33.801458545499997 ], [ -61.738202209199997, -33.799154362700001 ], [ -61.741290623700003, -33.797690901400003 ], [ -61.746650684599999, -33.796431864200002 ], [ -61.753710761699999, -33.795148436200002 ], [ -61.759291466199997, -33.794056200299998 ], [ -61.762838868800003, -33.793361770499999 ], [ -61.772372173500003, -33.7883344229 ], [ -61.77505309, -33.786208887199997 ], [ -61.7801462352, -33.781570328500003 ], [ -61.785393416300003, -33.777551997099998 ], [ -61.800178112399998, -33.770851110800002 ], [ -61.806446975500002, -33.769099527199998 ], [ -61.814106059700002, -33.766958978300003 ], [ -61.823501081300002, -33.764785661399998 ], [ -61.829945097699998, -33.762989646299999 ], [ -61.834192424900003, -33.7591586084 ], [ -61.8388799449, -33.751898410700001 ], [ -61.845993298400003, -33.747491594499998 ], [ -61.855226139800003, -33.745919614899996 ], [ -61.865481660500002, -33.7440447898 ], [ -61.869368667300002, -33.743298112700003 ], [ -61.873634610099998, -33.740194108499999 ], [ -61.874916991299997, -33.7355525336 ], [ -61.875119158, -33.729563414899999 ], [ -61.872923992600001, -33.723289179200002 ], [ -61.869388334699998, -33.718468734399998 ], [ -61.865086574099998, -33.709932543 ], [ -61.862494087499996, -33.701083700300003 ], [ -61.861971814199997, -33.692777009899999 ], [ -61.865613400500003, -33.686701166299997 ], [ -61.868440978599999, -33.6840104666 ], [ -61.870270566400002, -33.680036429799998 ], [ -61.872305155500001, -33.675593968599998 ], [ -61.872514990799999, -33.672834697 ], [ -61.871019622799999, -33.667123157399999 ], [ -61.865423780699999, -33.662046980500001 ], [ -61.859479692299999, -33.656689063199998 ], [ -61.858012581799997, -33.652924644400002 ], [ -61.858058824899999, -33.649540928299999 ], [ -61.856455003100002, -33.646878510599997 ], [ -61.852120211799999, -33.644456023099998 ], [ -61.845066407499999, -33.639989073499997 ], [ -61.8421784843, -33.633151036199997 ], [ -61.840692015199998, -33.627725626100002 ], [ -61.838940149400003, -33.6232600417 ], [ -61.839184807199999, -33.617982824899997 ], [ -61.840238387200003, -33.611599051600002 ], [ -61.841567531099997, -33.610032418 ], [ -61.842431360299997, -33.609014203800001 ], [ -61.845623550600003, -33.607633606900002 ], [ -61.849149802100001, -33.606217042600001 ], [ -61.8564801339, -33.605047033799998 ], [ -61.867840143499997, -33.603182841500001 ], [ -61.876107452200003, -33.60275659 ], [ -61.882958849700003, -33.602402919799999 ], [ -61.897122110399998, -33.602986541500002 ], [ -61.9073292956, -33.603406133100002 ], [ -61.924920479599997, -33.606083423199998 ], [ -61.9284524909, -33.606392552800003 ], [ -61.936366514299998, -33.60708483 ], [ -61.942660423, -33.606000086800002 ], [ -61.945853746399997, -33.60413249 ], [ -61.947779983499998, -33.602875553600001 ], [ -61.952483099299997, -33.60108228 ], [ -61.955673381700002, -33.600808849400003 ], [ -61.958970301500003, -33.600756671600003 ], [ -61.962999858700002, -33.600692779500001 ], [ -61.968149531500003, -33.601993265 ], [ -61.976045788, -33.604982578200001 ], [ -61.9820901107, -33.607543490399998 ], [ -61.986899518400001, -33.609510646399997 ], [ -61.992702567, -33.6121771177 ], [ -61.995436347499997, -33.6141773624 ], [ -61.997904772600002, -33.615261883599999 ], [ -61.999753179899997, -33.615947517800002 ], [ -62.001654718099999, -33.606151330899998 ], [ -62.0045431952, -33.595620873199998 ], [ -62.007367446799996, -33.593609379299998 ], [ -62.017237768500003, -33.591592314899998 ], [ -62.021745026700003, -33.583437579700004 ], [ -62.021870899900001, -33.577647670099999 ], [ -62.021014589399996, -33.574494721199997 ], [ -62.018645126899997, -33.571631837699996 ], [ -62.0165588343, -33.570609081299999 ], [ -62.011869203099998, -33.568309877 ], [ -62.008400330100002, -33.564980866900001 ], [ -61.999828249499998, -33.555291195300001 ], [ -61.998536594900003, -33.550179388300002 ], [ -62.000293462599998, -33.541523743 ], [ -62.004972469800002, -33.529544598599998 ], [ -62.009558809, -33.524883589700003 ], [ -62.013518308899997, -33.521324672200002 ], [ -62.022731223100003, -33.519427217400001 ], [ -62.026500574700002, -33.518928761200002 ], [ -62.031440266700002, -33.51830179 ], [ -62.034630166, -33.517998809 ], [ -62.040886833099997, -33.519890124600003 ], [ -62.049392758499998, -33.522155744099997 ], [ -62.054368564199997, -33.523056126299998 ], [ -62.060921408200002, -33.524476087799997 ], [ -62.066567297600002, -33.526129248099998 ], [ -62.072479275399999, -33.527996099900001 ], [ -62.078626043900002, -33.528766680700002 ], [ -62.082272899800003, -33.5285961915 ], [ -62.085664304200002, -33.528648306599997 ], [ -62.089209681900002, -33.529680564 ], [ -62.090507815499997, -33.529440242500002 ], [ -62.096365130199999, -33.529013584 ], [ -62.0994562765, -33.5274323521 ], [ -62.102608094700003, -33.528361693100003 ], [ -62.106731806799999, -33.528997473899999 ], [ -62.108502352800002, -33.529462680100004 ], [ -62.115866729899999, -33.530318143199999 ], [ -62.122179, -33.5323478818 ], [ -62.131326359900001, -33.535143728199998 ], [ -62.137939604499998, -33.533332761200001 ], [ -62.140731454899999, -33.529163411699997 ], [ -62.143842266699998, -33.526200568100002 ], [ -62.1483994, -33.523212560200001 ], [ -62.151214440300002, -33.520012253700003 ], [ -62.159188197, -33.514782697400001 ], [ -62.160514069400001, -33.509911228599996 ], [ -62.1597789745, -33.503621202399998 ], [ -62.160243032099999, -33.499007176900001 ], [ -62.162376014700001, -33.4916974287 ], [ -62.166014884799999, -33.4867854986 ], [ -62.167641274399998, -33.482393533200003 ], [ -62.166948257400001, -33.477799720699998 ], [ -62.164183158, -33.471302766100003 ], [ -62.161424512700002, -33.465048040600003 ], [ -62.160304632500001, -33.454885979 ], [ -62.157492829500001, -33.446450285200001 ], [ -62.152929519, -33.437317677300001 ], [ -62.155814072699997, -33.430833662200001 ], [ -62.144812353699997, -33.416069437799997 ], [ -62.1367898556, -33.405396923300003 ], [ -62.131040564499997, -33.397746576300001 ], [ -62.115737716200002, -33.377645279200003 ], [ -62.113370741899999, -33.374442278399997 ], [ -62.1070105923, -33.364975796099998 ], [ -62.103446273899998, -33.361513749399997 ], [ -62.102102932800001, -33.3591609152 ], [ -62.100213921799998, -33.356652075200003 ], [ -62.094275332400002, -33.3487504609 ], [ -62.091635519800001, -33.345985167199999 ], [ -62.0882032628, -33.340694924799998 ], [ -62.076440486400003, -33.3247449526 ], [ -62.072654514100002, -33.319774996299998 ], [ -62.068429183900001, -33.314352968199998 ], [ -62.055525554699997, -33.298462963699997 ], [ -62.050865627, -33.290078422400001 ], [ -62.048601962399999, -33.287747959800001 ], [ -62.046192238, -33.284474824599997 ], [ -62.036636679399997, -33.271832091900002 ], [ -62.033109395399997, -33.267141038 ], [ -62.029053370200003, -33.261195446499997 ], [ -62.020811105600004, -33.250782901100003 ], [ -62.011196197399997, -33.235987898399998 ], [ -62.007715348, -33.232263503399999 ], [ -62.004234688, -33.228538909299999 ], [ -62.003533263199998, -33.2275951552 ], [ -61.997132183600002, -33.218981255499997 ], [ -61.988779279900001, -33.207772440399999 ], [ -61.983440469100003, -33.200534915600002 ], [ -61.978102771300001, -33.193297117500002 ], [ -61.973991228499997, -33.187898916800002 ], [ -61.969942049899998, -33.1825816988 ], [ -61.969880200699997, -33.182500557099999 ], [ -61.964535351, -33.175301526399998 ], [ -61.959191182399998, -33.168102319399999 ], [ -61.956623058600002, -33.1646248439 ], [ -61.954054929800002, -33.161147399500003 ], [ -61.9528238595, -33.159477505399998 ], [ -61.952499883199998, -33.159037995799999 ], [ -61.9507041552, -33.156601963 ], [ -61.950583498199997, -33.156438168299999 ], [ -61.9462324052, -33.150535098 ], [ -61.941758497, -33.144464135200003 ], [ -61.941479036600001, -33.144089802400003 ], [ -61.940310027099997, -33.142523890100001 ], [ -61.938858944099998, -33.140579804700003 ], [ -61.937408007, -33.138658865399997 ], [ -61.935956813200001, -33.136737911399997 ], [ -61.934175510800003, -33.134379454200001 ], [ -61.9327130892, -33.132443127599998 ], [ -61.932575204599999, -33.132282104799998 ], [ -61.927577179399997, -33.126444868100002 ], [ -61.922579827699998, -33.120607491500003 ], [ -61.91545089, -33.121744164200003 ], [ -61.909165488799999, -33.122746079899997 ], [ -61.909157277299997, -33.122638932500003 ], [ -61.908840562499996, -33.121919376199997 ], [ -61.907900958100001, -33.121123091400001 ], [ -61.907939216400003, -33.120728596100001 ], [ -61.906921067200003, -33.120801401900003 ], [ -61.906028401, -33.120678763699999 ], [ -61.904213665299999, -33.120257141700002 ], [ -61.902988605300003, -33.119832165200002 ], [ -61.902121413499998, -33.119161383600002 ], [ -61.901212064799999, -33.118422728200002 ], [ -61.900911821100003, -33.117872192100002 ], [ -61.9003493206, -33.117380284500001 ], [ -61.899632760300001, -33.116832579499999 ], [ -61.8979988902, -33.1155764198 ], [ -61.897241123699999, -33.115063853899997 ], [ -61.895949719900003, -33.1142185637 ], [ -61.894784625100002, -33.113103514599999 ], [ -61.894170607200003, -33.112079958300001 ], [ -61.893749067900004, -33.111968635899999 ], [ -61.893119727200002, -33.111852537 ], [ -61.892299924500001, -33.111086670100001 ], [ -61.8912177351, -33.110072371500003 ], [ -61.890977096900002, -33.109529828600003 ], [ -61.891175606799997, -33.108996305300003 ], [ -61.890605659199998, -33.1081815601 ], [ -61.890389862200003, -33.1074281474 ], [ -61.889843261300001, -33.106727439499998 ], [ -61.889259580599997, -33.106660839 ], [ -61.888767385199998, -33.106579777699999 ], [ -61.888763010600002, -33.106375373500001 ], [ -61.8900132626, -33.106198046300001 ], [ -61.891039290099997, -33.105599051799999 ], [ -61.891270153800001, -33.105086221599997 ], [ -61.890637443099997, -33.105140356200003 ], [ -61.890043027099999, -33.104852072100002 ], [ -61.889194053399997, -33.104405291699997 ], [ -61.888304781599999, -33.104232259200003 ], [ -61.887514134500002, -33.1046340316 ], [ -61.886507376700003, -33.104682001800001 ], [ -61.885746774, -33.104194555600003 ], [ -61.885130996800001, -33.103727540199998 ], [ -61.884422264400001, -33.102800793900002 ], [ -61.884682838899998, -33.102051196700003 ], [ -61.884176306199997, -33.101763717899999 ], [ -61.883734777800001, -33.101736678899996 ], [ -61.883385961099997, -33.101421571300001 ], [ -61.882752549599999, -33.100804175100002 ], [ -61.882132961700002, -33.100267067499999 ], [ -61.881747137300003, -33.0995116076 ], [ -61.881028017799999, -33.098756039599998 ], [ -61.880393356200003, -33.0976005646 ], [ -61.880257780900003, -33.097143584199998 ], [ -61.879939857099998, -33.096738754900002 ], [ -61.878357018800003, -33.095775460600002 ], [ -61.878465512399998, -33.094996188400003 ], [ -61.878355071100003, -33.094602379900003 ], [ -61.877609404700003, -33.094386534800002 ], [ -61.877045442899998, -33.093808990100001 ], [ -61.876819194500001, -33.093503735600002 ], [ -61.876375939200003, -33.0931867838 ], [ -61.876307908900003, -33.092999131100001 ], [ -61.875958436099999, -33.092237360399999 ], [ -61.875804293100003, -33.091484044600001 ], [ -61.8761504637, -33.0905537481 ], [ -61.875970892, -33.0900354933 ], [ -61.875703296300003, -33.089688760100003 ], [ -61.875211166200003, -33.088309618700002 ], [ -61.874312651499999, -33.0850480111 ], [ -61.874250640100001, -33.084194712200002 ], [ -61.872337822900001, -33.081578912300003 ], [ -61.868987664599999, -33.077002036 ], [ -61.8679510885, -33.075969794300001 ], [ -61.864909094700003, -33.073067078900003 ], [ -61.864484691800001, -33.0725506637 ], [ -61.863845529599999, -33.071837060699998 ], [ -61.8617938545, -33.0693968721 ], [ -61.861215627900002, -33.068778441500001 ], [ -61.861022203499999, -33.068444899200003 ], [ -61.860369712699999, -33.067914204399997 ], [ -61.859446648199999, -33.067315874800002 ], [ -61.858896679399997, -33.0669756566 ], [ -61.858555977800002, -33.066719849599998 ], [ -61.8547353286, -33.064021029 ], [ -61.853707607300002, -33.063313961200002 ], [ -61.852380304699999, -33.0623451413 ], [ -61.851453978800002, -33.061017132 ], [ -61.851209911, -33.060476174199998 ], [ -61.850180745700001, -33.058729874699999 ], [ -61.849591412800002, -33.057992826400003 ], [ -61.84903425, -33.0573039776 ], [ -61.848501305299997, -33.0564673756 ], [ -61.848193335300003, -33.0559047311 ], [ -61.847778059100001, -33.055657480199997 ], [ -61.847123963599998, -33.055210662900002 ], [ -61.846315972500001, -33.054596282299997 ], [ -61.8449700412, -33.053544075399998 ], [ -61.844072195700001, -33.052813275699997 ], [ -61.843481014200002, -33.052332333499997 ], [ -61.842682935500001, -33.051944593599998 ], [ -61.841833019200003, -33.051514072700002 ], [ -61.841069066199999, -33.051304581499998 ], [ -61.839980903, -33.050890455900003 ], [ -61.839429236299999, -33.050722535399998 ], [ -61.838847663800003, -33.0505319755 ], [ -61.838482877399997, -33.050460818399998 ], [ -61.838326374300003, -33.050027981 ], [ -61.838057290199998, -33.049833351300002 ], [ -61.837737737399998, -33.049682555499999 ], [ -61.837164010800002, -33.049343578299997 ], [ -61.836217988199998, -33.0487670415 ], [ -61.834560215400003, -33.047718677100001 ], [ -61.831696575099997, -33.045905249800001 ], [ -61.830472216, -33.045038871899997 ], [ -61.829763121500001, -33.044807409699999 ], [ -61.828839309499998, -33.044223637400002 ], [ -61.827569461700001, -33.043168314799999 ], [ -61.826538151400001, -33.0425449922 ], [ -61.824936156600003, -33.041501627099997 ], [ -61.824343662899999, -33.041145554499998 ], [ -61.823846873299999, -33.040571993699999 ], [ -61.822646687099997, -33.039292211599999 ], [ -61.82222322, -33.038925815299997 ], [ -61.821775767200002, -33.038454744799999 ], [ -61.821116034200003, -33.037726603499998 ], [ -61.820397369, -33.036968668 ], [ -61.820158412200001, -33.036731098 ], [ -61.816792158200002, -33.033216508199999 ], [ -61.815652644300002, -33.032030606 ], [ -61.814533510499999, -33.030709713900002 ], [ -61.813906843799998, -33.030095719599998 ], [ -61.813513126499998, -33.029366587299997 ], [ -61.8132351892, -33.0293069461 ], [ -61.812651207499997, -33.028748757700001 ], [ -61.811883802099999, -33.027845346100001 ], [ -61.811425999699999, -33.027255209 ], [ -61.810237902600001, -33.026203289 ], [ -61.809395156199997, -33.025260747600001 ], [ -61.808895812400003, -33.024516236799997 ], [ -61.808615981, -33.023678482800001 ], [ -61.8081472398, -33.023231737700002 ], [ -61.807325653699998, -33.022584112300002 ], [ -61.806635082299998, -33.0220214876 ], [ -61.806004315, -33.021615123099998 ], [ -61.805535456299999, -33.021213894600002 ], [ -61.804634923499997, -33.020570908800003 ], [ -61.804121076199998, -33.020555532499998 ], [ -61.803483341800003, -33.020356961799997 ], [ -61.803156182800002, -33.019856762400003 ], [ -61.802764209300001, -33.019583234899997 ], [ -61.8020663167, -33.0192505148 ], [ -61.801977457, -33.018429963199999 ], [ -61.801506051799997, -33.017933377600002 ], [ -61.8008531113, -33.017249646300002 ], [ -61.800024269600002, -33.016639757100002 ], [ -61.798849562800001, -33.015996174900003 ], [ -61.798233458799999, -33.015680969100003 ], [ -61.797294592599997, -33.015431981799999 ], [ -61.79657588, -33.015042790499997 ], [ -61.796224133499997, -33.014619194600002 ], [ -61.795876765899997, -33.014348067199997 ], [ -61.795109185800001, -33.0142183894 ], [ -61.794382214899997, -33.014344868199998 ], [ -61.793604778300001, -33.014684730799999 ], [ -61.793565972700002, -33.013734053199997 ], [ -61.793680734399999, -33.012993247300003 ], [ -61.794004493700001, -33.012315988 ], [ -61.794334534, -33.011949022099998 ], [ -61.7944462233, -33.011404175499997 ], [ -61.793913372200002, -33.010648541800002 ], [ -61.793350958200001, -33.010139258300001 ], [ -61.7929469571, -33.009886334800001 ], [ -61.792417762, -33.009505933900002 ], [ -61.792022530200001, -33.008936198 ], [ -61.792102030300001, -33.007544307899998 ], [ -61.791906962100001, -33.007003777900003 ], [ -61.791288940599998, -33.006779884700002 ], [ -61.790058758400001, -33.006616426599997 ], [ -61.788463104900003, -33.006334568100002 ], [ -61.787714294, -33.005977428400001 ], [ -61.7874478572, -33.005511452699999 ], [ -61.787750746, -33.004735094899999 ], [ -61.7879776288, -33.003826381400003 ], [ -61.787989154199998, -33.002913000200003 ], [ -61.788090836599999, -33.002257777899999 ], [ -61.788080825100003, -33.001761647400002 ], [ -61.788033420600001, -33.000711361500002 ], [ -61.788325964099997, -33.000008599899999 ], [ -61.7885510658, -32.998996508899999 ], [ -61.789040914899999, -32.997437200199997 ], [ -61.789302855, -32.996734965199998 ], [ -61.7892960665, -32.9963987139 ], [ -61.789399833799997, -32.995465979499997 ], [ -61.789248555699999, -32.994045224600001 ], [ -61.788864756300001, -32.993082156699998 ], [ -61.788461301700004, -32.992533607299997 ], [ -61.788078353, -32.992110431500002 ], [ -61.787583475, -32.991506808 ], [ -61.788032806899999, -32.990578950500002 ], [ -61.789100801899998, -32.990434860500002 ], [ -61.790313943, -32.990422604899997 ], [ -61.790986961800002, -32.990335331 ], [ -61.791376886, -32.989986445299998 ], [ -61.791620278700002, -32.989601618499997 ], [ -61.791821426, -32.988576883599997 ], [ -61.791516684199998, -32.987714828100003 ], [ -61.79092538, -32.986978969600003 ], [ -61.790561391499999, -32.985969351100003 ], [ -61.790191420299998, -32.985181338700002 ], [ -61.789512703900002, -32.984189415 ], [ -61.789271983500001, -32.983521540799998 ], [ -61.789411766900002, -32.982224782800003 ], [ -61.789673246100001, -32.981189088500003 ], [ -61.789717656199997, -32.980903938700003 ], [ -61.789739419699998, -32.980228043099999 ], [ -61.789619233899998, -32.979747554100001 ], [ -61.789539323500001, -32.9794289377 ], [ -61.7894029518, -32.978861775799999 ], [ -61.789555117500001, -32.9778561997 ], [ -61.790951853499998, -32.9764853 ], [ -61.791371840499998, -32.976002020800003 ], [ -61.791547583300002, -32.975711560100002 ], [ -61.791577031099997, -32.975390293799997 ], [ -61.791254817, -32.9747619742 ], [ -61.790570951299998, -32.974306069 ], [ -61.7900466834, -32.974158438499998 ], [ -61.789058371499998, -32.9738103814 ], [ -61.788252409, -32.973382175700003 ], [ -61.787374908300002, -32.9726664867 ], [ -61.7870834354, -32.971836976900001 ], [ -61.787071286900002, -32.970512661400001 ], [ -61.787072809900003, -32.969621956399997 ], [ -61.787092368400003, -32.968755874700001 ], [ -61.787365221199998, -32.968253168499999 ], [ -61.787529569599997, -32.967848385700002 ], [ -61.7876757891, -32.9669313586 ], [ -61.787413132499999, -32.965789851099998 ], [ -61.786721152200002, -32.964597150899998 ], [ -61.786521843099997, -32.9643702097 ], [ -61.786191924500002, -32.963865220099997 ], [ -61.786178939800003, -32.963220113299997 ], [ -61.787025710599998, -32.9625733381 ], [ -61.787625364599997, -32.962501379800003 ], [ -61.788317693800003, -32.9621090499 ], [ -61.788981585899997, -32.961563597900003 ], [ -61.7896440317, -32.960814243500003 ], [ -61.790091935299998, -32.959769576299998 ], [ -61.790596283200003, -32.959329162 ], [ -61.791020361900003, -32.9587344 ], [ -61.7907056719, -32.957844803100002 ], [ -61.790299473799998, -32.957316667199997 ], [ -61.789782902799999, -32.956575193500001 ], [ -61.788983106899998, -32.955644945 ], [ -61.7883819093, -32.954902317699997 ], [ -61.788483570499999, -32.954048594900001 ], [ -61.788344327499999, -32.953378698599998 ], [ -61.787889397800001, -32.952597668 ], [ -61.7878202737, -32.951727345199998 ], [ -61.787844749199998, -32.950887875399999 ], [ -61.787487149500002, -32.950487407300002 ], [ -61.787123995599998, -32.9499861392 ], [ -61.787042522199997, -32.949497517899999 ], [ -61.786706729400002, -32.949007383400001 ], [ -61.786632535800003, -32.947911868 ], [ -61.7862600431, -32.946956192099996 ], [ -61.785768475700003, -32.945470059 ], [ -61.785001733599998, -32.943633384100004 ], [ -61.784758353599997, -32.942897267 ], [ -61.784596923300001, -32.942418981 ], [ -61.784466719400001, -32.941914375400003 ], [ -61.784160283699997, -32.941418417 ], [ -61.78348512, -32.940775807900003 ], [ -61.783702554800001, -32.939856965 ], [ -61.783813901899997, -32.939188801699999 ], [ -61.783567928300002, -32.9385246585 ], [ -61.783083083199998, -32.938273929499999 ], [ -61.782547839, -32.937866334399999 ], [ -61.782151041699997, -32.937202717300003 ], [ -61.781941566500002, -32.936481164699998 ], [ -61.781438293, -32.9358331273 ], [ -61.7806499386, -32.935037247300002 ], [ -61.780572409400001, -32.934577411799999 ], [ -61.780439854500003, -32.933761634 ], [ -61.780176968299997, -32.932742169299999 ], [ -61.779461829, -32.931932977 ], [ -61.779078362100002, -32.930955524200002 ], [ -61.778982329400002, -32.929960635199997 ], [ -61.778722094800003, -32.929045433100001 ], [ -61.777858316699998, -32.927777314899998 ], [ -61.776966573300001, -32.927017858299997 ], [ -61.776397776300001, -32.926007061 ], [ -61.776038625200002, -32.9247294993 ], [ -61.776060668500001, -32.923922966200003 ], [ -61.7757964312, -32.922772789600003 ], [ -61.775247979200003, -32.921913489399998 ], [ -61.775159302200002, -32.920795005099997 ], [ -61.774825521899999, -32.919784916499999 ], [ -61.774216016600001, -32.918878268500002 ], [ -61.774015159199998, -32.918282877700001 ], [ -61.773694714299999, -32.917473903299999 ], [ -61.773198305699999, -32.916630823399998 ], [ -61.773040394900001, -32.915658620800002 ], [ -61.773068425200002, -32.914566673400003 ], [ -61.772899877100002, -32.913912944700002 ], [ -61.772692745900002, -32.913146533099997 ], [ -61.772627018500003, -32.912197813200002 ], [ -61.772845001199997, -32.910828390100001 ], [ -61.772810553200003, -32.909100500199997 ], [ -61.772722601, -32.9074119534 ], [ -61.7730748504, -32.906870376699999 ], [ -61.773489457499998, -32.905854620299998 ], [ -61.773254418699999, -32.905027662199998 ], [ -61.772856534200002, -32.903847727299997 ], [ -61.773082428800002, -32.90302622 ], [ -61.772947044, -32.902405105 ], [ -61.772451258700002, -32.901899446 ], [ -61.771550053699997, -32.901500800699999 ], [ -61.7720610374, -32.901054581499999 ], [ -61.772228480700001, -32.900605167400002 ], [ -61.772699458399998, -32.900465134800001 ], [ -61.772916474600002, -32.900227934 ], [ -61.773273246599999, -32.900032563700002 ], [ -61.774112902799999, -32.899471267199999 ], [ -61.775092600900003, -32.898795287399999 ], [ -61.775309184400001, -32.898413756499998 ], [ -61.775622806, -32.897941687200003 ], [ -61.776107317799998, -32.897471204 ], [ -61.776971003500002, -32.897183739399999 ], [ -61.7770923645, -32.896914625500003 ], [ -61.777619219, -32.896454317699998 ], [ -61.777888375400003, -32.8959312056 ], [ -61.778135889300003, -32.8951733894 ], [ -61.778170523500002, -32.894532371899999 ], [ -61.778512286800002, -32.8939299874 ], [ -61.778443560500001, -32.893164589100003 ], [ -61.7784747595, -32.8916694483 ], [ -61.778857584500003, -32.891238902399998 ], [ -61.7800521932, -32.891643740299997 ], [ -61.781041969599997, -32.891776769899998 ], [ -61.781839528799999, -32.891376672600003 ], [ -61.782383003500001, -32.891030858 ], [ -61.783279800400003, -32.890507362100003 ], [ -61.783795728800001, -32.8900565478 ], [ -61.784192668899998, -32.8896401545 ], [ -61.784482152599999, -32.889636022700003 ], [ -61.7854481006, -32.889381076699998 ], [ -61.785899161, -32.888930639500003 ], [ -61.7860019771, -32.888506001 ], [ -61.786414424900002, -32.887526925899998 ], [ -61.7870681753, -32.886204440500002 ], [ -61.787953537299998, -32.884769737100001 ], [ -61.788680809799999, -32.883997647100003 ], [ -61.788675264399998, -32.883721683499999 ], [ -61.789070903800003, -32.883375972400003 ], [ -61.789195188100003, -32.8830423474 ], [ -61.789283652199998, -32.882494765099999 ], [ -61.789548584400002, -32.881658517200002 ], [ -61.789948002499997, -32.8809540377 ], [ -61.790372962399999, -32.880499901900002 ], [ -61.7908078265, -32.879879744599997 ], [ -61.790845661500001, -32.879115621799997 ], [ -61.790928710199999, -32.878556738900002 ], [ -61.791986082, -32.878060741100001 ], [ -61.792333787499999, -32.877341850100002 ], [ -61.792369211, -32.876501042800001 ], [ -61.792394604599998, -32.875353053600001 ], [ -61.7925232909, -32.874666059500001 ], [ -61.792750089099997, -32.873928075400002 ], [ -61.792873603499999, -32.873537874699998 ], [ -61.792946455100001, -32.873307724 ], [ -61.7929360356, -32.872790224900001 ], [ -61.792602972899999, -32.872250666399999 ], [ -61.792353837100002, -32.871730097899999 ], [ -61.791940159799999, -32.870778078699999 ], [ -61.791519317899997, -32.869931457100002 ], [ -61.790977102399999, -32.869131287199998 ], [ -61.790834536600002, -32.868543919300002 ], [ -61.790876045499999, -32.867771268600002 ], [ -61.790379636, -32.867447340399998 ], [ -61.790410779399998, -32.867009119400002 ], [ -61.790090173, -32.865880866300003 ], [ -61.790076628900003, -32.865206907900003 ], [ -61.789372698699999, -32.864325383599997 ], [ -61.788919455699997, -32.863670967099999 ], [ -61.788781540700001, -32.863484252699998 ], [ -61.788779758399997, -32.863482166700003 ], [ -61.789069264399998, -32.8632850495 ], [ -61.789567657799999, -32.862629730099997 ], [ -61.789181419599998, -32.861753033600003 ], [ -61.787933982200002, -32.860565005600002 ], [ -61.786874886500001, -32.859621649600001 ], [ -61.786664372899999, -32.859116562700002 ], [ -61.786800849800002, -32.858198853399998 ], [ -61.786383399599998, -32.857712858900001 ], [ -61.7859658104, -32.857102455700002 ], [ -61.786193044100003, -32.8566624264 ], [ -61.785566449900003, -32.855029441 ], [ -61.784571208499997, -32.853973904199997 ], [ -61.784412767500001, -32.853358264900002 ], [ -61.783816891100003, -32.852670071399999 ], [ -61.783661163600001, -32.8516452836 ], [ -61.783737523, -32.850673711299997 ], [ -61.783825396799998, -32.849669159500003 ], [ -61.783358158699997, -32.8490512499 ], [ -61.782782111300001, -32.8483860268 ], [ -61.782491528800001, -32.847506048900001 ], [ -61.782372559899997, -32.846336671899998 ], [ -61.782334419100003, -32.844429061500001 ], [ -61.781744091699998, -32.8430954695 ], [ -61.780830641100003, -32.841415151900001 ], [ -61.7803200735, -32.8398433168 ], [ -61.780164019700003, -32.838638222199997 ], [ -61.780011355500001, -32.8378648168 ], [ -61.779856053499998, -32.836975152500003 ], [ -61.7794571648, -32.835426785599999 ], [ -61.779077519, -32.834194577 ], [ -61.779109173899997, -32.833388618299999 ], [ -61.778692346500002, -32.8327542842 ], [ -61.778187936400002, -32.831936471600002 ], [ -61.777787627599999, -32.830935521100002 ], [ -61.777972468599998, -32.829928600300001 ], [ -61.778289905299999, -32.829440243100002 ], [ -61.779076229799998, -32.828508883600001 ], [ -61.779305802099998, -32.8274917687 ], [ -61.779237211599998, -32.826386937800002 ], [ -61.779218995800001, -32.825473594899996 ], [ -61.779549779299998, -32.8245848595 ], [ -61.779852535300002, -32.8237312304 ], [ -61.7800685387, -32.823110615799997 ], [ -61.780351255799999, -32.822275210900003 ], [ -61.780892259399998, -32.821729485399999 ], [ -61.781506543299997, -32.821057583200002 ], [ -61.781441395500003, -32.820366772900002 ], [ -61.781591883600001, -32.819396125899999 ], [ -61.781823314599997, -32.818987777399997 ], [ -61.782381219299999, -32.818295398 ], [ -61.782602077200004, -32.817272541100003 ], [ -61.782756260100001, -32.8165197378 ], [ -61.783279008199997, -32.8158856429 ], [ -61.784142259, -32.8151310274 ], [ -61.784566086799998, -32.8144681363 ], [ -61.784912336799998, -32.81381807 ], [ -61.785083974099997, -32.813592225199997 ], [ -61.785328503099997, -32.813205049799997 ], [ -61.785555281599997, -32.812475007899998 ], [ -61.785499851899999, -32.809703978500004 ], [ -61.785385781700001, -32.806279639300001 ], [ -61.785369914100002, -32.805486164900003 ], [ -61.785081627499999, -32.805018599299999 ], [ -61.785036071699999, -32.804608785399999 ], [ -61.785223261299997, -32.803741465199998 ], [ -61.7859223026, -32.802938334499999 ], [ -61.786335925700001, -32.801870078100002 ], [ -61.786632830099997, -32.800277086800001 ], [ -61.786549401199998, -32.798897413900001 ], [ -61.7865818354, -32.798187001199999 ], [ -61.786318925899998, -32.7969433142 ], [ -61.785951190500001, -32.796131148699999 ], [ -61.7859785753, -32.7956643996 ], [ -61.786160547, -32.795343295199999 ], [ -61.786476788800002, -32.794947251400004 ], [ -61.786562373800002, -32.794770233 ], [ -61.787193660100002, -32.794612291599996 ], [ -61.788515673100001, -32.794557352799998 ], [ -61.7891314528, -32.794696585200001 ], [ -61.790331770599998, -32.794806001 ], [ -61.791504858300002, -32.794398500900002 ], [ -61.792455867699999, -32.793610571400002 ], [ -61.7927957996, -32.792742676400003 ], [ -61.792945676, -32.791073974600003 ], [ -61.793225483100002, -32.790093347400003 ], [ -61.793904275300001, -32.7891621773 ], [ -61.794524573300002, -32.788385461600001 ], [ -61.795273224900001, -32.7874000933 ], [ -61.795349976499999, -32.78696527 ], [ -61.795976554100001, -32.786417354199997 ], [ -61.796079342699997, -32.785833856399996 ], [ -61.795964060199999, -32.7849515662 ], [ -61.795652941, -32.784164850899998 ], [ -61.795060225699999, -32.7833855071 ], [ -61.794984916099999, -32.782962329500002 ], [ -61.795459222200002, -32.782289213699997 ], [ -61.796162021, -32.7819457517 ], [ -61.796940103700003, -32.781769339900002 ], [ -61.7975079677, -32.7812228003 ], [ -61.7978635686, -32.779663559 ], [ -61.797946262300002, -32.7780449479 ], [ -61.797932361100003, -32.777953372299997 ], [ -61.797625782899999, -32.777116020199998 ], [ -61.797533864099996, -32.776864822699999 ], [ -61.7969591102, -32.776111913699999 ], [ -61.7961179821, -32.775309902799997 ], [ -61.795854203799998, -32.775002749599999 ], [ -61.795832319399999, -32.774747391 ], [ -61.795846449499997, -32.774356933100002 ], [ -61.796117478500001, -32.773712858899998 ], [ -61.798369174, -32.771743351399998 ], [ -61.800074383400002, -32.770221964400001 ], [ -61.801436174599999, -32.768881562399997 ], [ -61.803871145499997, -32.767408317 ], [ -61.804159186100001, -32.767105736600001 ], [ -61.8050609533, -32.766158432600001 ], [ -61.806996969399997, -32.764046556099998 ], [ -61.809050636899997, -32.761742189400003 ], [ -61.810371346499998, -32.760108751099999 ], [ -61.811331169900001, -32.759507804199998 ], [ -61.8127551424, -32.759545985899997 ], [ -61.817330529300001, -32.759215457499998 ], [ -61.820000037900002, -32.759059324100001 ], [ -61.823920393800002, -32.758107095900002 ], [ -61.826487672399999, -32.756337960300002 ], [ -61.828052635900001, -32.754788859599998 ], [ -61.829239219900003, -32.752555511899999 ], [ -61.830146610200003, -32.7494016323 ], [ -61.830421666100001, -32.747577894 ], [ -61.8299441403, -32.746293349799998 ], [ -61.830882069899999, -32.744635994299998 ], [ -61.831606727699999, -32.743583425200001 ], [ -61.832097111099998, -32.742108669300002 ], [ -61.833145543599997, -32.7407725168 ], [ -61.834377775500002, -32.739932657499999 ], [ -61.835587011299999, -32.7379777612 ], [ -61.836621605399998, -32.735966724400001 ], [ -61.838805264800001, -32.733307759900001 ], [ -61.839881022699998, -32.731618928300001 ], [ -61.841100659399999, -32.7284897774 ], [ -61.841625754699997, -32.726177954400001 ], [ -61.8421658798, -32.723763224700001 ], [ -61.8431581898, -32.721012698499997 ], [ -61.843347566299997, -32.720487842399997 ], [ -61.846065127599999, -32.716823010799999 ], [ -61.847415038900003, -32.714983312100003 ], [ -61.848930970799998, -32.712788926599998 ], [ -61.850280768300003, -32.710112768400002 ], [ -61.851211906300001, -32.708161832599998 ], [ -61.8528310672, -32.705936488200003 ], [ -61.853548576, -32.703724546799997 ], [ -61.853880233600002, -32.702149372500003 ], [ -61.8551275644, -32.700399190200002 ], [ -61.856707708499997, -32.697969008900003 ], [ -61.857481561699998, -32.694665459900001 ], [ -61.857897511600001, -32.694667411600001 ], [ -61.8582486683, -32.694660495500003 ], [ -61.859189004900003, -32.694741938299998 ], [ -61.859942752499997, -32.694889608899999 ], [ -61.860768348199997, -32.694877360600003 ], [ -61.861599879, -32.695150981399998 ], [ -61.862390596600001, -32.695266264499999 ], [ -61.862804163200003, -32.695291945199997 ], [ -61.863401249299997, -32.695124225900003 ], [ -61.863734497499998, -32.694896868199997 ], [ -61.864560091400001, -32.694884595 ], [ -61.865312525599997, -32.6949686954 ], [ -61.865650948099997, -32.694995394300001 ], [ -61.866031517400003, -32.695243960399999 ], [ -61.867645191599998, -32.695219936900003 ], [ -61.8684695691, -32.6951440988 ], [ -61.869182611200003, -32.695133472099997 ], [ -61.869744813700002, -32.695093266900003 ], [ -61.870265526, -32.694863187 ], [ -61.870741767, -32.694584034199998 ], [ -61.871609275799997, -32.694493619100001 ], [ -61.872549509300001, -32.694574872799997 ], [ -61.873113804600003, -32.694630002099998 ], [ -61.873752363100003, -32.694652195499998 ], [ -61.874090122699997, -32.694647148100003 ], [ -61.874691166200002, -32.694669987499999 ], [ -61.8750624563, -32.694473765 ], [ -61.875471261599998, -32.694276980399998 ], [ -61.876334467699998, -32.694264067200002 ], [ -61.876633274, -32.694196128900003 ], [ -61.877272042500003, -32.694218301299998 ], [ -61.8777577651, -32.694115738400001 ], [ -61.878354916500001, -32.693947857399998 ], [ -61.8788408494, -32.693845287199998 ], [ -61.8794372252, -32.693645679399999 ], [ -61.879994086499998, -32.693351460899997 ], [ -61.880327177399998, -32.693124062400003 ], [ -61.880812542400001, -32.692989669600003 ], [ -61.8815261214, -32.693010698400002 ], [ -61.8820897445, -32.693034064 ], [ -61.885970595700002, -32.692020961600001 ], [ -61.886121434, -32.692050516499997 ], [ -61.886761417499997, -32.692136179400002 ], [ -61.887588312600002, -32.6921872924 ], [ -61.8880386071, -32.6921805136 ], [ -61.888523740899998, -32.692046094699997 ], [ -61.8888259788, -32.692136833 ], [ -61.8890169023, -32.692292804200001 ], [ -61.8891684102, -32.692354078699999 ], [ -61.889504257299997, -32.692253728499999 ], [ -61.889991960800003, -32.692246379 ], [ -61.890593093, -32.692269050900002 ], [ -61.8913811344, -32.692257167599998 ], [ -61.891980821399997, -32.692216388 ], [ -61.8924324559, -32.69227313 ], [ -61.893410192499999, -32.692353661299997 ], [ -61.894427567100003, -32.692528966300003 ], [ -61.894958262099998, -32.692775084899999 ], [ -61.894922654799998, -32.692871003199997 ], [ -61.895189505399998, -32.693057550600003 ], [ -61.895865570200002, -32.693079154700001 ], [ -61.896313852399999, -32.692977086500001 ], [ -61.89698935, -32.692966869700001 ], [ -61.897405490600001, -32.693119420599999 ], [ -61.898232397299999, -32.693170462700003 ], [ -61.898686728400001, -32.693354164399999 ], [ -61.899594160299998, -32.693658204899997 ], [ -61.900689070200002, -32.693959307100002 ], [ -61.900760842700002, -32.693799372599997 ], [ -61.9012834794, -32.693664336099999 ], [ -61.901695589, -32.693626353799999 ], [ -61.90203536, -32.693716490500002 ], [ -61.902229004900001, -32.693999513 ], [ -61.9023470502, -32.694251858599998 ], [ -61.902544741900002, -32.694725489 ], [ -61.902816227199999, -32.695134442600001 ], [ -61.902861159499999, -32.695483277100003 ], [ -61.902718506, -32.695834868 ], [ -61.902949001499998, -32.696085596700001 ], [ -61.903398744699999, -32.6960470374 ], [ -61.903809619500002, -32.695945419899999 ], [ -61.904296665099999, -32.695906291100002 ], [ -61.904857605300002, -32.695802391100003 ], [ -61.905417765199999, -32.695666857500001 ], [ -61.906015438, -32.695530661 ], [ -61.906503367699997, -32.695523243399997 ], [ -61.906994568400002, -32.6956746205 ], [ -61.907407358699999, -32.695668342099999 ], [ -61.9078549615, -32.695534419600001 ], [ -61.908968606199998, -32.694945552100002 ], [ -61.910382473200002, -32.694352191699998 ], [ -61.910939334799998, -32.694057747599999 ], [ -61.911497438600001, -32.693826748500001 ], [ -61.911642868199998, -32.693602128899997 ], [ -61.911637451700003, -32.693348075599999 ], [ -61.91212323, -32.6932453796 ], [ -61.913580832100003, -32.6928802105 ], [ -61.914518252500002, -32.692834168899999 ], [ -61.915267348199997, -32.692759179100001 ], [ -61.9155206298, -32.6923104997 ], [ -61.915893172399997, -32.692177695600002 ], [ -61.916829903199996, -32.692099824099998 ], [ -61.916867524799997, -32.692099249 ], [ -61.917392162900001, -32.692059495199999 ], [ -61.9181031225, -32.691953332899999 ], [ -61.918588203900001, -32.691818799499998 ], [ -61.919000973700001, -32.691812483600003 ], [ -61.919230247, -32.691999553800002 ], [ -61.9196055026, -32.691993810100001 ], [ -61.919979399500001, -32.691924619700004 ], [ -61.920015553900001, -32.691860509800001 ], [ -61.9206167902, -32.691883035899998 ], [ -61.921148122399998, -32.692160855600001 ], [ -61.921677522800003, -32.692343413 ], [ -61.9221272339, -32.692304697399997 ], [ -61.9223134466, -32.692238286600002 ], [ -61.922497723200003, -32.6920766159 ], [ -61.9224172467, -32.691823714400002 ], [ -61.922563899099998, -32.691662530099997 ], [ -61.922864805400003, -32.691689739700003 ], [ -61.923316451, -32.691746369800001 ], [ -61.9235783715, -32.691710529200002 ], [ -61.9237633272, -32.691580669399997 ], [ -61.923946234600002, -32.691355371100002 ], [ -61.924351504599997, -32.690999728100003 ], [ -61.9247219827, -32.690771640400001 ], [ -61.9251333821, -32.690701769100002 ], [ -61.925508737500003, -32.6906960062 ], [ -61.925811473700001, -32.690818470099998 ], [ -61.926341085700003, -32.6910009144 ], [ -61.9267489661, -32.6907722463 ], [ -61.927266762199999, -32.690414775 ], [ -61.927786026600003, -32.690120835499997 ], [ -61.928346793599999, -32.690016924399998 ], [ -61.929061136900003, -32.690069494100001 ], [ -61.929548923799999, -32.690061989699998 ], [ -61.929960528599999, -32.689992099500003 ], [ -61.930367026900001, -32.6896998848 ], [ -61.930734747700001, -32.689344709700002 ], [ -61.930802252, -32.688994156200003 ], [ -61.930984348599999, -32.6887372176 ], [ -61.931358219499998, -32.688667904 ], [ -61.9315445238, -32.688601478400003 ], [ -61.931651695900001, -32.688345602699997 ], [ -61.9318289996, -32.687866335099997 ], [ -61.931968786799999, -32.687387555 ], [ -61.931998195699997, -32.687005854699997 ], [ -61.932213005599998, -32.686525918500003 ], [ -61.932581391900001, -32.686202551199997 ], [ -61.932653678100003, -32.686074324800003 ], [ -61.932685715600002, -32.685819696300001 ], [ -61.932608637, -32.685725504600001 ], [ -61.932341948400001, -32.685539035399998 ], [ -61.932225885199998, -32.685381978099997 ], [ -61.9325185581, -32.685027954299997 ], [ -61.9331605673, -32.684500955499999 ], [ -61.933604648600003, -32.684208151500002 ], [ -61.934007792, -32.683757131900002 ], [ -61.934449919, -32.683369066 ], [ -61.934704959400001, -32.683015617700001 ], [ -61.934771971399996, -32.682633246599998 ], [ -61.934762380499997, -32.682188591 ], [ -61.934674815400001, -32.681618025699997 ], [ -61.934515185199999, -32.681175684400003 ], [ -61.934389642299998, -32.680573971500003 ], [ -61.934568286100003, -32.680158145599997 ], [ -61.934824110199997, -32.679836508299999 ], [ -61.935157112600002, -32.679608969 ], [ -61.9358289591, -32.679439665700002 ], [ -61.936477693299999, -32.679938011099999 ], [ -61.937167481800003, -32.680594654399997 ], [ -61.9376225074, -32.680810027299998 ], [ -61.9377726532, -32.680807707600003 ], [ -61.9380707802, -32.680707812 ], [ -61.93832923, -32.680513149399999 ], [ -61.938358504500002, -32.68013145 ], [ -61.938350267600001, -32.679750240099999 ], [ -61.938231563199999, -32.679466116599997 ], [ -61.9384149929, -32.679272703400002 ], [ -61.938825060399999, -32.679139252799999 ], [ -61.939196137700002, -32.678942847599998 ], [ -61.939376129499998, -32.678590550599999 ], [ -61.939631245900003, -32.6782371818 ], [ -61.940264296400002, -32.678004898799998 ], [ -61.941277241, -32.677989225300003 ], [ -61.942264473500003, -32.678514123900001 ], [ -61.943024492, -32.678947155300001 ], [ -61.943818586100001, -32.6792208086 ], [ -61.944157757299998, -32.679279107799999 ], [ -61.944502222300002, -32.679591458300003 ], [ -61.944994186899997, -32.679774498500002 ], [ -61.945295055, -32.6798015655 ], [ -61.945591684900002, -32.679638119300002 ], [ -61.946034321900001, -32.679281738900002 ], [ -61.946437379700001, -32.678830682099999 ], [ -61.9465763882, -32.678320166299997 ], [ -61.946416706800001, -32.677877841899999 ], [ -61.946181904100001, -32.677436682900002 ], [ -61.946136923300003, -32.677087867300003 ], [ -61.946279376, -32.676736143399999 ], [ -61.946346124, -32.676353861199999 ], [ -61.946189204, -32.676038605700001 ], [ -61.945778531899997, -32.675987109700003 ], [ -61.945502833900001, -32.675540894599997 ], [ -61.945417488099999, -32.675065592400003 ], [ -61.945593317, -32.6745227734 ], [ -61.945583673400002, -32.67407803 ], [ -61.945310797799998, -32.673605726300003 ], [ -61.944962697199998, -32.6731344982 ], [ -61.944950994599999, -32.672594587500001 ], [ -61.945169941800003, -32.6723052348 ], [ -61.9453117021, -32.671921699499997 ], [ -61.945332790599998, -32.671158878699998 ], [ -61.94513261, -32.670489549599999 ], [ -61.945089596300001, -32.670235991799998 ], [ -61.944854822, -32.669794828800001 ], [ -61.944543663600001, -32.669291293100002 ], [ -61.944345235900002, -32.6687860093 ], [ -61.944259906500001, -32.668310795499998 ], [ -61.9442883587, -32.667897284200002 ], [ -61.944314960299998, -32.667388512300001 ], [ -61.944342035799998, -32.666911466 ], [ -61.944294319, -32.666435669099997 ], [ -61.944206927400003, -32.665865107599998 ], [ -61.944009566600002, -32.6654233625 ], [ -61.943959098699999, -32.664820405299999 ], [ -61.944016113799997, -32.663993470800001 ], [ -61.943930896600001, -32.663518164400003 ], [ -61.944221392, -32.663068859200003 ], [ -61.944509608, -32.662524299300003 ], [ -61.9444256596, -32.662112529799998 ], [ -61.944194564, -32.661830153099999 ], [ -61.944225081, -32.661511989 ], [ -61.944098925600002, -32.6608784712 ], [ -61.943709151599997, -32.660217304600003 ], [ -61.943398935399998, -32.659745483 ], [ -61.9433136201, -32.6592701772 ], [ -61.943445641, -32.658442080500002 ], [ -61.943687622200002, -32.657485167600001 ], [ -61.943710787699999, -32.656817512400004 ], [ -61.943470314099997, -32.655958313799999 ], [ -61.943766182300003, -32.655763061599998 ], [ -61.9439830329, -32.655378454199997 ], [ -61.944238754399997, -32.655056710300002 ], [ -61.944379917, -32.654641541899998 ], [ -61.944406303100003, -32.654132682300002 ], [ -61.944432217100001, -32.653592187100003 ], [ -61.944684386900001, -32.6531116516 ], [ -61.944828188300001, -32.652823464400001 ], [ -61.945162443400001, -32.652659437399997 ], [ -61.945575609400002, -32.652684855 ], [ -61.946025001199999, -32.652646063 ], [ -61.9465453651, -32.652415589599997 ], [ -61.946947619, -32.651932811599998 ], [ -61.947084523800001, -32.651326947400001 ], [ -61.946886020599997, -32.650821666900001 ], [ -61.946429065899999, -32.6505110644 ], [ -61.945788651199997, -32.650393883900001 ], [ -61.944962818400001, -32.650374953899998 ], [ -61.944247412400003, -32.650258927800003 ], [ -61.943978746399999, -32.649977131599996 ], [ -61.943819135399998, -32.649534799599998 ], [ -61.943623189599997, -32.649156496400003 ], [ -61.943501873199999, -32.648745394 ], [ -61.943344328099997, -32.648398318799998 ], [ -61.943038068200003, -32.648117102599997 ], [ -61.942509369699998, -32.647966441800001 ], [ -61.942018379899999, -32.647815105100001 ], [ -61.941599640500002, -32.647535716 ], [ -61.941444377, -32.647283892399997 ], [ -61.941252885399997, -32.647096185400002 ], [ -61.940610442599997, -32.646883719500003 ], [ -61.939967315600001, -32.646639437499999 ], [ -61.939211707699997, -32.6463969805 ], [ -61.938797093600002, -32.646308007 ], [ -61.938453359500002, -32.646027357900003 ], [ -61.938484792200001, -32.645740913200001 ], [ -61.938326481, -32.645362109600001 ], [ -61.9380175055, -32.644953809299999 ], [ -61.937748190800001, -32.644640275599997 ], [ -61.937441275, -32.644327231600002 ], [ -61.937395560799999, -32.643946688200003 ], [ -61.936976167700003, -32.643635469499998 ], [ -61.936411593099997, -32.643548892399998 ], [ -61.935773977099998, -32.643558729200002 ], [ -61.934875845599997, -32.643667869399998 ], [ -61.934088933600002, -32.643711732600003 ], [ -61.933520258199998, -32.643434535899999 ], [ -61.9329419122, -32.642712679200002 ], [ -61.932729624700002, -32.642359400499998 ], [ -61.932499772500002, -32.642140536900001 ], [ -61.932273443200003, -32.642080465200003 ], [ -61.932008831799997, -32.641989249200002 ], [ -61.931666501300001, -32.641772115499997 ], [ -61.931397900199997, -32.6414902896 ], [ -61.931241781, -32.641206732199997 ], [ -61.931086815500002, -32.640986713499998 ], [ -61.930478049199998, -32.640583005700002 ], [ -61.929872381599999, -32.640338184 ], [ -61.9295321082, -32.640216302600003 ], [ -61.928965513599998, -32.640034342200003 ], [ -61.928476634500001, -32.639978298499997 ], [ -61.928433582099998, -32.6397248233 ], [ -61.928352461, -32.639440109500001 ], [ -61.927895625, -32.639129344200001 ], [ -61.927181115099998, -32.6390450277 ], [ -61.926280399, -32.6390271219 ], [ -61.926052506300003, -32.638903505899997 ], [ -61.925823358899997, -32.638716352 ], [ -61.925595682500003, -32.638592821899998 ], [ -61.9253692598, -32.638532738800002 ], [ -61.925127130200003, -32.638434714600002 ], [ -61.925168186400001, -32.637900345600002 ], [ -61.925010625699997, -32.637553245 ], [ -61.924702525699999, -32.637176719499998 ], [ -61.924131091900001, -32.636772407 ], [ -61.9235993024, -32.636462864499997 ], [ -61.922911324799998, -32.635869661699999 ], [ -61.922562350900002, -32.635334909699999 ], [ -61.922213846799998, -32.634831882699999 ], [ -61.921419637500001, -32.634526258800001 ], [ -61.920739730500003, -32.634314261199997 ], [ -61.9202434221, -32.633908870500001 ], [ -61.919780535100003, -32.633312205599999 ], [ -61.919643753199999, -32.632918982600003 ], [ -61.9195994775, -32.632601875100001 ], [ -61.919484972699998, -32.632508335899999 ], [ -61.9188119724, -32.6326139162 ], [ -61.918060707400002, -32.632561841499999 ], [ -61.9177169835, -32.632281132300001 ], [ -61.917447671200001, -32.631967552 ], [ -61.917400016199998, -32.631491647799997 ], [ -61.917426664, -32.630982875100003 ], [ -61.916931742300001, -32.630640916 ], [ -61.9169945286, -32.630068124600001 ], [ -61.916683672300003, -32.629564505799998 ], [ -61.915960335500003, -32.6290670924 ], [ -61.915929506200001, -32.629063036600002 ], [ -61.9150951767, -32.628953270799997 ], [ -61.9139709787, -32.6290021505 ], [ -61.912923572700002, -32.629145230600002 ], [ -61.912395244400003, -32.628994433199999 ], [ -61.912168751599999, -32.628717669099998 ], [ -61.912709769300001, -32.627909351200003 ], [ -61.913110860300002, -32.627363049 ], [ -61.912874229499998, -32.626826555199997 ], [ -61.9121938292, -32.626582693099998 ], [ -61.911886389499998, -32.626237856899998 ], [ -61.911542815700003, -32.625957127200003 ], [ -61.911165241100001, -32.625835852100003 ], [ -61.911083406099998, -32.6255193123 ], [ -61.910478103199999, -32.625274387399998 ], [ -61.909389977700002, -32.625259119 ], [ -61.908833525799999, -32.625553543599999 ], [ -61.908194786800003, -32.625499787400003 ], [ -61.907557961400002, -32.625541199499999 ], [ -61.906886083, -32.625095509499999 ], [ -61.906642149, -32.624680640299999 ], [ -61.906693644800001, -32.6242746219 ], [ -61.906686433200001, -32.623934587699999 ], [ -61.906283739400003, -32.623883997599997 ], [ -61.905946832399998, -32.623775792 ], [ -61.905737785699998, -32.623382206199999 ], [ -61.905658896399999, -32.622816617600002 ], [ -61.905712563900003, -32.622192311 ], [ -61.905373365899997, -32.6219706368 ], [ -61.905166622099998, -32.621690426400001 ], [ -61.904694767599999, -32.621527559199997 ], [ -61.903884923699998, -32.6211996993 ], [ -61.903344996100003, -32.620981153499997 ], [ -61.902806377099999, -32.620819291300002 ], [ -61.9022652568, -32.6205441432 ], [ -61.902125401299998, -32.620262823700003 ], [ -61.902051437600001, -32.6199238 ], [ -61.901776633200001, -32.619587908900002 ], [ -61.901370473299998, -32.619367327900001 ], [ -61.900503473500002, -32.619493866900001 ], [ -61.899664507600001, -32.619224240100003 ], [ -61.899477260200001, -32.618432438200003 ], [ -61.899065233499996, -32.617928499400001 ], [ -61.898459657899998, -32.6177676306 ], [ -61.897721527900003, -32.617665378200002 ], [ -61.897181635499997, -32.617446804399997 ], [ -61.896708622799999, -32.617227308099999 ], [ -61.896227353500002, -32.616611083899997 ], [ -61.896079160699998, -32.615933122199998 ], [ -61.895793639799997, -32.615087206299997 ], [ -61.894907459899997, -32.614306972 ], [ -61.893962777200002, -32.613924464500002 ], [ -61.892823341300002, -32.6138283254 ], [ -61.892221485900002, -32.613837397 ], [ -61.891431906800001, -32.614472788699999 ], [ -61.891035326100003, -32.614705495899997 ], [ -61.8903617199, -32.614488905800002 ], [ -61.890017719799999, -32.614040617199997 ], [ -61.889932986, -32.613191663899997 ], [ -61.890253163799997, -32.612506643 ], [ -61.890243042400002, -32.6120909216 ], [ -61.89009501, -32.611412948800002 ], [ -61.889757083299997, -32.611248007299999 ], [ -61.889348608200002, -32.610914008500004 ], [ -61.889407147500002, -32.610516366 ], [ -61.889265182300001, -32.610121740499999 ], [ -61.8891898754, -32.609726111800001 ], [ -61.889519463699997, -32.609494418799997 ], [ -61.889984086799998, -32.609317398500004 ], [ -61.890041431599997, -32.6088630677 ], [ -61.889959085100003, -32.608127399499999 ], [ -61.8898767421, -32.6073918214 ], [ -61.889797864800002, -32.606826218800002 ], [ -61.889592973100001, -32.6061802527 ], [ -61.8901108795, -32.60580116 ], [ -61.890303146599997, -32.605401504 ], [ -61.890362976900001, -32.605060547500003 ], [ -61.890421509200003, -32.604662904500003 ], [ -61.890210089599996, -32.604155913100001 ], [ -61.890131427, -32.603590307200001 ], [ -61.890185091600003, -32.602966003399999 ], [ -61.890311785800002, -32.602624040499997 ], [ -61.890566145900003, -32.601996625300004 ], [ -61.890821695699998, -32.601425987900001 ], [ -61.890879139699997, -32.6009716549 ], [ -61.890801455, -32.600462740499999 ], [ -61.890458805500003, -32.600071046700002 ], [ -61.890314368399999, -32.599563136699999 ], [ -61.890104153400003, -32.599112832300001 ], [ -61.890166254500002, -32.5988851635 ], [ -61.8903562331, -32.598372129700003 ], [ -61.890547402300001, -32.597915874 ], [ -61.890870885299996, -32.5974008297 ], [ -61.890726451, -32.5968929199 ], [ -61.890448296599999, -32.596386932500003 ], [ -61.890303864700002, -32.595878931900003 ], [ -61.890293154799998, -32.595369008600002 ], [ -61.890547498899998, -32.594741683599999 ], [ -61.891003816500003, -32.594167933400001 ], [ -61.891328475599998, -32.593709576400002 ], [ -61.891118379200002, -32.593259361599998 ], [ -61.890503461100003, -32.592645031700002 ], [ -61.890556038200003, -32.591964127399997 ], [ -61.890814048899998, -32.591506774899997 ], [ -61.891473299300003, -32.591043380199999 ], [ -61.891261803200003, -32.5905363902 ], [ -61.892123992899997, -32.5901833486 ], [ -61.893506901499997, -32.59034606 ], [ -61.894582654600001, -32.590613188399999 ], [ -61.895264439, -32.591226399100002 ], [ -61.895808940099997, -32.5916716499 ], [ -61.896949292499997, -32.591824550699997 ], [ -61.8981553072, -32.591919652599998 ], [ -61.8986210184, -32.591799291800001 ], [ -61.898963667, -32.592190873600003 ], [ -61.8996991948, -32.592179751 ], [ -61.900709432600003, -32.592504522900001 ], [ -61.901522699399997, -32.593002386499997 ], [ -61.902670153400003, -32.593495092399998 ], [ -61.903826117500003, -32.594384509900003 ], [ -61.904572453299998, -32.594883367400001 ], [ -61.905508681800001, -32.594869166700001 ], [ -61.906653780200003, -32.595248549099999 ], [ -61.906992981499997, -32.595470132599999 ], [ -61.907727331099998, -32.595402274400001 ], [ -61.908796078, -32.595329330200002 ], [ -61.909599688299998, -32.595373820100001 ], [ -61.910406907099997, -32.595588277300003 ], [ -61.912008220499999, -32.595393882300002 ], [ -61.913202247199997, -32.594922233200002 ], [ -61.913531718100003, -32.594690480899999 ], [ -61.914188458399998, -32.594113686 ], [ -61.915054091499997, -32.593930372800003 ], [ -61.9165932254, -32.593963601 ], [ -61.917326453400001, -32.593839088599999 ], [ -61.917789622900003, -32.593605284399999 ], [ -61.918584869299998, -32.593252994799997 ], [ -61.919255958299999, -32.593356153199998 ], [ -61.920799916299998, -32.593615898700001 ], [ -61.921330039899999, -32.593381147800002 ], [ -61.922119112200001, -32.592745492399999 ], [ -61.922117075800003, -32.5918522061 ], [ -61.921834910900003, -32.591704437200001 ], [ -61.921342105800001, -32.591596582 ], [ -61.921037114900003, -32.591347198299999 ], [ -61.92089494, -32.591072335100002 ], [ -61.921063761399999, -32.590656159799998 ], [ -61.921585563100003, -32.590230478199999 ], [ -61.921579649400002, -32.589953440899997 ], [ -61.921983683199997, -32.589739458399997 ], [ -61.923144158699998, -32.589213688400001 ], [ -61.923785563300001, -32.588626622200003 ], [ -61.924124440500002, -32.587905623700003 ], [ -61.924166995599997, -32.587350716499998 ], [ -61.924271471099999, -32.586967588299999 ], [ -61.924724967899998, -32.586896545899997 ], [ -61.924881356900002, -32.586570954099997 ], [ -61.924738296800001, -32.586249860700001 ], [ -61.924458981299999, -32.585930854700003 ], [ -61.924208398300003, -32.585680644699998 ], [ -61.924120339399998, -32.585381877099998 ], [ -61.924330735300003, -32.585032289499999 ], [ -61.924762098099997, -32.584817879799999 ], [ -61.925438221500002, -32.584576548199998 ], [ -61.926056384900001, -32.584174549 ], [ -61.926294021099999, -32.5838245407 ], [ -61.926094872900002, -32.583435071899999 ], [ -61.925512071299998, -32.582935999199997 ], [ -61.924708806600002, -32.582324816700002 ], [ -61.923748676800002, -32.582016238 ], [ -61.923113862800001, -32.581633435100002 ], [ -61.922037741099999, -32.581003332599998 ], [ -61.920630526899998, -32.580170481800003 ], [ -61.919571577, -32.579320303300001 ], [ -61.9188525916, -32.5788232787 ], [ -61.918159880399998, -32.578279690700001 ], [ -61.9174696336, -32.577851456099999 ], [ -61.9170274767, -32.577558086499998 ], [ -61.916856227499999, -32.577191164699997 ], [ -61.916931097199999, -32.576866825800003 ], [ -61.916759849800002, -32.576499903799998 ], [ -61.9163472985, -32.576321475 ], [ -61.915714027600004, -32.576007846300001 ], [ -61.915466935399998, -32.575919297699997 ], [ -61.915135366, -32.575693472 ], [ -61.9150184119, -32.575325719699997 ], [ -61.915091323, -32.5749090053 ], [ -61.915005162100002, -32.5747025171 ], [ -61.914600929, -32.574881509900003 ], [ -61.914074739100002, -32.574508894099999 ], [ -61.9134137506, -32.574172596499999 ], [ -61.912639085599999, -32.573607054900002 ], [ -61.911843341400001, -32.573342127399997 ], [ -61.910367708599999, -32.573133692600003 ], [ -61.908950488400002, -32.573108985300003 ], [ -61.908302817900001, -32.572857201200001 ], [ -61.908322347899997, -32.5724874589 ], [ -61.908179859599997, -32.572189414599997 ], [ -61.907815376499997, -32.571710018300003 ], [ -61.906904533300001, -32.571146597800002 ], [ -61.905863221099999, -32.570862279 ], [ -61.905396326499996, -32.570684547200003 ], [ -61.905143399499998, -32.570318936500001 ], [ -61.9048618709, -32.569884521500001 ], [ -61.904665774199998, -32.569633443699999 ], [ -61.904742253099997, -32.569378323899997 ], [ -61.904437661400003, -32.5691520596 ], [ -61.903728105699997, -32.5690934848 ], [ -61.902861407700001, -32.568989414 ], [ -61.902569764799999, -32.568418295299999 ], [ -61.902667919, -32.567908797599998 ], [ -61.9027374709, -32.567330495599997 ], [ -61.902723333700003, -32.566661054100003 ], [ -61.902595828099997, -32.565785526799999 ], [ -61.9026094253, -32.5651387443 ], [ -61.9028710479, -32.564626771100002 ], [ -61.903022225699999, -32.564047232599997 ], [ -61.903032896900001, -32.5632620194 ], [ -61.903218526499998, -32.562907521500001 ], [ -61.903309943399996, -32.562800207199999 ], [ -61.903364591, -32.562428851 ], [ -61.903766926300001, -32.562263997 ], [ -61.903948641600003, -32.561996554899999 ], [ -61.904312629099998, -32.5614881666 ], [ -61.904244567799999, -32.561224509 ], [ -61.904082510400002, -32.560935860900003 ], [ -61.9037647846, -32.560675985700001 ], [ -61.903632021299998, -32.560307468300003 ], [ -61.903647554899997, -32.559566175800001 ], [ -61.903855974700001, -32.559086560099999 ], [ -61.904225995700003, -32.558869274599999 ], [ -61.904376522500002, -32.558602304600001 ], [ -61.904304550600003, -32.558153441899996 ], [ -61.90447843, -32.557515589200001 ], [ -61.905024553499999, -32.556766254499998 ], [ -61.905421373599999, -32.5563367902 ], [ -61.905381138899997, -32.555913951800001 ], [ -61.905295849200002, -32.554830073600002 ], [ -61.9051859888, -32.554064266799998 ], [ -61.905054455299997, -32.553748651600003 ], [ -61.904801907, -32.553620135 ], [ -61.904550583400002, -32.553544519 ], [ -61.9044037723, -32.5534243472 ], [ -61.904853749200001, -32.553116475800003 ], [ -61.904849275899998, -32.5529047741 ], [ -61.904823298499998, -32.552834037099998 ], [ -61.9050373854, -32.5518226111 ], [ -61.907477397299999, -32.551866199599999 ], [ -61.908212008900001, -32.551691691099997 ], [ -61.909233081399996, -32.551864964499998 ], [ -61.910927446300001, -32.552114541 ], [ -61.912486338299999, -32.552365254400002 ], [ -61.913965947800001, -32.552731830100001 ], [ -61.9156180413, -32.552608844 ], [ -61.917819782700001, -32.552804524199999 ], [ -61.91910091, -32.552641715599997 ], [ -61.920210822100003, -32.552366835900003 ], [ -61.920946379, -32.551982994600003 ], [ -61.921651039099999, -32.551742964200002 ], [ -61.922633626, -32.551842520800001 ], [ -61.923276316900001, -32.551861356 ], [ -61.923842983500002, -32.551480082499999 ], [ -61.924405976700001, -32.550926941699998 ], [ -61.924796102599998, -32.550204434900003 ], [ -61.925185717, -32.549453266199997 ], [ -61.925336307199998, -32.548973943699998 ], [ -61.926373567500001, -32.548639198799997 ], [ -61.9271847021, -32.548626764300003 ], [ -61.927553530200001, -32.548477856 ], [ -61.928319582299999, -32.547950162500001 ], [ -61.928770704599998, -32.546911534899998 ], [ -61.929124596800001, -32.546074897300002 ], [ -61.9292757869, -32.545241370200003 ], [ -61.9296654523, -32.544490277800001 ], [ -61.930192078, -32.543822996499998 ], [ -61.930319339900002, -32.543448441700001 ], [ -61.930109076800001, -32.543107738400003 ], [ -61.929998480099997, -32.542679499 ], [ -61.929857942200002, -32.542423730199999 ], [ -61.929613955100002, -32.542083543700002 ], [ -61.929674774699997, -32.5417673464 ], [ -61.929922652499997, -32.541011127399997 ], [ -61.930311069200002, -32.540202715100001 ], [ -61.930320881599997, -32.5390847623 ], [ -61.930376790499999, -32.538539291799999 ], [ -61.929956104600002, -32.537829308100001 ], [ -61.929122289699997, -32.536781640699999 ], [ -61.928402240700002, -32.536305412899999 ], [ -61.927508567899999, -32.535602674700002 ], [ -61.926215252799999, -32.5351925593 ], [ -61.925389668500003, -32.534517340500003 ], [ -61.9240589869, -32.533935853 ], [ -61.9232488066, -32.533976918500002 ], [ -61.922359758500001, -32.5335032399 ], [ -61.921373710399997, -32.533231717600003 ], [ -61.920418555600001, -32.532816372399999 ], [ -61.919602683500003, -32.532599573500001 ], [ -61.919304961, -32.532275246899999 ], [ -61.9186975163, -32.532142071400003 ], [ -61.918288420099998, -32.531976392399997 ], [ -61.917732535299997, -32.531268336899998 ], [ -61.917081574199997, -32.530848325 ], [ -61.916193805200002, -32.530431919 ], [ -61.915061752900002, -32.5296467151 ], [ -61.914472290699997, -32.528939155499998 ], [ -61.913445800700003, -32.528352919500001 ], [ -61.9125865432, -32.527678124700003 ], [ -61.912069415600001, -32.527198712199997 ], [ -61.911924492700003, -32.526742396899998 ], [ -61.912083818399999, -32.526281364799999 ], [ -61.912617158400003, -32.525929318599999 ], [ -61.912977813300003, -32.525407975500002 ], [ -61.913470740100003, -32.524741275 ], [ -61.913698, -32.5243078759 ], [ -61.913349207400003, -32.5237972372 ], [ -61.913373925400002, -32.523367010699999 ], [ -61.913939749400001, -32.522957127399998 ], [ -61.914542435500003, -32.522690024100001 ], [ -61.914738396399997, -32.522371774600003 ], [ -61.914832478299999, -32.5220264075 ], [ -61.914759459700001, -32.521769591199998 ], [ -61.914683401799998, -32.521369477500002 ], [ -61.914629176200002, -32.520393312899998 ], [ -61.9147050248, -32.519188432299998 ], [ -61.915092174199998, -32.518322745500001 ], [ -61.9155518313, -32.517685212799996 ], [ -61.915943222700001, -32.517020049899998 ], [ -61.915930451400001, -32.516418291400001 ], [ -61.916020876099999, -32.515901056899999 ], [ -61.916556467900001, -32.515663635800003 ], [ -61.916820663899998, -32.515372921800001 ], [ -61.916979234300001, -32.514883316700001 ], [ -61.9171716257, -32.514393105700002 ], [ -61.917663751500001, -32.513697823299999 ], [ -61.9180244358, -32.513176376 ], [ -61.918151606, -32.512801833099999 ], [ -61.918169603400003, -32.512056352 ], [ -61.9182556437, -32.511338501799997 ], [ -61.918480735199999, -32.510790542700001 ], [ -61.918402024400002, -32.510275796400002 ], [ -61.918695154399998, -32.509755467799998 ], [ -61.919090143299996, -32.509262163 ], [ -61.9194175915, -32.508769977900002 ], [ -61.919542923, -32.508309455499997 ], [ -61.919938616800003, -32.507844806100003 ], [ -61.9200663839, -32.507499011199997 ], [ -61.920193538699998, -32.507124466599997 ], [ -61.920248327499998, -32.506658980200001 ], [ -61.9204966466, -32.505623384700002 ], [ -61.920450137899998, -32.505022231700003 ], [ -61.919969257699996, -32.504656969599999 ], [ -61.919081344200002, -32.504211910400002 ], [ -61.918363440299999, -32.503821589399998 ], [ -61.917679362800001, -32.5034307484 ], [ -61.917365065699997, -32.502948351100002 ], [ -61.917183908200002, -32.502377917300002 ], [ -61.916867291199999, -32.501780878799998 ], [ -61.916449719500001, -32.501213956100003 ], [ -61.916002087400003, -32.500819502600002 ], [ -61.915562965900001, -32.500826190600002 ], [ -61.915055812299997, -32.500805334299997 ], [ -61.914444768700001, -32.500671291800003 ], [ -61.914071965600002, -32.500619627699997 ], [ -61.9135905272, -32.5002256796 ], [ -61.913540954699997, -32.499934516700002 ], [ -61.913212678400001, -32.49859451 ], [ -61.914138686400001, -32.495213008199997 ], [ -61.915834273199998, -32.492153711 ], [ -61.918257958799998, -32.488738275 ], [ -61.920820708699999, -32.484217102599999 ], [ -61.92181086, -32.481460413800001 ], [ -61.9256545665, -32.471358094499998 ], [ -61.926712566299997, -32.468873586 ], [ -61.927542225700002, -32.466241018300003 ], [ -61.928469696199997, -32.464287876699998 ], [ -61.929873959799998, -32.461816608500001 ], [ -61.9316541687, -32.459052237199998 ], [ -61.931377108500001, -32.457809213399997 ], [ -61.931286789700003, -32.457304116099998 ], [ -61.931160319299998, -32.456968431100002 ], [ -61.9315920779, -32.456691706100003 ], [ -61.932109003599997, -32.456683772600002 ], [ -61.932499559100002, -32.456340061699997 ], [ -61.932849532200002, -32.455963345500003 ], [ -61.932955310099999, -32.455320188100004 ], [ -61.933026059399999, -32.454913861100003 ], [ -61.933179415399998, -32.454641405799997 ], [ -61.933652969400001, -32.454465364800001 ], [ -61.934083370099998, -32.454121037100002 ], [ -61.934115083800002, -32.453749207100003 ], [ -61.933908485099998, -32.453380948400003 ], [ -61.933661095399998, -32.452979598299997 ], [ -61.933453565699999, -32.452577545399997 ], [ -61.933720407599999, -32.452033246 ], [ -61.934422576700001, -32.451380924699997 ], [ -61.934969948499997, -32.450933554199999 ], [ -61.935322055500002, -32.450658041300002 ], [ -61.9355924909, -32.450282540700002 ], [ -61.935743665399997, -32.449908783300003 ], [ -61.936136345599998, -32.449666361799999 ], [ -61.936570836800001, -32.449524628600003 ], [ -61.936878954100003, -32.449047213 ], [ -61.937186238700001, -32.448536001900003 ], [ -61.9374799657, -32.447813768899998 ], [ -61.937709909399999, -32.447405079500001 ], [ -61.937938403899999, -32.446928796800002 ], [ -61.938250014, -32.446620182099998 ], [ -61.938719283, -32.446241523600001 ], [ -61.938873947799998, -32.4460365666 ], [ -61.9387864941, -32.445666480500002 ], [ -61.938656399800003, -32.445162000800003 ], [ -61.938406953, -32.444659448800003 ], [ -61.938435137500001, -32.444118724100001 ], [ -61.938666513900003, -32.443777536100001 ], [ -61.938936192100002, -32.443368232799997 ], [ -61.939362694499998, -32.442855180599999 ], [ -61.939828429400002, -32.442307715 ], [ -61.940725607099999, -32.441483588099999 ], [ -61.941504969900002, -32.4407287067 ], [ -61.942163736700003, -32.439908246100003 ], [ -61.942237333900003, -32.439637010600002 ], [ -61.942466511799999, -32.439194517300002 ], [ -61.942858298399997, -32.4389183722 ], [ -61.943217685, -32.438980351200001 ], [ -61.943452651900003, -32.438807867 ], [ -61.943955086, -32.438124860499997 ], [ -61.944611530499998, -32.437203090899999 ], [ -61.9450321729, -32.436420010900001 ], [ -61.945300349500002, -32.4359431026 ], [ -61.945562830599997, -32.435196271899997 ], [ -61.945984180499998, -32.434446895299999 ], [ -61.946882783100001, -32.433690229600003 ], [ -61.947106255400001, -32.433409281599999 ], [ -61.947254454400003, -32.432900507100001 ], [ -61.9477987494, -32.432318081200002 ], [ -61.947952131699999, -32.432045608499998 ], [ -61.9484638279, -32.431801309299999 ], [ -61.949140414, -32.4318245559 ], [ -61.9498561248, -32.431813475600002 ], [ -61.950089715300003, -32.431573566 ], [ -61.950239969899997, -32.431166089100003 ], [ -61.950390221200003, -32.430758521900003 ], [ -61.950454550700002, -32.430048468 ], [ -61.950679198400003, -32.429403455699997 ], [ -61.950824570400002, -32.428759671100003 ], [ -61.951374636799997, -32.428447331199997 ], [ -61.951485136800002, -32.428040378799999 ], [ -61.951434489, -32.427534771099999 ], [ -61.951863029199998, -32.4271228896 ], [ -61.952499218100002, -32.427113027700003 ], [ -61.953532310600004, -32.427063288799999 ], [ -61.953885619, -32.426855232800001 ], [ -61.954121263300003, -32.426716526600003 ], [ -61.95431363, -32.426409634099997 ], [ -61.954465135100001, -32.425900800500003 ], [ -61.954898932799999, -32.425894067400002 ], [ -61.955923481, -32.425350851700003 ], [ -61.955937619399997, -32.425326290599997 ], [ -61.9561746368, -32.424621395499997 ], [ -61.956322655699999, -32.424181040599997 ], [ -61.95660532, -32.423296480899999 ], [ -61.957265835900003, -32.422111337399997 ], [ -61.9578257708, -32.421446948099998 ], [ -61.958932814100002, -32.420489613900003 ], [ -61.960750648500003, -32.419255344500002 ], [ -61.964448619199999, -32.416598419099998 ], [ -61.965275036400001, -32.415909917800001 ], [ -61.966173440600002, -32.414807114799999 ], [ -61.967329858100001, -32.412998522300001 ], [ -61.969296830600001, -32.409649782199999 ], [ -61.970137198800003, -32.408179853699998 ], [ -61.970443690800003, -32.407837435600001 ], [ -61.970986296200003, -32.406990430699999 ], [ -61.971816772300002, -32.405512622800003 ], [ -61.973035608399996, -32.404101842300001 ], [ -61.974792962199999, -32.402680807499998 ], [ -61.977319044600002, -32.400604352599998 ], [ -61.979873134899997, -32.397947002199999 ], [ -61.981382003, -32.396431877399998 ], [ -61.9828634088, -32.394882819199999 ], [ -61.9840489491, -32.393416476200002 ], [ -61.984788919899998, -32.391979049100001 ], [ -61.985054788, -32.390833971799999 ], [ -61.985319423900002, -32.389574599 ], [ -61.985583195300002, -32.388819736800002 ], [ -61.985811043399998, -32.387550034100002 ], [ -61.986436745799999, -32.385943648199998 ], [ -61.9872670472, -32.384428964599998 ], [ -61.988020237100002, -32.383566308699997 ], [ -61.9885530751, -32.382849658 ], [ -61.989592773699997, -32.381385927899998 ], [ -61.989960570500003, -32.380842627200003 ], [ -61.991161672600001, -32.379304574300001 ], [ -61.993685873700002, -32.3759454084 ], [ -61.995052918799999, -32.373963756 ], [ -61.995795570600002, -32.372788391199997 ], [ -61.998367436, -32.368048587300002 ], [ -61.999209648200001, -32.3667964375 ], [ -62.000051202, -32.365173465300003 ], [ -62.0010262232, -32.36329302 ], [ -62.002043842500001, -32.361323423499996 ], [ -62.002534917299997, -32.360582768500002 ], [ -62.003106757200001, -32.359540888700003 ], [ -62.005335847799998, -32.355530056900001 ], [ -62.0060674578, -32.354203714199997 ], [ -62.006784985099998, -32.3530340975 ], [ -62.007207475800001, -32.352529005500003 ], [ -62.008748952099999, -32.350025063899999 ], [ -62.009962566699997, -32.348609161 ], [ -62.010921082400003, -32.347602734399999 ], [ -62.012001510499999, -32.345465007 ], [ -62.030473562700003, -32.285493060500002 ], [ -62.030989713799997, -32.282786823199999 ], [ -62.032051579700003, -32.278670093099997 ], [ -62.0328461004, -32.2755876636 ], [ -62.033634469500001, -32.272051044299999 ], [ -62.034439761900003, -32.269436598699997 ], [ -62.035204694199997, -32.266480124899999 ], [ -62.035501804500001, -32.2656063449 ], [ -62.036495078100003, -32.263897334 ], [ -62.036944401600003, -32.2630936694 ], [ -62.0377285187, -32.261917225 ], [ -62.038778074900002, -32.260863967900001 ], [ -62.039410391499999, -32.260179137800002 ], [ -62.040309631200003, -32.259356294600003 ], [ -62.041251526300002, -32.258553310700002 ], [ -62.041985477399997, -32.258092389600002 ], [ -62.042726018700002, -32.257561308600003 ], [ -62.044147886200001, -32.256802557500002 ], [ -62.045844784400003, -32.255772120700001 ], [ -62.046765563, -32.255237465699999 ], [ -62.047948575500001, -32.254631207300001 ], [ -62.050900847800001, -32.252840000600003 ], [ -62.051827743899999, -32.252301694499998 ], [ -62.056093956700003, -32.249813316900003 ], [ -62.056604045, -32.249519334699997 ], [ -62.057415695300001, -32.249051543500002 ], [ -62.061144916099998, -32.246881874700001 ], [ -62.062042162499999, -32.246402940199999 ], [ -62.065590075, -32.244204731099998 ], [ -62.066407224199999, -32.243793248800003 ], [ -62.068407359299997, -32.242684623700001 ], [ -62.069340537499997, -32.242142484299997 ], [ -62.070804830599997, -32.241254459700002 ], [ -62.0727117108, -32.240131340300003 ], [ -62.074714340200003, -32.23901807 ], [ -62.076064761700003, -32.238197397900002 ], [ -62.077629565400002, -32.2374295316 ], [ -62.078713213, -32.237039192099999 ], [ -62.080551690100002, -32.236013186800001 ], [ -62.083319109400001, -32.2345693117 ], [ -62.087601302, -32.232062056099998 ], [ -62.091773259900002, -32.2295809218 ], [ -62.099103219100002, -32.225425381 ], [ -62.1033835299, -32.222983455799998 ], [ -62.110710918800002, -32.218583895199998 ], [ -62.114829219800001, -32.216147727299997 ], [ -62.118826143699998, -32.213887458800002 ], [ -62.123103120899998, -32.211357496399998 ], [ -62.127033287700002, -32.209026067 ], [ -62.1280432613, -32.208269096599999 ], [ -62.130095262799998, -32.206408498599998 ], [ -62.132593989599997, -32.204174946099997 ], [ -62.135701718900002, -32.2014464007 ], [ -62.138835251300002, -32.198650363200002 ], [ -62.141738425500002, -32.196035483700001 ], [ -62.142703636199997, -32.195202891400001 ], [ -62.144423131400004, -32.193524045099998 ], [ -62.1463132274, -32.1916274485 ], [ -62.148754710600002, -32.189130059 ], [ -62.1500655193, -32.1878117511 ], [ -62.151351053399999, -32.186515677300001 ], [ -62.153418180800003, -32.1844600051 ], [ -62.154118281800002, -32.1837770797 ], [ -62.156989531299999, -32.180831014299997 ], [ -62.160109890800001, -32.177641730200001 ], [ -62.163562964, -32.1741788406 ], [ -62.164519120100003, -32.173129340599999 ], [ -62.1676375009, -32.169985711599999 ], [ -62.169197219700003, -32.1684462252 ], [ -62.171502754499997, -32.166323257800002 ], [ -62.171870648499997, -32.165984552 ], [ -62.174569559, -32.163254276899998 ], [ -62.176979256899997, -32.160628903599999 ], [ -62.177077911399998, -32.160521457900003 ], [ -62.178227857800003, -32.1592686587 ], [ -62.179161906899999, -32.1579271644 ], [ -62.180041345799999, -32.156540898199999 ], [ -62.180750932599999, -32.154791901 ], [ -62.1814540329, -32.152918513099998 ], [ -62.185187060899999, -32.143137212900001 ], [ -62.187826014599999, -32.136933458 ], [ -62.191510463199997, -32.127427336099998 ], [ -62.194542004500001, -32.119753495700003 ], [ -62.196057250499997, -32.115848991 ], [ -62.196235548099999, -32.114337664399997 ], [ -62.1960775676, -32.112195342600003 ], [ -62.195256096400001, -32.109074574499999 ], [ -62.191463705099999, -32.0962610379 ], [ -62.189501342500002, -32.090151861499997 ], [ -62.185359242600001, -32.076082702699999 ], [ -62.182520881899997, -32.0664644346 ], [ -62.182485317100003, -32.066362273700001 ], [ -62.181792239300002, -32.064372198699999 ], [ -62.181263166199997, -32.062626763399997 ], [ -62.1809106953, -32.062263747700001 ], [ -62.163871271, -32.022045989200002 ], [ -62.158277492099998, -32.008792121200003 ], [ -62.158241309, -32.008706459899997 ], [ -62.163566408599998, -31.995231862699999 ], [ -62.164578527099998, -31.9926268211 ], [ -62.164712588699999, -31.992281498200001 ], [ -62.167498164100003, -31.9851110629 ], [ -62.167599470100001, -31.9851368287 ], [ -62.168054159299999, -31.9838400402 ], [ -62.169744198, -31.9798621411 ], [ -62.171283503300003, -31.976127331299999 ], [ -62.172728383399999, -31.9723938508 ], [ -62.174260518799997, -31.968364688200001 ], [ -62.175763858400003, -31.964442564 ], [ -62.176537612700002, -31.961443041199999 ], [ -62.177555222899997, -31.958199250300002 ], [ -62.178470911300003, -31.955201390900001 ], [ -62.178890629500003, -31.953827220699999 ], [ -62.180487576, -31.948594313800001 ], [ -62.182666953899997, -31.941511695100001 ], [ -62.184068077, -31.937214484 ], [ -62.184993179800003, -31.933883697500001 ], [ -62.185363345100001, -31.932326859700002 ], [ -62.185393151200003, -31.932228349300001 ], [ -62.1883119114, -31.9225138495 ], [ -62.191058317299998, -31.9195363995 ], [ -62.2143854945, -31.894055326699998 ], [ -62.222344763, -31.885606607900002 ], [ -62.222550272500001, -31.8853618803 ], [ -62.222733788299998, -31.885097315300001 ], [ -62.2228896345, -31.8848201618 ], [ -62.223016488100001, -31.8845325166 ], [ -62.223113450900001, -31.8842365593 ], [ -62.2231799391, -31.883934373599999 ], [ -62.223215168800003, -31.883628497499998 ], [ -62.223855492299997, -31.87197162 ], [ -62.224578020400003, -31.8550729199 ], [ -62.225293643699999, -31.847014438 ], [ -62.225338256500002, -31.839954155699999 ], [ -62.225409099099998, -31.8382557678 ], [ -62.225367670799997, -31.8365304949 ], [ -62.224412755899998, -31.830637062800001 ], [ -62.222143339399999, -31.8169298376 ], [ -62.218759889499999, -31.7957052131 ], [ -62.218716824799998, -31.7954359507 ], [ -62.217481575699999, -31.788219046799998 ], [ -62.217885742, -31.780817055499998 ], [ -62.217717049, -31.772407188500001 ], [ -62.217500726499999, -31.754132644399998 ], [ -62.217702717199998, -31.7408300528 ], [ -62.230987624699999, -31.717586422 ], [ -62.236767412699997, -31.7077002005 ], [ -62.240828098500003, -31.699805116299999 ], [ -62.239010669300001, -31.69852322 ], [ -62.224275997200003, -31.686426054799998 ], [ -62.196778754500002, -31.664349990400002 ], [ -62.184387370099998, -31.679758865899998 ], [ -62.179932901400001, -31.6897406802 ], [ -62.179179427199998, -31.690647796699999 ], [ -62.171555361099998, -31.699825305200001 ], [ -62.149879869700001, -31.712343689600001 ], [ -62.141742769799997, -31.71279728 ], [ -62.133834610400001, -31.719614272 ], [ -62.128612223, -31.724115282500001 ], [ -62.125881922200001, -31.729654979799999 ], [ -62.125318482899999, -31.730798096800001 ], [ -62.123165200499997, -31.734324002200001 ], [ -62.119361703700001, -31.740551355299999 ], [ -62.122543833899996, -31.749841134699999 ], [ -62.138033471299998, -31.7486259012 ], [ -62.154193225, -31.749828245100002 ], [ -62.165210174, -31.760319442699998 ], [ -62.168026675599997, -31.770213097 ], [ -62.168637911300003, -31.777935013099999 ], [ -62.164543699, -31.787209844900001 ], [ -62.1583367438, -31.798361435099999 ], [ -62.151859550799998, -31.803587890799999 ], [ -62.144859192200002, -31.807021666099999 ], [ -62.137871601800001, -31.811247166400001 ], [ -62.1279196013, -31.821900359899999 ], [ -62.120265762400003, -31.831388592700002 ], [ -62.111093046699999, -31.842756686400001 ], [ -62.1034138391, -31.854035790499999 ], [ -62.099733450199999, -31.8583775086 ], [ -62.094067432300001, -31.863045062899999 ], [ -62.090392874199999, -31.867679641100001 ], [ -62.084629940399999, -31.872534574199999 ], [ -62.082944525, -31.878852592200001 ], [ -62.082460527, -31.880666780799999 ], [ -62.081448389, -31.8838259025 ], [ -62.080993563100002, -31.885245454700001 ], [ -62.079906153400003, -31.888933011100001 ], [ -62.077569990900002, -31.896854332099998 ], [ -62.074238885299998, -31.901042325599999 ], [ -62.071432103299998, -31.902708180600001 ], [ -62.070027046, -31.903336462 ], [ -62.070696260299997, -31.905136716299999 ], [ -62.071204123400001, -31.906502865899999 ], [ -62.069592285299997, -31.910521339100001 ], [ -62.062973465500001, -31.918976351600001 ], [ -62.059282716, -31.925206023099999 ], [ -62.053121251, -31.935879178699999 ], [ -62.052726471699998, -31.9365629427 ], [ -62.051067118100001, -31.9394368514 ], [ -62.0486484985, -31.943625425099999 ], [ -62.046168674299999, -31.947919571900002 ], [ -62.046922321499999, -31.954667191199999 ], [ -62.048567246700003, -31.959383692799999 ], [ -62.051207767500003, -31.968953586800001 ], [ -62.0516680697, -31.971217520500002 ], [ -62.054575810099998, -31.9855158471 ], [ -62.054404536200003, -31.992416536 ], [ -62.054406144700003, -31.993038330899999 ], [ -62.054427497699997, -32.001282823 ], [ -62.059018896399998, -32.007549505299998 ], [ -62.064479947899997, -32.015001758700002 ], [ -62.065081380499997, -32.022902358700001 ], [ -62.065301478199999, -32.024422492399999 ], [ -62.066393838499998, -32.0319661204 ], [ -62.065086147800002, -32.04060676 ], [ -62.065814124, -32.042537412 ], [ -62.065932551700001, -32.043381419799999 ], [ -62.066086090600002, -32.044475630100003 ], [ -62.065921033800002, -32.047295130899997 ], [ -62.066431970300002, -32.049715078699997 ], [ -62.067046347199998, -32.0516475712 ], [ -62.0675464228, -32.053582061 ], [ -62.0689637109, -32.055695770500002 ], [ -62.069918083499999, -32.057525594399998 ], [ -62.0725161425, -32.061368411 ], [ -62.072338449699998, -32.063605255 ], [ -62.070601482500003, -32.067273470099998 ], [ -62.069954133499998, -32.0689352618 ], [ -62.06966202, -32.071173971500002 ], [ -62.069940440300002, -32.073403358 ], [ -62.070458545299999, -32.076114587500001 ], [ -62.070961044299999, -32.078146110399999 ], [ -62.0721504001, -32.080263492199997 ], [ -62.076919418499998, -32.084108832299997 ], [ -62.078096115800001, -32.085643636599997 ], [ -62.0787085109, -32.087478985499999 ], [ -62.079105999600003, -32.089900716800003 ], [ -62.078807474, -32.091848113499999 ], [ -62.080225656099998, -32.093961649400001 ], [ -62.081977938599998, -32.095681284500003 ], [ -62.083973561699999, -32.098076569200003 ], [ -62.0853242349, -32.1022308748 ], [ -62.085241056100003, -32.103592150799997 ], [ -62.08481972, -32.1051530537 ], [ -62.084051391, -32.10652561 ], [ -62.082856484600001, -32.1079007023 ], [ -62.081961531899999, -32.110056586500001 ], [ -62.0815379127, -32.111520419599998 ], [ -62.080872561100001, -32.112405506100004 ], [ -62.079638612300002, -32.1133971657 ], [ -62.076118937300002, -32.1143290905 ], [ -62.072930190299999, -32.115414374099998 ], [ -62.068953648399997, -32.116353584199999 ], [ -62.066797621399999, -32.117386614 ], [ -62.066166799, -32.119410082900004 ], [ -62.0671765966, -32.1236672446 ], [ -62.066372832, -32.123486175499998 ], [ -62.066750502200001, -32.125034112400002 ], [ -62.068483134300003, -32.1258799545 ], [ -62.071485139700002, -32.127287720399998 ], [ -62.0725218778, -32.127659271399999 ], [ -62.072769871200002, -32.128529357200001 ], [ -62.071649739599998, -32.12951908 ], [ -62.068691492500001, -32.130053096 ], [ -62.067099484899998, -32.130370402799997 ], [ -62.064934578799999, -32.130636517699998 ], [ -62.0651488548, -32.1350645586 ], [ -62.064950934800002, -32.136427559799998 ], [ -62.063960371599997, -32.138094920699999 ], [ -62.06251919, -32.140060912599999 ], [ -62.060248134399998, -32.140680769900001 ], [ -62.056140655599997, -32.140941781599999 ], [ -62.0532873581, -32.1410852156 ], [ -62.050201961500001, -32.1414674464 ], [ -62.047928993799999, -32.142974775799999 ], [ -62.044341372700003, -32.146043779800003 ], [ -62.0434667918, -32.148759801 ], [ -62.043660962600001, -32.1513969178 ], [ -62.044036224499997, -32.152847728300003 ], [ -62.044301378, -32.1544946482 ], [ -62.044327397899998, -32.155659807699998 ], [ -62.043780175800002, -32.156736996399999 ], [ -62.0428901724, -32.157819856 ], [ -62.041081642599998, -32.158723203299999 ], [ -62.0394973736, -32.159428714299999 ], [ -62.037337791799999, -32.159924603699999 ], [ -62.034964711900002, -32.161152789699997 ], [ -62.032705554, -32.162354699300003 ], [ -62.030991907199997, -32.162382228200002 ], [ -62.025577068300002, -32.161788933099999 ], [ -62.024805387199997, -32.161704361600002 ], [ -62.024192105499999, -32.161490525200001 ], [ -62.022218937700003, -32.161682190400001 ], [ -62.0203365335, -32.161712272499997 ], [ -62.017706414400003, -32.161605311199999 ], [ -62.015923383599997, -32.162262860299997 ], [ -62.011984033200001, -32.163561866099997 ], [ -62.009200321500003, -32.1656094481 ], [ -62.009361777099997, -32.167888786299997 ], [ -62.010538518300002, -32.170030794 ], [ -62.013365216700002, -32.174387015900002 ], [ -62.014146717599999, -32.175654983800001 ], [ -62.014532832599997, -32.177887126199998 ], [ -62.013452585899998, -32.182628050600002 ], [ -62.0132019208, -32.184072420100001 ], [ -62.012615092, -32.186531731099997 ], [ -62.012367877700001, -32.188967053399999 ], [ -62.012022850100003, -32.190413058499999 ], [ -62.011549150699999, -32.191753784100001 ], [ -62.010161501299997, -32.192896165 ], [ -62.006662460900003, -32.196552700399998 ], [ -62.005932093600002, -32.197604686600002 ], [ -62.000896463499998, -32.199925116300001 ], [ -61.999210071299999, -32.200351920499998 ], [ -61.9972450442, -32.200943071899999 ], [ -61.995185644199999, -32.201535819500002 ], [ -61.989856115, -32.202929432399998 ], [ -61.984361180400001, -32.205420915200001 ], [ -61.982010836100002, -32.206708346100001 ], [ -61.980243244, -32.208756438400002 ], [ -61.979595067699996, -32.210209569299998 ], [ -61.976262034500003, -32.2184391475 ], [ -61.9749386851, -32.220095237400002 ], [ -61.973833589599998, -32.221363193199998 ], [ -61.972163997400003, -32.222736095599998 ], [ -61.970383431899997, -32.224206987700001 ], [ -61.967919097500001, -32.225496082900001 ], [ -61.966008524499998, -32.226199242900002 ], [ -61.9626464392, -32.227886916499997 ], [ -61.960515647599998, -32.228882121 ], [ -61.959183604700002, -32.230153339300003 ], [ -61.953269099400003, -32.231870227400002 ], [ -61.952823976099999, -32.234442960599999 ], [ -61.952460151499999, -32.23654571 ], [ -61.951703499099999, -32.2375254811 ], [ -61.951378971899999, -32.237942280699997 ], [ -61.950490397400003, -32.2390834797 ], [ -61.949378571899999, -32.240062766199998 ], [ -61.948849198300003, -32.241802621700003 ], [ -61.948655395300001, -32.2433448739 ], [ -61.949392638299997, -32.246027171800002 ], [ -61.950461421699998, -32.248319631299999 ], [ -61.953984730099997, -32.253692194199999 ], [ -61.955974354399999, -32.256643764800003 ], [ -61.957156483299997, -32.258934401700003 ], [ -61.957636432500003, -32.2601775133 ], [ -61.957902386800001, -32.262001348699997 ], [ -61.958069449900002, -32.264499995 ], [ -61.958683477500003, -32.266703276299999 ], [ -61.95839091, -32.268920482 ], [ -61.957525907399997, -32.270857995900002 ], [ -61.957453851700002, -32.2727832128 ], [ -61.956700104100001, -32.274622716300001 ], [ -61.947666001199998, -32.276745972599997 ], [ -61.944609033200003, -32.276889241299997 ], [ -61.941222164300001, -32.277518638099998 ], [ -61.938848899, -32.277843677200003 ], [ -61.933450886800003, -32.278722479800003 ], [ -61.931905421700002, -32.2810007904 ], [ -61.932157562900002, -32.283656953399998 ], [ -61.932484715699999, -32.2856630725 ], [ -61.933538533899998, -32.288077798 ], [ -61.934871387699999, -32.2902418185 ], [ -61.939739795199998, -32.293225557 ], [ -61.941745214199997, -32.294723882100001 ], [ -61.946098010900002, -32.297642334499997 ], [ -61.949307911, -32.299267600699999 ], [ -61.955043808500001, -32.302033849700003 ], [ -61.956779880900001, -32.302953645400002 ], [ -61.960925950700002, -32.304199968699997 ], [ -61.963869321799997, -32.305392053299997 ], [ -61.966327786800001, -32.307975264299998 ], [ -61.967206156, -32.3089081372 ], [ -61.966805671099998, -32.310225196499999 ], [ -61.965801370199998, -32.311405881100001 ], [ -61.964878095099998, -32.312366963300001 ], [ -61.963314402800002, -32.312432626300001 ], [ -61.961536258499997, -32.313552494500001 ], [ -61.959511744, -32.315185927500004 ], [ -61.957386982800003, -32.316165612 ], [ -61.9552499682, -32.316562865500003 ], [ -61.952423341, -32.3168251106 ], [ -61.949325035, -32.316436080400003 ], [ -61.945435458600002, -32.316096826200003 ], [ -61.9424566394, -32.316323545800003 ], [ -61.9389900647, -32.317143242500002 ], [ -61.936760899100001, -32.3188869767 ], [ -61.9357684995, -32.320649837799998 ], [ -61.935112969800002, -32.322116230100001 ], [ -61.935160983300001, -32.324372887700001 ], [ -61.935124307, -32.325598206 ], [ -61.935110829899997, -32.326048462300001 ], [ -61.934973346600003, -32.3276525526 ], [ -61.934846392600001, -32.329766245599998 ], [ -61.933936534899999, -32.331382179899997 ], [ -61.932513479199997, -32.333078795600002 ], [ -61.930817239600003, -32.334051479499998 ], [ -61.926518121599997, -32.335255258700002 ], [ -61.9251513663, -32.3355674226 ], [ -61.924915267899998, -32.336590420500002 ], [ -61.926576743699997, -32.338021386800001 ], [ -61.927626612600001, -32.338952050899998 ], [ -61.928419122900003, -32.339886504799999 ], [ -61.9290802863, -32.3406580917 ], [ -61.9280991177, -32.340983750299998 ], [ -61.926424889499998, -32.341541896800003 ], [ -61.925267468599998, -32.342208198800002 ], [ -61.924536162199999, -32.343004272899996 ], [ -61.922172982799999, -32.344933592099999 ], [ -61.919335779400001, -32.346638289600001 ], [ -61.918546567, -32.348586767100002 ], [ -61.917973306100002, -32.349906176499999 ], [ -61.9167473925, -32.352331940100001 ], [ -61.9157481162, -32.3543091481 ], [ -61.915461370300001, -32.357007704799997 ], [ -61.915933721, -32.359039451199997 ], [ -61.916154488899998, -32.361366312800001 ], [ -61.917411516400001, -32.363968710199998 ], [ -61.918397322200001, -32.365919809300003 ], [ -61.9193877891, -32.368089298400001 ], [ -61.920292481300002, -32.370259948399998 ], [ -61.920574587, -32.371420824 ], [ -61.920622330599997, -32.3736774833 ], [ -61.920507665, -32.376373419899998 ], [ -61.919941534099998, -32.378870063900003 ], [ -61.919636434300003, -32.380215506 ], [ -61.918310529700001, -32.382493079500001 ], [ -61.913729242400002, -32.385184097 ], [ -61.911412270500001, -32.385292083800003 ], [ -61.908755008200004, -32.385550829400003 ], [ -61.906179287500002, -32.385589815499998 ], [ -61.9047163842, -32.385466287600003 ], [ -61.902312022499999, -32.385502604599999 ], [ -61.901028734400001, -32.38574044 ], [ -61.899397206400003, -32.385765040899997 ], [ -61.897345623900001, -32.386232887299997 ], [ -61.895898240199998, -32.387090369399999 ], [ -61.893858761499999, -32.388140430699998 ], [ -61.892075241500002, -32.389113929700002 ], [ -61.890641115400001, -32.390373320800002 ], [ -61.888952451599998, -32.3917821597 ], [ -61.887867993299999, -32.393327709600001 ], [ -61.886788039199999, -32.395091518 ], [ -61.885174484499998, -32.395989417700001 ], [ -61.883209947700003, -32.396528561099998 ], [ -61.8810688477, -32.396851839100002 ], [ -61.879018412699999, -32.397392064100003 ], [ -61.877225504, -32.397928555900002 ], [ -61.874678363400001, -32.398448309899997 ], [ -61.872211491900003, -32.399610724600002 ], [ -61.871366085, -32.401219835200003 ], [ -61.871050899499998, -32.402608034399996 ], [ -61.870734514500001, -32.403923426699997 ], [ -61.870155736699999, -32.405024378100002 ], [ -61.869397721200002, -32.405763730899999 ], [ -61.868377620300002, -32.406288631099997 ], [ -61.864126297399999, -32.406703896700002 ], [ -61.861347012499998, -32.406975295499997 ], [ -61.858771794699997, -32.407086142 ], [ -61.856785968, -32.4066056574 ], [ -61.854109841899998, -32.407707425600002 ], [ -61.851765238699997, -32.408672637199999 ], [ -61.850461574199997, -32.410659857699997 ], [ -61.850518046700003, -32.413426074199997 ], [ -61.851680717500003, -32.415666400399999 ], [ -61.852237894600002, -32.417697146899997 ], [ -61.852580401899999, -32.420375477500002 ], [ -61.854072320299998, -32.422707289900004 ], [ -61.855395033699999, -32.424362626399997 ], [ -61.856885385699997, -32.425797004300001 ], [ -61.8594805643, -32.426632600600001 ], [ -61.8621571746, -32.427248330399998 ], [ -61.865098952300002, -32.428224330799999 ], [ -61.867275061, -32.429575598200003 ], [ -61.869445534599997, -32.430635615299998 ], [ -61.870848514400002, -32.431998429 ], [ -61.872440166, -32.434159207100002 ], [ -61.872984079200002, -32.435534765500002 ], [ -61.872961013400001, -32.436688711800002 ], [ -61.872941855900002, -32.437647139500001 ], [ -61.8713940616, -32.437597329 ], [ -61.868069800299999, -32.437290318700001 ], [ -61.865280348100001, -32.437032630600001 ], [ -61.863474590099997, -32.436986543499998 ], [ -61.861322289699999, -32.436799905900003 ], [ -61.858770900300001, -32.436837594499998 ], [ -61.857292440400002, -32.438955391100002 ], [ -61.8580520935, -32.440780414 ], [ -61.8600581253, -32.442207132900002 ], [ -61.861877141500003, -32.4443303181 ], [ -61.864349822699999, -32.4461283634 ], [ -61.865400387, -32.447059371899996 ], [ -61.865682394300002, -32.448220233500003 ], [ -61.865192906700003, -32.449931769199999 ], [ -61.864720296500003, -32.451584233699997 ], [ -61.862776595100001, -32.453214991300001 ], [ -61.861072679099998, -32.453968512400003 ], [ -61.858958451900001, -32.455295748399998 ], [ -61.859740414, -32.457469126600003 ], [ -61.861262414099997, -32.4589900382 ], [ -61.862492416, -32.460282530500002 ], [ -61.863208487800001, -32.461655442 ], [ -61.862924609, -32.463314253299998 ], [ -61.8626712529, -32.464794664800003 ], [ -61.8621854298, -32.466258185699999 ], [ -61.861181095399999, -32.467583726900003 ], [ -61.859965993300001, -32.467928577400002 ], [ -61.857062677499997, -32.4675187446 ], [ -61.854361597100002, -32.467137395400002 ], [ -61.851768263099999, -32.466447479 ], [ -61.848060033, -32.465460637299998 ], [ -61.846322469900002, -32.464998187900001 ], [ -61.8434992185, -32.464143497099997 ], [ -61.841045707699998, -32.463400673300001 ], [ -61.838215995100001, -32.462845396100001 ], [ -61.835509790899998, -32.464268188299997 ], [ -61.833189614200002, -32.465487945299998 ], [ -61.832788905400001, -32.467453395100002 ], [ -61.832397661100003, -32.469352377200003 ], [ -61.832774709200002, -32.471837952100003 ], [ -61.833791573100001, -32.474502295 ], [ -61.835541717200002, -32.476005942800001 ], [ -61.836772227700003, -32.477037932 ], [ -61.839293172799998, -32.478384624 ], [ -61.840689078700002, -32.479383607499997 ], [ -61.842340151199998, -32.480233328099999 ], [ -61.843905321, -32.481084148699999 ], [ -61.844354281299999, -32.482024275199997 ], [ -61.844650697900001, -32.4839132058 ], [ -61.844487092500003, -32.485344889799997 ], [ -61.844358955700002, -32.486466169700002 ], [ -61.843088909800002, -32.4874313503 ], [ -61.840778071300001, -32.487974945600001 ], [ -61.838121971699998, -32.488450720099998 ], [ -61.836319614399997, -32.488622550099997 ], [ -61.833669376300001, -32.489389440399997 ], [ -61.830592113, -32.490484212799998 ], [ -61.828757399200001, -32.492966593 ], [ -61.828104171500001, -32.496266782100001 ], [ -61.828032617799998, -32.4981685992 ], [ -61.827985587900002, -32.499418588499999 ], [ -61.8271552386, -32.500886989199998 ], [ -61.825981057699998, -32.502360376399999 ], [ -61.824270228, -32.502822142100001 ], [ -61.820742215899998, -32.502965250599999 ], [ -61.818684405900001, -32.503048676699997 ], [ -61.817138103799998, -32.503143848400001 ], [ -61.814721037399998, -32.504558989400003 ], [ -61.814567817700002, -32.507400308500003 ], [ -61.814444533299998, -32.509686432899997 ], [ -61.814992313499999, -32.5119130032 ], [ -61.814177847099998, -32.513304161 ], [ -61.813730850799999, -32.514067638 ], [ -61.8119235403, -32.514020865799999 ], [ -61.809701424, -32.513844133600003 ], [ -61.808441333799998, -32.516234440200002 ], [ -61.809696669899999, -32.5184151761 ], [ -61.811171979100003, -32.519420241600002 ], [ -61.813006866199999, -32.520850138699998 ], [ -61.813719800500003, -32.522077724100001 ], [ -61.815389009800001, -32.523801404300002 ], [ -61.816435638, -32.5245143892 ], [ -61.815864274399999, -32.526051801 ], [ -61.814759471, -32.526723163600003 ], [ -61.811767819, -32.5257113491 ], [ -61.809536246900002, -32.524956541 ], [ -61.806893868099998, -32.524870336100001 ], [ -61.805038780499999, -32.524655929600002 ], [ -61.803207384099998, -32.525505846900003 ], [ -61.801175201200003, -32.526621592200001 ], [ -61.800691124399997, -32.528745882800003 ], [ -61.800421415199999, -32.532193994499998 ], [ -61.800272285299997, -32.534100475199999 ], [ -61.799541691500004, -32.536295511600002 ], [ -61.799133234800003, -32.537393714099998 ], [ -61.798465353200001, -32.538422666700001 ], [ -61.7973878269, -32.5404770062 ], [ -61.796014509800003, -32.54202715 ], [ -61.7955992491, -32.542346543199997 ], [ -61.793564818, -32.544061790400001 ], [ -61.793010589399998, -32.544251324599998 ], [ -61.791710905800002, -32.544695775699999 ], [ -61.790494061099999, -32.544981316700003 ], [ -61.789781687, -32.545148474 ], [ -61.786062904600001, -32.545869602499998 ], [ -61.783493737, -32.546635138900001 ], [ -61.781358415299998, -32.5475766721 ], [ -61.779940940199999, -32.548508006600002 ], [ -61.778837082499997, -32.550771493799999 ], [ -61.7779553636, -32.553396358500002 ], [ -61.777853948900002, -32.555524143 ], [ -61.778466589499999, -32.557459491800003 ], [ -61.779939074200001, -32.559321974699998 ], [ -61.781608057299998, -32.560209577800002 ], [ -61.782690299899997, -32.560949061499997 ], [ -61.783856681800003, -32.561843898399999 ], [ -61.784025591599999, -32.56311728 ], [ -61.783695438, -32.564579941700003 ], [ -61.7824957897, -32.565629724899999 ], [ -61.781008465200003, -32.5666837112 ], [ -61.779159450900003, -32.567733388 ], [ -61.778549905200002, -32.569452289200001 ], [ -61.778502203499997, -32.570668057500001 ], [ -61.778381306100002, -32.571824038800003 ], [ -61.779154408099998, -32.574265331900001 ], [ -61.780330697300002, -32.575988431900001 ], [ -61.781065619499998, -32.576828443399997 ], [ -61.781654156599998, -32.5775491534 ], [ -61.782098123799997, -32.578211088499998 ], [ -61.782397519600003, -32.578814386600001 ], [ -61.782483633299996, -32.579542219099999 ], [ -61.782433581900001, -32.5806365105 ], [ -61.781874747899998, -32.581434178499997 ], [ -61.780946326299997, -32.581690361600003 ], [ -61.779168982400002, -32.581715545199998 ], [ -61.777649545300001, -32.582040759199998 ], [ -61.775995942100003, -32.581765504899998 ], [ -61.774137786200001, -32.5829861064 ], [ -61.772930300200002, -32.583671385800002 ], [ -61.771574317099997, -32.584115729600001 ], [ -61.770365914599999, -32.584740311399997 ], [ -61.7689234375, -32.585298549699999 ], [ -61.768029671, -32.586474344499997 ], [ -61.767467096899999, -32.587089807799998 ], [ -61.766839967800003, -32.588070568399999 ], [ -61.766768190400001, -32.5888010862 ], [ -61.7667204125, -32.589287343099997 ], [ -61.766744251900001, -32.590502100800002 ], [ -61.766970739800001, -32.591437788599997 ], [ -61.767213218800002, -32.592439515499997 ], [ -61.767947855099997, -32.593279742 ], [ -61.769055957399999, -32.594843622799999 ], [ -61.769728482600001, -32.596170749 ], [ -61.770621373499999, -32.597122484300002 ], [ -61.771416003100001, -32.597969459300003 ], [ -61.772879791199998, -32.5993462267 ], [ -61.774427301899998, -32.601329064700003 ], [ -61.775171977600003, -32.602655138499998 ], [ -61.7764203495, -32.604313516799998 ], [ -61.776585355, -32.605404761400003 ], [ -61.776176051900002, -32.606503993600001 ], [ -61.775188518199997, -32.607429341200003 ], [ -61.773691165899997, -32.6079972207 ], [ -61.772190205699999, -32.6083829385 ], [ -61.7706857286, -32.608909824100003 ], [ -61.769478992099998, -32.60933242 ], [ -61.768386227699999, -32.609981081199997 ], [ -61.767277501899997, -32.610639198 ], [ -61.766498128199999, -32.611196886499997 ], [ -61.766143255599999, -32.612149737499998 ], [ -61.765883953600003, -32.6128459639 ], [ -61.7659786384, -32.613998898699997 ], [ -61.766580437400002, -32.615387717099999 ], [ -61.767249824799997, -32.616532563 ], [ -61.768277830400002, -32.6176723548 ], [ -61.770707074100002, -32.6205270524 ], [ -61.772767510400001, -32.622988833599997 ], [ -61.774467607, -32.625394849099997 ], [ -61.775596638499998, -32.627991248100003 ], [ -61.776264729300003, -32.629075372 ], [ -61.776809474799997, -32.63119399 ], [ -61.776780966099999, -32.6333814061 ], [ -61.776881518499998, -32.634838081700003 ], [ -61.776547752200003, -32.636118574199998 ], [ -61.776217265600003, -32.637581213499999 ], [ -61.776099893400001, -32.638919464499999 ], [ -61.776060569899997, -32.640560313 ], [ -61.775946548199997, -32.641689456599998 ], [ -61.776261433, -32.643082275700003 ], [ -61.778172755900002, -32.645242218500002 ], [ -61.780140269199997, -32.6466115992 ], [ -61.781161884299998, -32.647386973300002 ], [ -61.783420707, -32.648934358799998 ], [ -61.783948873500002, -32.650202615200001 ], [ -61.784702262499998, -32.6519536968 ], [ -61.7848822813, -32.653773751700001 ], [ -61.7851328502, -32.655531980100001 ], [ -61.785247173899997, -32.6576566687 ], [ -61.784876096600001, -32.660699501 ], [ -61.784452785, -32.661413838900003 ], [ -61.783405071300002, -32.662947511900001 ], [ -61.782630188699997, -32.663748255 ], [ -61.781997914, -32.664486282399999 ], [ -61.7812926649, -32.665164521 ], [ -61.780735740899999, -32.666083665599999 ], [ -61.780178806, -32.667002808100001 ], [ -61.779624583100002, -32.6680435536 ], [ -61.7792964629, -32.669627669699999 ], [ -61.779466790900003, -32.670961836700002 ], [ -61.780132862800002, -32.671924446799999 ], [ -61.780734102399997, -32.673252359300001 ], [ -61.781691505300003, -32.674393017200003 ], [ -61.7827997049, -32.675896046 ], [ -61.783616940800002, -32.677221008799997 ], [ -61.783995722699999, -32.678187680400001 ], [ -61.784152542900003, -32.678853671699997 ], [ -61.783956249299997, -32.679828521700003 ], [ -61.783316634800002, -32.680202138799999 ], [ -61.781889917, -32.680769129700003 ], [ -61.780017474600001, -32.680613523399998 ], [ -61.778497283500002, -32.680088236300001 ], [ -61.776400818500001, -32.679510407499997 ], [ -61.775030524899996, -32.679286791499997 ], [ -61.773589358400002, -32.679124984399998 ], [ -61.772297731899997, -32.679264748599998 ], [ -61.768849176700002, -32.679604036599997 ], [ -61.7678698052, -32.680035268600001 ], [ -61.767851222, -32.680043450900001 ], [ -61.766640023699999, -32.6806072324 ], [ -61.765800243599998, -32.681773312700003 ], [ -61.76588182, -32.683170043300002 ], [ -61.766284116199998, -32.6844396686 ], [ -61.767321617199997, -32.686004516099999 ], [ -61.767484317, -32.686974284 ], [ -61.768434525399996, -32.687750620099997 ], [ -61.769675765700001, -32.688705171700001 ], [ -61.770914633499999, -32.689538236499999 ], [ -61.773102294399997, -32.691086785300001 ], [ -61.774052282699998, -32.691863079699999 ], [ -61.775215848499997, -32.692514972300003 ], [ -61.776308540700001, -32.693228543099998 ], [ -61.776898158400002, -32.693949096799997 ], [ -61.776838101499997, -32.694557483700002 ], [ -61.7762716517, -32.694990851900002 ], [ -61.7749008077, -32.694767247500003 ], [ -61.773735123100003, -32.693993875399997 ], [ -61.771632356700003, -32.693112362900003 ], [ -61.7700351095, -32.692345187500003 ], [ -61.768658639500003, -32.691817756200003 ], [ -61.766528218700003, -32.691359184500001 ], [ -61.764774216, -32.6920626036 ], [ -61.763797627199999, -32.693283623299997 ], [ -61.763535276900001, -32.694563074100003 ], [ -61.763343506699997, -32.695780709799998 ], [ -61.763436792299999, -32.696872965700003 ], [ -61.763460685799998, -32.698087704700001 ], [ -61.764795328600002, -32.700134418300003 ], [ -61.765610187199997, -32.701545988100001 ], [ -61.766199782, -32.702266728700003 ], [ -61.766865963699999, -32.703229401599998 ], [ -61.767601551, -32.7040694485 ], [ -61.768635723800003, -32.705452129900003 ], [ -61.769153578599997, -32.706173867099999 ], [ -61.769739324500001, -32.706712451100003 ], [ -61.769964603600002, -32.7071951633 ], [ -61.7695440245, -32.707747950300003 ], [ -61.768393791, -32.7077641793 ], [ -61.767592046399997, -32.707228634400003 ], [ -61.766343381799999, -32.705909788600003 ], [ -61.764656214399999, -32.7042324433 ], [ -61.763048381300003, -32.702918616700003 ], [ -61.7608590806, -32.701309098300001 ], [ -61.7582847758, -32.699278503099997 ], [ -61.756825452199998, -32.6982053885 ], [ -61.755157635899998, -32.697499834 ], [ -61.752049605700002, -32.696692743100002 ], [ -61.7502501401, -32.696596364100003 ], [ -61.748955845600001, -32.696614422400003 ], [ -61.747165851699997, -32.697003898699997 ], [ -61.745161043800003, -32.697457025299997 ], [ -61.743379280600003, -32.698271543399997 ], [ -61.742670804699998, -32.698828245800001 ], [ -61.741891712300003, -32.699446611 ], [ -61.740708620600003, -32.7003763819 ], [ -61.739988131799997, -32.7024998646 ], [ -61.742938681299997, -32.705203350600001 ], [ -61.744984748699999, -32.7068760015 ], [ -61.746672795099997, -32.708614291 ], [ -61.7478494271, -32.709934478100003 ], [ -61.748739471299999, -32.711319336700001 ], [ -61.749419769399999, -32.713010816 ], [ -61.749654449399998, -32.713979601699997 ], [ -61.749605185599997, -32.715134543 ], [ -61.7495461201, -32.715803590699998 ], [ -61.749128930099999, -32.716538457699997 ], [ -61.748630448699998, -32.716788427099999 ], [ -61.747486882499999, -32.7171688962 ], [ -61.746187865700001, -32.716943982399997 ], [ -61.7442275266, -32.715999212100002 ], [ -61.741984546600001, -32.714674304500001 ], [ -61.736905388300002, -32.71212311 ], [ -61.728961308199999, -32.709602287 ], [ -61.721487580500003, -32.708389816599997 ], [ -61.714132401500002, -32.707551077 ], [ -61.7072363224, -32.707457261599998 ], [ -61.698295652900001, -32.710960943899998 ], [ -61.696258205, -32.712261060800003 ], [ -61.690526281099999, -32.715918288200001 ], [ -61.689453292300001, -32.716602842500002 ], [ -61.692199662299998, -32.727438114199998 ], [ -61.690319080199998, -32.735272785600003 ], [ -61.689807516899997, -32.739743452900001 ], [ -61.689378408700001, -32.743493248500002 ], [ -61.689307842200002, -32.744670424699997 ], [ -61.689224836100003, -32.746055092299997 ], [ -61.687928860900001, -32.747585308200001 ], [ -61.686114175199997, -32.7477112232 ], [ -61.684670415299998, -32.746982532799997 ], [ -61.678081929599998, -32.743791893299999 ], [ -61.674381966, -32.7434117297 ], [ -61.6634785635, -32.742290770499999 ], [ -61.6602736651, -32.742572474100001 ], [ -61.657724542, -32.7429546567 ], [ -61.656729570700001, -32.743069426600002 ], [ -61.650072034300003, -32.744063198600003 ], [ -61.646516870299997, -32.745217213499998 ], [ -61.645118092799997, -32.746946792 ], [ -61.6440897763, -32.749376105300001 ], [ -61.644936047800002, -32.752681086499997 ], [ -61.645117319400001, -32.753388978700002 ], [ -61.645693288700002, -32.754094396299998 ], [ -61.646337063099999, -32.754882841200001 ], [ -61.647374170600003, -32.755823748600001 ], [ -61.651914983499999, -32.7599430195 ], [ -61.6524727567, -32.765827606499997 ], [ -61.651499978300002, -32.7777181501 ], [ -61.650132301600003, -32.787411902899997 ], [ -61.649805969200003, -32.789316196400002 ], [ -61.648623122899998, -32.796553669200001 ], [ -61.642314782299998, -32.803783317700002 ], [ -61.6394346752, -32.805458508199997 ], [ -61.637003236699996, -32.806872635300003 ], [ -61.624384231299999, -32.813100741900001 ], [ -61.61810985, -32.817586776 ], [ -61.614713330299999, -32.818717921900003 ], [ -61.612201985699997, -32.820783432299997 ], [ -61.609991621200002, -32.822680115499999 ], [ -61.608746648500002, -32.825871509499997 ], [ -61.607968271600001, -32.827508612400003 ], [ -61.607584217, -32.828316343300003 ], [ -61.603373722, -32.830930132500001 ], [ -61.601378688, -32.832074910700001 ], [ -61.599678210100002, -32.833478199699996 ], [ -61.599074065099998, -32.833878655299998 ], [ -61.598369486700001, -32.833752241600003 ], [ -61.5977026694, -32.833641973699997 ], [ -61.596998512799999, -32.833495103899999 ], [ -61.595767855299997, -32.833250546599999 ], [ -61.594349544499998, -32.832784634900001 ], [ -61.592558258300002, -32.831522464499997 ], [ -61.590141530099999, -32.8299539637 ], [ -61.589423463599999, -32.829446103899997 ], [ -61.5885380056, -32.82858664 ], [ -61.587214067200001, -32.8277028515 ], [ -61.585313521, -32.827621258199997 ], [ -61.582878651800002, -32.827853889899998 ], [ -61.578610577, -32.828294919500003 ], [ -61.577929396099996, -32.828419196299997 ], [ -61.575012790800002, -32.828921559400001 ], [ -61.571647521599999, -32.829589866100001 ], [ -61.562487667299997, -32.830924272399997 ], [ -61.560057951700003, -32.830363174200002 ], [ -61.557427073500001, -32.829682620600003 ], [ -61.550195308699998, -32.825524370300002 ], [ -61.542480224099997, -32.821009658900003 ], [ -61.535908072600002, -32.816723295599999 ], [ -61.535360548699998, -32.816366165 ], [ -61.531795859799999, -32.810269554199998 ], [ -61.5216455857, -32.800466492600002 ], [ -61.511109864300003, -32.793159806399999 ], [ -61.509406851, -32.791978539900001 ], [ -61.507523155599998, -32.790671881500003 ], [ -61.505259913700002, -32.788024330100001 ], [ -61.504116253200003, -32.786686392599997 ], [ -61.494462353099998, -32.780484730200001 ], [ -61.493220953200002, -32.780329984799998 ], [ -61.492089348699999, -32.779971595900001 ], [ -61.488988443700002, -32.778989444700002 ], [ -61.488110669699999, -32.778755610099999 ], [ -61.487069094799999, -32.778582951700002 ], [ -61.482823214200003, -32.777918420600002 ], [ -61.479803256899999, -32.777445667 ], [ -61.477564626499998, -32.777095174099998 ], [ -61.475988514800001, -32.776745579900002 ], [ -61.473255466499999, -32.776139313800002 ], [ -61.470968761599998, -32.775943069299998 ], [ -61.464003263099997, -32.775345028099999 ], [ -61.4624515597, -32.7752332178 ], [ -61.461671350899998, -32.775167746699999 ], [ -61.4591673826, -32.775196941799997 ], [ -61.451730474199998, -32.775972436399996 ], [ -61.449960473, -32.776128958800001 ], [ -61.445232938, -32.7763651223 ], [ -61.442432051, -32.776845712499998 ], [ -61.438099401, -32.777326912600003 ], [ -61.437589132699998, -32.777726502199997 ], [ -61.432418824599999, -32.778729417199997 ], [ -61.431363561200001, -32.778943800100002 ], [ -61.424842803700002, -32.780993537900002 ], [ -61.424121070799998, -32.781029067299997 ], [ -61.422640823499997, -32.7811019237 ], [ -61.417566451100001, -32.7813153042 ], [ -61.409426575300003, -32.782245036299997 ], [ -61.4038751549, -32.782878803199999 ], [ -61.396907621499999, -32.784587993499997 ], [ -61.395163497699997, -32.7874425571 ], [ -61.393505086, -32.790156651499998 ], [ -61.392213669299998, -32.79227001 ], [ -61.388055036899999, -32.797971302199997 ], [ -61.386777235700002, -32.799505123199999 ], [ -61.3762350242, -32.801327309100003 ], [ -61.3666098088, -32.802819747100003 ], [ -61.350515386300003, -32.7956459133 ], [ -61.347420075599999, -32.793801848 ], [ -61.3465015421, -32.793254591699998 ], [ -61.3435430177, -32.791295116 ], [ -61.342914357, -32.7911642949 ], [ -61.339983049300002, -32.789204364699998 ], [ -61.334245953100002, -32.785454637800001 ], [ -61.333470388099997, -32.784947688499997 ], [ -61.323354567, -32.770357934700002 ], [ -61.3203056029, -32.767278617400002 ], [ -61.317797927900003, -32.764916457 ], [ -61.304855736199997, -32.757927340599998 ], [ -61.3041283994, -32.757529272100001 ], [ -61.292980796, -32.7512941938 ], [ -61.286273026700002, -32.749148578499998 ], [ -61.282206089, -32.74793061 ], [ -61.279447811799997, -32.747104464700001 ], [ -61.273967106699999, -32.747361635200001 ], [ -61.267969586600003, -32.744805141800001 ], [ -61.264474231900003, -32.7421224677 ], [ -61.2565794717, -32.738602611499999 ], [ -61.253628438500002, -32.7372867001 ], [ -61.250617226300001, -32.736962512600002 ], [ -61.248494581099997, -32.736733943200001 ], [ -61.246027855100003, -32.737411911800002 ], [ -61.245736621, -32.737424269199998 ], [ -61.239909006600001, -32.737671398800003 ], [ -61.227520291099999, -32.736922354800001 ], [ -61.218542348299998, -32.734106448 ], [ -61.2001544198, -32.721798900099998 ], [ -61.192171050200002, -32.716068008599997 ], [ -61.186204979400003, -32.706833404900003 ], [ -61.180973411, -32.701075826599997 ], [ -61.171966025099998, -32.695643645200001 ], [ -61.1632696295, -32.687594648599998 ], [ -61.157685662, -32.680968181200001 ], [ -61.154843555399999, -32.6737355267 ], [ -61.149257377200001, -32.666818377299997 ], [ -61.139406182599998, -32.648615849499997 ], [ -61.135182023699997, -32.640524204499997 ], [ -61.1301549095, -32.630258377099999 ], [ -61.1269513588, -32.621286075699999 ], [ -61.120637194300002, -32.610599428699999 ], [ -61.114703415500003, -32.6028125403 ], [ -61.106725709800003, -32.596204820700002 ], [ -61.102105420800001, -32.593247823699997 ], [ -61.096296124, -32.588950515199997 ], [ -61.091661166900003, -32.585857651600001 ], [ -61.089148955600002, -32.581132755100001 ], [ -61.084676252, -32.573434259099997 ], [ -61.071790775899998, -32.565515673100002 ], [ -61.062449905900003, -32.559819304599998 ], [ -61.0506355797, -32.551745463800003 ], [ -61.028742870599999, -32.54048406 ], [ -61.021856494, -32.53744083 ], [ -61.021337751200001, -32.537158705300001 ], [ -61.013565031900001, -32.532930940900002 ], [ -60.967055963500002, -32.518504268599997 ], [ -60.948582172899997, -32.513215926 ], [ -60.932847243099999, -32.509348966700003 ], [ -60.923272597599997, -32.508350112499997 ], [ -60.913698145799998, -32.507350525600003 ], [ -60.897861112699999, -32.5030644028 ], [ -60.893868583900002, -32.501983486100002 ], [ -60.887425506299998, -32.497836210800003 ], [ -60.880983016599998, -32.493688592600002 ], [ -60.867513534099999, -32.484455195099997 ], [ -60.861531928600002, -32.479586875199999 ], [ -60.855550966700001, -32.474718256300001 ], [ -60.851123092900004, -32.469781792299997 ], [ -60.846695705, -32.464845160599999 ], [ -60.842263641300001, -32.461874696800002 ], [ -60.837831867399998, -32.458904070700001 ], [ -60.832448971799998, -32.456036453899998 ], [ -60.827066414199997, -32.4531686001 ], [ -60.821036535799998, -32.449638048399997 ], [ -60.815007124300003, -32.446107198500002 ], [ -60.807713727500001, -32.442722597100001 ], [ -60.801232811699997, -32.439883480600002 ], [ -60.8034499818, -32.446590902899999 ], [ -60.804770949900004, -32.451628418699997 ], [ -60.808557510900002, -32.459008907899999 ], [ -60.811137243200001, -32.468761664 ], [ -60.815744808600002, -32.475155273200002 ], [ -60.825237097799999, -32.484856928500001 ], [ -60.831342148399997, -32.4889277009 ], [ -60.834435199799998, -32.495330578699999 ], [ -60.8331077299, -32.515894030399998 ], [ -60.827393644200001, -32.521584278399999 ], [ -60.823717014800003, -32.536472027099997 ], [ -60.82009427, -32.561644790400003 ], [ -60.811489893400001, -32.584055323800001 ], [ -60.801726159499999, -32.600418252399997 ], [ -60.793652086900003, -32.621426938799999 ], [ -60.794934683699999, -32.641910470799999 ], [ -60.7934260822, -32.658220134300002 ], [ -60.790231060300002, -32.670814637500001 ], [ -60.7942500264, -32.679352079700003 ], [ -60.800288259299997, -32.683299528 ], [ -60.802932324300002, -32.6912542966 ], [ -60.811284048700003, -32.695469573099999 ], [ -60.818614350300003, -32.698022213500003 ], [ -60.828322934299997, -32.699609477 ], [ -60.816763403, -32.703122444 ], [ -60.807747221100001, -32.702093801399997 ], [ -60.797428502199999, -32.699261044700002 ], [ -60.790550813099998, -32.697492847299998 ], [ -60.782380480800001, -32.695007640299998 ], [ -60.770348046, -32.692183332299997 ], [ -60.753157887299999, -32.689837387799997 ], [ -60.743355862100003, -32.695244981 ], [ -60.741340934100002, -32.697991258099997 ], [ -60.7394710389, -32.700539682900001 ], [ -60.737194202399998, -32.705900770299998 ], [ -60.735960431599999, -32.709829655299998 ], [ -60.732609167699998, -32.712879650600001 ], [ -60.730097365799999, -32.7153898774 ], [ -60.724863760799998, -32.7205896655 ], [ -60.7291002885, -32.722525918400002 ], [ -60.733978893900002, -32.7255278202 ], [ -60.737804048800001, -32.728713966599997 ], [ -60.744390965299999, -32.734022686 ], [ -60.7486555208, -32.740726819899997 ], [ -60.750820349900003, -32.746088584600002 ], [ -60.753133595800001, -32.750732785899999 ], [ -60.755946273500001, -32.755145909699998 ], [ -60.759200812899998, -32.757080670699999 ], [ -60.7641884146, -32.758121939900001 ], [ -60.763139374, -32.758672063500001 ], [ -60.761190361200001, -32.759485917600003 ], [ -60.760755777299998, -32.759957946100002 ], [ -60.759747915399998, -32.761052622699999 ], [ -60.758973945100003, -32.762164261800002 ], [ -60.758040158599997, -32.763638530100003 ], [ -60.757345524599998, -32.764365199300002 ], [ -60.756330745299998, -32.765613485199999 ], [ -60.755342037, -32.766590139199998 ], [ -60.754191713700003, -32.767227977200001 ], [ -60.753183669899997, -32.767799123800003 ], [ -60.752318423200002, -32.768331355699999 ], [ -60.750418436700002, -32.768848461600001 ], [ -60.749588854199999, -32.7692135494 ], [ -60.748973025, -32.769351575 ], [ -60.747073829800001, -32.770535148699999 ], [ -60.746994955, -32.771146372399997 ], [ -60.746836427399998, -32.772052041099997 ], [ -60.746623485199997, -32.772618499799997 ], [ -60.746035908099998, -32.7733673432 ], [ -60.7454479361, -32.773957794700003 ], [ -60.744940440299999, -32.774593205 ], [ -60.744887900400002, -32.775023313600002 ], [ -60.744943789399997, -32.775973453600002 ], [ -60.744918205499999, -32.776471345600001 ], [ -60.7450544179, -32.777398565799999 ], [ -60.745218635699999, -32.7788234824 ], [ -60.745434298200003, -32.7793657498 ], [ -60.745275576700003, -32.780203534800002 ], [ -60.744769362600003, -32.781381992500002 ], [ -60.744503347299997, -32.7821749123 ], [ -60.743916784900001, -32.783376285800003 ], [ -60.742100322200002, -32.785690844800001 ], [ -60.741727253599997, -32.786552027500001 ], [ -60.741165800799997, -32.787074481399998 ], [ -60.741033498500002, -32.787776402 ], [ -60.740780033100002, -32.788839524799997 ], [ -60.740315700899998, -32.790218575899999 ], [ -60.740380578699998, -32.792103777599998 ], [ -60.740426433400003, -32.793436149800002 ], [ -60.7406639668, -32.794590038599999 ], [ -60.7408464954, -32.795476703600002 ], [ -60.741022249099998, -32.79633044 ], [ -60.741031063599998, -32.797393080399999 ], [ -60.741037633799998, -32.79818512 ], [ -60.741047621699998, -32.799389092299997 ], [ -60.741156808100001, -32.800415882300001 ], [ -60.740522084399998, -32.801898099 ], [ -60.739774165100002, -32.802287942200003 ], [ -60.739645825799997, -32.802945008899997 ], [ -60.739434836800001, -32.803421631900001 ], [ -60.739301829200002, -32.803603566200003 ], [ -60.739008633300003, -32.803944995400002 ], [ -60.738554579899997, -32.804378042400003 ], [ -60.7378850853, -32.804835201499998 ], [ -60.737296013, -32.805246548699998 ], [ -60.736599769199998, -32.805726512299998 ], [ -60.736116302799999, -32.805910857599997 ], [ -60.735254320700001, -32.805984671399997 ], [ -60.734824765500001, -32.806168640899998 ], [ -60.734232799200001, -32.806285844400001 ], [ -60.733668892499999, -32.806515986800001 ], [ -60.733159560600001, -32.806813632699999 ], [ -60.732488476900002, -32.807112385899998 ], [ -60.731846329100001, -32.807614579099997 ], [ -60.730987406899999, -32.808005118799997 ], [ -60.730130235700003, -32.808576655700001 ], [ -60.729380449, -32.809102199199998 ], [ -60.729166755900003, -32.809307301 ], [ -60.7286335063, -32.809921868099998 ], [ -60.7284550587, -32.810607292 ], [ -60.728106481899999, -32.811234989 ], [ -60.715007699399997, -32.848683631500002 ], [ -60.711596483900003, -32.859045433200002 ], [ -60.7116020944, -32.859748100799997 ], [ -60.711610623399999, -32.860816225800001 ], [ -60.7117661248, -32.861545634800002 ], [ -60.711868427, -32.862025495799998 ], [ -60.7120042926, -32.862662781600001 ], [ -60.712085454899999, -32.863043474 ], [ -60.712147221599999, -32.863333188399999 ], [ -60.712256399099999, -32.8634944103 ], [ -60.712517950900001, -32.8638806397 ], [ -60.712644184, -32.864309294199998 ], [ -60.712966115199997, -32.865077371 ], [ -60.713395354500001, -32.865913153100003 ], [ -60.713533906899997, -32.8662968772 ], [ -60.713755333899996, -32.866883684900003 ], [ -60.713792614200003, -32.867399593199998 ], [ -60.713933172499999, -32.867645528200001 ], [ -60.714079263499997, -32.86811722 ], [ -60.713992151399999, -32.868954439699998 ], [ -60.713641711100003, -32.869492363200003 ], [ -60.713188261900001, -32.870188393500001 ], [ -60.712730552399996, -32.87071979 ], [ -60.712312217, -32.8710627102 ], [ -60.711982916399997, -32.871600323800003 ], [ -60.711688194499999, -32.8717140933 ], [ -60.711158738899996, -32.871918473100003 ], [ -60.7105478613, -32.872245549100001 ], [ -60.709426501199999, -32.872604293400002 ], [ -60.708851107500003, -32.873015966 ], [ -60.708162885, -32.873508354899997 ], [ -60.707548853699997, -32.873947656 ], [ -60.706272142700001, -32.874557574900003 ], [ -60.705478460400002, -32.875113729799999 ], [ -60.705013596500002, -32.875912480799997 ], [ -60.704634375300003, -32.876912979099998 ], [ -60.704410474200003, -32.877662277399999 ], [ -60.704108629099998, -32.878525886600002 ], [ -60.703619590499997, -32.879437988799999 ], [ -60.703395674900001, -32.880187285200002 ], [ -60.703092160099999, -32.880983164600003 ], [ -60.702794144899997, -32.882004800799997 ], [ -60.7025268756, -32.883183989199999 ], [ -60.7022304981, -32.884273351099999 ], [ -60.701889668299998, -32.885747454 ], [ -60.701667374, -32.8865644742 ], [ -60.701311671799999, -32.887429030299998 ], [ -60.700935662699997, -32.888564971100003 ], [ -60.700582695800001, -32.8895424038 ], [ -60.6999239222, -32.890957824499999 ], [ -60.699484982500003, -32.891823466799998 ], [ -60.698997243800001, -32.892958316799998 ], [ -60.698701342200003, -32.894070245400002 ], [ -60.698273115200003, -32.895274857899999 ], [ -60.697913500799999, -32.895981374 ], [ -60.6976536787, -32.896405769700003 ], [ -60.697810298299999, -32.897270572 ], [ -60.697954707599997, -32.897674553800002 ], [ -60.698148530499999, -32.8978969769 ], [ -60.698393414900004, -32.898005568400002 ], [ -60.6987448171, -32.898067102100001 ], [ -60.699286198099998, -32.898193026100003 ], [ -60.6998297803, -32.898409250699999 ], [ -60.700183872300002, -32.898571058800002 ], [ -60.700468209199997, -32.899019566100002 ], [ -60.700424472800002, -32.899618326899997 ], [ -60.700250441900003, -32.900208632800002 ], [ -60.699997343900002, -32.900868095699998 ], [ -60.700338906, -32.901629948100002 ], [ -60.700511339800002, -32.902078601 ], [ -60.701367418499999, -32.902966843199998 ], [ -60.701766258, -32.903382992700003 ], [ -60.702189528300003, -32.903641200099997 ], [ -60.702896711, -32.903865722299997 ], [ -60.703737403300003, -32.904121828900003 ], [ -60.7044660671, -32.904199235500002 ], [ -60.705251300900002, -32.904388560199997 ], [ -60.705766374699998, -32.904537509 ], [ -60.706468137500003, -32.904615381799999 ], [ -60.7079402337, -32.904919050700002 ], [ -60.693447876900002, -32.918351615100001 ], [ -60.693114134399998, -32.931096189500003 ], [ -60.708107871, -32.929836705500001 ], [ -60.707632297700002, -32.934610669100003 ], [ -60.722933451400003, -32.931604869499999 ], [ -60.721729835700003, -32.951614423400002 ], [ -60.735801055400003, -32.964077401099999 ], [ -60.737856195600003, -32.965485842600003 ], [ -60.7385623694, -32.966805646099999 ], [ -60.739278096900001, -32.968509222400002 ], [ -60.756528271599997, -33.031309312600001 ], [ -60.757897222899999, -33.034925597700003 ], [ -60.7528275142, -33.032839644100001 ] ], [ [ -61.385308028399997, -33.584084809899998 ], [ -61.384363414299997, -33.5837981532 ], [ -61.391414646699999, -33.585937728499999 ], [ -61.385308028399997, -33.584084809899998 ] ] ] ] } },
{ "type": "Feature", "properties": { "Area": 28624.39, "Perim": 1063.712, "Nombre": "Región 2" }, "geometry": { "type": "MultiPolygon", "coordinates": [ [ [ [ -59.496211828800035, -27.999590990577271 ], [ -59.246214167800019, -27.999583416377281 ], [ -59.164525049000012, -27.999631434977282 ], [ -59.168359987700022, -28.029692565977754 ], [ -59.173281305000046, -28.038569473477946 ], [ -59.175181038300025, -28.048325800878086 ], [ -59.177462296800037, -28.052873370978165 ], [ -59.182365591400043, -28.062637708978315 ], [ -59.176580319100026, -28.073346128178496 ], [ -59.174383347600006, -28.080916226178616 ], [ -59.176435688700003, -28.092303471678829 ], [ -59.176181839900025, -28.105003743079006 ], [ -59.174131816800035, -28.113775516679166 ], [ -59.178348733700027, -28.122016030779299 ], [ -59.179693592700026, -28.132766993279457 ], [ -59.182475184799998, -28.142262642879622 ], [ -59.213957370800046, -28.1529257258798 ], [ -59.221604535500042, -28.175288651080177 ], [ -59.223783332400032, -28.187338383080359 ], [ -59.238763521000045, -28.205905016180665 ], [ -59.250845906600027, -28.208048345380686 ], [ -59.264613995900035, -28.20588049328067 ], [ -59.276587167900026, -28.201459223980581 ], [ -59.284559500000022, -28.199899316780545 ], [ -59.297959856200016, -28.198366893080539 ], [ -59.307753455400032, -28.194892757380487 ], [ -59.316080651300048, -28.194293886280494 ], [ -59.327310753400013, -28.192427353080451 ], [ -59.338518753300036, -28.19408380578048 ], [ -59.344658885300049, -28.196035531780502 ], [ -59.350464462200044, -28.193500278980444 ], [ -59.358077169100042, -28.191293621880423 ], [ -59.363512759200034, -28.19003752928041 ], [ -59.37038437450002, -28.19071004598041 ], [ -59.375446755200031, -28.191373975680431 ], [ -59.382303808600042, -28.19460876598048 ], [ -59.398180685599982, -28.194276180980481 ], [ -59.410253069746993, -28.19451074338528 ], [ -59.42500572798307, -28.192607174580615 ], [ -59.477115924010725, -28.179282192947774 ], [ -59.514592434852574, -28.17154894467868 ], [ -59.541956236419601, -28.164410561661096 ], [ -59.567018041899992, -28.154139918179791 ], [ -59.596088974302262, -28.151918391380264 ], [ -59.623889010387032, -28.158104989995508 ], [ -59.663863955285045, -28.154297852386129 ], [ -59.69622462496428, -28.142876439557966 ], [ -59.731028426599963, -28.140109682879576 ], [ -59.76860299100003, -28.148319941379722 ], [ -59.769593749299993, -28.136352155379516 ], [ -59.790448262, -28.136350767079378 ], [ -59.827391514300018, -28.124003016179298 ], [ -59.862592267900006, -28.10834726217907 ], [ -59.983284923899923, -28.1087256103791 ], [ -59.984280443399989, -28.105419849278956 ], [ -59.99738103509992, -28.105567643978958 ], [ -60.312775844199933, -28.106038216078989 ], [ -60.310758370499975, -28.118175582379234 ], [ -60.315232447299948, -28.127264938879357 ], [ -60.315937188499966, -28.134239644479475 ], [ -60.314268861299972, -28.148802751379733 ], [ -60.308194151799945, -28.16517510848 ], [ -60.300445997699974, -28.169568820680077 ], [ -60.296376793999961, -28.170469288380087 ], [ -60.293049129699966, -28.17364873718013 ], [ -60.284942811799972, -28.176479305780184 ], [ -60.277540032599973, -28.178682757780205 ], [ -60.265920395399974, -28.187771412580368 ], [ -60.255341739099961, -28.190292405580422 ], [ -60.248994448899964, -28.191867131080443 ], [ -60.241250355999981, -28.200008767580567 ], [ -60.232791860799971, -28.204712511180631 ], [ -60.22962866099995, -28.207922799680681 ], [ -60.219745025899996, -28.209423177480712 ], [ -60.209161303399988, -28.21100279638074 ], [ -60.203873181899986, -28.213824233780791 ], [ -60.194703268699968, -28.21696365228085 ], [ -60.186263091100002, -28.234168721781124 ], [ -60.186989752299993, -28.246046724181319 ], [ -60.190538222199962, -28.256357775481483 ], [ -60.191256034099972, -28.262921460581587 ], [ -60.191269430399984, -28.270423934281702 ], [ -60.182108666599994, -28.282002780181898 ], [ -60.183556047699966, -28.302320022482231 ], [ -60.187838921799973, -28.327634933382651 ], [ -60.188560936399995, -28.336386762482793 ], [ -60.184683159699979, -28.341393676482856 ], [ -60.169981794099989, -28.348657864382972 ], [ -60.165265413999968, -28.354545259383073 ], [ -60.155565684999985, -28.363468306283227 ], [ -60.146919612699989, -28.372386985783379 ], [ -60.125006121699968, -28.371783642483347 ], [ -60.108745480799989, -28.368984185683299 ], [ -60.095846029999976, -28.371560540083355 ], [ -60.090726341099987, -28.375249363283416 ], [ -60.08491979679998, -28.375128353083415 ], [ -60.071707049899977, -28.380492872383513 ], [ -60.064701419800002, -28.381687997783519 ], [ -60.056346336099999, -28.379308468283469 ], [ -60.044074605299947, -28.381524423483516 ], [ -60.041127320599983, -28.391868508083689 ], [ -60.039742679399993, -28.397123964883789 ], [ -60.036971589199986, -28.403605962983875 ], [ -60.034400262900007, -28.416218718784069 ], [ -60.030835524699995, -28.421824935084185 ], [ -60.024298129399995, -28.42743161658424 ], [ -60.018156101099976, -28.431461422484333 ], [ -60.003690660099998, -28.437593434884402 ], [ -59.996492389099991, -28.438645333484402 ], [ -59.989031729999986, -28.441803063484485 ], [ -59.984665126400024, -28.445299969584564 ], [ -59.980104632399993, -28.457210718684745 ], [ -59.976930077199981, -28.472099362184981 ], [ -59.977523077799994, -28.480157102685098 ], [ -59.978908638100009, -28.49119277428526 ], [ -59.975139558899983, -28.499424921385401 ], [ -59.973749689600012, -28.506956772785536 ], [ -59.974936138600007, -28.52114537258576 ], [ -59.979892686699976, -28.529729273885916 ], [ -59.988817703099969, -28.533759089585967 ], [ -59.997810731200012, -28.534553713085945 ], [ -60.000718752100006, -28.534810535685981 ], [ -60.007859591199981, -28.536737120586025 ], [ -60.013165412799992, -28.541767750986111 ], [ -60.015397868, -28.541816245386091 ], [ -60.017382417300013, -28.54724610068617 ], [ -60.017182298999977, -28.551045869186236 ], [ -60.016893656799986, -28.556526012286334 ], [ -60.01956837459997, -28.567915156986505 ], [ -60.025921122699991, -28.582102340686717 ], [ -60.027907015699995, -28.587707172386832 ], [ -60.0302894919, -28.591385088186893 ], [ -60.033070710399947, -28.600317752387028 ], [ -60.035851329499984, -28.606097418987101 ], [ -60.037553085799985, -28.613756865987238 ], [ -60.042384017, -28.620510216087354 ], [ -60.046320831799989, -28.626012873287429 ], [ -60.043536361399973, -28.629678534687493 ], [ -60.065421908399983, -28.657052777187914 ], [ -60.093448940799981, -28.683767081988357 ], [ -60.118792891899993, -28.701003704888628 ], [ -60.128394082599975, -28.706747088188717 ], [ -60.142525716599991, -28.706307666288716 ], [ -60.184081125999967, -28.728337871789062 ], [ -60.21750820799997, -28.743176056289272 ], [ -60.236746871299971, -28.762091803589584 ], [ -60.252577553599963, -28.798267318190163 ], [ -60.25456395099998, -28.825332002190571 ], [ -60.242302633800001, -28.839903810490803 ], [ -60.236589075099985, -28.862245280091166 ], [ -60.244339497199967, -28.889299627391601 ], [ -60.26436882619997, -28.904149255891827 ], [ -60.282888557899959, -28.927457756792172 ], [ -60.288342177499963, -28.952483958492568 ], [ -60.291441455499957, -28.960259271592694 ], [ -60.279091901699942, -28.972057999192895 ], [ -60.275997685399979, -28.985084775893053 ], [ -60.277555195199959, -29.001981447493353 ], [ -60.283593120500001, -29.012111975493504 ], [ -60.286483286699976, -29.023931975493689 ], [ -60.28227888199995, -29.03930345739391 ], [ -60.276538738999967, -29.060288879794268 ], [ -60.276554730899953, -29.06628125819433 ], [ -60.285099552599981, -29.073154645894462 ], [ -60.287513566699964, -29.082737328694623 ], [ -60.28617240279997, -29.091129538194711 ], [ -60.279714680099936, -29.09983211059485 ], [ -60.269844136199964, -29.108541275995005 ], [ -60.26375697279996, -29.123548062795216 ], [ -60.264590362299934, -29.13382219749537 ], [ -60.275125943399964, -29.149746119495617 ], [ -60.293312023399956, -29.157502922895748 ], [ -60.290948928799963, -29.178413819496097 ], [ -60.282096364699989, -29.189417112796235 ], [ -60.284534803699984, -29.195081288096354 ], [ -60.298292381999978, -29.20461832559646 ], [ -60.306866302199957, -29.235780123696941 ], [ -60.299661772099967, -29.25882792889729 ], [ -60.29565776539998, -29.271592703397506 ], [ -60.283180217899975, -29.292115427397825 ], [ -60.293498561599975, -29.311470442698116 ], [ -60.30527264719997, -29.334712421598443 ], [ -60.317869773499964, -29.382446965399183 ], [ -60.303573473599947, -29.431862596599931 ], [ -60.293196862399952, -29.481711994700682 ], [ -60.29167448659998, -29.502476129000996 ], [ -60.278223458899973, -29.524898523601305 ], [ -60.262730364299976, -29.559751463801859 ], [ -60.254715450399978, -29.601235613102482 ], [ -60.264237118399983, -29.62017617110277 ], [ -60.272273873899955, -29.641768123903081 ], [ -60.25554670329997, -29.681292274503686 ], [ -60.261255611799967, -29.716455833804176 ], [ -60.260185043199961, -29.726258658304349 ], [ -60.264264863199969, -29.748409077904675 ], [ -60.281376920399964, -29.754077949604749 ], [ -60.293958537499954, -29.757560837904794 ], [ -60.29726282309997, -29.769619900004958 ], [ -60.289271393599961, -29.788943892305277 ], [ -60.284542273099959, -29.806505267105532 ], [ -60.287359601999974, -29.824050235505776 ], [ -60.294712727799983, -29.843340148206064 ], [ -60.305788022099961, -29.844192517906087 ], [ -60.307827485899978, -29.852743872606229 ], [ -60.298554721599977, -29.865928367806394 ], [ -60.285018656299954, -29.885703055506681 ], [ -60.275987424799958, -29.897349704906883 ], [ -60.266449882599986, -29.908777363007037 ], [ -60.258162598399998, -29.917569257207155 ], [ -60.252378072199988, -29.920651847107212 ], [ -60.242307956999959, -29.922206432407222 ], [ -60.234773052999977, -29.93099546620736 ], [ -60.238068802399965, -29.939984330607487 ], [ -60.240102401099982, -29.947659097807598 ], [ -60.24565744909998, -29.952914080907689 ], [ -60.253501142199966, -29.966281638207878 ], [ -60.255286738899969, -29.974834144308002 ], [ -60.264114238299982, -29.977888104108022 ], [ -60.27120196139996, -29.977323262408039 ], [ -60.285280101599945, -29.977405194608014 ], [ -60.292085061399952, -29.977829045408065 ], [ -60.301225529199975, -30.00062422620838 ], [ -60.342612196799962, -30.014533578708583 ], [ -60.365726813399945, -30.008181554608505 ], [ -60.389583490299962, -30.007484132308456 ], [ -60.421408662999958, -30.010531005508518 ], [ -60.43301246259994, -30.018670057708633 ], [ -60.444685543199981, -30.041903274908961 ], [ -60.457787782799954, -30.060098586909263 ], [ -60.472428401899961, -30.08781781040965 ], [ -60.478322944599974, -30.109810408109965 ], [ -60.478471516399914, -30.140629211410385 ], [ -60.478647674499946, -30.177108435110931 ], [ -60.478702840999972, -30.188518672911087 ], [ -60.478802838899938, -30.209184824111404 ], [ -60.488289154099938, -30.222986895511593 ], [ -60.499983943999936, -30.24306935381188 ], [ -60.502212430899966, -30.253753047312042 ], [ -60.509564203399911, -30.273851113512315 ], [ -60.529268485699987, -30.286990178812498 ], [ -60.542305078799941, -30.284421029812453 ], [ -60.553905151299936, -30.284372461412467 ], [ -60.570946687199971, -30.280456545312415 ], [ -60.579979314899965, -30.279856913512411 ], [ -60.592299936399947, -30.279172812712414 ], [ -60.602434022899935, -30.276610793212349 ], [ -60.619056299999954, -30.268356961112243 ], [ -60.632059742199957, -30.261376447912124 ], [ -60.639275408699959, -30.256309868512069 ], [ -60.647948064999959, -30.252493575812007 ], [ -60.663121442499964, -30.245499251011914 ], [ -60.673953343599955, -30.239783484011824 ], [ -60.681863811899959, -30.230937326811731 ], [ -60.69125713109996, -30.227114458511643 ], [ -60.714905555599969, -30.228119087111672 ], [ -60.720035178899963, -30.223343896011595 ], [ -60.712124470399935, -30.206876505511346 ], [ -60.712088110699959, -30.196404587811184 ], [ -60.701785551699956, -30.170109365510836 ], [ -60.691549890899971, -30.152596457010585 ], [ -60.691444882699948, -30.137539333910347 ], [ -60.692810257299946, -30.126238867510189 ], [ -60.697072018599954, -30.116177819710057 ], [ -60.704220499499975, -30.106101204009889 ], [ -60.714218764099954, -30.090989461909675 ], [ -60.717033459099966, -30.080935627609545 ], [ -60.718368087999977, -30.065870545009336 ], [ -60.716698981899953, -30.034509117608877 ], [ -60.696277129999963, -29.993503722208278 ], [ -60.680148311499927, -29.954687990407702 ], [ -60.684378578099924, -29.940862794907499 ], [ -60.69292267229995, -29.925759982007271 ], [ -60.695665447099948, -29.905667948806997 ], [ -60.692644818699961, -29.885606189606705 ], [ -60.691013918399953, -29.858007862406279 ], [ -60.69376418049994, -29.839170502406027 ], [ -60.706635292099961, -29.826553648905833 ], [ -60.722346255199966, -29.808900574505572 ], [ -60.726546863099948, -29.79256429020533 ], [ -60.726474364799934, -29.782525726105181 ], [ -60.719099450899925, -29.757468566304794 ], [ -60.729089042999931, -29.74612002450462 ], [ -60.711297032299953, -29.717553806204197 ], [ -60.714537922299961, -29.716147630904199 ], [ -60.721949376399955, -29.706311010104049 ], [ -60.727625939499973, -29.704150286704014 ], [ -60.732529376699951, -29.694263835803863 ], [ -60.737980061399938, -29.689443841103792 ], [ -60.739188510399956, -29.684211929203691 ], [ -60.738386439799946, -29.676814063303624 ], [ -60.73511220219995, -29.672260229103543 ], [ -60.735304484599972, -29.664421375503441 ], [ -60.740227838999935, -29.655903030403309 ], [ -60.742410407599969, -29.647617592503156 ], [ -60.745067019799954, -29.636063694602992 ], [ -60.745266537899944, -29.629313340202909 ], [ -60.739393733099973, -29.609969325102622 ], [ -60.742333989799953, -29.603203647402516 ], [ -60.74507215079997, -29.585170301502231 ], [ -60.825940588799966, -29.568790291701987 ], [ -60.870934129199981, -29.563202359301904 ], [ -60.905533367099963, -29.558049114501845 ], [ -60.944025748099968, -29.552859294401731 ], [ -60.974287588700001, -29.547718983201669 ], [ -61.031886432900016, -29.548798514901694 ], [ -61.056572908900023, -29.549361678501686 ], [ -61.076993534100055, -29.546686160001666 ], [ -61.076864140700032, -29.537104924601525 ], [ -61.078313151300051, -29.527967870501353 ], [ -61.094032680000048, -29.516348300101182 ], [ -61.112309533700078, -29.496848526700877 ], [ -61.1288014701001, -29.481722624000678 ], [ -61.142037073100092, -29.475366143500576 ], [ -61.152229279700094, -29.467865382600458 ], [ -61.168214549700096, -29.449805775600186 ], [ -61.175298555300131, -29.444742424700124 ], [ -61.188455722400128, -29.44211007030011 ], [ -61.217483539100151, -29.435052659399975 ], [ -61.234334961500181, -29.437728834300014 ], [ -61.245310309800175, -29.435927866099981 ], [ -61.267133219800229, -29.422131808399747 ], [ -61.296119435300234, -29.403532519999491 ], [ -61.346078599800315, -29.402278544599465 ], [ -61.359931811100324, -29.403859872199483 ], [ -61.373763079600373, -29.401598700599447 ], [ -61.370949368600357, -29.389790605399249 ], [ -61.374036647300372, -29.388923764499264 ], [ -61.380380330600381, -29.387142327599232 ], [ -61.37490615440035, -29.33121414459838 ], [ -61.399153078200392, -29.327176349198318 ], [ -61.393914449000398, -29.301921571097946 ], [ -61.386745879100367, -29.266390976797393 ], [ -61.378281856100358, -29.224637825696739 ], [ -61.392857149000392, -29.226068239496765 ], [ -61.397988250900397, -29.225311864396755 ], [ -61.403042928600392, -29.223853253496745 ], [ -61.406609471900431, -29.219496575096667 ], [ -61.412058089400432, -29.214211460196562 ], [ -61.420512337100462, -29.212423430196548 ], [ -61.437670820400484, -29.212474428696545 ], [ -61.446564398500485, -29.213491388196584 ], [ -61.454210507400489, -29.215985556296616 ], [ -61.461880822900532, -29.217058792096626 ], [ -61.468677565900556, -29.214538986596594 ], [ -61.487899517400592, -29.21415087639657 ], [ -61.492272338700609, -29.212913083296538 ], [ -61.498752162200624, -29.210094717696524 ], [ -61.498664807800637, -29.16822011429587 ], [ -61.49938659670061, -29.128166857695259 ], [ -61.537616080000717, -29.122699508195154 ], [ -61.529376450600672, -29.076570224794445 ], [ -61.536342636800725, -29.074965100494421 ], [ -61.548076962000749, -29.072923329994378 ], [ -61.566605596100786, -29.075225398394434 ], [ -61.577238111200842, -29.072126078894375 ], [ -61.590769677500859, -29.071279865494365 ], [ -61.596185650000876, -29.067783153294297 ], [ -61.601382033000917, -29.050101600894017 ], [ -61.607292442400919, -29.044996784593938 ], [ -61.62236070070098, -29.042756122993904 ], [ -61.627614547200984, -29.039330024893861 ], [ -61.633443853701017, -29.035528166793799 ], [ -61.63673063290102, -29.029309865593675 ], [ -61.641141438901023, -29.028340741093707 ], [ -61.648632190801088, -29.024587807393601 ], [ -61.679592502601196, -29.023288947693594 ], [ -61.697413987601266, -29.014598513293429 ], [ -61.70817574580132, -29.004165144193284 ], [ -61.714293072601365, -28.996307314493155 ], [ -61.718886148101369, -28.990756938593037 ], [ -61.725089241001378, -28.988160440093012 ], [ -61.734712649301443, -28.987807776293014 ], [ -61.739338699801458, -28.984315694892938 ], [ -61.742039703001488, -28.97467026939281 ], [ -61.749472707501511, -28.967937983392705 ], [ -61.753644444401537, -28.953010340492444 ], [ -61.762604720901564, -28.944426901692314 ], [ -61.770507732301617, -28.934941534492172 ], [ -61.779077858001649, -28.934142055292142 ], [ -61.78423189210168, -28.931327995292108 ], [ -61.787739045501695, -28.923501612991977 ], [ -61.797292888501744, -28.919484477791922 ], [ -61.802493136401779, -28.920278190591919 ], [ -61.815178996501857, -28.9201077348919 ], [ -61.828515458701915, -28.922585278991949 ], [ -61.843740048002033, -28.929288456392047 ], [ -61.857135075702118, -28.934951902292134 ], [ -61.869815521302193, -28.942988523392231 ], [ -61.856347089802085, -28.862004188690982 ], [ -61.852110814602064, -28.837677103890602 ], [ -61.848615000102008, -28.816257596290285 ], [ -61.843782173201966, -28.787429086689819 ], [ -61.843213991601992, -28.783778643289768 ], [ -61.841836055901979, -28.775703138389613 ], [ -61.839675119901941, -28.762713715389431 ], [ -61.838333034401956, -28.754538604989307 ], [ -61.834435471101926, -28.728396915988892 ], [ -61.833486388201912, -28.722472951088797 ], [ -61.826731631201859, -28.682546229988187 ], [ -61.823181248801838, -28.661571633687835 ], [ -61.818108252901773, -28.631788778087383 ], [ -61.816454176501786, -28.621504180187213 ], [ -61.814214066701759, -28.608752812986989 ], [ -61.810720668301734, -28.588109888786672 ], [ -61.807098188301694, -28.566510698886308 ], [ -61.804665486401689, -28.552367813186127 ], [ -61.797651169701638, -28.510760058185443 ], [ -61.793193749101619, -28.483854664585014 ], [ -61.789396907701608, -28.461413252984652 ], [ -61.787373176001559, -28.449772979284475 ], [ -61.781665026301525, -28.416520831783934 ], [ -61.774014294501484, -28.372082621683223 ], [ -61.772634793901481, -28.362569267683089 ], [ -61.771984092001453, -28.358796829283012 ], [ -61.770451595701459, -28.349747280682866 ], [ -61.766841051201446, -28.328622593582498 ], [ -61.766777106201445, -28.327893993482508 ], [ -61.763845083201417, -28.310851860982226 ], [ -61.763669401801423, -28.309286565182216 ], [ -61.760971790701412, -28.293659988381968 ], [ -61.759200085801403, -28.283174237781793 ], [ -61.75753294050137, -28.273198401781624 ], [ -61.757529283701402, -28.272609469681619 ], [ -61.754922082101345, -28.257502438781366 ], [ -61.752713531901364, -28.245142776281181 ], [ -61.751713324101352, -28.23932422968107 ], [ -61.750814404501334, -28.237018694681058 ], [ -61.74904543510133, -28.226950311580872 ], [ -61.7434315028013, -28.19196562438032 ], [ -61.741228312401283, -28.179663882180119 ], [ -61.739149008701254, -28.167382686879929 ], [ -61.731861433801214, -28.122219615579166 ], [ -61.720449536901164, -28.051351150877988 ], [ -61.71765305520114, -28.034018799877725 ], [ -61.712221135801116, -27.999678379477178 ], [ -61.496205773600487, -27.999646196877233 ], [ -61.246207319300133, -27.999640026877255 ], [ -60.996207279599993, -27.999632227477282 ], [ -60.746208136499945, -27.999625401077274 ], [ -60.648345176199904, -27.999676863377264 ], [ -60.581092102399978, -27.999594427077284 ], [ -60.496208286799863, -27.999618547777313 ], [ -60.246209142399977, -27.999611559277298 ], [ -59.811187486499946, -28.000994195677229 ], [ -59.746210981099999, -27.999597727377193 ], [ -59.616703840400014, -27.999650982977279 ], [ -59.496211828800035, -27.999590990577271 ] ] ] ] } },
{ "type": "Feature", "properties": { "Area": 547.174, "Perim": 303.225, "Nombre": "Región 7" }, "geometry": { "type": "MultiPolygon", "coordinates": [ [ [ [ -60.713199144599955, -32.373435851640217 ], [ -60.713986782799964, -32.375895413640237 ], [ -60.715531261499962, -32.383187012940326 ], [ -60.71654833639996, -32.389401920840392 ], [ -60.716727095399968, -32.392522337840447 ], [ -60.716463067099973, -32.397176789340506 ], [ -60.716669043699966, -32.401152039440532 ], [ -60.716684363299962, -32.401447683740535 ], [ -60.718880269999943, -32.415118772240703 ], [ -60.720784065799947, -32.428123903240888 ], [ -60.720774188599947, -32.43200295694092 ], [ -60.720398406699971, -32.437149344540998 ], [ -60.720518776399985, -32.444026341541075 ], [ -60.721744070599968, -32.449832345341136 ], [ -60.722645203399964, -32.451569915441148 ], [ -60.724283985099952, -32.453043414841169 ], [ -60.726607510699971, -32.457001995241228 ], [ -60.730901680799967, -32.466641301441335 ], [ -60.736842220799957, -32.472089714441417 ], [ -60.742289995899952, -32.476375044441468 ], [ -60.74523684549996, -32.477988476841496 ], [ -60.757595626699981, -32.483670161541554 ], [ -60.778054457999964, -32.495432923441676 ], [ -60.781945177099971, -32.498654592941733 ], [ -60.783722939999969, -32.502454191741776 ], [ -60.784013681399969, -32.507834720841821 ], [ -60.783171040099987, -32.511508599041903 ], [ -60.781429985899962, -32.515118425841926 ], [ -60.779141814799964, -32.518783770941965 ], [ -60.773569720799976, -32.52597003004206 ], [ -60.770266613499963, -32.529414641142111 ], [ -60.762204885299951, -32.535484640542194 ], [ -60.758023713699984, -32.539241784242229 ], [ -60.755218592799942, -32.543242122842265 ], [ -60.751873602199971, -32.549925285142358 ], [ -60.74793043369997, -32.560007840342486 ], [ -60.746635590999951, -32.564381730642523 ], [ -60.746485097799955, -32.567557970742556 ], [ -60.747469909599971, -32.574812713042654 ], [ -60.748571589899974, -32.579870705642705 ], [ -60.751784857399961, -32.59323176074286 ], [ -60.75424486309997, -32.601235787742951 ], [ -60.755803266299964, -32.606733120043046 ], [ -60.755971915699959, -32.609409108743073 ], [ -60.755480253799981, -32.612616656943104 ], [ -60.754023900299948, -32.620354056943199 ], [ -60.753014648799969, -32.625715314643273 ], [ -60.742919852699963, -32.642330902743488 ], [ -60.736591779499967, -32.650285190843562 ], [ -60.728878397699958, -32.659710063243672 ], [ -60.726394472599971, -32.664008407343736 ], [ -60.724890146299977, -32.668432868543775 ], [ -60.723934188899975, -32.673922156543846 ], [ -60.723659046599956, -32.677385423543889 ], [ -60.723308342799974, -32.688497718144021 ], [ -60.724726992999962, -32.702332309844188 ], [ -60.724253357499954, -32.705594086144217 ], [ -60.723241695599938, -32.710416310044295 ], [ -60.723598276699974, -32.72316446834445 ], [ -60.723827623299947, -32.725668459544487 ], [ -60.725194189199961, -32.731716957244529 ], [ -60.72514898629997, -32.734830313644565 ], [ -60.72339056839995, -32.743963006044702 ], [ -60.722602003999953, -32.752320787544782 ], [ -60.72161970039997, -32.754814748344799 ], [ -60.712776180499965, -32.775579756945056 ], [ -60.711578321899964, -32.777512630945083 ], [ -60.710421080399954, -32.779370607645106 ], [ -60.708606818199954, -32.781729971245142 ], [ -60.708440882099964, -32.783153742645148 ], [ -60.708147278799956, -32.786364714645188 ], [ -60.706514672799955, -32.790066878745222 ], [ -60.705227824399969, -32.791903451345263 ], [ -60.703569690599963, -32.793621838745267 ], [ -60.696883862999961, -32.799277068345361 ], [ -60.694896961599973, -32.801922994745368 ], [ -60.693736384199966, -32.802858660245391 ], [ -60.683622895299948, -32.805537723845404 ], [ -60.678817937799955, -32.808934653445462 ], [ -60.674793614699972, -32.813103070245511 ], [ -60.67159299009996, -32.818415956745568 ], [ -60.669701486599969, -32.822058618845617 ], [ -60.667239526399953, -32.826143661645659 ], [ -60.661231717099973, -32.837753949445805 ], [ -60.662049992999954, -32.846672893945886 ], [ -60.662596851299952, -32.847632238845904 ], [ -60.664173202199962, -32.848188029245911 ], [ -60.666104349399973, -32.849461337245927 ], [ -60.673252973499956, -32.855992351146 ], [ -60.678771317499958, -32.86195416484609 ], [ -60.680069822599961, -32.863093165446095 ], [ -60.681770936899952, -32.8640444276461 ], [ -60.683666213499947, -32.867095436546151 ], [ -60.684679049899955, -32.875128144046251 ], [ -60.68506875379996, -32.879829643346291 ], [ -60.684712639699967, -32.881943345946311 ], [ -60.684225684199966, -32.883355258746342 ], [ -60.683880121199962, -32.889818020546407 ], [ -60.682687828099958, -32.89321636114645 ], [ -60.679837238499942, -32.898857100446513 ], [ -60.677593060499952, -32.901164271546534 ], [ -60.675246023299984, -32.903446559146566 ], [ -60.657869029899963, -32.920045628046758 ], [ -60.651262633799952, -32.925470688446822 ], [ -60.648421100099974, -32.927554937146859 ], [ -60.64454423129996, -32.93006188944689 ], [ -60.63873832449994, -32.933332158446923 ], [ -60.620569494599962, -32.942403617347033 ], [ -60.608890868699945, -32.949545362647108 ], [ -60.602758968599964, -32.954281245547158 ], [ -60.600686919799948, -32.955923297647203 ], [ -60.599709914899925, -32.957956061247209 ], [ -60.599724903699951, -32.960142933947225 ], [ -60.600210726099959, -32.963414576047278 ], [ -60.60029063809997, -32.964744132647283 ], [ -60.599931702699948, -32.967441735647313 ], [ -60.598811357799946, -32.972778838047397 ], [ -60.598575685599961, -32.975636815347414 ], [ -60.598840361699956, -32.977874872647448 ], [ -60.599805384099952, -32.982293957547498 ], [ -60.601510729499957, -32.990102027847584 ], [ -60.601662300599955, -32.991154989347606 ], [ -60.601624056499965, -32.99417000934762 ], [ -60.601246282799934, -32.99882726224768 ], [ -60.600649017399959, -33.003283889047744 ], [ -60.599869216399952, -33.009101901647803 ], [ -60.596012008599928, -33.015862415547886 ], [ -60.591862628199955, -33.022822783647975 ], [ -60.586820418699951, -33.029423044648041 ], [ -60.584442423799956, -33.031496950348057 ], [ -60.577110316399953, -33.034831985148088 ], [ -60.568004840599954, -33.038385364248171 ], [ -60.563727557299963, -33.040824041048175 ], [ -60.558147682999952, -33.045351918648244 ], [ -60.547560667299962, -33.057125337348367 ], [ -60.543480431399956, -33.06313248934844 ], [ -60.539682229899974, -33.070051276848517 ], [ -60.531973949099971, -33.085840958348697 ], [ -60.526098071199968, -33.098244406048835 ], [ -60.523579471599959, -33.1025541658489 ], [ -60.519519568599961, -33.109225540948977 ], [ -60.514954455499975, -33.11410635334903 ], [ -60.504851666599961, -33.122454367749114 ], [ -60.500933306699949, -33.12650797494917 ], [ -60.494671391499949, -33.13190428724922 ], [ -60.488990660199974, -33.135943861049284 ], [ -60.478014464399955, -33.141217827049346 ], [ -60.46814677469996, -33.143858878049372 ], [ -60.457776157099964, -33.145350546949388 ], [ -60.453102141899954, -33.145623973549377 ], [ -60.44872051759998, -33.146754886649411 ], [ -60.432516431499955, -33.152382313649461 ], [ -60.417100939399958, -33.159325023349552 ], [ -60.414894852699966, -33.160121125449542 ], [ -60.412286938099975, -33.160580422649574 ], [ -60.408502327299971, -33.161552696349567 ], [ -60.403371603699959, -33.164594304649604 ], [ -60.399964006699975, -33.167292453549642 ], [ -60.394414574899962, -33.172492949749696 ], [ -60.389863866599967, -33.175658010249727 ], [ -60.382346867799974, -33.179360168649779 ], [ -60.37490670429996, -33.181590128749804 ], [ -60.366800573699962, -33.182483719349804 ], [ -60.363905645799967, -33.1824119159498 ], [ -60.359415517599956, -33.181853363749816 ], [ -60.352637192599971, -33.180148002749796 ], [ -60.347773926899976, -33.178635963249775 ], [ -60.343303942099936, -33.17730715844975 ], [ -60.335372033899972, -33.17559033284973 ], [ -60.326961213999951, -33.174662794849731 ], [ -60.32111399359998, -33.175771025149743 ], [ -60.316926831799968, -33.177461085949751 ], [ -60.311338682099972, -33.180713280849801 ], [ -60.307696864099967, -33.183425547949817 ], [ -60.304463316799989, -33.186199231649852 ], [ -60.297529258099978, -33.193197631349932 ], [ -60.292173851399959, -33.199828438250016 ], [ -60.288144815099976, -33.205550169150065 ], [ -60.287144625999979, -33.210768005550143 ], [ -60.286148402699986, -33.217146369750218 ], [ -60.28645234659998, -33.218424535950227 ], [ -60.287355174099979, -33.219730306350243 ], [ -60.288705648299967, -33.220934157850266 ], [ -60.29162927259997, -33.223115417150289 ], [ -60.295929308699968, -33.227711006850342 ], [ -60.298015681199971, -33.230567493350378 ], [ -60.298693552499977, -33.232629401950391 ], [ -60.298557982099965, -33.234650125050422 ], [ -60.29747962659998, -33.236962529150446 ], [ -60.294905448699964, -33.241428503750477 ], [ -60.293116196199989, -33.24420749975053 ], [ -60.286640716599976, -33.250010355950593 ], [ -60.297293778999979, -33.246262780050564 ], [ -60.301035844299975, -33.242571047950499 ], [ -60.305395281999985, -33.23941070815048 ], [ -60.308196981899961, -33.237210324750436 ], [ -60.31292069939996, -33.236034418150417 ], [ -60.315430020299964, -33.236710650050426 ], [ -60.319110796299981, -33.239223786350465 ], [ -60.323460411399971, -33.242015348750492 ], [ -60.327984554399968, -33.246768250950552 ], [ -60.33026201339996, -33.24893972765058 ], [ -60.330561508899983, -33.24299360055052 ], [ -60.331475695799952, -33.241113263350485 ], [ -60.334414331699968, -33.23506836705041 ], [ -60.336688384099965, -33.231433242350377 ], [ -60.340482466399955, -33.226513103650298 ], [ -60.342378081799964, -33.223732793250306 ], [ -60.345289039699963, -33.220629429850234 ], [ -60.345532320099977, -33.217853644150225 ], [ -60.345522671599973, -33.215398751450202 ], [ -60.344968816699975, -33.213520487150177 ], [ -60.343991092199964, -33.209643201450135 ], [ -60.34704934199997, -33.20908342135013 ], [ -60.351421348699986, -33.209071151950127 ], [ -60.361693286599952, -33.208490432350125 ], [ -60.365842836099951, -33.207559488650091 ], [ -60.369333428399969, -33.205895312750087 ], [ -60.374136195899958, -33.204410864150056 ], [ -60.377410286199975, -33.203298401250052 ], [ -60.380698609199975, -33.205493539650071 ], [ -60.38485022229996, -33.205113244950063 ], [ -60.387685406699958, -33.203634343250044 ], [ -60.38920737639998, -33.201791965050035 ], [ -60.391385012399958, -33.199947507950014 ], [ -60.396187902699957, -33.198645972149997 ], [ -60.399599177699962, -33.19942392685001 ], [ -60.403277445899974, -33.198024498049989 ], [ -60.406831498699965, -33.197265786949977 ], [ -60.410896816799969, -33.19702520754997 ], [ -60.414602989199949, -33.197372009250003 ], [ -60.419714680699954, -33.194671305449937 ], [ -60.42705079139995, -33.192538926349926 ], [ -60.434044540499947, -33.193718988649948 ], [ -60.440486623499964, -33.192040528349914 ], [ -60.44928300029995, -33.195320746649955 ], [ -60.45609573299997, -33.196048608149965 ], [ -60.460247602899962, -33.201903991050045 ], [ -60.467430474199958, -33.204737294350053 ], [ -60.472161643599975, -33.205389989950085 ], [ -60.479865757199953, -33.205166255850067 ], [ -60.487456872199971, -33.204519373850069 ], [ -60.497229435099975, -33.199747465950011 ], [ -60.507480156499966, -33.193120703049935 ], [ -60.512821096799961, -33.184867070749846 ], [ -60.516681967199965, -33.174973003349734 ], [ -60.517123425099946, -33.166739424349622 ], [ -60.516608329399958, -33.16241988184958 ], [ -60.514129636299963, -33.157285277349523 ], [ -60.510685053299966, -33.154418324149496 ], [ -60.508730705899943, -33.151679685449466 ], [ -60.506495253999944, -33.14613233224938 ], [ -60.505714779499961, -33.138109490849295 ], [ -60.507865815599949, -33.129045740649211 ], [ -60.510072132799948, -33.128147522449197 ], [ -60.51263843899995, -33.127127783349174 ], [ -60.517094250899973, -33.126676848649183 ], [ -60.523267333899938, -33.126651076949166 ], [ -60.529783314199975, -33.12662354184917 ], [ -60.553021865699954, -33.129408014649186 ], [ -60.566630407199931, -33.129346868049197 ], [ -60.578482911299943, -33.129292400749193 ], [ -60.589464889399949, -33.127766315849193 ], [ -60.592071049999952, -33.126156177149163 ], [ -60.594483978099959, -33.121344285249108 ], [ -60.596543889399975, -33.114244988449045 ], [ -60.595984061799946, -33.109373648148974 ], [ -60.595668299699959, -33.10162105474889 ], [ -60.59456837599997, -33.094758364848801 ], [ -60.592160641099959, -33.08923116984873 ], [ -60.587119534399967, -33.083716332048674 ], [ -60.58022977939995, -33.077323722948591 ], [ -60.576519768999958, -33.073796176548569 ], [ -60.57411108409994, -33.069077251648494 ], [ -60.573824753499949, -33.065533809048468 ], [ -60.574863607599958, -33.06331354654845 ], [ -60.576424680199956, -33.060426220448392 ], [ -60.574555681199946, -33.056446972148358 ], [ -60.573227759299954, -33.054680707248338 ], [ -60.572780507799926, -33.053773492848329 ], [ -60.573226701799953, -33.052781161348314 ], [ -60.573761460999961, -33.051483731048307 ], [ -60.574570210399969, -33.050565903248305 ], [ -60.575469948599959, -33.049723827548277 ], [ -60.579631347899948, -33.049323676248264 ], [ -60.582162382999947, -33.048778669648257 ], [ -60.584239295599971, -33.04800720874826 ], [ -60.586767193499959, -33.047005062348269 ], [ -60.590896715099966, -33.045274561648235 ], [ -60.592480550599952, -33.044022844948216 ], [ -60.596111302199944, -33.042761344448188 ], [ -60.598604765399934, -33.041505182848212 ], [ -60.600896087699965, -33.039957710848178 ], [ -60.604888481999957, -33.038407082648163 ], [ -60.609428692699936, -33.037159912648143 ], [ -60.614885905599948, -33.036980016548142 ], [ -60.619615320899968, -33.036803480448135 ], [ -60.620225121999965, -33.033233396848097 ], [ -60.620193208999957, -33.028677680848048 ], [ -60.617449925699944, -33.023376098647972 ], [ -60.615170505499947, -33.02116228684794 ], [ -60.61276955539995, -33.016652527247885 ], [ -60.611804301099959, -33.014130497847873 ], [ -60.610363395099959, -33.011344817647831 ], [ -60.610023662499948, -33.007888810847795 ], [ -60.609910424599953, -33.006028886647762 ], [ -60.609845590399949, -33.004963949647745 ], [ -60.61076761099995, -33.001235801547715 ], [ -60.612008190299967, -32.99790502894767 ], [ -60.612953036199947, -32.997501430547672 ], [ -60.615954717999927, -32.997619650547669 ], [ -60.621331972499938, -32.998656899147676 ], [ -60.624498220199932, -32.999704994947685 ], [ -60.630035511599949, -33.001007052747717 ], [ -60.633194304299941, -33.00099107074773 ], [ -60.636678575899943, -33.002303228647733 ], [ -60.642690029699949, -33.003602285047748 ], [ -60.645378950999948, -33.004120367147756 ], [ -60.650117349499972, -33.004095779547747 ], [ -60.652332492099951, -33.004616177847765 ], [ -60.657867517299977, -33.005518027747769 ], [ -60.662449994999953, -33.00575977894777 ], [ -60.666399681399952, -33.00587173084778 ], [ -60.670338349999945, -33.004520784747754 ], [ -60.673484105799957, -33.002775016747748 ], [ -60.675894349499949, -33.001306705947705 ], [ -60.679363916599961, -33.000622926247708 ], [ -60.683943106899939, -33.000464947347723 ], [ -60.684696202899964, -33.000624187847698 ], [ -60.688847463399959, -33.001501869947717 ], [ -60.695028979899952, -33.00426032704776 ], [ -60.698524746499977, -33.006900539747782 ], [ -60.702813619299953, -33.009935165847821 ], [ -60.708689835399966, -33.013891530147866 ], [ -60.714722381799966, -33.017580731747913 ], [ -60.719117972199967, -33.020659845247927 ], [ -60.719806513999963, -33.021142135347951 ], [ -60.732086346199956, -33.027643631548017 ], [ -60.734070119199963, -33.028338315648043 ], [ -60.737315367499974, -33.029474654948046 ], [ -60.746338585499934, -33.031548767148081 ], [ -60.752827514199964, -33.032839644948091 ], [ -60.757897222899956, -33.034925598548107 ], [ -60.756528271599961, -33.03130931344807 ], [ -60.73927809689998, -32.968509223247331 ], [ -60.738562369399936, -32.966805646947321 ], [ -60.737856195599946, -32.965485843447297 ], [ -60.735801055399975, -32.964077401947279 ], [ -60.721729835699975, -32.951614424247133 ], [ -60.722933451399953, -32.931604870346909 ], [ -60.707632297699952, -32.934610669946935 ], [ -60.708107870999939, -32.929836706346883 ], [ -60.69311413439997, -32.931096190346885 ], [ -60.693447876899945, -32.918351615946726 ], [ -60.707940233699972, -32.904919051546592 ], [ -60.706468137499968, -32.90461538264659 ], [ -60.705766374699927, -32.904537509846577 ], [ -60.705251300899967, -32.904388561046595 ], [ -60.704466067099951, -32.904199236346585 ], [ -60.703737403299961, -32.904121829746572 ], [ -60.702896710999966, -32.903865723146581 ], [ -60.702189528299961, -32.903641200946574 ], [ -60.701766257999928, -32.903382993546579 ], [ -60.701367418499942, -32.902966844046553 ], [ -60.700511339799952, -32.902078601846554 ], [ -60.700338905999949, -32.901629948946542 ], [ -60.699997343899959, -32.900868096546532 ], [ -60.700250441899968, -32.90020863364655 ], [ -60.700424472799952, -32.899618327746531 ], [ -60.700468209199961, -32.899019566946528 ], [ -60.700183872299945, -32.898571059646514 ], [ -60.699829780299943, -32.898409251546504 ], [ -60.699286198099941, -32.898193026946508 ], [ -60.698744817099985, -32.898067102946506 ], [ -60.698393414899968, -32.898005569246507 ], [ -60.698148530499971, -32.897896977746505 ], [ -60.697954707599969, -32.897674554646514 ], [ -60.697810298299956, -32.897270572846502 ], [ -60.697653678699965, -32.896405770546487 ], [ -60.697913500799963, -32.895981374846485 ], [ -60.698273115199953, -32.895274858746468 ], [ -60.698701342199968, -32.894070246246471 ], [ -60.698997243799951, -32.892958317646439 ], [ -60.699484982499975, -32.891823467646446 ], [ -60.699923922199964, -32.890957825346419 ], [ -60.700582695799959, -32.889542404646413 ], [ -60.700935662699948, -32.888564971946408 ], [ -60.701311671799964, -32.887429031146361 ], [ -60.701667373999975, -32.886564475046377 ], [ -60.701889668299962, -32.885747454846374 ], [ -60.702230498099958, -32.884273351946348 ], [ -60.702526875599951, -32.883183990046341 ], [ -60.702794144899961, -32.882004801646296 ], [ -60.703092160099956, -32.880983165446317 ], [ -60.703395674899966, -32.880187286046301 ], [ -60.703619590499954, -32.879437989646298 ], [ -60.704108629099949, -32.878525887446273 ], [ -60.704410474199953, -32.877662278246262 ], [ -60.704634375299953, -32.876912979946255 ], [ -60.705013596499974, -32.875912481646253 ], [ -60.705478460399974, -32.875113730646234 ], [ -60.706272142699952, -32.874557575746245 ], [ -60.707548853699961, -32.873947656846234 ], [ -60.708162884999965, -32.87350835574621 ], [ -60.70885110749996, -32.873015966846211 ], [ -60.709426501199943, -32.872604294246194 ], [ -60.710547861299958, -32.872245549946207 ], [ -60.711158738899947, -32.871918473946195 ], [ -60.71168819449997, -32.871714094146199 ], [ -60.711982916399954, -32.871600324646195 ], [ -60.712312216999948, -32.871062711046186 ], [ -60.712730552399954, -32.870719790846181 ], [ -60.713188261899973, -32.870188394346158 ], [ -60.713641711099974, -32.869492364046181 ], [ -60.71399215139995, -32.868954440546155 ], [ -60.714079263499961, -32.868117220846145 ], [ -60.713933172499964, -32.867645529046136 ], [ -60.713792614199967, -32.86739959404612 ], [ -60.713755333899968, -32.866883685746153 ], [ -60.713533906899933, -32.866296878046128 ], [ -60.713395354499959, -32.865913153946138 ], [ -60.712966115199954, -32.865077371846112 ], [ -60.712644183999949, -32.864309295046098 ], [ -60.712517950899972, -32.8638806405461 ], [ -60.712256399099978, -32.863494411146107 ], [ -60.712147221599963, -32.863333189246092 ], [ -60.712085454899956, -32.863043474846094 ], [ -60.712004292599964, -32.86266278244608 ], [ -60.711868426999949, -32.862025496646076 ], [ -60.711766124799965, -32.861545635646088 ], [ -60.711610623399949, -32.860816226646079 ], [ -60.711602094399964, -32.859748101646055 ], [ -60.711596483899946, -32.859045434046052 ], [ -60.715007699399962, -32.848683632345924 ], [ -60.728106481899971, -32.811234989845474 ], [ -60.728455058699943, -32.810607292845468 ], [ -60.728633506299943, -32.809921868945459 ], [ -60.729166755899968, -32.809307301845458 ], [ -60.729380448999969, -32.809102200045466 ], [ -60.73013023569996, -32.808576656545441 ], [ -60.730987406899963, -32.808005119645422 ], [ -60.731846329099952, -32.807614579945437 ], [ -60.732488476899952, -32.80711238674543 ], [ -60.733159560599958, -32.806813633545424 ], [ -60.733668892499963, -32.806515987645433 ], [ -60.734232799199937, -32.806285845245434 ], [ -60.734824765499987, -32.806168641745423 ], [ -60.735254320699944, -32.805984672245408 ], [ -60.736116302799964, -32.805910858445415 ], [ -60.736599769199962, -32.805726513145409 ], [ -60.737296012999963, -32.805246549545409 ], [ -60.737885085299972, -32.804835202345409 ], [ -60.738554579899954, -32.8043780432454 ], [ -60.739008633299967, -32.803944996245406 ], [ -60.739301829199967, -32.803603567045386 ], [ -60.739434836799965, -32.803421632745369 ], [ -60.739645825799954, -32.802945009745365 ], [ -60.739774165099966, -32.802287943045386 ], [ -60.740522084399956, -32.801898099845353 ], [ -60.741156808099959, -32.800415883145355 ], [ -60.741047621699963, -32.799389093145336 ], [ -60.741037633799962, -32.798185120845346 ], [ -60.741031063599955, -32.797393081245325 ], [ -60.741022249099963, -32.79633044084531 ], [ -60.740846495399985, -32.795476704445306 ], [ -60.740663966799964, -32.794590039445275 ], [ -60.740426433399968, -32.79343615064527 ], [ -60.74038057869997, -32.792103778445245 ], [ -60.74031570089997, -32.790218576745239 ], [ -60.740780033099945, -32.788839525645201 ], [ -60.741033498499966, -32.787776402845203 ], [ -60.741165800799941, -32.787074482245181 ], [ -60.741727253599947, -32.786552028345184 ], [ -60.742100322199974, -32.785690845645178 ], [ -60.743916784899973, -32.783376286645144 ], [ -60.744503347299961, -32.782174913145134 ], [ -60.744769362599968, -32.781381993345128 ], [ -60.745275576699946, -32.780203535645107 ], [ -60.74543429819996, -32.779365750645105 ], [ -60.745218635699963, -32.778823483245091 ], [ -60.745054417899965, -32.777398566645068 ], [ -60.744918205499943, -32.776471346445057 ], [ -60.744943789399933, -32.775973454445072 ], [ -60.744887900399952, -32.77502331444505 ], [ -60.74494044029997, -32.774593205845051 ], [ -60.745447936099964, -32.773957795545037 ], [ -60.746035908099948, -32.773367344045027 ], [ -60.746623485199962, -32.772618500645009 ], [ -60.746836427399963, -32.772052041945017 ], [ -60.746994954999948, -32.77114637324501 ], [ -60.747073829799966, -32.770535149545012 ], [ -60.74897302499997, -32.769351575844979 ], [ -60.74958885419997, -32.769213550244984 ], [ -60.750418436699974, -32.768848462444979 ], [ -60.752318423199966, -32.768331356544962 ], [ -60.753183669899947, -32.767799124644988 ], [ -60.754191713699967, -32.767227978044957 ], [ -60.755342036999963, -32.76659014004494 ], [ -60.756330745299955, -32.765613486044941 ], [ -60.75734552459997, -32.764365200144923 ], [ -60.758040158599961, -32.763638530944917 ], [ -60.758973945099974, -32.762164262644909 ], [ -60.759747915399963, -32.761052623544892 ], [ -60.760755777299977, -32.75995794694488 ], [ -60.761190361199965, -32.759485918444874 ], [ -60.763139373999941, -32.758672064344843 ], [ -60.76418841459995, -32.758121940744843 ], [ -60.759200812899962, -32.75708067154487 ], [ -60.755946273499958, -32.755145910544812 ], [ -60.753133595799966, -32.750732786744763 ], [ -60.750820349899953, -32.74608858544471 ], [ -60.748655520799979, -32.740726820744641 ], [ -60.744390965299964, -32.734022686844554 ], [ -60.737804048799973, -32.728713967444513 ], [ -60.733978893899952, -32.725527821044452 ], [ -60.729100288499971, -32.722525919244447 ], [ -60.724863760799941, -32.720589666344424 ], [ -60.730097365799963, -32.715389878244338 ], [ -60.73260916769997, -32.712879651444297 ], [ -60.73596043159997, -32.709829656144251 ], [ -60.737194202399962, -32.705900771144243 ], [ -60.739471038899957, -32.700539683744161 ], [ -60.741340934099959, -32.697991258944114 ], [ -60.743355862099968, -32.695244981844091 ], [ -60.753157887299963, -32.68983738864403 ], [ -60.770348045999953, -32.692183333144058 ], [ -60.782380480799972, -32.695007641144088 ], [ -60.790550813099962, -32.697492848144115 ], [ -60.797428502199971, -32.699261045544155 ], [ -60.80774722109998, -32.702093802244192 ], [ -60.816763402999982, -32.70312244484419 ], [ -60.828322934299983, -32.699609477844163 ], [ -60.818614350299981, -32.698022214344135 ], [ -60.811284048699953, -32.695469573944109 ], [ -60.802932324299974, -32.691254297444047 ], [ -60.800288259299968, -32.683299528843961 ], [ -60.794250026399958, -32.679352080543907 ], [ -60.790231060299966, -32.670814638343792 ], [ -60.79342608219995, -32.658220135143658 ], [ -60.794934683699978, -32.641910471643435 ], [ -60.793652086899996, -32.621426939643221 ], [ -60.801726159499971, -32.600418253242964 ], [ -60.811489893399965, -32.58405532464274 ], [ -60.820094269999984, -32.5616447912425 ], [ -60.823717014799989, -32.536472027942196 ], [ -60.827393644199979, -32.521584279242006 ], [ -60.833107729899979, -32.515894031241949 ], [ -60.834435199799984, -32.495330579541694 ], [ -60.831342148399969, -32.488927701741623 ], [ -60.825237097799963, -32.484856929341561 ], [ -60.815744808599973, -32.475155274041427 ], [ -60.811137243199965, -32.46876166484136 ], [ -60.808557510899981, -32.459008908741261 ], [ -60.804770949899961, -32.451628419541152 ], [ -60.803449981799979, -32.44659090374109 ], [ -60.801232811699968, -32.439883481441015 ], [ -60.71273414135041, -32.369798076146552 ], [ -60.713199144599955, -32.373435851640217 ] ] ] ] } },
{ "type": "Feature", "properties": { "Area": 16703.622, "Perim": 632.202, "Nombre": "Región 4" }, "geometry": { "type": "MultiPolygon", "coordinates": [ [ [ [ -61.562883587101005, -31.319140096326681 ], [ -61.561044898700992, -31.319447961326691 ], [ -61.558843306500989, -31.319003151726662 ], [ -61.555800389400979, -31.318955063926669 ], [ -61.553517355900951, -31.319624910926667 ], [ -61.552546553401001, -31.320965523726699 ], [ -61.551700081000988, -31.322766914126721 ], [ -61.553670812100982, -31.326234211526781 ], [ -61.560401806201007, -31.328206160926783 ], [ -61.563744699601031, -31.331705291526848 ], [ -61.570617392401047, -31.335517999026887 ], [ -61.576206054101085, -31.346825586027059 ], [ -61.583318264901088, -31.360810192527214 ], [ -61.588019746901118, -31.368503076727347 ], [ -61.591268770201161, -31.376721198627461 ], [ -61.595917895701142, -31.383554764127531 ], [ -61.601243984801165, -31.390577325427603 ], [ -61.601720141601191, -31.393341027227695 ], [ -61.604756024901178, -31.401399390527754 ], [ -61.609449181601207, -31.41000274422786 ], [ -61.610319728801223, -31.411598403427863 ], [ -61.607096848801213, -31.414893725327957 ], [ -61.598378007601156, -31.423660066428045 ], [ -61.594322875101156, -31.428743762028137 ], [ -61.58235680260109, -31.434641671128194 ], [ -61.573774920301076, -31.436277384128214 ], [ -61.569994285401059, -31.437209992028247 ], [ -61.555852931701018, -31.439726964928283 ], [ -61.541639362500952, -31.440733738428275 ], [ -61.525187312600913, -31.441897076728303 ], [ -61.515213884300856, -31.441027221828296 ], [ -61.50000781370079, -31.439699458428287 ], [ -61.487990712700785, -31.438970348428281 ], [ -61.475274572300727, -31.436469468028235 ], [ -61.4689294006007, -31.435601427728233 ], [ -61.453467342200696, -31.429713715428157 ], [ -61.439418235100618, -31.423281584628093 ], [ -61.436878725200629, -31.422325906328059 ], [ -61.420889038300565, -31.416659155327984 ], [ -61.415133952100568, -31.414509393427988 ], [ -61.408182305100546, -31.412866282727933 ], [ -61.399229926500517, -31.411539482127928 ], [ -61.388563497900492, -31.409200549427872 ], [ -61.384415576400492, -31.408290720227861 ], [ -61.363909858400454, -31.404126723427837 ], [ -61.344520598800386, -31.398486411327756 ], [ -61.326905347100386, -31.397695761627759 ], [ -61.314327952600337, -31.402391464827833 ], [ -61.309738661200349, -31.404104432827829 ], [ -61.305437128200339, -31.405709790327862 ], [ -61.295870819900323, -31.412139177527926 ], [ -61.282148834400303, -31.416277737128013 ], [ -61.27710612340028, -31.421899917228092 ], [ -61.273785498100281, -31.427504795328144 ], [ -61.2715140839003, -31.431582803128183 ], [ -61.264081178800232, -31.430593319728217 ], [ -61.263968203300273, -31.430578276728177 ], [ -61.257064509900253, -31.429658829628181 ], [ -61.253771606200239, -31.429095164928178 ], [ -61.250525619500259, -31.427749659528143 ], [ -61.244596353300246, -31.423964760828099 ], [ -61.240221256000204, -31.421965019528081 ], [ -61.224688780600182, -31.417829721828024 ], [ -61.218555235900205, -31.416638956527997 ], [ -61.212415409800208, -31.414948259327986 ], [ -61.203932695300168, -31.412279903027976 ], [ -61.197220342600176, -31.411343389127936 ], [ -61.187870807800174, -31.40918174692791 ], [ -61.17327249550015, -31.40656786932788 ], [ -61.163375295200112, -31.407157781527889 ], [ -61.14960157640013, -31.408141962227891 ], [ -61.147367127700136, -31.408301480327907 ], [ -61.136846041600123, -31.409960324727901 ], [ -61.122590105100095, -31.407021773427871 ], [ -61.115893348100109, -31.406592790827901 ], [ -61.104189572000081, -31.402934119927849 ], [ -61.099465506500081, -31.400519315727788 ], [ -61.095052997900069, -31.399141807227792 ], [ -61.090739078300089, -31.398551924327791 ], [ -61.089755670800088, -31.398642005327762 ], [ -61.081718647800081, -31.399377915127772 ], [ -61.076637194800057, -31.406034042627876 ], [ -61.07592401360008, -31.406968139527869 ], [ -61.077512435800053, -31.413654966927982 ], [ -61.081062549800059, -31.41837227092801 ], [ -61.086078335400082, -31.423826610528117 ], [ -61.088512939600058, -31.432800620628225 ], [ -61.088216061000061, -31.442293874428383 ], [ -61.086118235600068, -31.452443556628477 ], [ -61.08504823910009, -31.45671558632856 ], [ -61.084086217300069, -31.460556200428591 ], [ -61.083796179200064, -31.461714040328612 ], [ -61.070208816700074, -31.466923253328648 ], [ -61.053139748700055, -31.473292676228745 ], [ -61.023486281200029, -31.4746796878288 ], [ -61.024657397600066, -31.495342846429043 ], [ -61.025408007000024, -31.504611596829164 ], [ -61.026297849400009, -31.515596816829305 ], [ -61.020121767000042, -31.520326742629386 ], [ -60.991884280100031, -31.52920434952949 ], [ -60.962654992499985, -31.538385487729624 ], [ -60.962443832, -31.563923690529919 ], [ -60.969772123399991, -31.580909334830178 ], [ -60.973600898500017, -31.589781014630304 ], [ -60.978006372099998, -31.603528908630466 ], [ -60.960529809400015, -31.617646738530635 ], [ -60.94497864949998, -31.615179324730615 ], [ -60.935301287099989, -31.613642846530585 ], [ -60.922273564599998, -31.613841797430599 ], [ -60.910350719399979, -31.6140227104306 ], [ -60.898470783499988, -31.615503896430599 ], [ -60.878828822199964, -31.610052321330535 ], [ -60.850417036899977, -31.614435854330594 ], [ -60.835101944599963, -31.623118904630736 ], [ -60.823207195099982, -31.623196139430704 ], [ -60.810134136999942, -31.621882675830712 ], [ -60.798329794499949, -31.632534849630822 ], [ -60.794886589699949, -31.662003217631206 ], [ -60.793229341899952, -31.676180562931428 ], [ -60.793248500104369, -31.676188593571592 ], [ -60.782969820746906, -31.686766648622516 ], [ -60.764269820746968, -31.693166648622604 ], [ -60.746569820746984, -31.691166648622612 ], [ -60.738769820746946, -31.678766648622435 ], [ -60.723269820746971, -31.673266648622388 ], [ -60.709203669212663, -31.66639341548623 ], [ -60.698536278592776, -31.679113209380208 ], [ -60.692587626078208, -31.687441322900714 ], [ -60.683962079932108, -31.698148897427078 ], [ -60.673551938031572, -31.710343635082154 ], [ -60.660464902499484, -31.732651082012076 ], [ -60.656003413113623, -31.747225280672982 ], [ -60.638752320821375, -31.757635422573614 ], [ -60.633369820746864, -31.762866648623444 ], [ -60.634569820746933, -31.767666648623557 ], [ -60.636669820746931, -31.772766648623666 ], [ -60.638569820746952, -31.776466648623678 ], [ -60.640869820746907, -31.779866648623656 ], [ -60.646569820746855, -31.785066648623708 ], [ -60.654369820746915, -31.790266648623813 ], [ -60.662269820746879, -31.795666648623932 ], [ -60.667569820746913, -31.799366648623955 ], [ -60.670269820746974, -31.803166648624053 ], [ -60.670269820746974, -31.807666648624096 ], [ -60.668869820746934, -31.816666648624214 ], [ -60.665969820746987, -31.829266648624323 ], [ -60.662669820746942, -31.845166648624492 ], [ -60.660969820746992, -31.852066648624664 ], [ -60.653669820746913, -31.874266648624943 ], [ -60.649169820746948, -31.888666648625133 ], [ -60.648869820746881, -31.891766648625214 ], [ -60.649369820746863, -31.895866648625166 ], [ -60.650969820746965, -31.900266648625244 ], [ -60.654569820746879, -31.906966648625385 ], [ -60.658569820746891, -31.912466648625436 ], [ -60.662769820746981, -31.916666648625505 ], [ -60.671669820746949, -31.924466648625533 ], [ -60.674369820746954, -31.927966648625567 ], [ -60.677069820746901, -31.931566648625662 ], [ -60.67926982074686, -31.933466648625668 ], [ -60.686169820746954, -31.937666648625704 ], [ -60.697069820746947, -31.944266648625842 ], [ -60.708169820746882, -31.95156664862596 ], [ -60.715169820746887, -31.956866648625954 ], [ -60.719569820746905, -31.960566648625928 ], [ -60.722269820746931, -31.964466648626058 ], [ -60.723269820746971, -31.967666648626107 ], [ -60.72326982074695, -31.970566648626232 ], [ -60.722269820746938, -31.97326664862619 ], [ -60.719369820746998, -31.978666648626263 ], [ -60.713669820746873, -31.986766648626386 ], [ -60.704869820746978, -31.996166648626531 ], [ -60.694269820746932, -32.005966648626625 ], [ -60.685869820746994, -32.013466648626611 ], [ -60.683569820746925, -32.015866648626776 ], [ -60.680669820746978, -32.020066648626795 ], [ -60.676169820746964, -32.028966648626842 ], [ -60.671269820746879, -32.040166648627 ], [ -60.66936982074693, -32.043366648627099 ], [ -60.662869820746884, -32.050966648627139 ], [ -60.657669820746975, -32.057666648627198 ], [ -60.65536982074692, -32.063566648627251 ], [ -60.655469820746923, -32.067966648627433 ], [ -60.65746982074694, -32.074466648627478 ], [ -60.66196982074694, -32.084166648627594 ], [ -60.665469820746985, -32.089066648627643 ], [ -60.669569820746908, -32.092266648627614 ], [ -60.678369820746909, -32.100366648627819 ], [ -60.685069820746961, -32.107466648627806 ], [ -60.689269820746908, -32.113366648627959 ], [ -60.692869820746921, -32.119866648628069 ], [ -60.697869820746952, -32.132266648628189 ], [ -60.701869820746921, -32.145966648628367 ], [ -60.703469820746875, -32.155266648628483 ], [ -60.704569820746961, -32.163166648628525 ], [ -60.704869820746978, -32.174066648628674 ], [ -60.703169820746837, -32.18286664862876 ], [ -60.701569820746968, -32.186666648628893 ], [ -60.698369820746976, -32.190566648628852 ], [ -60.692769820746882, -32.196866648629033 ], [ -60.68766982074699, -32.201666648629072 ], [ -60.681269820746877, -32.205566648629102 ], [ -60.677369820746954, -32.208166648629174 ], [ -60.674869820746956, -32.210466648629101 ], [ -60.670469820746966, -32.215466648629189 ], [ -60.666969820746964, -32.217966648629236 ], [ -60.664469820746938, -32.221466648629224 ], [ -60.662369820746903, -32.229166648629345 ], [ -60.663369820746929, -32.236666648629551 ], [ -60.666569820746865, -32.242666648629509 ], [ -60.66966982074694, -32.246866648629656 ], [ -60.672369820746951, -32.251766648629676 ], [ -60.676669820746959, -32.260666648629766 ], [ -60.682369820746956, -32.274366648629908 ], [ -60.684469820746877, -32.282366648630067 ], [ -60.683369820746918, -32.288966648630172 ], [ -60.681469820746834, -32.294466648630227 ], [ -60.678369820746909, -32.300166648630288 ], [ -60.675269820746827, -32.306466648630362 ], [ -60.674569820746918, -32.31016664863045 ], [ -60.67536982074693, -32.312966648630464 ], [ -60.677369820746954, -32.319366648630535 ], [ -60.683969820746881, -32.32316664863059 ], [ -60.693469820746898, -32.324566648630586 ], [ -60.698469820746887, -32.324466648630526 ], [ -60.707169820746977, -32.323666648630599 ], [ -60.712069820746919, -32.323666648630592 ], [ -60.718869820746868, -32.325066648630617 ], [ -60.722269820746931, -32.326466648630543 ], [ -60.727069820746991, -32.329866648630649 ], [ -60.731269820746959, -32.334466648630695 ], [ -60.733969820746943, -32.338766648630745 ], [ -60.735369820746875, -32.343066648630874 ], [ -60.7354698207469, -32.347366648630818 ], [ -60.73376982074695, -32.351566648630936 ], [ -60.731269820746967, -32.355266648630959 ], [ -60.728569820746934, -32.358666648631001 ], [ -60.724769820746943, -32.361366648630977 ], [ -60.717269820746921, -32.365166648631124 ], [ -60.71456982074691, -32.366966648631134 ], [ -60.712869820746945, -32.369366648631107 ], [ -60.801269820746917, -32.439866648632005 ], [ -60.80766982074698, -32.442766648632045 ], [ -60.814969820746917, -32.446066648632076 ], [ -60.821069820746992, -32.449666648632075 ], [ -60.827069820746949, -32.453166648632141 ], [ -60.832469820746972, -32.456066648632124 ], [ -60.837869820746931, -32.458866648632153 ], [ -60.842269820746957, -32.461866648632231 ], [ -60.846669820746932, -32.464866648632253 ], [ -60.851169820746932, -32.469766648632373 ], [ -60.855569820746901, -32.474766648632468 ], [ -60.861569820746872, -32.479566648632421 ], [ -60.867469820747026, -32.484466648632541 ], [ -60.880969820746941, -32.493666648632725 ], [ -60.887469820746873, -32.497866648632694 ], [ -60.893869820747, -32.501966648632681 ], [ -60.897869820746998, -32.503066648632796 ], [ -60.913669820746918, -32.507366648632832 ], [ -60.923269820746974, -32.50836664863288 ], [ -60.932869820746916, -32.509366648632856 ], [ -60.948569820746904, -32.513166648632932 ], [ -60.967069820746993, -32.518466648632909 ], [ -61.013569820747044, -32.532966648633085 ], [ -61.013177827020627, -32.532313345554194 ], [ -61.013565031900022, -32.532930941742137 ], [ -61.021337751200036, -32.537158706142158 ], [ -61.021856494000033, -32.537440830842201 ], [ -61.02874287060007, -32.540484060842196 ], [ -61.050635579700071, -32.551745464642352 ], [ -61.062449905900067, -32.559819305442439 ], [ -61.071790775900048, -32.565515673942556 ], [ -61.084676252000087, -32.573434259942623 ], [ -61.089148955600081, -32.581132755942733 ], [ -61.091661166900082, -32.585857652442776 ], [ -61.096296124000084, -32.588950516042786 ], [ -61.1021054208001, -32.593247824542857 ], [ -61.106725709800088, -32.596204821542898 ], [ -61.114703415500095, -32.602812541142988 ], [ -61.120637194300102, -32.610599429543043 ], [ -61.126951358800106, -32.6212860765432 ], [ -61.130154909500135, -32.630258377943321 ], [ -61.135182023700132, -32.640524205343411 ], [ -61.139406182600126, -32.648615850343504 ], [ -61.149257377200186, -32.666818378143745 ], [ -61.154843555400141, -32.673735527543847 ], [ -61.157685662000162, -32.680968182043912 ], [ -61.163269629500142, -32.687594649444002 ], [ -61.171966025100147, -32.69564364604409 ], [ -61.180973411000188, -32.701075827444171 ], [ -61.186204979400181, -32.70683340574422 ], [ -61.192171050200201, -32.716068009444314 ], [ -61.200154419800228, -32.721798900944407 ], [ -61.218542348300225, -32.734106448844564 ], [ -61.227520291100255, -32.736922355644595 ], [ -61.239909006600264, -32.737671399644583 ], [ -61.24573662100029, -32.737424270044606 ], [ -61.246027855100273, -32.737411912644575 ], [ -61.248494581100275, -32.736733944044573 ], [ -61.250617226300292, -32.736962513444588 ], [ -61.253628438500265, -32.737286700944566 ], [ -61.256579471700285, -32.738602612344593 ], [ -61.26447423190028, -32.74212246854465 ], [ -61.267969586600309, -32.744805142644694 ], [ -61.273967106700297, -32.747361636044687 ], [ -61.279447811800317, -32.747104465544687 ], [ -61.282206089000326, -32.747930610844691 ], [ -61.286273026700357, -32.749148579344727 ], [ -61.292980796000364, -32.751294194644743 ], [ -61.304128399400376, -32.757529272944829 ], [ -61.304855736200352, -32.757927341444827 ], [ -61.317797927900379, -32.764916457844905 ], [ -61.320305602900426, -32.767278618244951 ], [ -61.323354567000443, -32.770357935544965 ], [ -61.333470388100409, -32.784947689345145 ], [ -61.334245953100442, -32.785454638645156 ], [ -61.339983049300471, -32.789204365545203 ], [ -61.342914357000474, -32.791164295745212 ], [ -61.343543017700455, -32.791295116845234 ], [ -61.346501542100455, -32.793254592545246 ], [ -61.347420075600446, -32.793801848845241 ], [ -61.350515386300486, -32.795645914145254 ], [ -61.366609808800504, -32.802819747945342 ], [ -61.376235024200504, -32.801327309945336 ], [ -61.386777235700556, -32.799505124045304 ], [ -61.388055036900532, -32.797971303045287 ], [ -61.392213669300524, -32.792270010845222 ], [ -61.393505086000552, -32.790156652345175 ], [ -61.395163497700551, -32.787442557945162 ], [ -61.396907621500574, -32.784587994345131 ], [ -61.403875154900582, -32.782878804045119 ], [ -61.409426575300607, -32.782245037145124 ], [ -61.417566451100633, -32.781315305045077 ], [ -61.422640823500643, -32.781101924545105 ], [ -61.424121070800659, -32.781029068145081 ], [ -61.42484280370067, -32.780993538745122 ], [ -61.431363561200641, -32.778943800945072 ], [ -61.432418824600632, -32.77872941804506 ], [ -61.437589132700694, -32.777726503045052 ], [ -61.438099401000713, -32.777326913445059 ], [ -61.442432051000686, -32.776845713345018 ], [ -61.445232938000693, -32.776365123145027 ], [ -61.449960473000694, -32.776128959645021 ], [ -61.451730474200708, -32.775972437245031 ], [ -61.459167382600739, -32.775196942645003 ], [ -61.461671350900751, -32.775167747545048 ], [ -61.46245155970076, -32.775233218644992 ], [ -61.464003263100778, -32.775345028945004 ], [ -61.470968761600808, -32.775943070145004 ], [ -61.473255466500788, -32.776139314645036 ], [ -61.475988514800811, -32.776745580745043 ], [ -61.477564626500829, -32.777095174945025 ], [ -61.479803256900809, -32.777445667845079 ], [ -61.482823214200799, -32.777918421445065 ], [ -61.487069094800852, -32.778582952545065 ], [ -61.488110669700831, -32.778755610945048 ], [ -61.488988443700833, -32.778989445545051 ], [ -61.492089348700858, -32.77997159674505 ], [ -61.493220953200861, -32.780329985645068 ], [ -61.494462353100857, -32.780484731045064 ], [ -61.504116253200898, -32.786686393445152 ], [ -61.505259913700904, -32.788024330945163 ], [ -61.507523155600936, -32.790671882345194 ], [ -61.509406851000925, -32.791978540745227 ], [ -61.511109864300941, -32.79315980724521 ], [ -61.521645585700959, -32.800466493445327 ], [ -61.531795859801001, -32.810269555045402 ], [ -61.535360548701, -32.81636616584548 ], [ -61.535908072601039, -32.81672329644551 ], [ -61.542480224101013, -32.821009659745542 ], [ -61.550195308701078, -32.825524371145605 ], [ -61.557427073501096, -32.82968262144567 ], [ -61.560057951701104, -32.830363175045662 ], [ -61.562487667301149, -32.830924273245678 ], [ -61.571647521601186, -32.829589866945646 ], [ -61.575012790801189, -32.828921560245632 ], [ -61.577929396101169, -32.828419197145621 ], [ -61.578610577001207, -32.828294920345641 ], [ -61.582878651801231, -32.827853890745637 ], [ -61.585313521001218, -32.827621259045614 ], [ -61.587214067201238, -32.827702852345617 ], [ -61.588538005601229, -32.828586640845622 ], [ -61.589423463601229, -32.829446104745649 ], [ -61.590141530101221, -32.829953964545631 ], [ -61.592558258301246, -32.831522465345671 ], [ -61.594349544501263, -32.832784635745703 ], [ -61.595767855301268, -32.833250547445694 ], [ -61.596998512801257, -32.83349510474568 ], [ -61.597702669401286, -32.833641974545699 ], [ -61.598369486701273, -32.833752242445676 ], [ -61.59907406510127, -32.833878656145686 ], [ -61.599678210101267, -32.833478200545692 ], [ -61.60137868800129, -32.832074911545661 ], [ -61.603373722001308, -32.83093013334566 ], [ -61.607584217001339, -32.828316344145605 ], [ -61.607968271601329, -32.82750861324562 ], [ -61.60874664850131, -32.8258715103456 ], [ -61.609991621201331, -32.822680116345545 ], [ -61.612201985701347, -32.820783433145557 ], [ -61.614713330301349, -32.81871792274552 ], [ -61.618109850001382, -32.817586776845488 ], [ -61.624384231301391, -32.813100742745441 ], [ -61.637003236701489, -32.806872636145364 ], [ -61.639434675201478, -32.805458509045344 ], [ -61.64231478230149, -32.803783318545342 ], [ -61.64862312290154, -32.796553670045235 ], [ -61.649805969201509, -32.789316197245164 ], [ -61.650132301601538, -32.787411903745117 ], [ -61.651499978301551, -32.777718150945006 ], [ -61.652472756701556, -32.765827607344868 ], [ -61.651914983501541, -32.759943020344785 ], [ -61.647374170601552, -32.755823749444751 ], [ -61.64633706310152, -32.754882842044751 ], [ -61.645693288701501, -32.754094397144733 ], [ -61.6451173194015, -32.753388979544731 ], [ -61.644936047801494, -32.752681087344712 ], [ -61.64408977630147, -32.749376106144695 ], [ -61.645118092801496, -32.746946792844682 ], [ -61.646516870301511, -32.745217214344628 ], [ -61.650072034301544, -32.744063199444597 ], [ -61.656729570701572, -32.743069427444617 ], [ -61.657724542001553, -32.742954657544601 ], [ -61.660273665101592, -32.742572474944595 ], [ -61.663478563501599, -32.742290771344578 ], [ -61.674381966001661, -32.743411730544608 ], [ -61.678081929601682, -32.7437918941446 ], [ -61.684670415301731, -32.746982533644662 ], [ -61.68611417520173, -32.747711224044643 ], [ -61.687928860901764, -32.747585309044645 ], [ -61.689224836101751, -32.746055093144655 ], [ -61.689307842201757, -32.744670425544605 ], [ -61.689378408701756, -32.74349324934461 ], [ -61.689807516901752, -32.739743453744573 ], [ -61.690319080201746, -32.735272786444526 ], [ -61.692199662301768, -32.727438115044393 ], [ -61.689453292301742, -32.71660284334429 ], [ -61.690526281101775, -32.715918289044247 ], [ -61.696258205001783, -32.712261061644227 ], [ -61.698295652901777, -32.710960944744215 ], [ -61.707236322401869, -32.707457262444159 ], [ -61.714132401501907, -32.70755107784418 ], [ -61.721487580501943, -32.708389817444186 ], [ -61.728961308201995, -32.709602287844199 ], [ -61.736905388302041, -32.712123110844225 ], [ -61.741984546602076, -32.714674305344232 ], [ -61.744227526602096, -32.715999212944247 ], [ -61.746187865702083, -32.716943983244285 ], [ -61.74748688250213, -32.71716889704426 ], [ -61.748630448702123, -32.716788427944273 ], [ -61.749128930102117, -32.716538458544242 ], [ -61.749546120102131, -32.715803591544244 ], [ -61.749605185602142, -32.71513454384425 ], [ -61.749654449402108, -32.713979602544221 ], [ -61.749419769402138, -32.713010816844211 ], [ -61.748739471302137, -32.711319337544204 ], [ -61.747849427102111, -32.709934478944206 ], [ -61.746672795102121, -32.708614291844178 ], [ -61.744984748702109, -32.706876002344167 ], [ -61.742938681302093, -32.70520335144414 ], [ -61.739988131802079, -32.702499865444111 ], [ -61.740708620602071, -32.700376382744089 ], [ -61.741891712302078, -32.699446611844053 ], [ -61.742670804702101, -32.698828246644055 ], [ -61.743379280602056, -32.698271544244044 ], [ -61.745161043802121, -32.697457026144015 ], [ -61.747165851702114, -32.697003899544015 ], [ -61.748955845602133, -32.696614423244021 ], [ -61.750250140102132, -32.696596364944021 ], [ -61.752049605702155, -32.696692743944027 ], [ -61.755157635902165, -32.697499834843995 ], [ -61.756825452202186, -32.698205389344047 ], [ -61.758284775802174, -32.699278503944058 ], [ -61.760859080602216, -32.701309099144112 ], [ -61.763048381302227, -32.702918617544093 ], [ -61.764656214402237, -32.704232444144111 ], [ -61.766343381802244, -32.705909789444128 ], [ -61.767592046402264, -32.707228635244128 ], [ -61.768393791002261, -32.707764180144153 ], [ -61.769544024502274, -32.707747951144157 ], [ -61.769964603602283, -32.707195164144117 ], [ -61.769739324502268, -32.706712451944142 ], [ -61.769153578602264, -32.706173867944138 ], [ -61.768635723802291, -32.705452130744156 ], [ -61.767601551002272, -32.704069449344118 ], [ -61.766865963702237, -32.703229402444101 ], [ -61.766199782002268, -32.702266729544078 ], [ -61.765610187202256, -32.701545988944083 ], [ -61.764795328602212, -32.700134419144057 ], [ -61.763460685802222, -32.69808770554404 ], [ -61.763436792302201, -32.696872966544035 ], [ -61.763343506702221, -32.695780710644001 ], [ -61.763535276902239, -32.694563074944 ], [ -61.763797627202237, -32.693283624143973 ], [ -61.76477421600223, -32.692062604443954 ], [ -61.766528218702263, -32.69135918534397 ], [ -61.768658639502284, -32.691817757043971 ], [ -61.770035109502267, -32.692345188343971 ], [ -61.771632356702277, -32.693112363743971 ], [ -61.773735123102313, -32.693993876243987 ], [ -61.774900807702323, -32.694767248343986 ], [ -61.776271651702309, -32.694990852744013 ], [ -61.7768381015023, -32.694557484543999 ], [ -61.776898158402318, -32.693949097643952 ], [ -61.776308540702331, -32.693228543943974 ], [ -61.775215848502313, -32.692514973143979 ], [ -61.774052282702314, -32.691863080543953 ], [ -61.773102294402293, -32.691086786143948 ], [ -61.770914633502272, -32.689538237343918 ], [ -61.769675765702281, -32.688705172543941 ], [ -61.768434525402242, -32.687750620943923 ], [ -61.767484317002236, -32.686974284843892 ], [ -61.767321617202249, -32.686004516943882 ], [ -61.76628411620225, -32.684439669443861 ], [ -61.765881820002249, -32.683170044143857 ], [ -61.765800243602243, -32.681773313543836 ], [ -61.766640023702237, -32.680607233243812 ], [ -61.767851222002257, -32.680043451743806 ], [ -61.767869805202274, -32.680035269443806 ], [ -61.768849176702268, -32.679604037443788 ], [ -61.772297731902285, -32.679264749443817 ], [ -61.77358935840229, -32.679124985243796 ], [ -61.775030524902299, -32.679286792343802 ], [ -61.776400818502324, -32.67951040834383 ], [ -61.778497283502318, -32.680088237143806 ], [ -61.780017474602332, -32.680613524243839 ], [ -61.781889917002374, -32.680769130543808 ], [ -61.783316634802375, -32.680202139643804 ], [ -61.783956249302392, -32.679828522543829 ], [ -61.784152542902369, -32.678853672543781 ], [ -61.783995722702372, -32.678187681243806 ], [ -61.783616940802382, -32.677221009643773 ], [ -61.782799704902352, -32.675896046843775 ], [ -61.781691505302362, -32.674393018043737 ], [ -61.780734102402363, -32.673252360143728 ], [ -61.78013286280234, -32.671924447643711 ], [ -61.779466790902347, -32.670961837543686 ], [ -61.779296462902316, -32.669627670543662 ], [ -61.779624583102361, -32.66804355444367 ], [ -61.780178806002333, -32.66700280894365 ], [ -61.780735740902372, -32.66608366644364 ], [ -61.781292664902381, -32.665164521843657 ], [ -61.781997914002368, -32.664486283243626 ], [ -61.782630188702342, -32.663748255843629 ], [ -61.783405071302354, -32.662947512743578 ], [ -61.784452785002387, -32.661413839743595 ], [ -61.784876096602403, -32.660699501843574 ], [ -61.785247173902398, -32.657656669543528 ], [ -61.78513285020238, -32.655531980943522 ], [ -61.784882281302366, -32.653773752543486 ], [ -61.784702262502364, -32.651953697643471 ], [ -61.783948873502389, -32.650202616043472 ], [ -61.783420707002378, -32.648934359643455 ], [ -61.781161884302364, -32.647386974143437 ], [ -61.780140269202342, -32.646611600043428 ], [ -61.778172755902339, -32.645242219343423 ], [ -61.776261433002311, -32.643082276543403 ], [ -61.775946548202313, -32.641689457443341 ], [ -61.776060569902285, -32.640560313843338 ], [ -61.776099893402296, -32.638919465343314 ], [ -61.776217265602327, -32.637581214343314 ], [ -61.776547752202326, -32.636118575043298 ], [ -61.776881518502321, -32.634838082543283 ], [ -61.776780966102329, -32.633381406943251 ], [ -61.77680947480232, -32.631193990843208 ], [ -61.776264729302298, -32.629075372843197 ], [ -61.775596638502314, -32.627991248943196 ], [ -61.774467607002308, -32.625394849943156 ], [ -61.772767510402289, -32.622988834443113 ], [ -61.770707074102269, -32.620527053243109 ], [ -61.768277830402255, -32.617672355643052 ], [ -61.767249824802249, -32.616532563843059 ], [ -61.766580437402233, -32.615387717943044 ], [ -61.765978638402231, -32.613998899543006 ], [ -61.765883953602227, -32.612845964743016 ], [ -61.766143255602245, -32.612149738342993 ], [ -61.766498128202223, -32.611196887342977 ], [ -61.76727750190225, -32.610639198842989 ], [ -61.76838622770228, -32.609981082042964 ], [ -61.769478992102243, -32.609332420842989 ], [ -61.770685728602281, -32.608909824942977 ], [ -61.772190205702309, -32.608382939342953 ], [ -61.773691165902285, -32.607997221542981 ], [ -61.77518851820227, -32.607429342042956 ], [ -61.776176051902311, -32.606503994442924 ], [ -61.776585355002318, -32.605404762242912 ], [ -61.776420349502317, -32.604313517642886 ], [ -61.775171977602326, -32.602655139342879 ], [ -61.774427301902307, -32.601329065542863 ], [ -61.77287979120225, -32.59934622754286 ], [ -61.771416003102246, -32.597969460142842 ], [ -61.770621373502294, -32.597122485142819 ], [ -61.769728482602261, -32.59617074984282 ], [ -61.769055957402237, -32.594843623642802 ], [ -61.767947855102257, -32.593279742842782 ], [ -61.767213218802233, -32.592439516342765 ], [ -61.766970739802225, -32.591437789442757 ], [ -61.766744251902246, -32.590502101642755 ], [ -61.766720412502231, -32.589287343942722 ], [ -61.766768190402232, -32.588801087042725 ], [ -61.766839967802241, -32.58807056924271 ], [ -61.767467096902237, -32.587089808642702 ], [ -61.768029671002239, -32.586474345342694 ], [ -61.768923437502252, -32.58529855054266 ], [ -61.770365914602252, -32.584740312242658 ], [ -61.771574317102242, -32.584115730442676 ], [ -61.77293030020229, -32.583671386642649 ], [ -61.774137786202274, -32.58298610724264 ], [ -61.775995942102298, -32.581765505742638 ], [ -61.777649545302296, -32.582040760042645 ], [ -61.779168982402332, -32.581715546042631 ], [ -61.780946326302349, -32.581690362442629 ], [ -61.781874747902343, -32.581434179342644 ], [ -61.78243358190236, -32.580636511342632 ], [ -61.782483633302334, -32.579542219942589 ], [ -61.782397519602341, -32.578814387442591 ], [ -61.782098123802371, -32.578211089342567 ], [ -61.781654156602329, -32.577549154242568 ], [ -61.781065619502336, -32.576828444242587 ], [ -61.780330697302347, -32.575988432742577 ], [ -61.779154408102329, -32.574265332742534 ], [ -61.778381306102304, -32.571824039642522 ], [ -61.77850220350232, -32.570668058342505 ], [ -61.778549905202325, -32.569452290042463 ], [ -61.779159450902313, -32.567733388842456 ], [ -61.781008465202312, -32.566683712042469 ], [ -61.782495789702345, -32.56562972574244 ], [ -61.783695438002361, -32.564579942542444 ], [ -61.784025591602372, -32.563117280842405 ], [ -61.783856681802355, -32.561843899242376 ], [ -61.782690299902335, -32.560949062342388 ], [ -61.781608057302357, -32.560209578642365 ], [ -61.779939074202296, -32.559321975542332 ], [ -61.778466589502337, -32.557459492642337 ], [ -61.777853948902312, -32.555524143842334 ], [ -61.777955363602317, -32.553396359342287 ], [ -61.778837082502292, -32.550771494642248 ], [ -61.779940940202295, -32.548508007442244 ], [ -61.781358415302364, -32.547576672942206 ], [ -61.783493737002374, -32.546635139742207 ], [ -61.786062904602396, -32.545869603342211 ], [ -61.789781687002396, -32.545148474842193 ], [ -61.790494061102407, -32.544981317542195 ], [ -61.791710905802411, -32.544695776542184 ], [ -61.793010589402428, -32.544251325442168 ], [ -61.793564818002416, -32.544061791242193 ], [ -61.795599249102445, -32.54234654404214 ], [ -61.796014509802454, -32.542027150842138 ], [ -61.797387826902472, -32.540477007042142 ], [ -61.798465353202467, -32.5384226675421 ], [ -61.799133234802454, -32.537393714942098 ], [ -61.799541691502505, -32.536295512442088 ], [ -61.800272285302491, -32.534100476042063 ], [ -61.800421415202479, -32.53219399534202 ], [ -61.800691124402491, -32.528745883641989 ], [ -61.801175201202483, -32.526621593041973 ], [ -61.803207384102492, -32.525505847741933 ], [ -61.805038780502493, -32.524655930441924 ], [ -61.806893868102527, -32.524870336941959 ], [ -61.80953624690256, -32.524956541841931 ], [ -61.811767819002569, -32.52571134994195 ], [ -61.814759471002603, -32.526723164441961 ], [ -61.815864274402607, -32.526051801841945 ], [ -61.816435638002631, -32.524514390041951 ], [ -61.81538900980258, -32.523801405141931 ], [ -61.813719800502582, -32.522077724941916 ], [ -61.813006866202585, -32.520850139541878 ], [ -61.811171979102546, -32.519420242441868 ], [ -61.80969666990255, -32.518415176941851 ], [ -61.808441333802556, -32.516234441041831 ], [ -61.809701424002554, -32.513844134441818 ], [ -61.811923540302573, -32.514020866641808 ], [ -61.813730850802564, -32.514067638841794 ], [ -61.81417784710257, -32.513304161841781 ], [ -61.8149923135026, -32.511913004041759 ], [ -61.814444533302598, -32.50968643374172 ], [ -61.814567817702589, -32.507400309341733 ], [ -61.814721037402585, -32.504558990241698 ], [ -61.817138103802598, -32.503143849241646 ], [ -61.818684405902644, -32.503048677541678 ], [ -61.820742215902634, -32.502965251441658 ], [ -61.824270228002682, -32.502822142941675 ], [ -61.825981057702684, -32.502360377241629 ], [ -61.827155238602685, -32.500886990041629 ], [ -61.827985587902688, -32.499418589341616 ], [ -61.828032617802698, -32.498168600041595 ], [ -61.828104171502694, -32.496266782941568 ], [ -61.828757399202679, -32.492966593841494 ], [ -61.830592113002709, -32.490484213641508 ], [ -61.833669376302765, -32.489389441241499 ], [ -61.836319614402775, -32.488622550941471 ], [ -61.838121971702783, -32.488450720941465 ], [ -61.8407780713028, -32.487974946441462 ], [ -61.843088909802816, -32.487431351141474 ], [ -61.844358955702845, -32.486466170541455 ], [ -61.84448709250286, -32.485344890641429 ], [ -61.844650697902836, -32.483913206641411 ], [ -61.844354281302834, -32.482024276041386 ], [ -61.843905321002843, -32.481084149541402 ], [ -61.842340151202805, -32.480233328941374 ], [ -61.840689078702809, -32.479383608341365 ], [ -61.839293172802762, -32.478384624841354 ], [ -61.83677222770276, -32.477037932841348 ], [ -61.83554171720278, -32.476005943641319 ], [ -61.833791573102737, -32.474502295841297 ], [ -61.832774709202745, -32.471837952941286 ], [ -61.832397661102725, -32.469352378041265 ], [ -61.832788905402744, -32.467453395941206 ], [ -61.833189614202759, -32.465487946141195 ], [ -61.835509790902769, -32.464268189141187 ], [ -61.838215995102765, -32.462845396941162 ], [ -61.841045707702797, -32.463400674141155 ], [ -61.843499218502807, -32.464143497941166 ], [ -61.846322469902852, -32.464998188741191 ], [ -61.848060033002874, -32.465460638141224 ], [ -61.851768263102905, -32.466447479841214 ], [ -61.854361597102908, -32.46713739624122 ], [ -61.857062677502924, -32.467518745441225 ], [ -61.859965993302943, -32.467928578241228 ], [ -61.861181095402976, -32.467583727741236 ], [ -61.862185429803013, -32.466258186541189 ], [ -61.862671252903006, -32.464794665641193 ], [ -61.862924609002967, -32.46331425414116 ], [ -61.863208487802986, -32.461655442841149 ], [ -61.862492416002965, -32.460282531341122 ], [ -61.861262414102995, -32.45899003904109 ], [ -61.859740414002964, -32.457469127441094 ], [ -61.85895845190295, -32.455295749241074 ], [ -61.861072679102961, -32.453968513241058 ], [ -61.862776595102993, -32.453214992141049 ], [ -61.864720296502995, -32.451584234541031 ], [ -61.865192906703015, -32.44993177004099 ], [ -61.865682394302993, -32.44822023434098 ], [ -61.865400387003021, -32.447059372740988 ], [ -61.864349822702998, -32.446128364240955 ], [ -61.861877141502994, -32.444330318940928 ], [ -61.860058125302956, -32.442207133740908 ], [ -61.858052093502934, -32.440780414840894 ], [ -61.857292440402958, -32.438955391940873 ], [ -61.858770900302964, -32.436837595340826 ], [ -61.861322289702976, -32.436799906740852 ], [ -61.863474590102982, -32.43698654434084 ], [ -61.865280348103013, -32.437032631440836 ], [ -61.86806980030304, -32.437290319540857 ], [ -61.871394061603063, -32.437597329840827 ], [ -61.872941855903072, -32.437647140340843 ], [ -61.872961013403071, -32.436688712640823 ], [ -61.872984079203093, -32.43553476634083 ], [ -61.872440166003081, -32.434159207940809 ], [ -61.870848514403065, -32.431998429840746 ], [ -61.869445534603038, -32.430635616140762 ], [ -61.867275061003035, -32.429575599040767 ], [ -61.865098952303015, -32.42822433164072 ], [ -61.86215717460297, -32.427248331240705 ], [ -61.859480564302977, -32.42663260144073 ], [ -61.856885385702917, -32.42579700514073 ], [ -61.855395033702919, -32.424362627240704 ], [ -61.854072320302883, -32.422707290740682 ], [ -61.852580401902891, -32.420375478340659 ], [ -61.852237894602915, -32.417697147740611 ], [ -61.851680717502866, -32.415666401240593 ], [ -61.850518046702867, -32.413426075040547 ], [ -61.850461574202875, -32.410659858540548 ], [ -61.851765238702889, -32.408672638040507 ], [ -61.85410984190294, -32.407707426440474 ], [ -61.856785968002953, -32.40660565824048 ], [ -61.858771794702939, -32.40708614284047 ], [ -61.861347012502975, -32.406975296340491 ], [ -61.864126297403004, -32.406703897540474 ], [ -61.868377620303029, -32.406288631940463 ], [ -61.869397721203072, -32.405763731740457 ], [ -61.870155736703019, -32.405024378940439 ], [ -61.870734514503077, -32.403923427540413 ], [ -61.871050899503068, -32.402608035240412 ], [ -61.871366085003032, -32.401219836040397 ], [ -61.872211491903059, -32.399610725440375 ], [ -61.874678363403099, -32.39844831074037 ], [ -61.877225504003107, -32.397928556740354 ], [ -61.87901841270314, -32.397392064940334 ], [ -61.881068847703155, -32.396851839940354 ], [ -61.883209947703158, -32.396528561940336 ], [ -61.885174484503175, -32.395989418540331 ], [ -61.886788039203189, -32.395091518840346 ], [ -61.88786799330321, -32.393327710440289 ], [ -61.888952451603224, -32.391782160540295 ], [ -61.890641115403255, -32.390373321640247 ], [ -61.892075241503264, -32.38911393054024 ], [ -61.893858761503267, -32.388140431540222 ], [ -61.895898240203294, -32.38709037024023 ], [ -61.897345623903298, -32.386232888140199 ], [ -61.8993972064033, -32.385765041740193 ], [ -61.901028734403333, -32.385740440840209 ], [ -61.902312022503359, -32.38550260544018 ], [ -61.904716384203368, -32.38546628844022 ], [ -61.906179287503392, -32.385589816340172 ], [ -61.908755008203443, -32.385550830240192 ], [ -61.911412270503433, -32.385292084640177 ], [ -61.913729242403477, -32.385184097840195 ], [ -61.918310529703497, -32.382493080340168 ], [ -61.919636434303513, -32.380215506840138 ], [ -61.919941534103529, -32.378870064740099 ], [ -61.92050766500352, -32.376373420740073 ], [ -61.920622330603535, -32.373677484140025 ], [ -61.920574587003536, -32.371420824840015 ], [ -61.920292481303534, -32.370259949239994 ], [ -61.919387789103517, -32.368089299239962 ], [ -61.918397322203518, -32.365919810139978 ], [ -61.91741151640349, -32.363968711039931 ], [ -61.91615448890348, -32.361366313639884 ], [ -61.915933721003498, -32.359039452039859 ], [ -61.915461370303476, -32.357007705639809 ], [ -61.915748116203453, -32.354309148939826 ], [ -61.916747392503488, -32.352331940939806 ], [ -61.917973306103512, -32.34990617733974 ], [ -61.918546567003531, -32.348586767939743 ], [ -61.919335779403497, -32.346638290439699 ], [ -61.922172982803552, -32.34493359293969 ], [ -61.924536162203594, -32.343004273739645 ], [ -61.925267468603565, -32.342208199639643 ], [ -61.926424889503579, -32.341541897639644 ], [ -61.928099117703603, -32.340983751139632 ], [ -61.929080286303638, -32.34065809253962 ], [ -61.928419122903613, -32.339886505639655 ], [ -61.927626612603575, -32.338952051739625 ], [ -61.926576743703599, -32.338021387639586 ], [ -61.924915267903572, -32.336590421339586 ], [ -61.925151366303581, -32.335567423439578 ], [ -61.9265181216036, -32.335255259539551 ], [ -61.930817239603648, -32.334051480339539 ], [ -61.932513479203656, -32.33307879643953 ], [ -61.933936534903673, -32.331382180739531 ], [ -61.934846392603653, -32.329766246439476 ], [ -61.934973346603662, -32.327652553439464 ], [ -61.935110829903678, -32.326048463139429 ], [ -61.935124307003662, -32.325598206839445 ], [ -61.93516098330371, -32.32437288853945 ], [ -61.93511296980369, -32.322116230939415 ], [ -61.935768499503681, -32.320649838639397 ], [ -61.936760899103703, -32.318886977539378 ], [ -61.938990064703717, -32.317143243339324 ], [ -61.942456639403751, -32.316323546639317 ], [ -61.945435458603789, -32.316096827039324 ], [ -61.949325035003845, -32.316436081239338 ], [ -61.952423341003858, -32.3168251114393 ], [ -61.955249968203923, -32.316562866339346 ], [ -61.957386982803932, -32.316165612839313 ], [ -61.959511744003912, -32.315185928339318 ], [ -61.961536258503962, -32.313552495339295 ], [ -61.963314402804009, -32.312432627139259 ], [ -61.964878095104005, -32.312366964139272 ], [ -61.965801370203998, -32.311405881939265 ], [ -61.966805671104048, -32.310225197339236 ], [ -61.967206156004025, -32.308908138039243 ], [ -61.966327786804023, -32.307975265139213 ], [ -61.96386932180399, -32.305392054139169 ], [ -61.960925950703952, -32.304199969539141 ], [ -61.956779880903902, -32.302953646239153 ], [ -61.955043808503902, -32.302033850539146 ], [ -61.949307911003849, -32.299267601539121 ], [ -61.946098010903761, -32.297642335339098 ], [ -61.941745214203706, -32.294723882939074 ], [ -61.939739795203749, -32.293225557839008 ], [ -61.934871387703666, -32.290241819338995 ], [ -61.933538533903658, -32.288077798838962 ], [ -61.932484715703623, -32.285663073338945 ], [ -61.932157562903633, -32.283656954238907 ], [ -61.931905421703647, -32.281000791238888 ], [ -61.933450886803648, -32.278722480638876 ], [ -61.938848899003709, -32.27784367803887 ], [ -61.941222164303738, -32.277518638938837 ], [ -61.944609033203768, -32.276889242138836 ], [ -61.947666001203785, -32.276745973438821 ], [ -61.956700104103909, -32.274622717138818 ], [ -61.957453851703903, -32.272783213638739 ], [ -61.957525907403934, -32.270857996738762 ], [ -61.958390910003914, -32.268920482838709 ], [ -61.958683477503918, -32.266703277138696 ], [ -61.958069449903924, -32.264499995838698 ], [ -61.957902386803909, -32.26200134953865 ], [ -61.957636432503918, -32.260177514138633 ], [ -61.957156483303883, -32.258934402538635 ], [ -61.955974354403871, -32.256643765638593 ], [ -61.953984730103834, -32.253692195038525 ], [ -61.950461421703835, -32.248319632138468 ], [ -61.949392638303806, -32.246027172638449 ], [ -61.948655395303796, -32.243344874738419 ], [ -61.948849198303833, -32.241802622538408 ], [ -61.949378571903807, -32.240062767038374 ], [ -61.95049039740384, -32.239083480538348 ], [ -61.951378971903843, -32.237942281538338 ], [ -61.951703499103843, -32.237525481938341 ], [ -61.952460151503836, -32.236545710838314 ], [ -61.952823976103851, -32.234442961438305 ], [ -61.953269099403862, -32.2318702282383 ], [ -61.959183604703924, -32.230153340138251 ], [ -61.960515647603955, -32.228882121838218 ], [ -61.962646439203972, -32.227886917338246 ], [ -61.966008524503991, -32.226199243738215 ], [ -61.96791909750403, -32.225496083738186 ], [ -61.970383431904033, -32.224206988538199 ], [ -61.972163997404081, -32.222736096438155 ], [ -61.97383358960407, -32.221363194038105 ], [ -61.974938685104107, -32.220095238238116 ], [ -61.976262034504117, -32.218439148338071 ], [ -61.979595067704146, -32.210209570137984 ], [ -61.980243244004171, -32.208756439237973 ], [ -61.98201083610418, -32.206708346937958 ], [ -61.984361180404207, -32.205420916037916 ], [ -61.989856115004294, -32.202929433237877 ], [ -61.995185644204319, -32.201535820337867 ], [ -61.997245044204348, -32.200943072737893 ], [ -61.999210071304375, -32.200351921337841 ], [ -62.000896463504411, -32.199925117137845 ], [ -62.005932093604471, -32.197604687437817 ], [ -62.006662460904465, -32.196552701237792 ], [ -62.010161501304523, -32.192896165837787 ], [ -62.011549150704518, -32.191753784937752 ], [ -62.012022850104536, -32.190413059337708 ], [ -62.012367877704541, -32.188967054237693 ], [ -62.012615092004538, -32.186531731937656 ], [ -62.013201920804541, -32.184072420937618 ], [ -62.013452585904538, -32.182628051437632 ], [ -62.014532832604559, -32.177887127037536 ], [ -62.014146717604554, -32.175654984637518 ], [ -62.013365216704557, -32.174387016737533 ], [ -62.010538518304507, -32.170030794837452 ], [ -62.009361777104495, -32.167888787137443 ], [ -62.009200321504508, -32.165609448937417 ], [ -62.011984033204499, -32.163561866937378 ], [ -62.015923383604587, -32.162262861137336 ], [ -62.017706414404607, -32.161605312037359 ], [ -62.020336533504626, -32.161712273337386 ], [ -62.022218937704658, -32.161682191237375 ], [ -62.024192105504667, -32.161490526037355 ], [ -62.02480538720468, -32.161704362437348 ], [ -62.025577068304713, -32.161788933937352 ], [ -62.030991907204786, -32.162382229037348 ], [ -62.032705554004771, -32.162354700137357 ], [ -62.034964711904834, -32.161152790537336 ], [ -62.037337791804831, -32.159924604537295 ], [ -62.039497373604895, -32.159428715137317 ], [ -62.041081642604901, -32.158723204137296 ], [ -62.042890172404952, -32.157819856837278 ], [ -62.043780175804955, -32.156736997237282 ], [ -62.044327397904965, -32.155659808537273 ], [ -62.044301378004945, -32.154494649037247 ], [ -62.044036224504943, -32.152847729137257 ], [ -62.043660962604939, -32.151396918637211 ], [ -62.043466791804939, -32.148759801837144 ], [ -62.044341372704956, -32.146043780637108 ], [ -62.047928993804966, -32.142974776637089 ], [ -62.050201961505024, -32.14146744723709 ], [ -62.053287358105059, -32.141085216437077 ], [ -62.056140655605098, -32.140941782437054 ], [ -62.06024813440515, -32.140680770737077 ], [ -62.062519190005183, -32.140060913437075 ], [ -62.063960371605212, -32.138094921537025 ], [ -62.064950934805211, -32.136427560636989 ], [ -62.065148854805216, -32.135064559437005 ], [ -62.064934578805236, -32.130636518536946 ], [ -62.067099484905249, -32.130370403636924 ], [ -62.068691492505302, -32.130053096836932 ], [ -62.071649739605334, -32.129519080836914 ], [ -62.072769871205352, -32.128529358036914 ], [ -62.072521877805329, -32.127659272236869 ], [ -62.071485139705302, -32.127287721236883 ], [ -62.068483134305268, -32.125879955336877 ], [ -62.066750502205245, -32.125034113236886 ], [ -62.066372832005243, -32.123486176336833 ], [ -62.06717659660525, -32.123667245436863 ], [ -62.066166799005238, -32.119410083736774 ], [ -62.06679762140525, -32.11738661483674 ], [ -62.06895364840527, -32.116353585036755 ], [ -62.072930190305314, -32.115414374936762 ], [ -62.076118937305367, -32.114329091336742 ], [ -62.079638612305445, -32.113397166536714 ], [ -62.080872561105451, -32.11240550693671 ], [ -62.081537912705464, -32.111520420436669 ], [ -62.081961531905463, -32.110056587336636 ], [ -62.082856484605493, -32.107900703136636 ], [ -62.084051391005481, -32.106525610836613 ], [ -62.08481972000552, -32.105153054536622 ], [ -62.085241056105509, -32.10359215163659 ], [ -62.085324234905514, -32.102230875636558 ], [ -62.083973561705491, -32.098076570036497 ], [ -62.081977938605469, -32.095681285336497 ], [ -62.080225656105434, -32.093961650236459 ], [ -62.078807474005416, -32.09184811433645 ], [ -62.079105999605432, -32.089900717636404 ], [ -62.078708510905422, -32.087478986336379 ], [ -62.07809611580538, -32.08564363743632 ], [ -62.076919418505376, -32.084108833136341 ], [ -62.072150400105315, -32.08026349303627 ], [ -62.070961044305307, -32.078146111236258 ], [ -62.070458545305307, -32.076114588336267 ], [ -62.069940440305281, -32.073403358836238 ], [ -62.069662020005275, -32.071173972336176 ], [ -62.069954133505263, -32.068935262636145 ], [ -62.070601482505303, -32.067273470936136 ], [ -62.072338449705313, -32.06360525583608 ], [ -62.072516142505329, -32.061368411836057 ], [ -62.069918083505293, -32.057525595236022 ], [ -62.068963710905258, -32.055695771336005 ], [ -62.067546422805215, -32.053582061835982 ], [ -62.067046347205235, -32.051647572035954 ], [ -62.06643197030521, -32.049715079535908 ], [ -62.065921033805225, -32.047295131735886 ], [ -62.066086090605211, -32.044475630935857 ], [ -62.065932551705203, -32.043381420635825 ], [ -62.0658141240052, -32.042537412835813 ], [ -62.065086147805211, -32.0406067608358 ], [ -62.066393838505235, -32.031966121235691 ], [ -62.065301478205171, -32.024422493235605 ], [ -62.065081380505212, -32.022902359535578 ], [ -62.064479947905149, -32.015001759535508 ], [ -62.059018896405092, -32.007549506135398 ], [ -62.054427497705035, -32.001282823835332 ], [ -62.054406144705034, -31.993038331735214 ], [ -62.054404536205034, -31.992416536835172 ], [ -62.054575810105, -31.985515847935133 ], [ -62.051668069705009, -31.971217521334918 ], [ -62.051207767504977, -31.968953587634903 ], [ -62.048567246704955, -31.959383693634773 ], [ -62.046922321504915, -31.954667192034723 ], [ -62.046168674304901, -31.947919572734641 ], [ -62.048648498504953, -31.94362542593462 ], [ -62.051067118104996, -31.939436852234536 ], [ -62.052726471705, -31.936562943534504 ], [ -62.053121251004981, -31.93587917953446 ], [ -62.059282716005107, -31.925206023934333 ], [ -62.062973465505124, -31.918976352434267 ], [ -62.069592285305248, -31.910521339934164 ], [ -62.071204123405245, -31.906502866734094 ], [ -62.070696260305212, -31.905136717134077 ], [ -62.070027046005215, -31.903336462834041 ], [ -62.071432103305263, -31.902708181434036 ], [ -62.074238885305277, -31.901042326434013 ], [ -62.077569990905324, -31.89685433293398 ], [ -62.079906153405361, -31.888933011933876 ], [ -62.08099356310538, -31.88524545553383 ], [ -62.081448389005381, -31.883825903333804 ], [ -62.082460527005388, -31.880666781633735 ], [ -62.082944525005423, -31.878852593033734 ], [ -62.084629940405407, -31.872534575033661 ], [ -62.090392874205506, -31.867679641933584 ], [ -62.094067432305572, -31.863045063733519 ], [ -62.09973345020564, -31.85837750943346 ], [ -62.103413839105706, -31.854035791333388 ], [ -62.111093046705825, -31.842756687233248 ], [ -62.120265762405978, -31.831388593533124 ], [ -62.127919601306075, -31.821900360732972 ], [ -62.137871601806204, -31.811247167232814 ], [ -62.144859192206361, -31.807021666932744 ], [ -62.151859550806464, -31.803587891632695 ], [ -62.158336743806551, -31.798361435932634 ], [ -62.164543699006664, -31.787209845732505 ], [ -62.168637911306718, -31.777935013932368 ], [ -62.16802667560669, -31.770213097832269 ], [ -62.16521017400666, -31.760319443532154 ], [ -62.154193225006445, -31.749828245932015 ], [ -62.13803347130618, -31.748625902032007 ], [ -62.122543833905972, -31.749841135532037 ], [ -62.119361703705913, -31.740551356131959 ], [ -62.123165200505987, -31.734324003031848 ], [ -62.12531848290601, -31.730798097631812 ], [ -62.125881922205977, -31.729654980631775 ], [ -62.12861222300603, -31.724115283331681 ], [ -62.133834610406119, -31.719614272831659 ], [ -62.141742769806243, -31.712797280831577 ], [ -62.14987986970641, -31.71234369043156 ], [ -62.171555361106748, -31.699825306031336 ], [ -62.179179427206904, -31.690647797531224 ], [ -62.179932901406907, -31.689740681031211 ], [ -62.184387370106982, -31.679758866731092 ], [ -62.196778754507186, -31.664349991230861 ], [ -62.140069839606177, -31.618767696230329 ], [ -62.128099509106001, -31.620987546830357 ], [ -62.127062839305992, -31.61784682833034 ], [ -62.123312910905916, -31.606407565630196 ], [ -62.113109310905763, -31.575264957929793 ], [ -62.112087719205725, -31.572087294729734 ], [ -62.11066161870572, -31.56782545322968 ], [ -62.108822506505653, -31.562428795229625 ], [ -62.107592123105647, -31.558591667929559 ], [ -62.105809368905625, -31.553225847229516 ], [ -62.104966764105612, -31.551013841429473 ], [ -62.104503822905613, -31.549325722529446 ], [ -62.102856037405587, -31.544196367829418 ], [ -62.098500776405508, -31.53106133772922 ], [ -62.09538745050547, -31.521416370329092 ], [ -62.093177902505431, -31.515060925929003 ], [ -62.091396274905406, -31.509617810628946 ], [ -62.089919931505356, -31.505133952228864 ], [ -62.0858115705053, -31.492634346728707 ], [ -62.080626714605245, -31.476890988128524 ], [ -62.066169106104994, -31.432385434927951 ], [ -62.046685833004773, -31.43325404502799 ], [ -62.041344428604695, -31.434983716828008 ], [ -62.036162488704633, -31.43666148082805 ], [ -62.020380621104415, -31.438128251028065 ], [ -62.018601168004409, -31.438293509528059 ], [ -62.005577786504233, -31.43954598392807 ], [ -61.998956165904147, -31.441331142328128 ], [ -61.986376866304013, -31.444721348228175 ], [ -61.958860907003697, -31.445651145628197 ], [ -61.95592381280369, -31.44564941112823 ], [ -61.939900422703545, -31.448722424928242 ], [ -61.935123644003482, -31.448000906828266 ], [ -61.930187148803412, -31.447131438628237 ], [ -61.928096506003428, -31.446071423328235 ], [ -61.922860837203324, -31.445046077928229 ], [ -61.91811187570331, -31.444344127228227 ], [ -61.913984135103235, -31.440926613628154 ], [ -61.905978386403198, -31.435247204828091 ], [ -61.890177990503027, -31.434100966128078 ], [ -61.87279103960288, -31.432837335828111 ], [ -61.862378218802775, -31.430669608528092 ], [ -61.85181646560271, -31.432369103428108 ], [ -61.83914665870261, -31.430038783328055 ], [ -61.826871921102494, -31.424802092127976 ], [ -61.816289505202434, -31.41374124912786 ], [ -61.813973323302385, -31.411897929127843 ], [ -61.805074380902333, -31.404814661727748 ], [ -61.797810711702276, -31.389825003727541 ], [ -61.791444020802224, -31.378164744827394 ], [ -61.788058304002199, -31.361629978027199 ], [ -61.79177940400222, -31.348334854327025 ], [ -61.796399302402293, -31.342435017826915 ], [ -61.800138835602297, -31.33460736132681 ], [ -61.797972670702286, -31.329526220426771 ], [ -61.796027512502249, -31.324962959626699 ], [ -61.784002109502183, -31.3113289795265 ], [ -61.778610327902129, -31.30442187562641 ], [ -61.77206235370209, -31.299583993426342 ], [ -61.763818552302048, -31.293536951826304 ], [ -61.753909972601939, -31.287922801626198 ], [ -61.749030155701938, -31.282650179326136 ], [ -61.740732709501906, -31.27352199822602 ], [ -61.722379956901754, -31.263501648425873 ], [ -61.718653469801751, -31.255748056325778 ], [ -61.710229712801706, -31.252574752725749 ], [ -61.706726193801678, -31.251939500125751 ], [ -61.699677822801632, -31.250661182325725 ], [ -61.687953379001577, -31.249994281125733 ], [ -61.677177687301544, -31.248903213025724 ], [ -61.660878290601445, -31.250431458925753 ], [ -61.65242287770139, -31.251636409625771 ], [ -61.647891785701368, -31.25295921732576 ], [ -61.643437756001347, -31.254259337925809 ], [ -61.643118826001334, -31.254643006025805 ], [ -61.639152102201322, -31.258483129625859 ], [ -61.635722895601283, -31.261802550325879 ], [ -61.632623711001301, -31.267249228325966 ], [ -61.628107449401263, -31.269892621225996 ], [ -61.618296530301244, -31.272247703326045 ], [ -61.605443996001178, -31.275694722726087 ], [ -61.600212631501151, -31.277402877226116 ], [ -61.566816715701016, -31.281215383526181 ], [ -61.561583459200982, -31.283833771626227 ], [ -61.556279829500966, -31.291855273426311 ], [ -61.555171754700972, -31.295699535226348 ], [ -61.55506879890099, -31.29871331352642 ], [ -61.55539813510098, -31.300550292126427 ], [ -61.556611338100986, -31.303545581526453 ], [ -61.564296418001, -31.308385263626519 ], [ -61.564833109501016, -31.309443338026536 ], [ -61.565385739301014, -31.310532805826547 ], [ -61.566255955701038, -31.311892208926565 ], [ -61.566874077301037, -31.31308343042658 ], [ -61.566601865001054, -31.314713646526599 ], [ -61.565953103801029, -31.316286167026643 ], [ -61.565008948301035, -31.317901237826678 ], [ -61.562883587101005, -31.319140096326681 ] ] ] ] } },
{ "type": "Feature", "properties": { "Area": 31503.606, "Perim": 1045.316, "Nombre": "Región 3" }, "geometry": { "type": "MultiPolygon", "coordinates": [ [ [ [ -61.797292888501744, -28.919484477791922 ], [ -61.787739045501695, -28.923501612991977 ], [ -61.78423189210168, -28.931327995292108 ], [ -61.779077858001649, -28.934142055292142 ], [ -61.770507732301617, -28.934941534492172 ], [ -61.762604720901564, -28.944426901692314 ], [ -61.753644444401537, -28.953010340492444 ], [ -61.749472707501511, -28.967937983392705 ], [ -61.742039703001488, -28.97467026939281 ], [ -61.739338699801458, -28.984315694892938 ], [ -61.734712649301443, -28.987807776293014 ], [ -61.725089241001378, -28.988160440093012 ], [ -61.718886148101369, -28.990756938593037 ], [ -61.714293072601365, -28.996307314493155 ], [ -61.70817574580132, -29.004165144193284 ], [ -61.697413987601266, -29.014598513293429 ], [ -61.679592502601196, -29.023288947693594 ], [ -61.648632190801088, -29.024587807393601 ], [ -61.641141438901023, -29.028340741093707 ], [ -61.63673063290102, -29.029309865593675 ], [ -61.633443853701017, -29.035528166793799 ], [ -61.627614547200984, -29.039330024893861 ], [ -61.62236070070098, -29.042756122993904 ], [ -61.607292442400919, -29.044996784593938 ], [ -61.601382033000917, -29.050101600894017 ], [ -61.596185650000876, -29.067783153294297 ], [ -61.590769677500859, -29.071279865494365 ], [ -61.577238111200842, -29.072126078894375 ], [ -61.566605596100786, -29.075225398394434 ], [ -61.548076962000749, -29.072923329994378 ], [ -61.536342636800725, -29.074965100494421 ], [ -61.529376450600672, -29.076570224794445 ], [ -61.537616080000717, -29.122699508195154 ], [ -61.49938659670061, -29.128166857695259 ], [ -61.498664807800637, -29.16822011429587 ], [ -61.498752162200624, -29.210094717696524 ], [ -61.492272338700609, -29.212913083296538 ], [ -61.487899517400592, -29.21415087639657 ], [ -61.468677565900556, -29.214538986596594 ], [ -61.461880822900532, -29.217058792096626 ], [ -61.454210507400489, -29.215985556296616 ], [ -61.446564398500485, -29.213491388196584 ], [ -61.437670820400484, -29.212474428696545 ], [ -61.420512337100462, -29.212423430196548 ], [ -61.412058089400432, -29.214211460196562 ], [ -61.406609471900431, -29.219496575096667 ], [ -61.403042928600392, -29.223853253496745 ], [ -61.397988250900397, -29.225311864396755 ], [ -61.392857149000392, -29.226068239496765 ], [ -61.378281856100358, -29.224637825696739 ], [ -61.386745879100367, -29.266390976797393 ], [ -61.393914449000398, -29.301921571097946 ], [ -61.399153078200392, -29.327176349198318 ], [ -61.37490615440035, -29.33121414459838 ], [ -61.380380330600381, -29.387142327599232 ], [ -61.374036647300372, -29.388923764499264 ], [ -61.370949368600357, -29.389790605399249 ], [ -61.373763079600373, -29.401598700599447 ], [ -61.359931811100324, -29.403859872199483 ], [ -61.346078599800315, -29.402278544599465 ], [ -61.296119435300234, -29.403532519999491 ], [ -61.267133219800229, -29.422131808399747 ], [ -61.245310309800175, -29.435927866099981 ], [ -61.234334961500181, -29.437728834300014 ], [ -61.217483539100151, -29.435052659399975 ], [ -61.188455722400128, -29.44211007030011 ], [ -61.175298555300131, -29.444742424700124 ], [ -61.168214549700096, -29.449805775600186 ], [ -61.152229279700094, -29.467865382600458 ], [ -61.142037073100092, -29.475366143500576 ], [ -61.1288014701001, -29.481722624000678 ], [ -61.112309533700078, -29.496848526700877 ], [ -61.094032680000048, -29.516348300101182 ], [ -61.078313151300051, -29.527967870501353 ], [ -61.076864140700032, -29.537104924601525 ], [ -61.076993534100055, -29.546686160001666 ], [ -61.056572908900023, -29.549361678501686 ], [ -61.031886432900016, -29.548798514901694 ], [ -60.974287588700001, -29.547718983201669 ], [ -60.944025748099968, -29.552859294401731 ], [ -60.905533367099963, -29.558049114501845 ], [ -60.870934129199981, -29.563202359301904 ], [ -60.825940588799966, -29.568790291701987 ], [ -60.74507215079997, -29.585170301502231 ], [ -60.742333989799953, -29.603203647402516 ], [ -60.739393733099973, -29.609969325102622 ], [ -60.745266537899944, -29.629313340202909 ], [ -60.745067019799954, -29.636063694602992 ], [ -60.742410407599969, -29.647617592503156 ], [ -60.740227838999935, -29.655903030403309 ], [ -60.735304484599972, -29.664421375503441 ], [ -60.73511220219995, -29.672260229103543 ], [ -60.738386439799946, -29.676814063303624 ], [ -60.739188510399956, -29.684211929203691 ], [ -60.737980061399938, -29.689443841103792 ], [ -60.732529376699951, -29.694263835803863 ], [ -60.727625939499973, -29.704150286704014 ], [ -60.721949376399955, -29.706311010104049 ], [ -60.714537922299961, -29.716147630904199 ], [ -60.711297032299953, -29.717553806204197 ], [ -60.729089042999931, -29.74612002450462 ], [ -60.719099450899925, -29.757468566304794 ], [ -60.726474364799934, -29.782525726105181 ], [ -60.726546863099948, -29.79256429020533 ], [ -60.722346255199966, -29.808900574505572 ], [ -60.706635292099961, -29.826553648905833 ], [ -60.69376418049994, -29.839170502406027 ], [ -60.691013918399953, -29.858007862406279 ], [ -60.692644818699961, -29.885606189606705 ], [ -60.695665447099948, -29.905667948806997 ], [ -60.69292267229995, -29.925759982007271 ], [ -60.684378578099924, -29.940862794907499 ], [ -60.680148311499927, -29.954687990407702 ], [ -60.696277129999963, -29.993503722208278 ], [ -60.716698981899953, -30.034509117608877 ], [ -60.718368087999977, -30.065870545009336 ], [ -60.717033459099966, -30.080935627609545 ], [ -60.714218764099954, -30.090989461909675 ], [ -60.704220499499975, -30.106101204009889 ], [ -60.697072018599954, -30.116177819710057 ], [ -60.692810257299946, -30.126238867510189 ], [ -60.691444882699948, -30.137539333910347 ], [ -60.691549890899971, -30.152596457010585 ], [ -60.701785551699956, -30.170109365510836 ], [ -60.712088110699959, -30.196404587811184 ], [ -60.712124470399935, -30.206876505511346 ], [ -60.720035178899963, -30.223343896011595 ], [ -60.714905555599969, -30.228119087111672 ], [ -60.69125713109996, -30.227114458511643 ], [ -60.681863811899959, -30.230937326811731 ], [ -60.673953343599955, -30.239783484011824 ], [ -60.663121442499964, -30.245499251011914 ], [ -60.647948064999959, -30.252493575812007 ], [ -60.639275408699959, -30.256309868512069 ], [ -60.632059742199957, -30.261376447912124 ], [ -60.619056299999954, -30.268356961112243 ], [ -60.602434022899935, -30.276610793212349 ], [ -60.592299936399947, -30.279172812712414 ], [ -60.579979314899965, -30.279856913512411 ], [ -60.570946687199971, -30.280456545312415 ], [ -60.553905151299936, -30.284372461412467 ], [ -60.542305078799941, -30.284421029812453 ], [ -60.529268485699987, -30.286990178812498 ], [ -60.509564203399911, -30.273851113512315 ], [ -60.502212430899966, -30.253753047312042 ], [ -60.499983943999936, -30.24306935381188 ], [ -60.488289154099938, -30.222986895511593 ], [ -60.478802838899938, -30.209184824111404 ], [ -60.478702840999972, -30.188518672911087 ], [ -60.478647674499946, -30.177108435110931 ], [ -60.478471516399914, -30.140629211410385 ], [ -60.478322944599974, -30.109810408109965 ], [ -60.472428401899961, -30.08781781040965 ], [ -60.457787782799954, -30.060098586909263 ], [ -60.444685543199981, -30.041903274908961 ], [ -60.43301246259994, -30.018670057708633 ], [ -60.421408662999958, -30.010531005508518 ], [ -60.389583490299962, -30.007484132308456 ], [ -60.365726813399945, -30.008181554608505 ], [ -60.342612196799962, -30.014533578708583 ], [ -60.301225529199975, -30.00062422620838 ], [ -60.312263363299955, -30.011884779008554 ], [ -60.313176356499973, -30.019767430008638 ], [ -60.312675642399967, -30.035040396208856 ], [ -60.314723906999959, -30.044907637208997 ], [ -60.324621747499954, -30.064408398709311 ], [ -60.323631475799964, -30.070114708309397 ], [ -60.321138303999959, -30.079115374809515 ], [ -60.321851577999958, -30.081741980609561 ], [ -60.327502338199956, -30.102545528209859 ], [ -60.336429965899967, -30.110783146609975 ], [ -60.344405996299948, -30.109840106109974 ], [ -60.348047515599959, -30.116818881910064 ], [ -60.345264464099962, -30.125561685010187 ], [ -60.33926978399996, -30.135710428610349 ], [ -60.340275331199955, -30.14290619941044 ], [ -60.342576546999979, -30.151455904910559 ], [ -60.346657593599964, -30.163510885810719 ], [ -60.349212336099967, -30.172059772810869 ], [ -60.350233893199949, -30.175347685410927 ], [ -60.326153346199959, -30.181167834210985 ], [ -60.320130790799972, -30.184327409411033 ], [ -60.31854562499997, -30.191668988511136 ], [ -60.316837997399965, -30.201037442211291 ], [ -60.31994979419995, -30.20796226671138 ], [ -60.329766486799969, -30.217831810811518 ], [ -60.338764638299956, -30.217808865311525 ], [ -60.343182234399968, -30.225346224311625 ], [ -60.343971110499986, -30.23004026271169 ], [ -60.341153027899978, -30.234296485011757 ], [ -60.33911655159995, -30.241234109611849 ], [ -60.341716831599975, -30.248383307611956 ], [ -60.346886313599974, -30.253513056912052 ], [ -60.357721038599948, -30.257956376612093 ], [ -60.365726373899982, -30.263301214112172 ], [ -60.372443616399956, -30.268425600512256 ], [ -60.375303830899959, -30.275349723612333 ], [ -60.379582791099963, -30.283888875112471 ], [ -60.384123691799957, -30.29075404571255 ], [ -60.384820942999973, -30.293336128212598 ], [ -60.386477008699963, -30.299468349112683 ], [ -60.387015250399955, -30.305280905612765 ], [ -60.389879354399937, -30.312651889312868 ], [ -60.392998971699953, -30.319351171112952 ], [ -60.393396391499948, -30.329942937013129 ], [ -60.405992814399973, -30.337748261413243 ], [ -60.40172616049994, -30.348041816213374 ], [ -60.403187897499961, -30.352639498613438 ], [ -60.410802702099936, -30.358192657513516 ], [ -60.414065127899974, -30.363546260313584 ], [ -60.415858343499949, -30.369670728013681 ], [ -60.41293846009998, -30.375810142213769 ], [ -60.412368593599972, -30.380409555113854 ], [ -60.412101861799968, -30.387051388213916 ], [ -60.413891095199972, -30.392154182114005 ], [ -60.419510931199937, -30.397244700314065 ], [ -60.421598695099952, -30.403112683614147 ], [ -60.420737699599954, -30.408479316914235 ], [ -60.421665713599964, -30.414573302314295 ], [ -60.422253980799965, -30.418435858914364 ], [ -60.425234313999958, -30.426088817914458 ], [ -60.427623377599971, -30.433232794314588 ], [ -60.430386839199947, -30.442094430414731 ], [ -60.431369098199959, -30.444590963114763 ], [ -60.43261438469996, -30.447784557614789 ], [ -60.432908364099966, -30.448741357314795 ], [ -60.439589715099956, -30.452800949114845 ], [ -60.443655791199951, -30.456077664014909 ], [ -60.444251233499955, -30.459996339114955 ], [ -60.442429406699965, -30.464856425215007 ], [ -60.441183033999955, -30.469247940715089 ], [ -60.440186843899973, -30.472980504515149 ], [ -60.439914803699942, -30.479167454915221 ], [ -60.439235884099965, -30.486803662415344 ], [ -60.439529593099977, -30.495796594015481 ], [ -60.44289517239995, -30.511798737215695 ], [ -60.447235273099963, -30.519022896115803 ], [ -60.449519635599934, -30.519892487715808 ], [ -60.456096468999966, -30.522533676115824 ], [ -60.45764293859996, -30.523154652915835 ], [ -60.460209816699944, -30.530165210815923 ], [ -60.460743528799952, -30.535866742316017 ], [ -60.461028025399955, -30.542446596216124 ], [ -60.45902328829996, -30.547279637116169 ], [ -60.457778720299935, -30.552109975016275 ], [ -60.460141628799953, -30.555443330116315 ], [ -60.462181968099962, -30.565487947016432 ], [ -60.462669287999979, -30.567886705516472 ], [ -60.463976203099946, -30.57829730691661 ], [ -60.463520159599945, -30.584756906516699 ], [ -60.464192634699934, -30.589668181816776 ], [ -60.472194248099967, -30.597904880316904 ], [ -60.473231997699969, -30.602727025416971 ], [ -60.47351119179995, -30.607990640217061 ], [ -60.478111547499957, -30.615212672417151 ], [ -60.48277583929994, -30.624244052117284 ], [ -60.478417665799974, -30.634577748917387 ], [ -60.475503453399938, -30.64148636671753 ], [ -60.474973853199948, -30.654003461117661 ], [ -60.477117071199942, -30.669320260617898 ], [ -60.480422822199941, -30.680546131118071 ], [ -60.483539223599941, -30.700444743318336 ], [ -60.483587687799961, -30.710161877318463 ], [ -60.48363031249994, -30.718704275318572 ], [ -60.48885295169994, -30.723663140118653 ], [ -60.488388839299951, -30.736706359518841 ], [ -60.490800823199969, -30.745891928418963 ], [ -60.497066922199934, -30.75685057391911 ], [ -60.499915413499942, -30.760553739819148 ], [ -60.504510858299966, -30.766527281219251 ], [ -60.509887097199965, -30.776467088419373 ], [ -60.517311972599948, -30.782056602219463 ], [ -60.525325192299952, -30.786877082219526 ], [ -60.534547994599968, -30.796289357619667 ], [ -60.552622190199948, -30.799023111319698 ], [ -60.563865775099941, -30.809075841519839 ], [ -60.576748908499951, -30.820590641119995 ], [ -60.586413666099936, -30.829226208820121 ], [ -60.594939219499963, -30.837164159320221 ], [ -60.602565553799963, -30.844263259920318 ], [ -60.610207808099929, -30.850560998820399 ], [ -60.622471738799959, -30.859934619020521 ], [ -60.639578072099965, -30.870599295620668 ], [ -60.64724040789995, -30.875606203520743 ], [ -60.663627082199959, -30.891754889420984 ], [ -60.677489396199967, -30.909888765621222 ], [ -60.683970681299925, -30.92696358382144 ], [ -60.689653105999966, -30.938778011521624 ], [ -60.693264608799957, -30.945558366321681 ], [ -60.695602566899943, -30.952126124821788 ], [ -60.699671058099959, -30.958948907421906 ], [ -60.709998037899958, -30.966790895821998 ], [ -60.715005016399942, -30.975279973122106 ], [ -60.716684769799969, -30.97812751962212 ], [ -60.717479817999966, -30.986337322322221 ], [ -60.719349565899932, -30.991065894422324 ], [ -60.729360468499927, -31.00491065542251 ], [ -60.731969840499957, -31.010266706922582 ], [ -60.736463022399946, -31.019298498922698 ], [ -60.733322030699966, -31.025616450422799 ], [ -60.724001485999935, -31.02785571482281 ], [ -60.708970220199951, -31.026191538722781 ], [ -60.690107082199951, -31.025948310522804 ], [ -60.685117990999949, -31.026636281822814 ], [ -60.678903703299959, -31.030144345222851 ], [ -60.67509786749995, -31.034633477222911 ], [ -60.67271564319995, -31.037443134622972 ], [ -60.676860633799912, -31.043973343123039 ], [ -60.67791236009996, -31.045630114023076 ], [ -60.691170186799958, -31.05156242662315 ], [ -60.697108088999968, -31.060376482223269 ], [ -60.704992673699955, -31.078209630223505 ], [ -60.705638896499941, -31.079670913523543 ], [ -60.714238156499931, -31.094463044623744 ], [ -60.721915992899966, -31.098640009023789 ], [ -60.726539460599966, -31.102828543823826 ], [ -60.733318312199941, -31.108585099223902 ], [ -60.735503820699968, -31.114104177123995 ], [ -60.735955151799971, -31.116907820224039 ], [ -60.734656404899958, -31.123328221324112 ], [ -60.731425280399939, -31.130953729724219 ], [ -60.735177176099953, -31.141041919724366 ], [ -60.740968182999957, -31.14752535252445 ], [ -60.747716736899953, -31.151106591124488 ], [ -60.753635987099983, -31.15583309072456 ], [ -60.756911510699936, -31.157325182824568 ], [ -60.761922904899969, -31.16147715912464 ], [ -60.765491681599947, -31.163927581824641 ], [ -60.768498109099937, -31.172123609724764 ], [ -60.771146612999956, -31.185316640724945 ], [ -60.773507135499969, -31.190778260125025 ], [ -60.779352112899957, -31.197413485625095 ], [ -60.787621100799953, -31.202938460425159 ], [ -60.791352227299974, -31.205902343225247 ], [ -60.791962042899968, -31.209582282025274 ], [ -60.788272321899953, -31.215168774425333 ], [ -60.789618484299957, -31.220644516325414 ], [ -60.792229551499972, -31.22807668442551 ], [ -60.79690625609998, -31.238562909525676 ], [ -60.799049073699948, -31.250817227325822 ], [ -60.800368113999951, -31.25314229172584 ], [ -60.804947394199964, -31.261213143225955 ], [ -60.811761140399952, -31.277607785026184 ], [ -60.814757983299963, -31.285758365826286 ], [ -60.816515327599951, -31.290537142226345 ], [ -60.815996478299958, -31.297684758726433 ], [ -60.812732992199976, -31.300696095426478 ], [ -60.804829723399969, -31.30423495242653 ], [ -60.799533431699963, -31.307587771326556 ], [ -60.791988539199956, -31.308876766526591 ], [ -60.784118490499964, -31.309753225826611 ], [ -60.771756099799951, -31.31176049842664 ], [ -60.757937453299952, -31.312670972726647 ], [ -60.751684219999966, -31.314778140426682 ], [ -60.745554811399955, -31.313258938826674 ], [ -60.736999799099955, -31.307823866826581 ], [ -60.720943351699923, -31.31039951432664 ], [ -60.695897448399954, -31.314954587426669 ], [ -60.689485874099951, -31.317611709626689 ], [ -60.685658357999941, -31.321911075226755 ], [ -60.67252155029994, -31.328605910626866 ], [ -60.662097183499974, -31.332524887626914 ], [ -60.662411332599952, -31.338179047727017 ], [ -60.664101397999943, -31.343142683027025 ], [ -60.663814659799968, -31.348113165527124 ], [ -60.665097502799959, -31.350792642027148 ], [ -60.667242642599973, -31.355272820827214 ], [ -60.670649596399933, -31.359395880427261 ], [ -60.672693167199959, -31.365995727527352 ], [ -60.674629121299972, -31.37607630042746 ], [ -60.678918002899955, -31.390822531727682 ], [ -60.67978513879995, -31.399513606327798 ], [ -60.678382602599974, -31.405870247427867 ], [ -60.679727689599943, -31.413868640427978 ], [ -60.679364851299951, -31.417453913128043 ], [ -60.679126704899971, -31.419806945828075 ], [ -60.680477060999912, -31.428495412428184 ], [ -60.680695864399944, -31.436499740028285 ], [ -60.682840570199936, -31.443665653028365 ], [ -60.692854230799973, -31.448028692828427 ], [ -60.70156845649997, -31.450741762328462 ], [ -60.707057393399964, -31.459555645728596 ], [ -60.717053021199952, -31.465046062728668 ], [ -60.722599776499948, -31.474400393428787 ], [ -60.729657588799952, -31.485878919928929 ], [ -60.727449124699945, -31.506674258929205 ], [ -60.723933205599963, -31.52469939562944 ], [ -60.720780234799953, -31.539143693329631 ], [ -60.717215261099945, -31.550454411229769 ], [ -60.708939904099957, -31.557911458529887 ], [ -60.703531910699958, -31.56278375782993 ], [ -60.701923568999938, -31.566871361929987 ], [ -60.699104378399966, -31.574155947230089 ], [ -60.695429332099962, -31.580943885030155 ], [ -60.693821002099938, -31.58391418803021 ], [ -60.690070517799967, -31.58907879933027 ], [ -60.686504164099972, -31.594515923230354 ], [ -60.670573922599942, -31.597393189330386 ], [ -60.663154404799968, -31.599138544830407 ], [ -60.663207182399951, -31.606585366330521 ], [ -60.666322033999933, -31.611223585030558 ], [ -60.675821737299948, -31.621258249330687 ], [ -60.676967977999972, -31.629319826630812 ], [ -60.681754670199908, -31.639440436230931 ], [ -60.682677292499946, -31.641390876530977 ], [ -60.697067835299947, -31.65318903813111 ], [ -60.705676107799952, -31.664630681331275 ], [ -60.723299557599951, -31.673297617531372 ], [ -60.738745622999943, -31.678797399231442 ], [ -60.746546000299958, -31.691126016731598 ], [ -60.764302716599957, -31.693216233531643 ], [ -60.782921775899965, -31.686716733731537 ], [ -60.793229341899952, -31.676180562931428 ], [ -60.794886589699949, -31.662003217631206 ], [ -60.798329794499956, -31.632534849630822 ], [ -60.810134136999956, -31.621882675830705 ], [ -60.823207195100004, -31.623196139430735 ], [ -60.835101944599963, -31.623118904630736 ], [ -60.850417036899977, -31.614435854330594 ], [ -60.878828822199971, -31.610052321330542 ], [ -60.898470783499988, -31.615503896430617 ], [ -60.910350719399979, -31.6140227104306 ], [ -60.922273564600012, -31.613841797430613 ], [ -60.935301287099989, -31.613642846530603 ], [ -60.944978649500001, -31.615179324730622 ], [ -60.960529809400015, -31.617646738530638 ], [ -60.978006372099998, -31.603528908630491 ], [ -60.973600898500017, -31.58978101463029 ], [ -60.969772123399999, -31.580909334830178 ], [ -60.962443832, -31.563923690529951 ], [ -60.962654992500021, -31.538385487729634 ], [ -60.991884280100031, -31.52920434952949 ], [ -61.020121767000042, -31.520326742629386 ], [ -61.026297849400009, -31.515596816829316 ], [ -61.025408007000024, -31.504611596829164 ], [ -61.024657397600066, -31.495342846429043 ], [ -61.023486281200043, -31.4746796878288 ], [ -61.053139748700069, -31.473292676228755 ], [ -61.070208816700074, -31.466923253328673 ], [ -61.083796179200085, -31.461714040328612 ], [ -61.084086217300069, -31.460556200428591 ], [ -61.08504823910009, -31.45671558632856 ], [ -61.08611823560009, -31.452443556628506 ], [ -61.088216061000061, -31.442293874428383 ], [ -61.088512939600058, -31.432800620628225 ], [ -61.086078335400082, -31.423826610528117 ], [ -61.081062549800059, -31.418372270928028 ], [ -61.077512435800053, -31.413654966928 ], [ -61.07592401360008, -31.406968139527869 ], [ -61.076637194800085, -31.406034042627876 ], [ -61.081718647800088, -31.399377915127772 ], [ -61.089755670800088, -31.398642005327773 ], [ -61.090739078300089, -31.398551924327791 ], [ -61.095052997900076, -31.399141807227799 ], [ -61.099465506500081, -31.400519315727788 ], [ -61.104189572000081, -31.402934119927849 ], [ -61.115893348100094, -31.406592790827908 ], [ -61.122590105100095, -31.407021773427871 ], [ -61.136846041600123, -31.409960324727901 ], [ -61.147367127700136, -31.408301480327907 ], [ -61.14960157640013, -31.408141962227912 ], [ -61.163375295200112, -31.407157781527889 ], [ -61.173272495500171, -31.406567869327866 ], [ -61.187870807800174, -31.409181746927903 ], [ -61.197220342600176, -31.411343389127936 ], [ -61.203932695300175, -31.412279903027976 ], [ -61.212415409800215, -31.414948259327986 ], [ -61.218555235900205, -31.416638956528001 ], [ -61.224688780600182, -31.417829721828038 ], [ -61.240221256000211, -31.421965019528081 ], [ -61.244596353300246, -31.42396476082812 ], [ -61.250525619500259, -31.427749659528143 ], [ -61.253771606200239, -31.429095164928185 ], [ -61.257064509900253, -31.429658829628188 ], [ -61.263968203300294, -31.430578276728209 ], [ -61.264081178800232, -31.430593319728217 ], [ -61.271514083900286, -31.431582803128205 ], [ -61.273785498100281, -31.427504795328144 ], [ -61.277106123400294, -31.421899917228078 ], [ -61.282148834400303, -31.416277737128013 ], [ -61.29587081990033, -31.412139177527944 ], [ -61.305437128200339, -31.405709790327876 ], [ -61.309738661200349, -31.404104432827843 ], [ -61.314327952600337, -31.402391464827833 ], [ -61.326905347100386, -31.397695761627759 ], [ -61.344520598800393, -31.398486411327756 ], [ -61.363909858400454, -31.404126723427837 ], [ -61.384415576400492, -31.408290720227885 ], [ -61.388563497900492, -31.409200549427904 ], [ -61.399229926500517, -31.411539482127928 ], [ -61.408182305100553, -31.412866282727933 ], [ -61.415133952100568, -31.414509393427988 ], [ -61.420889038300565, -31.416659155327984 ], [ -61.436878725200629, -31.422325906328094 ], [ -61.439418235100618, -31.423281584628093 ], [ -61.453467342200675, -31.429713715428171 ], [ -61.4689294006007, -31.435601427728233 ], [ -61.475274572300727, -31.436469468028253 ], [ -61.487990712700785, -31.438970348428281 ], [ -61.500007813700797, -31.439699458428287 ], [ -61.515213884300856, -31.441027221828296 ], [ -61.525187312600913, -31.441897076728303 ], [ -61.541639362500952, -31.4407337384283 ], [ -61.555852931701018, -31.439726964928283 ], [ -61.569994285401059, -31.437209992028247 ], [ -61.573774920301091, -31.436277384128228 ], [ -61.58235680260109, -31.434641671128194 ], [ -61.594322875101156, -31.428743762028152 ], [ -61.59837800760117, -31.42366006642807 ], [ -61.607096848801213, -31.414893725327957 ], [ -61.610319728801223, -31.411598403427874 ], [ -61.609449181601207, -31.41000274422786 ], [ -61.604756024901178, -31.401399390527768 ], [ -61.601720141601191, -31.393341027227695 ], [ -61.601243984801179, -31.390577325427603 ], [ -61.595917895701156, -31.383554764127535 ], [ -61.591268770201161, -31.376721198627461 ], [ -61.588019746901111, -31.368503076727333 ], [ -61.583318264901095, -31.360810192527214 ], [ -61.576206054101092, -31.346825586027059 ], [ -61.570617392401047, -31.335517999026887 ], [ -61.563744699601038, -31.331705291526848 ], [ -61.560401806201007, -31.328206160926793 ], [ -61.553670812100997, -31.326234211526781 ], [ -61.551700081000988, -31.322766914126721 ], [ -61.552546553401001, -31.320965523726699 ], [ -61.553517355900986, -31.319624910926699 ], [ -61.555800389400993, -31.318955063926669 ], [ -61.558843306500975, -31.319003151726701 ], [ -61.561044898700992, -31.319447961326691 ], [ -61.562883587101005, -31.319140096326681 ], [ -61.565008948301028, -31.317901237826678 ], [ -61.565953103801043, -31.316286167026643 ], [ -61.566601865001054, -31.314713646526606 ], [ -61.566874077301037, -31.31308343042658 ], [ -61.56625595570106, -31.311892208926565 ], [ -61.565385739301014, -31.310532805826554 ], [ -61.564833109501031, -31.309443338026536 ], [ -61.564296418001028, -31.308385263626537 ], [ -61.556611338100986, -31.303545581526468 ], [ -61.55539813510098, -31.300550292126445 ], [ -61.555068798901011, -31.298713313526427 ], [ -61.555171754700993, -31.295699535226369 ], [ -61.556279829500966, -31.291855273426311 ], [ -61.561583459200996, -31.283833771626227 ], [ -61.566816715701016, -31.281215383526181 ], [ -61.600212631501151, -31.277402877226116 ], [ -61.605443996001178, -31.275694722726087 ], [ -61.618296530301244, -31.272247703326045 ], [ -61.628107449401298, -31.269892621225992 ], [ -61.632623711001308, -31.267249228325966 ], [ -61.635722895601283, -31.261802550325882 ], [ -61.639152102201322, -31.258483129625862 ], [ -61.643118826001349, -31.254643006025812 ], [ -61.643437756001376, -31.254259337925795 ], [ -61.647891785701368, -31.252959217325781 ], [ -61.652422877701412, -31.251636409625771 ], [ -61.66087829060146, -31.250431458925753 ], [ -61.677177687301544, -31.248903213025724 ], [ -61.687953379001577, -31.249994281125733 ], [ -61.699677822801647, -31.250661182325732 ], [ -61.706726193801678, -31.251939500125751 ], [ -61.710229712801706, -31.25257475272576 ], [ -61.718653469801758, -31.255748056325793 ], [ -61.722379956901769, -31.263501648425883 ], [ -61.740732709501906, -31.27352199822603 ], [ -61.749030155701938, -31.282650179326136 ], [ -61.753909972601967, -31.287922801626209 ], [ -61.763818552302048, -31.293536951826304 ], [ -61.772062353702111, -31.29958399342636 ], [ -61.778610327902136, -31.30442187562641 ], [ -61.784002109502183, -31.311328979526522 ], [ -61.79602751250227, -31.324962959626689 ], [ -61.797972670702286, -31.329526220426771 ], [ -61.800138835602297, -31.334607361326817 ], [ -61.796399302402293, -31.342435017826915 ], [ -61.79177940400222, -31.348334854327025 ], [ -61.78805830400222, -31.361629978027199 ], [ -61.791444020802238, -31.378164744827394 ], [ -61.797810711702304, -31.389825003727552 ], [ -61.805074380902354, -31.404814661727748 ], [ -61.813973323302385, -31.411897929127843 ], [ -61.816289505202434, -31.41374124912786 ], [ -61.826871921102516, -31.42480209212799 ], [ -61.83914665870261, -31.430038783328069 ], [ -61.851816465602731, -31.432369103428115 ], [ -61.86237821880281, -31.430669608528092 ], [ -61.87279103960288, -31.432837335828111 ], [ -61.890177990503034, -31.434100966128096 ], [ -61.905978386403198, -31.435247204828091 ], [ -61.913984135103235, -31.440926613628175 ], [ -61.91811187570331, -31.444344127228227 ], [ -61.922860837203324, -31.445046077928229 ], [ -61.928096506003428, -31.446071423328235 ], [ -61.930187148803434, -31.447131438628237 ], [ -61.935123644003482, -31.448000906828266 ], [ -61.939900422703545, -31.448722424928253 ], [ -61.955923812803697, -31.44564941112823 ], [ -61.958860907003711, -31.445651145628222 ], [ -61.98637686630402, -31.444721348228182 ], [ -61.998956165904168, -31.441331142328135 ], [ -62.005577786504233, -31.439545983928085 ], [ -62.018601168004409, -31.438293509528076 ], [ -62.02038062110443, -31.438128251028097 ], [ -62.036162488704633, -31.43666148082805 ], [ -62.041344428604695, -31.434983716828008 ], [ -62.046685833004773, -31.43325404502799 ], [ -62.066169106104994, -31.432385434927959 ], [ -62.056733430104885, -31.40419012292757 ], [ -62.054460306604859, -31.397197143127492 ], [ -62.050249115504812, -31.384432520327334 ], [ -62.0383028071046, -31.347975144926863 ], [ -62.032643762104541, -31.33078767602662 ], [ -62.024587150404436, -31.305995524726299 ], [ -62.002196516804155, -31.238079096425441 ], [ -61.994638916504066, -31.2137773452251 ], [ -61.991502390204005, -31.203687553124983 ], [ -61.990583859603994, -31.200732297724926 ], [ -61.983596850003913, -31.179540879424668 ], [ -61.969787654103747, -31.13715187272409 ], [ -61.940277877903426, -31.046600318522888 ], [ -61.917396003403169, -30.976777310921953 ], [ -61.889153980702922, -30.889469097520767 ], [ -61.865879878102696, -30.817837662119803 ], [ -61.860659458202647, -30.802135193319572 ], [ -61.859878904402642, -30.799608751919546 ], [ -61.857011946902617, -30.790538184619432 ], [ -61.848712612502545, -30.764851050519074 ], [ -61.843973431602507, -30.75064259671888 ], [ -61.842872856702492, -30.745978491118802 ], [ -61.843902012802502, -30.744900675518778 ], [ -61.841647228102481, -30.734350944218654 ], [ -61.88498625360284, -30.727234716018529 ], [ -61.883107257502822, -30.718560320818419 ], [ -61.915947077303095, -30.713324405518325 ], [ -61.913979345403085, -30.704253060218196 ], [ -61.947163113503386, -30.698865823918112 ], [ -61.94522893370339, -30.689960246417971 ], [ -61.975690689303654, -30.685064535317888 ], [ -61.97338562550366, -30.674464099817769 ], [ -61.994190231303868, -30.671105111617681 ], [ -61.993318261103852, -30.667099603517634 ], [ -62.001370478503929, -30.662840808917554 ], [ -62.154897824405957, -30.581477216916284 ], [ -62.11365713710525, -30.37608260401344 ], [ -62.110209419105189, -30.355562612313154 ], [ -62.107824398205139, -30.34074664731293 ], [ -62.10410499340508, -30.320761925312656 ], [ -62.10256009340506, -30.311626759212512 ], [ -62.101074049305026, -30.31163835011251 ], [ -62.101069454705055, -30.3099084018125 ], [ -62.101057012405057, -30.308955173112484 ], [ -62.102332320005033, -30.308949108212488 ], [ -62.090854854304879, -30.239486269411479 ], [ -62.090602204204856, -30.239487958011498 ], [ -62.090119075404864, -30.239493685111498 ], [ -62.080031485804703, -30.182434006110711 ], [ -62.080027459504713, -30.179388318610648 ], [ -62.076578917904662, -30.159463937210337 ], [ -62.067728251204485, -30.108640810709652 ], [ -62.062810286004456, -30.078627806309193 ], [ -62.058807483004387, -30.056067806508885 ], [ -62.056200059704324, -30.039855302708641 ], [ -62.053778060804305, -30.020345185508369 ], [ -62.046163226704202, -29.981367672607814 ], [ -62.037876408204085, -29.93383361530714 ], [ -62.031837429703991, -29.897246163806589 ], [ -62.029133361103973, -29.875762493706262 ], [ -62.023813666103884, -29.836966647705694 ], [ -62.012457947503741, -29.785742282104941 ], [ -61.995353010603509, -29.684961375603486 ], [ -61.95170050430302, -29.429894976899668 ], [ -61.948823223402982, -29.412442530299412 ], [ -61.927798395302773, -29.288383983897546 ], [ -61.924495590702733, -29.268982380497231 ], [ -61.917980153502633, -29.228977698196623 ], [ -61.912454152102612, -29.195584867096109 ], [ -61.910975145202592, -29.187020019796002 ], [ -61.901635513602493, -29.131915368395152 ], [ -61.901529240702509, -29.131287582595149 ], [ -61.895270215302439, -29.094319273494595 ], [ -61.870912339402203, -28.949576937892349 ], [ -61.869815521302193, -28.942988523392231 ], [ -61.857135075702118, -28.934951902292134 ], [ -61.843740048002033, -28.929288456392047 ], [ -61.828515458701915, -28.922585278991949 ], [ -61.815178996501857, -28.9201077348919 ], [ -61.802493136401779, -28.920278190591919 ], [ -61.797292888501744, -28.919484477791922 ] ] ] ] } },
{ "type": "Feature", "properties": { "Area": 31012.521, "Perim": 1225.424, "Nombre": "Región 1" }, "geometry": { "type": "MultiPolygon", "coordinates": [ [ [ [ -58.937869820746961, -28.128866648570433 ], [ -58.942569820746961, -28.13156664857048 ], [ -58.946369820747002, -28.133166648570505 ], [ -58.949469820746934, -28.134066648570535 ], [ -58.954969820746911, -28.135466648570468 ], [ -58.961169820746896, -28.1367666485705 ], [ -58.966369820746905, -28.137666648570466 ], [ -58.970669820746906, -28.138266648570557 ], [ -58.976369820746903, -28.138866648570595 ], [ -58.982169820746961, -28.139166648570512 ], [ -58.989969820746971, -28.139366648570558 ], [ -58.995669820746954, -28.139266648570565 ], [ -58.998969820747007, -28.139166648570523 ], [ -59.004769820747015, -28.138666648570542 ], [ -59.012069820746945, -28.137566648570537 ], [ -59.021069820746952, -28.135866648570428 ], [ -59.028769820746952, -28.134466648570502 ], [ -59.035169820747015, -28.133566648570472 ], [ -59.040069820747028, -28.133066648570459 ], [ -59.050269820746976, -28.131666648570409 ], [ -59.05536982074689, -28.131266648570431 ], [ -59.059169820746945, -28.131266648570428 ], [ -59.063669820746945, -28.131866648570469 ], [ -59.067769820747003, -28.133166648570505 ], [ -59.071469820746984, -28.134966648570483 ], [ -59.075069820746876, -28.137666648570473 ], [ -59.077669820746976, -28.140066648570595 ], [ -59.080169820746988, -28.143366648570655 ], [ -59.082369820746941, -28.147966648570737 ], [ -59.083269820746871, -28.151366648570722 ], [ -59.083869820746941, -28.155366648570887 ], [ -59.084069820746912, -28.159766648570915 ], [ -59.084169820747007, -28.166166648570997 ], [ -59.083969820747043, -28.172966648571126 ], [ -59.083669820746977, -28.182066648571201 ], [ -59.083669820746998, -28.188166648571396 ], [ -59.083769820747044, -28.193966648571465 ], [ -59.08406982074689, -28.200166648571539 ], [ -59.084369820746957, -28.204866648571645 ], [ -59.084669820746974, -28.208466648571651 ], [ -59.085269820747001, -28.21356664857176 ], [ -59.085769820747039, -28.216766648571806 ], [ -59.086869820746948, -28.218766648571844 ], [ -59.089269820747042, -28.220666648571896 ], [ -59.09296982074703, -28.222266648571924 ], [ -59.098469820747049, -28.223966648571928 ], [ -59.102769820747049, -28.225466648571935 ], [ -59.107669820746999, -28.228766648572009 ], [ -59.110869820747006, -28.234766648572126 ], [ -59.1119698207469, -28.23766664857213 ], [ -59.11356982074701, -28.242166648572198 ], [ -59.114569820746986, -28.246066648572331 ], [ -59.11536982074702, -28.249766648572407 ], [ -59.115869820746987, -28.254066648572365 ], [ -59.115969820747026, -28.257966648572538 ], [ -59.115869820746987, -28.261266648572565 ], [ -59.115669820747044, -28.26526664857262 ], [ -59.114769820746943, -28.27096664857272 ], [ -59.113969820747023, -28.274266648572816 ], [ -59.111869820747046, -28.279966648572874 ], [ -59.108669820747039, -28.286066648572938 ], [ -59.105469820746876, -28.289166648573037 ], [ -59.102669820747018, -28.290966648572965 ], [ -59.098869820747012, -28.293066648573035 ], [ -59.095969820747051, -28.295166648573129 ], [ -59.093769820747028, -28.297766648573194 ], [ -59.090069820746947, -28.30516664857328 ], [ -59.085269820747001, -28.314866648573425 ], [ -59.081169820746986, -28.323066648573544 ], [ -59.07786982074694, -28.32966664857361 ], [ -59.076369820746969, -28.332566648573724 ], [ -59.077069820746907, -28.337766648573805 ], [ -59.078169820746957, -28.346266648573962 ], [ -59.079269820747044, -28.354766648574071 ], [ -59.080369820746952, -28.36366664857421 ], [ -59.080469820746991, -28.366666648574267 ], [ -59.079669820746972, -28.371066648574288 ], [ -59.078269820746989, -28.374766648574422 ], [ -59.076969820747017, -28.377566648574415 ], [ -59.075169820746943, -28.380966648574525 ], [ -59.072969820747019, -28.384466648574552 ], [ -59.069869820746952, -28.389466648574576 ], [ -59.06796982074701, -28.391666648574674 ], [ -59.064169820746955, -28.394666648574677 ], [ -59.061769820747024, -28.396366648574759 ], [ -59.058769820746996, -28.399066648574777 ], [ -59.055069820746994, -28.404366648574864 ], [ -59.052969820746981, -28.408466648574876 ], [ -59.051569820746984, -28.41216664857502 ], [ -59.05096982074695, -28.415766648575044 ], [ -59.051269820747002, -28.418566648575116 ], [ -59.052069820747015, -28.421066648575156 ], [ -59.053369820746937, -28.424066648575199 ], [ -59.054769820746976, -28.426766648575249 ], [ -59.057469820746988, -28.431266648575303 ], [ -59.060669820746966, -28.435966648575349 ], [ -59.064869820746928, -28.44186664857552 ], [ -59.06686982074693, -28.444566648575552 ], [ -59.068769820746979, -28.446766648575544 ], [ -59.07116982074696, -28.448966648575595 ], [ -59.075669820746995, -28.452966648575668 ], [ -59.078569820747035, -28.455866648575686 ], [ -59.080269820746999, -28.459266648575774 ], [ -59.079669820746972, -28.463666648575849 ], [ -59.077769820746973, -28.467566648575836 ], [ -59.075669820746946, -28.470166648575958 ], [ -59.070469820747022, -28.475866648575984 ], [ -59.067869820746928, -28.478766648576105 ], [ -59.065069820747027, -28.482266648576079 ], [ -59.06326982074701, -28.485166648576197 ], [ -59.061669820746957, -28.489066648576237 ], [ -59.060069820747003, -28.493466648576359 ], [ -59.06156982074701, -28.514466648576597 ], [ -59.068469820747019, -28.522466648576721 ], [ -59.070269820747015, -28.524066648576834 ], [ -59.072569820746864, -28.525266648576824 ], [ -59.075469820746989, -28.526166648576766 ], [ -59.081469820747031, -28.527066648576859 ], [ -59.086769820747023, -28.52806664857685 ], [ -59.091069820746974, -28.53066664857684 ], [ -59.092869820746969, -28.534166648576896 ], [ -59.093669820747003, -28.538166648576979 ], [ -59.093769820747028, -28.541066648577097 ], [ -59.093669820746982, -28.544666648577092 ], [ -59.092669820747005, -28.553866648577213 ], [ -59.092469820746999, -28.559266648577374 ], [ -59.093269820747011, -28.565666648577437 ], [ -59.094069820746967, -28.569466648577524 ], [ -59.096169820746994, -28.578166648577689 ], [ -59.098369820747031, -28.585866648577817 ], [ -59.099669820747039, -28.58896664857777 ], [ -59.101869820746998, -28.592866648577939 ], [ -59.107869820747005, -28.601266648578004 ], [ -59.111469820747018, -28.606566648578099 ], [ -59.113469820747014, -28.61066664857811 ], [ -59.114669820746983, -28.614966648578193 ], [ -59.114069820746991, -28.619266648578321 ], [ -59.112269820747052, -28.623766648578385 ], [ -59.10936982074697, -28.629866648578499 ], [ -59.104669820747013, -28.638966648578641 ], [ -59.100469820747008, -28.647566648578653 ], [ -59.096369820746993, -28.655866648578861 ], [ -59.092369820746988, -28.664466648579065 ], [ -59.088469820747015, -28.673366648579208 ], [ -59.08726982074699, -28.676666648579275 ], [ -59.086869820746948, -28.679766648579214 ], [ -59.087469820747017, -28.68406664857935 ], [ -59.089969820747001, -28.690766648579416 ], [ -59.091569820746955, -28.694166648579518 ], [ -59.099369820746972, -28.709866648579737 ], [ -59.110169820747025, -28.729766648580075 ], [ -59.118169820747035, -28.744766648580303 ], [ -59.125469820746893, -28.760366648580575 ], [ -59.134769820746968, -28.783466648580834 ], [ -59.145069820747025, -28.80796664858125 ], [ -59.14746982074697, -28.813266648581386 ], [ -59.149069820747023, -28.815966648581412 ], [ -59.151569820747007, -28.818866648581512 ], [ -59.15976982074703, -28.826766648581653 ], [ -59.162269820746992, -28.830066648581667 ], [ -59.163769820747049, -28.833266648581699 ], [ -59.163169820746937, -28.836466648581744 ], [ -59.156569820747016, -28.846266648581928 ], [ -59.155669820746986, -28.848866648581886 ], [ -59.154569820747014, -28.862466648582171 ], [ -59.154669820746967, -28.867566648582212 ], [ -59.155269820746987, -28.871966648582315 ], [ -59.15636982074696, -28.875566648582325 ], [ -59.158569820747033, -28.881066648582465 ], [ -59.162269820746992, -28.890066648582604 ], [ -59.166969820747013, -28.901366648582794 ], [ -59.171469820747035, -28.914766648582994 ], [ -59.172269820747047, -28.923966648583107 ], [ -59.172769820747035, -28.927766648583212 ], [ -59.174269820747021, -28.933466648583227 ], [ -59.180469820747064, -28.946166648583439 ], [ -59.183069820746965, -28.948866648583468 ], [ -59.191569820746942, -28.954766648583636 ], [ -59.193669820747019, -28.957066648583606 ], [ -59.195669820747042, -28.961666648583705 ], [ -59.196869820747004, -28.965566648583714 ], [ -59.19896982074706, -28.979766648583915 ], [ -59.199269820747048, -28.992866648584222 ], [ -59.198169820747033, -28.999166648584314 ], [ -59.193869820746983, -29.014066648584567 ], [ -59.193069820746949, -29.020166648584556 ], [ -59.193269820746934, -29.024566648584724 ], [ -59.195169820747054, -29.030966648584808 ], [ -59.198369820746976, -29.036966648584901 ], [ -59.206469820747039, -29.046866648585006 ], [ -59.219169820747048, -29.059166648585247 ], [ -59.240769820747047, -29.076466648585388 ], [ -59.262869820747071, -29.090166648585722 ], [ -59.282969820746999, -29.098366648585838 ], [ -59.293269820747049, -29.101366648585898 ], [ -59.29886982074698, -29.101666648585901 ], [ -59.31196982074696, -29.100466648585805 ], [ -59.317069820746973, -29.100466648585808 ], [ -59.321769820747015, -29.101466648585863 ], [ -59.33106982074704, -29.105566648585967 ], [ -59.338569820747047, -29.111066648586036 ], [ -59.345069820747057, -29.118566648586164 ], [ -59.350369820747026, -29.127566648586324 ], [ -59.352169820746987, -29.132766648586379 ], [ -59.353069820747045, -29.140466648586496 ], [ -59.352469820747032, -29.146566648586596 ], [ -59.350469820746994, -29.155666648586703 ], [ -59.348769820747037, -29.166766648586854 ], [ -59.348569820747031, -29.173666648586984 ], [ -59.350169820746977, -29.179066648587064 ], [ -59.353069820747024, -29.181266648587069 ], [ -59.356569820747005, -29.182166648587113 ], [ -59.35946982074703, -29.182466648587067 ], [ -59.363969820747045, -29.182466648587056 ], [ -59.370069820747034, -29.182266648587056 ], [ -59.374469820747017, -29.182366648587156 ], [ -59.378869820746992, -29.18306664858714 ], [ -59.382869820746997, -29.18476664858715 ], [ -59.387069820747001, -29.188866648587279 ], [ -59.392869820747002, -29.196066648587326 ], [ -59.395769820746956, -29.201666648587359 ], [ -59.399169820747069, -29.207366648587499 ], [ -59.402269820746966, -29.21026664858757 ], [ -59.405169820747027, -29.211466648587553 ], [ -59.413069820746991, -29.212766648587596 ], [ -59.416069820747047, -29.213266648587581 ], [ -59.419569820747014, -29.214666648587542 ], [ -59.427669820746978, -29.218966648587681 ], [ -59.437469820746998, -29.224266648587797 ], [ -59.44366982074699, -29.226866648587709 ], [ -59.463469820747015, -29.232166648587846 ], [ -59.482969820747059, -29.237266648587955 ], [ -59.489869820746968, -29.239566648587935 ], [ -59.493069820746982, -29.241066648587978 ], [ -59.496669820747044, -29.243666648588057 ], [ -59.499769820746955, -29.246766648588128 ], [ -59.50826982074696, -29.257866648588294 ], [ -59.511469820747067, -29.262566648588326 ], [ -59.515169820747055, -29.271066648588441 ], [ -59.517369820747064, -29.280466648588572 ], [ -59.518769820746989, -29.301066648588936 ], [ -59.51956982074703, -29.314666648589107 ], [ -59.521369820747026, -29.325166648589295 ], [ -59.524369820747005, -29.337966648589504 ], [ -59.526569820747028, -29.343866648589536 ], [ -59.529169820747043, -29.348366648589646 ], [ -59.534469820747006, -29.354466648589785 ], [ -59.53946982074698, -29.35846664858985 ], [ -59.547969820747007, -29.363566648589838 ], [ -59.561369820746947, -29.370666648589978 ], [ -59.568169820746995, -29.373066648589976 ], [ -59.586069820746957, -29.377366648590119 ], [ -59.592069820746943, -29.37996664859007 ], [ -59.598269820746943, -29.384666648590215 ], [ -59.602669820747018, -29.390566648590319 ], [ -59.604069820747, -29.393766648590351 ], [ -59.605669820747003, -29.402266648590487 ], [ -59.606169820747034, -29.412266648590634 ], [ -59.605369820747022, -29.421166648590756 ], [ -59.603269820746981, -29.42736664859083 ], [ -59.600369820747012, -29.431966648590944 ], [ -59.590869820747017, -29.442566648591043 ], [ -59.583269820746921, -29.450466648591245 ], [ -59.579469820747036, -29.455166648591334 ], [ -59.574469820747062, -29.462366648591374 ], [ -59.567269820747022, -29.474066648591545 ], [ -59.56586982074694, -29.477966648591554 ], [ -59.565269820747012, -29.481466648591688 ], [ -59.565769820747008, -29.486866648591729 ], [ -59.568469820747005, -29.492666648591783 ], [ -59.571269820747048, -29.494666648591767 ], [ -59.577569820746959, -29.49556664859189 ], [ -59.581469820747074, -29.495966648591885 ], [ -59.585269820746952, -29.49736664859196 ], [ -59.598869820747012, -29.508966648592104 ], [ -59.602369820747043, -29.5134666485922 ], [ -59.602769820746921, -29.517866648592168 ], [ -59.590469820747025, -29.530266648592423 ], [ -59.577069820746956, -29.54216664859263 ], [ -59.576569820746919, -29.544366648592607 ], [ -59.577969820747029, -29.546566648592602 ], [ -59.581669820747024, -29.54966664859273 ], [ -59.588269820747072, -29.553966648592787 ], [ -59.592069820746964, -29.55706664859277 ], [ -59.595169820747046, -29.561466648592916 ], [ -59.601569820747002, -29.573166648593102 ], [ -59.608369820747015, -29.589166648593224 ], [ -59.609369820747055, -29.594966648593353 ], [ -59.609469820746952, -29.605566648593555 ], [ -59.610469820747056, -29.610466648593601 ], [ -59.612069820746981, -29.613466648593619 ], [ -59.614169820747037, -29.616166648593683 ], [ -59.620869820747011, -29.62326664859382 ], [ -59.622369820747004, -29.625666648593825 ], [ -59.624569820747027, -29.632166648593941 ], [ -59.626969820746936, -29.641066648594126 ], [ -59.630069820747018, -29.654766648594229 ], [ -59.632369820747037, -29.667166648594492 ], [ -59.633569820747049, -29.680866648594659 ], [ -59.631669820746957, -29.684766648594707 ], [ -59.628069820747037, -29.688366648594766 ], [ -59.62246982074695, -29.693366648594722 ], [ -59.620069820747027, -29.697366648594922 ], [ -59.620769820746986, -29.701366648595005 ], [ -59.625269820746972, -29.709366648595054 ], [ -59.627769820746984, -29.713866648595125 ], [ -59.628769820746996, -29.716766648595215 ], [ -59.634469820747015, -29.732266648595424 ], [ -59.635769820747001, -29.739566648595446 ], [ -59.634769820747039, -29.743866648595578 ], [ -59.63206982074702, -29.749366648595647 ], [ -59.628869820747042, -29.755466648595785 ], [ -59.627669820747059, -29.758466648595828 ], [ -59.626769820746986, -29.762866648595868 ], [ -59.625969820746953, -29.769066648595935 ], [ -59.625769820747017, -29.773866648596055 ], [ -59.626069820747013, -29.782066648596178 ], [ -59.627669820747037, -29.789666648596302 ], [ -59.629869820747011, -29.794566648596351 ], [ -59.631869820747028, -29.797266648596398 ], [ -59.636369820746992, -29.80146664859641 ], [ -59.642669820746967, -29.806066648596527 ], [ -59.651469820746982, -29.812766648596661 ], [ -59.65436982074695, -29.815866648596586 ], [ -59.656269820747035, -29.8189666485967 ], [ -59.657369820746929, -29.82166664859669 ], [ -59.661869820746944, -29.839166648596986 ], [ -59.667369820746963, -29.860766648597306 ], [ -59.669469820747018, -29.870166648597458 ], [ -59.66956982074705, -29.873066648597529 ], [ -59.667669820747008, -29.876466648597518 ], [ -59.66406982074696, -29.879966648597524 ], [ -59.657969820746999, -29.883766648597646 ], [ -59.651069820747026, -29.886866648597717 ], [ -59.642969820746949, -29.888966648597709 ], [ -59.634569820747004, -29.8910666485978 ], [ -59.618869820747044, -29.89666664859778 ], [ -59.608269820746962, -29.901866648597888 ], [ -59.603169820747013, -29.906366648597942 ], [ -59.599169820747029, -29.911766648598082 ], [ -59.596669820747017, -29.917066648598073 ], [ -59.594469820747051, -29.924566648598191 ], [ -59.592669820747034, -29.934866648598373 ], [ -59.591569820746948, -29.941366648598493 ], [ -59.591269820747037, -29.953666648598702 ], [ -59.591069820746981, -29.961666648598786 ], [ -59.589969820747008, -29.967066648598873 ], [ -59.587769820746963, -29.971966648598872 ], [ -59.584769820746914, -29.977066648599031 ], [ -59.576669820747021, -29.990666648599152 ], [ -59.576669820747028, -29.993566648599256 ], [ -59.578869820746988, -29.999366648599377 ], [ -59.578369820747, -30.002266648599413 ], [ -59.575069820746947, -30.004266648599405 ], [ -59.567169820747004, -30.007166648599398 ], [ -59.563469820747024, -30.00956664859952 ], [ -59.562669820747004, -30.015366648599521 ], [ -59.56266982074699, -30.019366648599611 ], [ -59.563969820746991, -30.029366648599741 ], [ -59.566669820747038, -30.038366648599894 ], [ -59.570469820747029, -30.045566648599987 ], [ -59.579269820747001, -30.056366648600182 ], [ -59.587169820747057, -30.064466648600249 ], [ -59.597069820747016, -30.074866648600427 ], [ -59.601069820746972, -30.079666648600465 ], [ -59.606169820747056, -30.087266648600632 ], [ -59.613469820746914, -30.101166648600781 ], [ -59.618069820747003, -30.111866648601008 ], [ -59.622869820746999, -30.126566648601134 ], [ -59.62426982074696, -30.134766648601332 ], [ -59.624369820747035, -30.139366648601392 ], [ -59.623969820746936, -30.151066648601539 ], [ -59.623869820747053, -30.155166648601654 ], [ -59.624769820746991, -30.162866648601749 ], [ -59.627069820747039, -30.170066648601797 ], [ -59.632469820746991, -30.183466648601989 ], [ -59.637869820747056, -30.193066648602144 ], [ -59.64216982074695, -30.20126664860226 ], [ -59.644569820747037, -30.208266648602368 ], [ -59.643969820746989, -30.212466648602472 ], [ -59.642569820746971, -30.21656664860252 ], [ -59.638369820747023, -30.225666648602633 ], [ -59.637169820746948, -30.229466648602706 ], [ -59.637469820746965, -30.233566648602697 ], [ -59.639469820746996, -30.239966648602842 ], [ -59.643069820747051, -30.249166648602959 ], [ -59.650769820747058, -30.269866648603269 ], [ -59.658269820747037, -30.290666648603533 ], [ -59.660769820747049, -30.294466648603549 ], [ -59.664569820747047, -30.298266648603683 ], [ -59.674369820746975, -30.306166648603739 ], [ -59.67936982074697, -30.311166648603834 ], [ -59.682369820746949, -30.316566648603846 ], [ -59.682369820746963, -30.320266648604012 ], [ -59.684369820746994, -30.330966648604122 ], [ -59.681969820747021, -30.334166648604178 ], [ -59.67916982074702, -30.336266648604258 ], [ -59.674469820746999, -30.339666648604236 ], [ -59.670969820747054, -30.342666648604336 ], [ -59.668269820747028, -30.346566648604298 ], [ -59.665269820747049, -30.353466648604385 ], [ -59.665469820747006, -30.356066648604511 ], [ -59.669669820747004, -30.362866648604605 ], [ -59.672669820747011, -30.366966648604588 ], [ -59.677169820746997, -30.376066648604777 ], [ -59.680269820747043, -30.381966648604845 ], [ -59.682069820746982, -30.384566648604917 ], [ -59.686669820747021, -30.387066648604947 ], [ -59.694069820746975, -30.391166648604962 ], [ -59.698969820747052, -30.39356664860486 ], [ -59.703069820747004, -30.394966648605013 ], [ -59.713169820747005, -30.397066648605104 ], [ -59.717469820746942, -30.398666648605058 ], [ -59.720069820746978, -30.400066648605119 ], [ -59.722269820747009, -30.401966648605118 ], [ -59.723669820746913, -30.404566648605179 ], [ -59.723869820747012, -30.407666648605176 ], [ -59.723369820746996, -30.410766648605257 ], [ -59.721869820747052, -30.41506664860535 ], [ -59.720369820747017, -30.418366648605325 ], [ -59.718469820747046, -30.421966648605451 ], [ -59.715969820746913, -30.425666648605457 ], [ -59.712669820747038, -30.428566648605454 ], [ -59.709169820746887, -30.430766648605594 ], [ -59.702669820747026, -30.437966648605659 ], [ -59.696769820746908, -30.444566648605704 ], [ -59.694269820747031, -30.446966648605706 ], [ -59.689769820747046, -30.450166648605794 ], [ -59.686169820747018, -30.453366648605865 ], [ -59.679869820746951, -30.459666648605914 ], [ -59.67506982074692, -30.465666648606053 ], [ -59.672169820746994, -30.470566648606152 ], [ -59.667969820746983, -30.484166648606219 ], [ -59.66586982074697, -30.488366648606295 ], [ -59.661869820746944, -30.493966648606452 ], [ -59.659969820747001, -30.496766648606467 ], [ -59.656769820747016, -30.50186664860653 ], [ -59.652569820746891, -30.510266648606695 ], [ -59.651069820747026, -30.518666648606793 ], [ -59.649469820746987, -30.542766648607035 ], [ -59.64906982074703, -30.547966648607133 ], [ -59.646669820746943, -30.566866648607466 ], [ -59.646469820747008, -30.570666648607524 ], [ -59.648569820747035, -30.574566648607576 ], [ -59.652769820747011, -30.577766648607639 ], [ -59.657469820747004, -30.580866648607707 ], [ -59.66006982074704, -30.583366648607726 ], [ -59.661269820747023, -30.586166648607676 ], [ -59.662469820747013, -30.589966648607749 ], [ -59.663369820746958, -30.594666648607816 ], [ -59.663269820747047, -30.599066648607938 ], [ -59.66206982074695, -30.603266648608013 ], [ -59.660669820747017, -30.606866648607937 ], [ -59.658369820746955, -30.613666648608095 ], [ -59.658069820747038, -30.620066648608173 ], [ -59.658569820747026, -30.624066648608199 ], [ -59.659969820747001, -30.628766648608256 ], [ -59.661469820747023, -30.632266648608418 ], [ -59.664269820747023, -30.636666648608429 ], [ -59.669069820746934, -30.641466648608429 ], [ -59.67406982074705, -30.645466648608579 ], [ -59.677769820747031, -30.648766648608603 ], [ -59.681269820746891, -30.652666648608676 ], [ -59.683769820746939, -30.656366648608707 ], [ -59.685969820746998, -30.660666648608789 ], [ -59.686669820746999, -30.665366648608867 ], [ -59.685469820747031, -30.669866648608938 ], [ -59.683769820746939, -30.672566648608964 ], [ -59.681069820746949, -30.675766648609006 ], [ -59.675969820747035, -30.680366648609048 ], [ -59.671869820746991, -30.683266648609102 ], [ -59.666769820747021, -30.684666648609056 ], [ -59.662469820747013, -30.684666648609063 ], [ -59.657569820747042, -30.684066648609075 ], [ -59.651069820747026, -30.683166648609003 ], [ -59.645769820746978, -30.682966648609071 ], [ -59.641469820746998, -30.684266648609089 ], [ -59.63796982074696, -30.687466648609121 ], [ -59.634169820746969, -30.692766648609236 ], [ -59.631169820746884, -30.704966648609407 ], [ -59.632369820747009, -30.71476664860954 ], [ -59.637769820747025, -30.723166648609642 ], [ -59.64536982074705, -30.731566648609675 ], [ -59.653169820746939, -30.73816664860983 ], [ -59.66206982074695, -30.743666648609945 ], [ -59.669469820747032, -30.748066648609974 ], [ -59.67916982074702, -30.755066648610065 ], [ -59.685769820746906, -30.760966648610108 ], [ -59.688969820747019, -30.765766648610224 ], [ -59.688869820746973, -30.770166648610324 ], [ -59.685069820746961, -30.776366648610392 ], [ -59.683569820747039, -30.779466648610398 ], [ -59.683169820747025, -30.782866648610504 ], [ -59.682669820747016, -30.789866648610591 ], [ -59.682869820747015, -30.793566648610621 ], [ -59.683869820746942, -30.797866648610622 ], [ -59.686469820747007, -30.803966648610764 ], [ -59.690469820747012, -30.811266648610871 ], [ -59.694669820747002, -30.817466648610928 ], [ -59.700969820746899, -30.824966648611092 ], [ -59.705869820747019, -30.830866648611096 ], [ -59.710469820746965, -30.838166648611246 ], [ -59.714969820746951, -30.845866648611345 ], [ -59.720769820746973, -30.853566648611466 ], [ -59.725969820747004, -30.860066648611571 ], [ -59.730069820747048, -30.866666648611641 ], [ -59.733969820746964, -30.874166648611691 ], [ -59.736569820747064, -30.87826664861181 ], [ -59.741369820747046, -30.884466648611852 ], [ -59.747269820747022, -30.890266648611938 ], [ -59.755069820747018, -30.895666648611979 ], [ -59.764569820746914, -30.900566648612003 ], [ -59.780869820746943, -30.909766648612198 ], [ -59.789669820747008, -30.91556664861227 ], [ -59.792769820747047, -30.918066648612278 ], [ -59.796969820746895, -30.923166648612398 ], [ -59.801969820746955, -30.931666648612559 ], [ -59.805069820746958, -30.93746664861251 ], [ -59.816769820746977, -30.959266648612843 ], [ -59.823169820747019, -30.971466648613028 ], [ -59.826469820746894, -30.976766648613133 ], [ -59.832569820746983, -30.984666648613217 ], [ -59.842069820746993, -30.996266648613393 ], [ -59.848769820747009, -31.005766648613527 ], [ -59.858769820747, -31.020766648613684 ], [ -59.863769820747009, -31.028766648613857 ], [ -59.866369820746982, -31.033566648613881 ], [ -59.87376982074688, -31.050266648614119 ], [ -59.879369820746923, -31.060566648614277 ], [ -59.888169820747024, -31.071666648614343 ], [ -59.894269820746956, -31.077866648614425 ], [ -59.901569820747, -31.083866648614556 ], [ -59.91296982074693, -31.090466648614687 ], [ -59.918569820747003, -31.093066648614741 ], [ -59.922669820746933, -31.093966648614728 ], [ -59.92636982074702, -31.094166648614671 ], [ -59.932969820746969, -31.094266648614745 ], [ -59.938169820746978, -31.09516664861469 ], [ -59.942569820746975, -31.097466648614777 ], [ -59.947369820746935, -31.101766648614849 ], [ -59.952869820746919, -31.107766648614831 ], [ -59.956669820746981, -31.112566648614948 ], [ -59.966669820746986, -31.12776664861514 ], [ -59.982869820746984, -31.15216664861542 ], [ -59.98586982074697, -31.157366648615611 ], [ -59.987669820746959, -31.161966648615593 ], [ -59.989369820747022, -31.169566648615703 ], [ -59.988169820746975, -31.173366648615733 ], [ -59.98576982074691, -31.17756664861588 ], [ -59.98236982074696, -31.182566648615936 ], [ -59.980569820746943, -31.185866648615875 ], [ -59.979469820747013, -31.189666648615994 ], [ -59.979569820746903, -31.192866648615986 ], [ -59.981469820746987, -31.199966648616172 ], [ -59.984469820746995, -31.207266648616272 ], [ -59.989769820747021, -31.217066648616303 ], [ -59.999969820747019, -31.236866648616679 ], [ -60.002169820746978, -31.240666648616568 ], [ -60.008669820746995, -31.248366648616773 ], [ -60.020869820747016, -31.256466648616854 ], [ -60.029969820746935, -31.260566648616948 ], [ -60.050369820746923, -31.267466648617024 ], [ -60.065769820746986, -31.271366648617107 ], [ -60.076569820746947, -31.274266648617136 ], [ -60.085769820747025, -31.276266648617163 ], [ -60.094269820746938, -31.279066648617203 ], [ -60.096369820746958, -31.282066648617235 ], [ -60.097369820747019, -31.302066648617437 ], [ -60.094769820746919, -31.32736664861784 ], [ -60.094069820746967, -31.330566648617879 ], [ -60.093269820746869, -31.333566648617904 ], [ -60.093169820746979, -31.340066648618006 ], [ -60.088269820747037, -31.344866648618133 ], [ -60.085769820747025, -31.348466648618032 ], [ -60.084669820747031, -31.352866648618182 ], [ -60.086469820747027, -31.358466648618233 ], [ -60.092969820746916, -31.36816664861831 ], [ -60.099669820746989, -31.375466648618453 ], [ -60.105469820746883, -31.380866648618461 ], [ -60.111769820746964, -31.385166648618576 ], [ -60.121469820746945, -31.390366648618595 ], [ -60.124169820746921, -31.392166648618666 ], [ -60.129769820746958, -31.397566648618696 ], [ -60.136969820746948, -31.407166648618926 ], [ -60.140369820746997, -31.414666648619015 ], [ -60.141369820746945, -31.421666648619105 ], [ -60.141569820747002, -31.428966648619191 ], [ -60.142169820746936, -31.434966648619177 ], [ -60.144669820746948, -31.441866648619367 ], [ -60.149869820746922, -31.447166648619355 ], [ -60.157269820746983, -31.451166648619392 ], [ -60.163069820746891, -31.453366648619518 ], [ -60.176869820746937, -31.457766648619533 ], [ -60.199669820746841, -31.4625666486196 ], [ -60.216869820746815, -31.465366648619678 ], [ -60.225869820746851, -31.467766648619698 ], [ -60.231969820746976, -31.470566648619755 ], [ -60.23786982074688, -31.474666648619756 ], [ -60.241869820746878, -31.478666648619814 ], [ -60.244969820746945, -31.484466648619911 ], [ -60.246669820746916, -31.491166648619959 ], [ -60.247169820746969, -31.496766648619943 ], [ -60.247269820746993, -31.500166648620123 ], [ -60.244969820746917, -31.50306664862012 ], [ -60.237269820746995, -31.50896664862022 ], [ -60.231769820746941, -31.513466648620295 ], [ -60.230369820746859, -31.515766648620268 ], [ -60.230869820746904, -31.518666648620361 ], [ -60.236269820746955, -31.525166648620463 ], [ -60.239469820746962, -31.528166648620509 ], [ -60.24586982074689, -31.532466648620499 ], [ -60.252069820746996, -31.534966648620543 ], [ -60.256469820746936, -31.535466648620542 ], [ -60.262069820746923, -31.53466664862059 ], [ -60.270969820746977, -31.531966648620557 ], [ -60.276369820746957, -31.531266648620498 ], [ -60.294969820746886, -31.530866648620528 ], [ -60.304769820746955, -31.531766648620483 ], [ -60.310069820746975, -31.532766648620495 ], [ -60.317869820746843, -31.535666648620609 ], [ -60.326269820746937, -31.541166648620585 ], [ -60.331769820746977, -31.546966648620675 ], [ -60.333669820746898, -31.550966648620751 ], [ -60.334069820746983, -31.555466648620811 ], [ -60.333069820746999, -31.561766648620903 ], [ -60.331569820746957, -31.566566648620849 ], [ -60.328569820746985, -31.570866648621063 ], [ -60.323969820746932, -31.575466648621131 ], [ -60.321269820746977, -31.57826664862116 ], [ -60.318569820746973, -31.583666648621211 ], [ -60.318969820746879, -31.587966648621286 ], [ -60.320269820746951, -31.591866648621245 ], [ -60.321669820746891, -31.594866648621323 ], [ -60.325169820746872, -31.60056664862141 ], [ -60.330269820746956, -31.606866648621494 ], [ -60.335769820746997, -31.612666648621612 ], [ -60.341869820746865, -31.617866648621654 ], [ -60.347769820746954, -31.621766648621637 ], [ -60.354069820746908, -31.624666648621748 ], [ -60.364769820747, -31.6283666486218 ], [ -60.37146982074696, -31.630766648621755 ], [ -60.377069820746925, -31.633566648621851 ], [ -60.394069820746985, -31.643566648621963 ], [ -60.409869820746998, -31.652266648622113 ], [ -60.432669820746867, -31.665366648622289 ], [ -60.436569820746982, -31.66816664862225 ], [ -60.439869820746907, -31.671466648622413 ], [ -60.442969820746981, -31.675366648622376 ], [ -60.448369820746912, -31.682366648622445 ], [ -60.454969820746939, -31.689066648622521 ], [ -60.460569820746876, -31.693866648622613 ], [ -60.464269820746956, -31.696166648622665 ], [ -60.469169820746984, -31.697866648622661 ], [ -60.480269820746884, -31.699366648622647 ], [ -60.496169820746985, -31.7008666486227 ], [ -60.503569820746947, -31.70106664862266 ], [ -60.508869820746952, -31.699666648622703 ], [ -60.516469820746941, -31.696966648622677 ], [ -60.520769820746942, -31.695966648622672 ], [ -60.526469820746904, -31.696066648622608 ], [ -60.530569820746983, -31.696466648622668 ], [ -60.540469820746935, -31.697766648622707 ], [ -60.55716982074695, -31.701266648622671 ], [ -60.570669820746957, -31.704566648622748 ], [ -60.584769820746907, -31.709666648622818 ], [ -60.593169820746944, -31.713166648622916 ], [ -60.606869820746979, -31.720266648622893 ], [ -60.615369820746849, -31.725966648622997 ], [ -60.621469820746924, -31.73086664862312 ], [ -60.624669820746881, -31.734366648623197 ], [ -60.628669820746907, -31.741266648623245 ], [ -60.630869820747002, -31.748366648623222 ], [ -60.632469820746891, -31.757266648623489 ], [ -60.633369820746864, -31.762866648623444 ], [ -60.638752320821375, -31.757635422573614 ], [ -60.656003413113638, -31.747225280672993 ], [ -60.660464902499506, -31.732651082012076 ], [ -60.673551938031572, -31.710343635082154 ], [ -60.683962079932108, -31.698148897427078 ], [ -60.692587626078208, -31.687441322900714 ], [ -60.698536278592805, -31.679113209380208 ], [ -60.709203669212691, -31.666393415486255 ], [ -60.705669820746849, -31.664666648622212 ], [ -60.697069820746947, -31.653166648622069 ], [ -60.682069820746925, -31.640066648621936 ], [ -60.676969820746933, -31.629366648621815 ], [ -60.675869820746961, -31.621266648621688 ], [ -60.666369820746958, -31.611266648621562 ], [ -60.66316982074698, -31.606566648621506 ], [ -60.66316982074698, -31.599166648621431 ], [ -60.670569820746948, -31.59736664862141 ], [ -60.686469820746929, -31.594466648621363 ], [ -60.690069820746942, -31.589066648621294 ], [ -60.693869820746968, -31.583866648621228 ], [ -60.695469820746943, -31.580966648621175 ], [ -60.699069820746949, -31.574166648621077 ], [ -60.701969820746932, -31.566866648621009 ], [ -60.703569820746964, -31.56276664862094 ], [ -60.708969820746958, -31.557866648620877 ], [ -60.71716982074696, -31.550466648620795 ], [ -60.720769820746973, -31.539166648620636 ], [ -60.72396982074698, -31.524666648620439 ], [ -60.727469820746947, -31.5066666486202 ], [ -60.729669820746956, -31.485866648619933 ], [ -60.722569820746948, -31.474366648619796 ], [ -60.71706982074695, -31.465066648619676 ], [ -60.707069820746973, -31.459566648619589 ], [ -60.701569820746961, -31.450766648619481 ], [ -60.692869820746928, -31.448066648619442 ], [ -60.682869820746944, -31.443666648619388 ], [ -60.680669820746949, -31.43646664861928 ], [ -60.68046982074695, -31.428466648619182 ], [ -60.67926982074696, -31.41856664861908 ], [ -60.679769820746941, -31.413866648618963 ], [ -60.678369820746958, -31.405866648618897 ], [ -60.679769820746948, -31.399466648618809 ], [ -60.678869820746939, -31.390866648618672 ], [ -60.674669820746928, -31.376066648618497 ], [ -60.672669820746933, -31.365966648618343 ], [ -60.670669820746944, -31.359366648618295 ], [ -60.667269820746945, -31.355266648618237 ], [ -60.665069820746943, -31.350766648618176 ], [ -60.663769820746964, -31.348066648618158 ], [ -60.664069820746974, -31.343166648618048 ], [ -60.662369820746939, -31.338166648617975 ], [ -60.662069820746964, -31.332566648617931 ], [ -60.672569820746965, -31.328566648617873 ], [ -60.685669820746959, -31.32186664861776 ], [ -60.689469820746965, -31.317566648617714 ], [ -60.695869820746978, -31.31496664861767 ], [ -60.720969820746951, -31.310366648617617 ], [ -60.736969820746971, -31.307866648617583 ], [ -60.745569820746965, -31.31326664861766 ], [ -60.751669820746955, -31.314766648617688 ], [ -60.757969820746951, -31.312666648617661 ], [ -60.771769820746968, -31.311766648617638 ], [ -60.784069820746971, -31.309766648617618 ], [ -60.791969820746978, -31.308866648617609 ], [ -60.799569820746981, -31.307566648617609 ], [ -60.80486982074698, -31.304266648617542 ], [ -60.812769820746965, -31.300666648617494 ], [ -60.815969820746957, -31.297666648617437 ], [ -60.816469820746981, -31.290566648617364 ], [ -60.814769820746989, -31.285766648617322 ], [ -60.81176982074696, -31.277566648617167 ], [ -60.804969820746969, -31.26116664861696 ], [ -60.799669820746971, -31.251966648616847 ], [ -60.796869820746963, -31.238566648616668 ], [ -60.792269820746967, -31.228066648616505 ], [ -60.789569820746962, -31.220666648616394 ], [ -60.788269820746969, -31.215166648616357 ], [ -60.791969820746978, -31.209566648616281 ], [ -60.791369820746972, -31.205866648616219 ], [ -60.787669820746963, -31.202966648616179 ], [ -60.779369820746936, -31.197366648616097 ], [ -60.773469820746961, -31.19076664861602 ], [ -60.771169820746969, -31.185266648615951 ], [ -60.768469820746958, -31.172166648615775 ], [ -60.765469820746958, -31.163966648615659 ], [ -60.761969820746955, -31.161466648615615 ], [ -60.756869820746978, -31.157366648615593 ], [ -60.753669820746964, -31.155866648615561 ], [ -60.747669820746957, -31.151066648615501 ], [ -60.740969820746969, -31.147566648615456 ], [ -60.735169820746954, -31.141066648615343 ], [ -60.731469820746966, -31.13096664861521 ], [ -60.73466982074698, -31.123366648615121 ], [ -60.735969820746959, -31.116866648615016 ], [ -60.735469820746957, -31.11406664861499 ], [ -60.733269820746955, -31.108566648614921 ], [ -60.726569820746974, -31.102866648614821 ], [ -60.721869820746974, -31.098666648614781 ], [ -60.714269820746942, -31.094466648614727 ], [ -60.70526982074697, -31.078866648614508 ], [ -60.697069820746947, -31.060366648614249 ], [ -60.691169820746943, -31.051566648614166 ], [ -60.677369820746939, -31.044766648614061 ], [ -60.672669820746975, -31.037466648613961 ], [ -60.675069820746977, -31.034666648613921 ], [ -60.678869820746939, -31.030166648613836 ], [ -60.685069820746968, -31.026666648613812 ], [ -60.690069820746956, -31.02596664861381 ], [ -60.708969820746958, -31.026166648613795 ], [ -60.723969820746973, -31.027866648613831 ], [ -60.733369820746972, -31.025566648613793 ], [ -60.736469820746954, -31.019266648613709 ], [ -60.731969820746976, -31.010266648613591 ], [ -60.72936982074696, -31.004866648613483 ], [ -60.719369820746969, -30.991066648613337 ], [ -60.717469820746956, -30.986366648613259 ], [ -60.716669820746958, -30.978166648613147 ], [ -60.714969820746951, -30.975266648613104 ], [ -60.709969820746934, -30.966766648613017 ], [ -60.699669820746948, -30.958966648612886 ], [ -60.695569820746961, -30.952166648612792 ], [ -60.693269820746963, -30.94556664861269 ], [ -60.68966982074695, -30.93876664861261 ], [ -60.683969820746945, -30.926966648612467 ], [ -60.677469820746971, -30.909866648612205 ], [ -60.663669820746968, -30.89176664861197 ], [ -60.647269820746956, -30.875566648611724 ], [ -60.639569820746956, -30.870566648611668 ], [ -60.62246982074695, -30.859966648611543 ], [ -60.610169820746947, -30.850566648611402 ], [ -60.60256982074695, -30.844266648611313 ], [ -60.594969820746954, -30.837166648611223 ], [ -60.586369820746945, -30.829266648611107 ], [ -60.576769820746939, -30.820566648610992 ], [ -60.563869820746966, -30.809066648610845 ], [ -60.552669820746935, -30.799066648610708 ], [ -60.534569820746945, -30.79626664861064 ], [ -60.52536982074696, -30.786866648610534 ], [ -60.517269820746947, -30.782066648610471 ], [ -60.509869820746971, -30.776466648610388 ], [ -60.504469820746976, -30.766566648610244 ], [ -60.499869820746966, -30.760566648610194 ], [ -60.497069820746951, -30.756866648610117 ], [ -60.490769820746976, -30.745866648609955 ], [ -60.488369820746961, -30.736666648609823 ], [ -60.488869820746984, -30.723666648609662 ], [ -60.483669820746954, -30.718666648609577 ], [ -60.483569820746972, -30.710166648609473 ], [ -60.483569820746972, -30.70046664860935 ], [ -60.480469820746968, -30.680566648609066 ], [ -60.477069820746962, -30.669366648608907 ], [ -60.474969820746963, -30.653966648608691 ], [ -60.475469820746973, -30.641466648608503 ], [ -60.478369820746956, -30.634566648608427 ], [ -60.48276982074696, -30.624266648608295 ], [ -60.478069820746981, -30.615166648608152 ], [ -60.473469820746956, -30.607966648608048 ], [ -60.473269820746978, -30.602766648607979 ], [ -60.472169820746963, -30.597866648607905 ], [ -60.464169820746974, -30.589666648607778 ], [ -60.463569820746955, -30.584766648607715 ], [ -60.463969820746968, -30.578266648607627 ], [ -60.462369820746964, -30.566666648607463 ], [ -60.460169820746955, -30.555466648607322 ], [ -60.457769820746954, -30.552066648607269 ], [ -60.459069820746969, -30.547266648607188 ], [ -60.461069820746964, -30.542466648607128 ], [ -60.460769820746933, -30.535866648607044 ], [ -60.460169820746941, -30.530166648606965 ], [ -60.456869820746974, -30.522866648606861 ], [ -60.448369820746962, -30.519466648606812 ], [ -60.442869820746971, -30.511766648606702 ], [ -60.439569820746961, -30.495766648606473 ], [ -60.439269820746979, -30.486766648606348 ], [ -60.439869820746971, -30.479166648606238 ], [ -60.440169820746945, -30.472966648606153 ], [ -60.441169820746964, -30.469266648606105 ], [ -60.442469820746958, -30.464866648606048 ], [ -60.444269820746932, -30.45996664860597 ], [ -60.443669820746976, -30.456066648605912 ], [ -60.439569820746975, -30.45276664860587 ], [ -60.432669820746973, -30.448266648605795 ], [ -60.430869820746949, -30.443266648605729 ], [ -60.427669820746978, -30.433266648605592 ], [ -60.425269820746969, -30.426066648605502 ], [ -60.422269820746941, -30.418466648605389 ], [ -60.421669820746978, -30.414566648605334 ], [ -60.420769820746976, -30.408466648605245 ], [ -60.421569820746974, -30.403066648605165 ], [ -60.419469820746968, -30.397266648605083 ], [ -60.413869820746982, -30.392166648605013 ], [ -60.412069820746972, -30.387066648604947 ], [ -60.412369820746953, -30.380366648604845 ], [ -60.412969820746973, -30.375766648604777 ], [ -60.415869820746956, -30.369666648604667 ], [ -60.414069820746946, -30.363566648604607 ], [ -60.41076982074695, -30.358166648604538 ], [ -60.403169820746967, -30.352666648604458 ], [ -60.401769820746964, -30.348066648604391 ], [ -60.405969820746975, -30.337766648604248 ], [ -60.393369820746969, -30.329966648604135 ], [ -60.392969820746963, -30.319366648603975 ], [ -60.389869820746966, -30.312666648603884 ], [ -60.386969820746963, -30.305266648603784 ], [ -60.386469820746967, -30.299466648603698 ], [ -60.384469820746951, -30.292066648603594 ], [ -60.379569820746958, -30.283866648603489 ], [ -60.375269820746965, -30.275366648603331 ], [ -60.372469820746986, -30.268466648603244 ], [ -60.365769820746955, -30.263266648603164 ], [ -60.357769820746974, -30.257966648603105 ], [ -60.346869820746953, -30.253466648603023 ], [ -60.341669820746965, -30.248366648602975 ], [ -60.339069820746978, -30.241266648602885 ], [ -60.341169820746977, -30.234266648602784 ], [ -60.343969820746977, -30.230066648602705 ], [ -60.343169820746958, -30.22536664860263 ], [ -60.338769820746968, -30.217766648602527 ], [ -60.329769820746947, -30.217866648602495 ], [ -60.319969820746977, -30.207966648602397 ], [ -60.316869820746973, -30.201066648602257 ], [ -60.318569820746973, -30.191666648602148 ], [ -60.320169820746962, -30.18436664860203 ], [ -60.326169820746962, -30.181166648601984 ], [ -60.350269820746966, -30.175366648601909 ], [ -60.349169820746965, -30.172066648601874 ], [ -60.346669820746996, -30.163466648601723 ], [ -60.342569820746995, -30.151466648601577 ], [ -60.340269820746975, -30.142866648601458 ], [ -60.339269820746971, -30.135666648601347 ], [ -60.345269820746978, -30.12556664860119 ], [ -60.348069820746986, -30.116866648601079 ], [ -60.344369820746991, -30.109866648600967 ], [ -60.336469820746949, -30.110766648600972 ], [ -60.327469820746977, -30.102566648600881 ], [ -60.321469820746955, -30.080366648600549 ], [ -60.323669820746993, -30.07006664860037 ], [ -60.324669820746962, -30.064366648600299 ], [ -60.314769820746982, -30.044866648600038 ], [ -60.31266982074694, -30.035066648599869 ], [ -60.313169820747, -30.01976664859966 ], [ -60.312269820746977, -30.011866648599522 ], [ -60.301269820746988, -30.000666648599385 ], [ -60.292069820746988, -29.977866648599033 ], [ -60.285269820746983, -29.977366648599034 ], [ -60.271169820746969, -29.977366648599041 ], [ -60.264069820746975, -29.977866648599061 ], [ -60.255269820746975, -29.974866648599004 ], [ -60.253469820746957, -29.966266648598872 ], [ -60.245669820746983, -29.952866648598686 ], [ -60.240069820746996, -29.947666648598599 ], [ -60.238069820746993, -29.939966648598531 ], [ -60.234769820746969, -29.930966648598361 ], [ -60.242269820746976, -29.922166648598239 ], [ -60.252369820746985, -29.9206666485982 ], [ -60.258169820747, -29.917566648598168 ], [ -60.26646982074697, -29.908766648598053 ], [ -60.27596982074698, -29.897366648597874 ], [ -60.284969820746966, -29.885666648597713 ], [ -60.298569820746991, -29.865966648597396 ], [ -60.307869820746966, -29.852766648597207 ], [ -60.305769820746974, -29.844166648597088 ], [ -60.294669820746947, -29.843366648597073 ], [ -60.287369820746989, -29.824066648596798 ], [ -60.284569820746995, -29.806466648596537 ], [ -60.289269820746973, -29.788966648596279 ], [ -60.297269820746962, -29.769666648596012 ], [ -60.293969820746973, -29.757566648595841 ], [ -60.281369820746967, -29.754066648595757 ], [ -60.264269820746982, -29.748366648595642 ], [ -60.260169820746981, -29.726266648595367 ], [ -60.261269820746975, -29.716466648595198 ], [ -60.255569820746977, -29.681266648594686 ], [ -60.272269820746963, -29.641766648594093 ], [ -60.264269820746982, -29.620166648593788 ], [ -60.25466982074699, -29.601266648593484 ], [ -60.262769820746982, -29.559766648592888 ], [ -60.278269820746985, -29.524866648592347 ], [ -60.291669820746968, -29.502466648591984 ], [ -60.293169820746989, -29.481666648591691 ], [ -60.303569820746965, -29.431866648590916 ], [ -60.317869820746957, -29.382466648590192 ], [ -60.305269820746972, -29.334666648589479 ], [ -60.293469820746992, -29.311466648589096 ], [ -60.283169820746998, -29.292066648588801 ], [ -60.295669820746987, -29.271566648588479 ], [ -60.299669820746971, -29.258866648588327 ], [ -60.306869820746975, -29.235766648587987 ], [ -60.298269820746988, -29.204666648587487 ], [ -60.284569820746995, -29.195066648587346 ], [ -60.282069820746983, -29.189466648587274 ], [ -60.290969820746994, -29.178366648587101 ], [ -60.293269820746971, -29.157466648586787 ], [ -60.275169820746967, -29.149766648586635 ], [ -60.264569820746999, -29.133866648586405 ], [ -60.263769820746987, -29.12356664858622 ], [ -60.269869820746983, -29.108566648585995 ], [ -60.279669820746989, -29.099866648585873 ], [ -60.286169820746977, -29.09116664858573 ], [ -60.287469820746978, -29.082766648585604 ], [ -60.28506982074699, -29.07316664858547 ], [ -60.276569820746971, -29.066266648585344 ], [ -60.276569820746992, -29.060266648585269 ], [ -60.282269820746968, -29.039266648584942 ], [ -60.286469820746966, -29.02396664858469 ], [ -60.283569820746976, -29.012066648584508 ], [ -60.277569820746969, -29.001966648584368 ], [ -60.27596982074698, -28.98506664858407 ], [ -60.279069820746955, -28.972066648583905 ], [ -60.29146982074699, -28.960266648583715 ], [ -60.288369820746986, -28.952466648583584 ], [ -60.282869820746974, -28.92746664858317 ], [ -60.264369820746978, -28.904166648582823 ], [ -60.244369820746975, -28.889266648582595 ], [ -60.236569820747007, -28.862266648582128 ], [ -60.242269820747026, -28.839866648581761 ], [ -60.254569820746859, -28.825366648581515 ], [ -60.252569820746857, -28.798266648581123 ], [ -60.236769820746972, -28.762066648580543 ], [ -60.217469820746928, -28.743166648580264 ], [ -60.184069820746949, -28.72836664858005 ], [ -60.142569820746871, -28.706266648579675 ], [ -60.128369820746997, -28.706766648579666 ], [ -60.118769820746962, -28.700966648579566 ], [ -60.093469820747032, -28.683766648579297 ], [ -60.065469820746991, -28.657066648578862 ], [ -60.043569820746988, -28.629666648578446 ], [ -60.04636982074701, -28.625966648578395 ], [ -60.04236982074687, -28.620466648578326 ], [ -60.037569820747009, -28.613766648578192 ], [ -60.035869820746875, -28.606066648578135 ], [ -60.033069820747002, -28.600366648578039 ], [ -60.030269820746959, -28.591366648577882 ], [ -60.027869820747, -28.587666648577859 ], [ -60.025969820746965, -28.58206664857768 ], [ -60.019569820746995, -28.567866648577485 ], [ -60.016869820746983, -28.556566648577274 ], [ -60.017169820747036, -28.551066648577237 ], [ -60.017369820747035, -28.547266648577164 ], [ -60.014269820746946, -28.541766648577095 ], [ -60.007869820747047, -28.536766648577011 ], [ -60.000669820747021, -28.534766648576984 ], [ -59.997769820746946, -28.534566648576959 ], [ -59.988769820746896, -28.533766648577011 ], [ -59.97986982074692, -28.529766648576924 ], [ -59.974969820746971, -28.521166648576706 ], [ -59.973769820746988, -28.506966648576462 ], [ -59.975169820747006, -28.499466648576352 ], [ -59.978869820746986, -28.491166648576325 ], [ -59.977569820746965, -28.480166648576127 ], [ -59.97696982074698, -28.4720666485759 ], [ -59.980069820746948, -28.45716664857574 ], [ -59.984669820747001, -28.445266648575554 ], [ -59.989069820746963, -28.441766648575484 ], [ -59.996469820746874, -28.43866664857541 ], [ -60.003669820747014, -28.437566648575451 ], [ -60.018169820746863, -28.43146664857527 ], [ -60.024269820747016, -28.427466648575184 ], [ -60.030869820746979, -28.4218666485752 ], [ -60.034369820747038, -28.41626664857505 ], [ -60.03696982074694, -28.403566648574838 ], [ -60.039769820746955, -28.39716664857475 ], [ -60.041169820746966, -28.391866648574709 ], [ -60.044069820746856, -28.381566648574498 ], [ -60.056369820746944, -28.379266648574404 ], [ -60.064669820746978, -28.381666648574527 ], [ -60.071669820746983, -28.380466648574519 ], [ -60.084869820746967, -28.375166648574414 ], [ -60.090769820746907, -28.375266648574435 ], [ -60.095869820746977, -28.371566648574277 ], [ -60.108769820746915, -28.368966648574343 ], [ -60.124969820746969, -28.371766648574237 ], [ -60.146869820746907, -28.372366648574324 ], [ -60.15556982074699, -28.363466648574253 ], [ -60.165269820746992, -28.354566648573996 ], [ -60.16996982074695, -28.348666648573928 ], [ -60.184669820746983, -28.341366648573754 ], [ -60.188569820746949, -28.336366648573804 ], [ -60.187869820746968, -28.327666648573675 ], [ -60.183569820746968, -28.302366648573255 ], [ -60.182069820746946, -28.281966648572933 ], [ -60.19126982074701, -28.270466648572725 ], [ -60.19126982074701, -28.262966648572597 ], [ -60.190569820746958, -28.256366648572392 ], [ -60.18696982074691, -28.246066648572331 ], [ -60.186269820746894, -28.234166648572156 ], [ -60.194669820746974, -28.216966648571752 ], [ -60.203869820746988, -28.213866648571813 ], [ -60.209169820746901, -28.210966648571677 ], [ -60.219769820746954, -28.209466648571762 ], [ -60.229669820746949, -28.207966648571599 ], [ -60.232769820746988, -28.204666648571639 ], [ -60.241269820746972, -28.199966648571603 ], [ -60.248969820746964, -28.191866648571448 ], [ -60.2553698207469, -28.190266648571431 ], [ -60.265969820746953, -28.187766648571387 ], [ -60.277569820746947, -28.178666648571177 ], [ -60.284969820746859, -28.176466648571214 ], [ -60.293069820746929, -28.173666648571125 ], [ -60.296369820746989, -28.170466648571072 ], [ -60.300469820746997, -28.169566648570989 ], [ -60.308169820746969, -28.165166648570938 ], [ -60.314269820746951, -28.14876664857076 ], [ -60.315969820746901, -28.134266648570485 ], [ -60.315269820746977, -28.127266648570345 ], [ -60.310769820746977, -28.118166648570174 ], [ -60.312769820746915, -28.106066648569989 ], [ -59.997369820746989, -28.105566648569987 ], [ -59.984269820746924, -28.105466648569951 ], [ -59.983269820746898, -28.10876664857004 ], [ -59.862569820747026, -28.108366648570058 ], [ -59.82736982074686, -28.123966648570274 ], [ -59.790469820747042, -28.136366648570547 ], [ -59.769569820746945, -28.136366648570547 ], [ -59.768574236939337, -28.148313658399474 ], [ -59.731028426599963, -28.140109682879576 ], [ -59.69622462496428, -28.142876439557966 ], [ -59.663863955285045, -28.154297852386129 ], [ -59.623889010387032, -28.158104989995508 ], [ -59.596088974302262, -28.151918391380264 ], [ -59.567018041899992, -28.154139918179791 ], [ -59.541956236419601, -28.164410561661096 ], [ -59.514592434852574, -28.17154894467868 ], [ -59.477115924010725, -28.179282192947774 ], [ -59.42500572798307, -28.192607174580615 ], [ -59.410253069746993, -28.19451074338528 ], [ -59.398180685599939, -28.194276180980481 ], [ -59.398169820747029, -28.194266648571389 ], [ -59.382269820747055, -28.194566648571442 ], [ -59.375469820747043, -28.191366648571396 ], [ -59.370369820746973, -28.190666648571391 ], [ -59.363469820747042, -28.190066648571371 ], [ -59.358069820747005, -28.191266648571375 ], [ -59.350469820746994, -28.193466648571476 ], [ -59.344669820746937, -28.19606664857147 ], [ -59.338469820746944, -28.194066648571461 ], [ -59.32726982074697, -28.192466648571365 ], [ -59.316069820747011, -28.194266648571382 ], [ -59.307769820746991, -28.194866648571484 ], [ -59.29796982074707, -28.198366648571518 ], [ -59.284569820747073, -28.199866648571554 ], [ -59.276569820746914, -28.201466648571525 ], [ -59.264569820747035, -28.205866648571689 ], [ -59.25086982074707, -28.208066648571684 ], [ -59.238769820747024, -28.205866648571678 ], [ -59.223769820746988, -28.187366648571381 ], [ -59.221569820747, -28.17526664857111 ], [ -59.21396982074706, -28.152966648570811 ], [ -59.182469820747059, -28.142266648570619 ], [ -59.17966982074703, -28.132766648570488 ], [ -59.178369820746944, -28.121966648570215 ], [ -59.174169820746975, -28.113766648570113 ], [ -59.176169820746992, -28.104966648569917 ], [ -59.176469820747016, -28.092266648569748 ], [ -59.174369820746996, -28.080866648569586 ], [ -59.176569820746963, -28.073366648569444 ], [ -59.18236982074697, -28.062666648569298 ], [ -59.177469820747021, -28.052866648569129 ], [ -59.175169820747008, -28.048366648569019 ], [ -59.173269820747024, -28.038566648568914 ], [ -59.168369820746932, -28.029666648568799 ], [ -59.164569820747069, -27.999666648568287 ], [ -58.996169820746992, -27.999566648568244 ], [ -58.890869820746929, -28.000566648568235 ], [ -58.892169820746915, -28.004066648568337 ], [ -58.892769820746935, -28.007066648568358 ], [ -58.893369820746898, -28.012866648568465 ], [ -58.894169820746932, -28.021366648568634 ], [ -58.895069820746876, -28.029766648568774 ], [ -58.8953698207469, -28.033266648568809 ], [ -58.89586982074691, -28.037866648568905 ], [ -58.896469820746979, -28.044066648569004 ], [ -58.896669820746929, -28.049366648569006 ], [ -58.894969820746944, -28.05166664856911 ], [ -58.892069820746876, -28.054066648569172 ], [ -58.890769820746804, -28.056066648569207 ], [ -58.891269820746963, -28.058666648569218 ], [ -58.892669820746924, -28.061366648569315 ], [ -58.8940698207469, -28.063666648569296 ], [ -58.896169820746934, -28.066866648569334 ], [ -58.898369820746908, -28.069866648569366 ], [ -58.90136982074695, -28.073666648569507 ], [ -58.904869820746939, -28.077866648569525 ], [ -58.908069820746888, -28.081566648569577 ], [ -58.911469820746966, -28.085366648569643 ], [ -58.914269820746902, -28.088466648569714 ], [ -58.917469820746845, -28.092166648569819 ], [ -58.920069820746917, -28.095366648569833 ], [ -58.922769820746915, -28.098666648569896 ], [ -58.925269820746927, -28.10216664856998 ], [ -58.92676982074687, -28.105066648569977 ], [ -58.927469820746872, -28.108066648569995 ], [ -58.928169820747001, -28.113066648570157 ], [ -58.92866982074699, -28.11626664857015 ], [ -58.929669820746945, -28.119666648570252 ], [ -58.932069820746904, -28.123566648570311 ], [ -58.934569820747008, -28.126266648570358 ], [ -58.937869820746961, -28.128866648570433 ] ] ] ] } }
]
}
